content_id,creator_id,content_type,genre,created_at,duration,tags,is_template,is_recreation
CT000001,C0131,mini,Mystery,2025-12-17 12:34:36,24.6,"visual,cinematic",False,False
CT000002,C0484,mini,Horror,2026-08-01 20:42:55,21.6,"story,ai,animation",False,False
CT000003,C0195,mini,Sci-Fi,2026-06-27 15:47:40,14.7,ai,False,False
CT000004,C0328,mini,Romance,2026-04-26 06:39:06,6.6,"ai,cinematic,viral",False,False
CT000005,C0406,image,Action,2025-11-02 17:31:50,88.7,"trending,visual,story",True,False
CT000006,C0317,image,Animation,2025-08-05 10:09:08,38.0,"animation,ai,experimental",False,False
CT000007,C0032,image,Drama,2025-06-26 21:18:36,123.7,"viral,visual,trending",False,False
CT000008,C0437,image,Romance,2025-11-22 17:47:55,63.7,"ai,experimental,viral",False,False
CT000009,C0025,mini,Mystery,2026-06-15 17:02:21,16.1,"character,animation",True,False
CT000010,C0267,mini,Mystery,2025-11-16 16:44:25,19.4,character,False,False
CT000011,C0331,image,Drama,2026-05-31 08:25:37,72.3,"animation,experimental,character",False,False
CT000012,C0123,mini,Action,2025-08-20 13:53:44,6.5,"experimental,cinematic",False,True
CT000013,C0388,mini,Mystery,2026-06-01 21:21:40,20.4,"viral,experimental,trending",False,False
CT000014,C0294,mini,Fantasy,2025-07-06 02:18:50,8.1,"cinematic,creative,character",True,False
CT000015,C0188,video,Romance,2025-11-03 10:37:49,36.9,"experimental,visual,animation",True,False
CT000016,C0074,image,Animation,2025-08-08 10:10:08,17.3,"cinematic,visual",False,True
CT000017,C0332,mini,Comedy,2026-03-03 01:57:28,9.7,viral,False,False
CT000018,C0049,cine,Comedy,2025-08-25 14:43:18,77.9,"visual,trending",False,False
CT000019,C0446,mini,Documentary,2025-06-07 08:17:29,16.2,"story,trending,character",False,False
CT000020,C0060,mini,Sci-Fi,2025-10-25 19:23:06,9.6,"character,experimental",False,False
CT000021,C0051,mini,Drama,2025-06-02 01:00:37,12.9,"story,character",False,False
CT000022,C0102,mini,Documentary,2025-11-21 00:04:06,9.6,experimental,True,False
CT000023,C0415,video,Action,2025-09-27 05:24:39,100.1,"experimental,animation,visual",False,False
CT000024,C0423,mini,Action,2026-07-31 13:27:40,15.6,animation,False,False
CT000025,C0287,cine,Romance,2026-01-26 12:58:03,60.7,"experimental,animation",False,True
CT000026,C0400,video,Drama,2025-12-18 13:25:20,55.6,creative,False,False
CT000027,C0210,mini,Animation,2026-03-01 17:51:06,13.9,animation,True,True
CT000028,C0496,cine,Comedy,2025-08-02 10:11:22,258.6,"story,ai",False,True
CT000029,C0030,mini,Comedy,2025-07-31 19:56:01,17.7,"animation,character",False,False
CT000030,C0300,mini,Horror,2025-08-10 06:45:56,17.0,"experimental,ai",False,False
CT000031,C0193,mini,Sci-Fi,2026-07-01 15:42:14,11.5,"cinematic,character",False,False
CT000032,C0176,image,Action,2026-05-06 20:39:23,114.3,"ai,creative,story",True,False
CT000033,C0397,cine,Mystery,2026-08-12 13:20:20,17.0,"ai,viral",True,False
CT000034,C0384,mini,Animation,2026-06-06 12:43:52,15.3,character,True,False
CT000035,C0264,mini,Drama,2025-07-25 08:39:28,7.0,"creative,experimental",False,False
CT000036,C0430,image,Fantasy,2025-08-15 08:47:30,360.9,"creative,ai",False,False
CT000037,C0089,image,Action,2026-06-11 16:18:00,23.4,"experimental,creative,ai",False,False
CT000038,C0043,video,Romance,2026-02-05 10:59:46,34.4,"animation,visual",False,False
CT000039,C0116,image,Documentary,2026-03-08 02:13:10,94.3,"experimental,trending",False,False
CT000040,C0047,mini,Horror,2025-09-15 13:58:16,19.4,visual,False,False
CT000041,C0423,mini,Fantasy,2026-01-16 02:14:49,26.6,"creative,story",True,False
CT000042,C0257,cine,Mystery,2026-07-17 09:00:43,27.8,"trending,visual,animation",True,False
CT000043,C0216,mini,Comedy,2026-01-10 00:18:39,10.9,"trending,character,cinematic",False,False
CT000044,C0247,cine,Animation,2026-04-10 16:52:48,29.0,animation,True,False
CT000045,C0048,image,Fantasy,2026-05-08 22:11:45,54.1,"ai,visual",True,True
CT000046,C0325,mini,Mystery,2026-07-27 17:52:54,18.7,"trending,visual,cinematic",False,False
CT000047,C0482,video,Mystery,2025-09-04 06:22:04,231.3,"animation,viral",False,False
CT000048,C0072,cine,Fantasy,2026-07-21 03:55:06,228.5,"experimental,visual,creative",True,False
CT000049,C0126,image,Mystery,2026-03-05 16:26:42,49.8,"character,cinematic",False,False
CT000050,C0389,mini,Animation,2026-06-15 21:35:52,4.3,"ai,trending,viral",False,False
CT000051,C0400,image,Mystery,2025-09-28 04:15:11,59.7,ai,False,False
CT000052,C0141,video,Comedy,2025-07-24 18:58:48,30.7,cinematic,True,False
CT000053,C0005,mini,Drama,2025-07-09 20:00:45,14.4,"trending,animation,cinematic",True,False
CT000054,C0361,mini,Romance,2025-11-22 19:33:31,16.5,"character,trending",False,False
CT000055,C0130,image,Horror,2026-02-08 02:42:56,60.9,"creative,animation,cinematic",False,True
CT000056,C0406,video,Animation,2025-10-10 07:13:24,21.0,"creative,trending,story",False,True
CT000057,C0167,cine,Mystery,2025-10-01 11:38:38,31.3,"animation,character,creative",False,False
CT000058,C0489,mini,Documentary,2026-06-08 03:23:59,14.4,"cinematic,visual",False,True
CT000059,C0428,cine,Documentary,2026-05-05 15:36:13,10.7,"visual,ai",True,False
CT000060,C0037,cine,Drama,2026-03-17 06:11:45,152.6,"creative,viral,trending",False,False
CT000061,C0375,mini,Fantasy,2026-03-24 14:07:03,12.3,"character,animation",False,False
CT000062,C0360,cine,Sci-Fi,2026-06-21 22:16:00,42.0,"trending,visual,experimental",False,False
CT000063,C0151,cine,Sci-Fi,2025-09-11 06:59:04,34.9,"creative,cinematic",True,True
CT000064,C0459,mini,Animation,2026-08-03 12:21:39,6.9,"creative,trending",True,False
CT000065,C0394,mini,Horror,2026-06-28 20:56:22,10.2,"experimental,character,cinematic",False,True
CT000066,C0132,image,Drama,2025-11-04 20:41:36,137.6,trending,False,False
CT000067,C0408,mini,Animation,2025-11-06 05:33:09,5.6,"cinematic,visual",False,False
CT000068,C0352,mini,Fantasy,2025-08-24 02:56:37,11.4,"creative,trending,ai",False,False
CT000069,C0254,image,Drama,2026-04-20 07:52:43,47.6,"creative,experimental",False,False
CT000070,C0441,mini,Horror,2025-10-17 14:13:30,16.8,"experimental,trending",False,False
CT000071,C0251,mini,Comedy,2025-09-30 21:35:15,14.2,visual,False,False
CT000072,C0135,video,Drama,2026-04-03 12:52:24,46.6,viral,False,False
CT000073,C0249,cine,Documentary,2025-08-29 15:35:11,32.4,"character,visual",False,False
CT000074,C0238,mini,Action,2025-07-22 12:41:00,6.6,"visual,creative",False,False
CT000075,C0084,mini,Drama,2026-06-28 06:49:39,17.2,"animation,creative",False,False
CT000076,C0282,mini,Documentary,2025-06-19 01:58:21,13.2,"experimental,creative",False,False
CT000077,C0407,image,Sci-Fi,2026-07-24 21:52:23,43.8,"creative,cinematic,character",False,False
CT000078,C0438,mini,Documentary,2026-04-08 17:05:02,10.0,"visual,trending,creative",False,False
CT000079,C0360,mini,Action,2025-11-08 12:50:39,30.1,"experimental,character",True,False
CT000080,C0244,video,Comedy,2026-02-13 06:46:45,79.9,"experimental,creative,viral",False,False
CT000081,C0424,image,Documentary,2025-10-22 15:02:07,27.2,"animation,visual,story",False,True
CT000082,C0462,image,Sci-Fi,2025-12-04 12:08:21,36.1,"experimental,viral,story",True,False
CT000083,C0407,image,Romance,2026-04-17 08:52:36,89.7,"creative,viral,cinematic",False,False
CT000084,C0397,video,Romance,2026-07-20 13:20:32,30.4,character,False,False
CT000085,C0393,mini,Mystery,2025-09-12 16:16:22,12.3,"viral,character",False,False
CT000086,C0244,mini,Comedy,2026-01-30 06:39:47,5.4,"experimental,visual,cinematic",False,False
CT000087,C0391,mini,Documentary,2026-06-30 01:52:17,12.8,cinematic,False,False
CT000088,C0190,mini,Sci-Fi,2025-06-07 10:12:45,18.7,viral,False,False
CT000089,C0467,video,Comedy,2025-06-04 21:11:12,52.5,"experimental,trending",False,True
CT000090,C0440,cine,Fantasy,2026-03-08 09:16:11,28.5,"creative,viral,cinematic",False,False
CT000091,C0297,mini,Drama,2025-08-04 19:23:53,4.8,cinematic,False,False
CT000092,C0360,mini,Animation,2026-08-27 20:26:13,6.2,"cinematic,experimental",False,False
CT000093,C0413,image,Sci-Fi,2025-07-26 00:58:11,33.1,"visual,character,cinematic",True,False
CT000094,C0286,mini,Fantasy,2026-05-03 16:34:47,21.5,"trending,experimental,visual",False,False
CT000095,C0403,image,Romance,2025-10-23 22:15:41,106.7,"creative,trending",False,False
CT000096,C0369,video,Fantasy,2026-07-27 07:19:10,50.7,visual,False,False
CT000097,C0136,image,Action,2026-06-30 23:02:54,78.0,"creative,story,trending",False,False
CT000098,C0077,mini,Animation,2026-05-31 02:19:30,7.2,creative,False,False
CT000099,C0280,cine,Animation,2026-03-19 20:15:50,91.7,cinematic,False,False
CT000100,C0001,cine,Fantasy,2025-09-07 13:03:58,85.8,"experimental,ai",False,False
CT000101,C0363,image,Romance,2025-07-20 00:10:48,151.2,"ai,animation,creative",True,False
CT000102,C0340,mini,Drama,2025-09-28 12:30:36,18.4,"experimental,cinematic,story",False,False
CT000103,C0052,image,Sci-Fi,2025-07-06 23:40:13,65.7,"viral,visual,cinematic",True,False
CT000104,C0155,cine,Sci-Fi,2026-05-24 23:06:42,377.0,"cinematic,animation,character",False,False
CT000105,C0262,cine,Comedy,2025-10-10 12:36:18,101.4,"ai,story",False,False
CT000106,C0365,mini,Animation,2025-12-18 17:15:26,12.3,ai,False,False
CT000107,C0002,mini,Horror,2026-03-10 15:26:45,18.2,"animation,ai,visual",False,False
CT000108,C0276,image,Fantasy,2026-04-16 22:15:12,42.2,cinematic,False,False
CT000109,C0120,mini,Comedy,2026-02-26 18:05:30,9.8,story,False,False
CT000110,C0197,mini,Sci-Fi,2026-05-02 13:46:17,11.8,"creative,animation",False,False
CT000111,C0239,cine,Fantasy,2025-07-23 02:03:17,56.1,"ai,visual,experimental",False,False
CT000112,C0101,mini,Documentary,2025-10-06 15:35:39,14.4,animation,True,False
CT000113,C0152,image,Documentary,2026-05-13 22:11:07,117.4,"visual,ai,story",True,False
CT000114,C0205,mini,Fantasy,2026-04-24 10:22:52,8.5,character,False,False
CT000115,C0386,cine,Romance,2026-03-16 07:30:31,59.4,"animation,experimental,character",True,True
CT000116,C0144,mini,Documentary,2026-08-03 15:19:01,16.3,"story,creative",False,False
CT000117,C0319,mini,Romance,2026-08-23 06:34:02,4.7,"animation,ai",True,False
CT000118,C0180,cine,Drama,2025-07-09 05:38:05,18.8,story,False,False
CT000119,C0135,video,Sci-Fi,2026-02-07 23:36:07,18.4,"creative,cinematic",False,False
CT000120,C0056,mini,Fantasy,2026-07-16 16:46:37,16.7,animation,False,False
CT000121,C0007,mini,Mystery,2025-10-28 06:13:53,11.7,character,False,False
CT000122,C0177,mini,Action,2025-06-27 20:37:40,5.4,"character,visual,animation",True,False
CT000123,C0128,mini,Documentary,2025-07-25 10:10:56,10.7,"creative,trending,cinematic",False,False
CT000124,C0375,mini,Mystery,2026-04-26 09:42:29,25.5,"creative,experimental,animation",False,False
CT000125,C0260,video,Drama,2026-07-25 02:38:09,153.6,"creative,character",True,True
CT000126,C0030,mini,Animation,2026-04-19 10:58:59,36.2,"cinematic,experimental",False,False
CT000127,C0380,mini,Sci-Fi,2025-06-18 04:15:25,18.3,"animation,visual,creative",False,False
CT000128,C0194,video,Action,2025-12-06 05:17:47,30.8,trending,False,True
CT000129,C0302,image,Animation,2025-11-07 00:28:44,43.2,"animation,visual,ai",False,False
CT000130,C0063,mini,Romance,2026-07-21 18:52:14,14.7,"viral,creative",False,False
CT000131,C0031,image,Romance,2026-01-29 00:24:21,34.0,"visual,creative,ai",True,False
CT000132,C0050,cine,Horror,2025-09-16 02:14:35,37.3,"viral,ai,trending",True,False
CT000133,C0232,video,Documentary,2026-02-15 19:47:48,50.9,"creative,experimental,trending",False,True
CT000134,C0441,mini,Romance,2026-05-08 09:35:24,25.7,creative,False,False
CT000135,C0479,cine,Horror,2026-02-21 12:56:58,124.8,viral,True,False
CT000136,C0402,image,Drama,2025-12-08 09:57:57,49.7,"experimental,trending,viral",False,False
CT000137,C0450,video,Documentary,2026-04-24 00:09:55,38.4,"story,ai,trending",False,False
CT000138,C0389,cine,Fantasy,2025-10-17 17:19:22,18.1,"viral,trending",False,False
CT000139,C0367,mini,Animation,2025-07-29 12:21:19,20.3,animation,False,False
CT000140,C0211,video,Horror,2026-06-29 08:22:25,26.3,character,True,False
CT000141,C0141,cine,Drama,2026-04-25 00:31:34,76.5,"ai,creative,visual",True,False
CT000142,C0311,cine,Horror,2026-04-30 09:12:47,29.5,"visual,trending,creative",False,False
CT000143,C0012,mini,Animation,2026-07-11 14:52:39,7.7,ai,False,False
CT000144,C0090,image,Drama,2026-04-22 05:19:33,22.2,story,False,False
CT000145,C0228,cine,Drama,2025-06-14 21:12:37,48.5,character,False,False
CT000146,C0317,video,Mystery,2026-06-20 15:04:16,51.7,story,True,False
CT000147,C0188,cine,Horror,2025-06-17 07:52:42,61.1,"trending,experimental,story",False,False
CT000148,C0384,mini,Documentary,2026-04-12 22:13:27,9.0,"animation,trending,viral",False,False
CT000149,C0338,image,Drama,2026-08-27 01:39:48,78.4,"cinematic,trending",False,False
CT000150,C0131,mini,Mystery,2025-12-01 18:44:59,8.7,"character,trending",False,False
CT000151,C0036,mini,Horror,2025-10-21 05:53:55,17.9,"experimental,animation,visual",False,False
CT000152,C0137,video,Drama,2026-07-29 02:40:54,236.0,"cinematic,visual,ai",False,False
CT000153,C0460,video,Animation,2025-12-25 12:12:34,105.4,"trending,story",False,False
CT000154,C0115,image,Documentary,2026-07-26 10:53:33,40.1,creative,False,True
CT000155,C0370,mini,Comedy,2025-10-20 09:19:29,8.1,creative,False,False
CT000156,C0338,image,Mystery,2025-08-24 01:00:07,188.0,cinematic,False,False
CT000157,C0485,cine,Drama,2026-02-09 18:11:23,119.0,animation,False,False
CT000158,C0457,mini,Documentary,2025-11-17 16:42:10,17.8,"character,viral",False,False
CT000159,C0430,mini,Romance,2026-04-21 10:27:14,5.2,"character,story,cinematic",False,False
CT000160,C0154,cine,Romance,2025-10-15 03:18:22,92.6,visual,False,False
CT000161,C0213,mini,Comedy,2026-05-13 12:53:29,13.6,"viral,story",False,True
CT000162,C0245,cine,Sci-Fi,2025-11-09 12:15:35,74.3,visual,False,True
CT000163,C0329,mini,Sci-Fi,2025-11-10 01:22:30,11.5,"trending,viral",False,False
CT000164,C0073,image,Sci-Fi,2026-04-20 15:27:22,27.4,"creative,story",False,False
CT000165,C0420,video,Animation,2025-09-27 19:45:12,131.8,"viral,ai",False,False
CT000166,C0318,mini,Action,2025-10-09 05:53:17,15.3,experimental,False,True
CT000167,C0104,video,Romance,2026-02-05 06:20:26,52.9,story,False,True
CT000168,C0028,image,Mystery,2025-10-30 01:20:44,29.1,"animation,story",False,False
CT000169,C0004,image,Mystery,2025-11-23 05:17:13,46.1,"ai,story,character",False,False
CT000170,C0179,video,Horror,2025-11-02 11:14:00,105.2,"story,ai,trending",False,False
CT000171,C0154,mini,Animation,2026-03-11 16:23:20,12.2,"trending,experimental",False,False
CT000172,C0075,image,Fantasy,2025-10-31 19:09:18,89.6,"cinematic,trending",False,False
CT000173,C0218,mini,Romance,2026-03-06 20:50:46,15.1,"creative,experimental,visual",False,True
CT000174,C0009,video,Horror,2025-09-15 18:01:16,58.1,"cinematic,ai,viral",False,True
CT000175,C0313,cine,Comedy,2026-07-13 20:53:39,17.3,"viral,creative",False,False
CT000176,C0221,image,Drama,2026-08-08 19:52:50,71.8,"cinematic,visual,ai",False,True
CT000177,C0132,mini,Sci-Fi,2025-06-02 18:12:20,20.5,"viral,story",False,False
CT000178,C0223,mini,Romance,2025-07-18 15:51:49,16.6,trending,True,False
CT000179,C0213,mini,Romance,2025-07-17 10:37:35,20.2,"creative,experimental",False,False
CT000180,C0417,mini,Sci-Fi,2025-08-23 08:12:43,6.9,"cinematic,character,visual",False,True
CT000181,C0324,mini,Horror,2026-05-25 18:10:40,11.0,experimental,False,True
CT000182,C0116,mini,Drama,2025-09-21 14:47:07,14.1,"story,creative",False,False
CT000183,C0413,video,Horror,2026-02-22 02:28:48,71.6,"cinematic,creative",True,False
CT000184,C0164,image,Documentary,2025-09-23 18:17:56,43.8,story,False,False
CT000185,C0120,cine,Horror,2025-06-29 12:03:57,73.3,trending,False,False
CT000186,C0361,video,Action,2025-07-09 06:04:05,125.3,"ai,animation",False,False
CT000187,C0400,cine,Comedy,2026-08-04 19:20:44,61.9,"story,character",False,False
CT000188,C0004,video,Mystery,2026-02-10 12:05:12,99.6,"visual,trending,story",True,False
CT000189,C0468,image,Horror,2026-03-24 14:01:31,93.5,cinematic,False,False
CT000190,C0309,image,Drama,2025-08-25 17:58:54,89.5,"character,creative,visual",False,False
CT000191,C0204,mini,Fantasy,2026-01-08 14:44:06,11.7,experimental,False,False
CT000192,C0378,image,Documentary,2026-03-27 20:41:20,69.9,creative,False,False
CT000193,C0274,image,Romance,2026-05-22 11:47:21,51.7,"cinematic,creative,character",False,False
CT000194,C0475,mini,Sci-Fi,2026-03-27 12:06:57,15.4,"cinematic,experimental",True,False
CT000195,C0005,mini,Romance,2026-02-27 18:47:21,11.3,"viral,story",False,False
CT000196,C0266,video,Comedy,2026-03-12 17:55:03,21.2,"cinematic,viral,trending",False,False
CT000197,C0356,video,Action,2025-11-18 05:21:39,145.4,creative,False,False
CT000198,C0018,cine,Sci-Fi,2026-04-15 19:33:41,46.0,"animation,story",True,False
CT000199,C0432,mini,Animation,2025-10-14 06:22:24,26.0,"character,viral,experimental",False,True
CT000200,C0173,mini,Sci-Fi,2026-04-25 03:34:07,15.4,ai,False,False
CT000201,C0009,mini,Action,2025-12-24 18:20:10,10.2,"creative,viral,ai",False,False
CT000202,C0192,image,Comedy,2026-02-19 02:42:56,21.1,"character,experimental",True,False
CT000203,C0423,mini,Documentary,2026-01-03 17:05:42,12.8,creative,False,False
CT000204,C0478,mini,Romance,2026-02-15 04:20:30,23.5,"ai,cinematic,experimental",False,False
CT000205,C0076,cine,Sci-Fi,2026-04-21 16:28:38,45.9,"trending,experimental",False,False
CT000206,C0190,image,Documentary,2025-10-07 03:20:29,30.0,visual,False,False
CT000207,C0422,video,Documentary,2026-01-02 16:32:34,66.7,"trending,creative,experimental",True,False
CT000208,C0009,mini,Drama,2025-12-01 19:23:54,5.0,"ai,cinematic,viral",False,False
CT000209,C0265,mini,Drama,2025-06-09 08:44:11,14.9,"story,creative,character",False,False
CT000210,C0272,mini,Fantasy,2026-06-24 13:17:00,16.1,"story,animation",False,False
CT000211,C0186,image,Action,2026-04-09 04:49:13,53.9,"viral,character,ai",False,False
CT000212,C0162,mini,Horror,2025-06-21 14:08:53,5.2,"character,story",False,False
CT000213,C0464,image,Sci-Fi,2025-07-02 17:47:27,42.1,"visual,viral",True,False
CT000214,C0180,cine,Action,2026-07-28 11:49:03,68.1,animation,False,False
CT000215,C0307,mini,Comedy,2026-06-21 22:14:39,6.3,visual,False,False
CT000216,C0376,mini,Comedy,2026-04-29 13:39:37,18.6,"character,cinematic",False,False
CT000217,C0020,video,Mystery,2026-04-19 23:22:22,126.9,creative,False,False
CT000218,C0415,image,Animation,2026-06-19 14:23:30,44.6,visual,False,False
CT000219,C0383,cine,Sci-Fi,2026-02-28 14:45:46,43.4,"trending,creative,story",False,False
CT000220,C0102,mini,Romance,2025-06-03 14:58:42,6.9,ai,False,False
CT000221,C0091,mini,Horror,2025-12-25 02:19:01,13.3,"experimental,trending",False,False
CT000222,C0282,mini,Sci-Fi,2025-10-29 22:59:01,5.5,trending,True,False
CT000223,C0456,video,Fantasy,2025-08-18 11:34:40,27.4,"ai,animation",False,False
CT000224,C0446,mini,Documentary,2026-06-27 21:56:00,15.1,"character,creative",True,False
CT000225,C0085,mini,Fantasy,2026-03-26 16:16:37,10.9,"viral,ai,experimental",False,True
CT000226,C0301,video,Romance,2026-07-17 07:08:17,26.9,"cinematic,viral,creative",False,False
CT000227,C0239,cine,Mystery,2025-07-20 22:18:12,68.9,"viral,visual",False,False
CT000228,C0345,mini,Drama,2026-08-19 19:09:07,43.4,"ai,animation,viral",True,False
CT000229,C0260,mini,Action,2026-03-03 16:08:56,16.6,"visual,character,viral",False,False
CT000230,C0282,mini,Horror,2026-02-15 02:38:36,10.6,"character,cinematic,viral",False,False
CT000231,C0274,cine,Action,2025-08-23 14:27:21,85.1,character,False,False
CT000232,C0009,video,Comedy,2026-03-12 16:22:46,39.7,ai,False,False
CT000233,C0265,mini,Comedy,2026-02-28 04:09:02,22.3,"visual,trending",True,False
CT000234,C0078,mini,Romance,2026-04-16 23:52:33,11.1,"cinematic,character,visual",False,False
CT000235,C0209,mini,Sci-Fi,2025-08-08 22:17:16,10.3,cinematic,False,False
CT000236,C0269,mini,Romance,2026-03-18 01:36:24,18.1,creative,True,False
CT000237,C0356,image,Action,2025-07-14 02:00:48,78.5,"viral,trending",False,False
CT000238,C0423,mini,Mystery,2025-07-03 09:17:52,22.2,animation,False,False
CT000239,C0080,video,Comedy,2026-01-01 17:12:32,108.0,"visual,creative",False,True
CT000240,C0286,mini,Sci-Fi,2025-07-25 02:57:14,18.1,visual,False,False
CT000241,C0392,image,Comedy,2026-04-20 15:32:43,31.5,"story,animation",False,False
CT000242,C0167,cine,Documentary,2026-01-07 01:25:56,47.8,"story,ai,cinematic",True,False
CT000243,C0018,cine,Horror,2025-09-17 17:38:28,42.1,"character,visual",False,False
CT000244,C0459,image,Sci-Fi,2025-10-03 06:12:36,19.3,"visual,animation",False,False
CT000245,C0421,cine,Comedy,2026-01-13 22:53:36,8.6,"viral,experimental",False,False
CT000246,C0352,image,Documentary,2026-02-28 18:49:28,172.9,"experimental,character,visual",False,False
CT000247,C0375,cine,Mystery,2026-05-31 06:57:14,120.6,"animation,trending,visual",False,False
CT000248,C0150,image,Sci-Fi,2026-02-17 05:11:17,153.6,"visual,character",False,False
CT000249,C0400,mini,Romance,2026-02-06 13:01:40,2.1,"story,cinematic",True,False
CT000250,C0497,cine,Mystery,2026-03-04 15:23:20,40.9,"viral,visual",False,False
CT000251,C0148,video,Fantasy,2026-02-28 06:59:04,48.3,"creative,story",False,False
CT000252,C0237,image,Sci-Fi,2025-11-07 02:52:18,35.5,"cinematic,viral,creative",False,False
CT000253,C0420,image,Horror,2025-09-09 09:25:23,79.7,"trending,animation",False,False
CT000254,C0115,video,Fantasy,2026-01-26 18:20:34,76.0,"experimental,ai,viral",False,False
CT000255,C0339,mini,Romance,2025-07-27 18:31:05,12.8,"creative,character",False,False
CT000256,C0013,image,Action,2025-09-19 06:05:28,74.2,"character,visual,creative",True,False
CT000257,C0479,video,Drama,2025-08-07 23:07:13,123.0,"animation,cinematic,ai",False,False
CT000258,C0040,mini,Mystery,2026-01-10 12:24:56,6.2,visual,False,False
CT000259,C0011,mini,Documentary,2026-08-18 14:22:05,21.7,"ai,animation",False,False
CT000260,C0209,mini,Animation,2026-07-05 00:58:19,10.6,"trending,story",False,False
CT000261,C0393,video,Romance,2025-07-10 11:57:00,23.2,cinematic,False,False
CT000262,C0105,video,Sci-Fi,2026-06-10 11:46:33,31.0,"story,trending,ai",False,False
CT000263,C0303,video,Comedy,2025-08-09 02:05:32,66.2,"viral,character,story",False,False
CT000264,C0170,cine,Mystery,2026-07-21 05:09:09,84.2,"character,trending,visual",False,False
CT000265,C0494,image,Romance,2025-09-02 19:06:55,58.4,"story,character,animation",False,False
CT000266,C0231,mini,Horror,2025-07-28 10:21:17,8.4,"viral,creative,story",True,False
CT000267,C0221,video,Animation,2026-05-26 07:16:36,383.6,"experimental,animation,story",False,False
CT000268,C0010,video,Comedy,2026-06-15 22:32:31,37.9,"character,viral,story",False,True
CT000269,C0141,cine,Drama,2025-11-29 11:12:13,75.1,"animation,trending",False,False
CT000270,C0008,mini,Drama,2026-02-05 05:49:19,6.5,"cinematic,viral,experimental",True,False
CT000271,C0439,video,Documentary,2026-05-27 15:34:06,28.3,"trending,creative,experimental",False,False
CT000272,C0239,video,Horror,2026-06-24 21:51:16,56.6,"creative,viral",True,True
CT000273,C0162,video,Fantasy,2025-12-09 00:44:45,40.1,ai,False,False
CT000274,C0123,cine,Horror,2026-05-24 19:10:56,58.4,creative,True,True
CT000275,C0350,mini,Comedy,2026-05-29 09:34:34,19.5,"visual,cinematic",False,False
CT000276,C0320,mini,Horror,2026-05-28 13:13:32,13.9,"creative,visual",False,True
CT000277,C0166,cine,Mystery,2026-07-14 08:02:55,32.3,story,False,True
CT000278,C0143,video,Drama,2026-06-17 06:01:18,116.0,"ai,story,trending",False,False
CT000279,C0472,mini,Comedy,2025-12-21 23:12:11,6.9,visual,False,False
CT000280,C0031,cine,Horror,2025-10-22 14:13:05,50.0,viral,True,False
CT000281,C0264,video,Fantasy,2026-08-24 18:48:11,54.0,creative,False,False
CT000282,C0482,mini,Comedy,2025-12-21 12:53:44,17.8,"animation,experimental,ai",False,False
CT000283,C0160,cine,Fantasy,2026-07-31 09:46:49,59.4,"character,creative,ai",True,False
CT000284,C0030,image,Mystery,2026-08-29 16:44:51,155.8,"trending,creative,experimental",True,False
CT000285,C0413,cine,Animation,2025-06-08 00:04:47,36.6,trending,False,False
CT000286,C0445,cine,Sci-Fi,2025-08-04 06:39:07,61.1,"trending,viral",False,False
CT000287,C0036,image,Drama,2026-02-13 05:58:05,31.9,"trending,cinematic",False,False
CT000288,C0188,mini,Sci-Fi,2025-07-11 02:01:25,3.5,character,False,False
CT000289,C0050,image,Animation,2026-03-27 15:32:44,83.8,"cinematic,animation,visual",False,False
CT000290,C0445,video,Sci-Fi,2025-06-06 04:12:33,116.1,story,True,False
CT000291,C0419,mini,Action,2026-06-20 11:35:24,9.3,"cinematic,character",False,False
CT000292,C0408,mini,Romance,2025-12-13 06:12:11,13.7,experimental,False,False
CT000293,C0162,mini,Animation,2026-04-04 01:15:06,15.0,animation,False,True
CT000294,C0360,image,Documentary,2025-12-30 02:40:45,29.2,viral,False,False
CT000295,C0090,mini,Mystery,2026-04-10 20:13:12,11.4,character,False,False
CT000296,C0075,cine,Drama,2026-04-07 05:40:17,130.6,animation,False,True
CT000297,C0294,image,Documentary,2025-10-11 01:52:38,117.8,"cinematic,character,trending",False,False
CT000298,C0484,cine,Sci-Fi,2026-05-31 21:42:38,25.6,"cinematic,character",True,False
CT000299,C0128,cine,Sci-Fi,2026-06-10 04:00:47,33.5,"animation,experimental",False,False
CT000300,C0231,video,Documentary,2025-10-25 12:17:36,17.3,viral,False,False
CT000301,C0491,cine,Mystery,2025-06-29 20:37:50,217.3,animation,False,False
CT000302,C0208,video,Action,2025-12-22 08:43:42,28.7,cinematic,False,False
CT000303,C0411,cine,Drama,2026-03-27 18:32:07,23.5,"ai,visual,cinematic",False,False
CT000304,C0340,mini,Horror,2026-05-21 20:05:30,4.2,cinematic,False,False
CT000305,C0439,mini,Documentary,2025-09-01 02:57:00,6.6,"ai,cinematic",True,False
CT000306,C0170,image,Comedy,2026-01-05 22:40:58,87.0,"character,viral",False,False
CT000307,C0416,cine,Romance,2026-05-16 02:27:48,49.8,"story,visual,cinematic",False,False
CT000308,C0413,image,Drama,2026-01-26 16:44:03,33.9,"story,ai,visual",False,False
CT000309,C0442,cine,Sci-Fi,2026-05-27 08:24:05,41.4,"story,ai,creative",False,False
CT000310,C0451,video,Romance,2026-04-04 08:44:06,35.8,"character,story",False,False
CT000311,C0165,mini,Action,2025-08-19 16:50:48,23.0,"trending,experimental",True,False
CT000312,C0412,image,Comedy,2025-09-05 00:01:44,54.4,"experimental,viral",False,False
CT000313,C0336,mini,Action,2026-05-28 20:38:37,19.2,cinematic,False,False
CT000314,C0049,mini,Mystery,2026-04-17 19:18:44,32.9,visual,False,False
CT000315,C0454,cine,Mystery,2026-06-17 21:33:04,15.2,"animation,visual,character",False,False
CT000316,C0361,mini,Mystery,2025-10-13 04:02:56,4.6,visual,False,False
CT000317,C0340,mini,Horror,2025-06-25 04:22:46,13.4,creative,False,False
CT000318,C0034,mini,Action,2025-09-17 08:41:34,16.8,"story,viral",False,False
CT000319,C0498,video,Animation,2025-12-14 01:59:36,12.4,"trending,creative,character",False,False
CT000320,C0479,video,Mystery,2025-07-26 13:24:30,49.5,"trending,experimental,animation",False,False
CT000321,C0427,video,Romance,2025-08-27 20:51:22,160.7,"creative,cinematic",True,False
CT000322,C0164,mini,Documentary,2025-08-05 22:13:26,9.4,"creative,story,visual",False,False
CT000323,C0039,mini,Romance,2025-07-28 15:23:05,15.0,"creative,visual,story",False,False
CT000324,C0374,mini,Documentary,2025-11-22 09:15:14,10.2,"ai,visual,story",True,False
CT000325,C0251,image,Drama,2026-06-02 10:06:23,163.9,"story,animation,visual",False,False
CT000326,C0126,video,Fantasy,2025-11-20 19:38:51,49.0,"animation,creative,ai",False,False
CT000327,C0135,mini,Drama,2025-10-12 16:32:54,19.4,character,False,False
CT000328,C0333,cine,Drama,2026-02-06 03:13:55,133.1,"experimental,creative,trending",False,False
CT000329,C0437,mini,Documentary,2026-03-21 15:53:47,12.7,"ai,experimental,character",False,False
CT000330,C0289,cine,Action,2025-11-07 06:51:52,105.1,story,False,False
CT000331,C0464,video,Action,2025-06-02 16:17:23,29.6,"visual,character,ai",False,False
CT000332,C0279,image,Sci-Fi,2025-10-14 18:20:11,94.6,"animation,creative",False,False
CT000333,C0275,image,Action,2025-07-07 05:32:44,50.0,"cinematic,character,animation",True,False
CT000334,C0177,cine,Action,2025-08-06 00:41:03,29.0,cinematic,False,False
CT000335,C0032,mini,Mystery,2026-03-06 06:28:37,6.8,"trending,viral,animation",False,False
CT000336,C0126,mini,Comedy,2025-08-21 16:19:17,10.2,"animation,character",True,False
CT000337,C0171,image,Action,2025-11-16 20:15:48,64.3,"cinematic,trending",False,False
CT000338,C0308,cine,Fantasy,2025-11-27 00:47:23,60.3,story,False,False
CT000339,C0095,mini,Animation,2026-07-07 03:29:33,7.8,"viral,creative,cinematic",False,False
CT000340,C0246,cine,Documentary,2025-08-10 00:52:10,44.4,"cinematic,experimental,character",True,False
CT000341,C0259,mini,Animation,2025-07-08 12:01:37,22.6,"experimental,ai,trending",False,False
CT000342,C0254,mini,Horror,2026-01-30 22:23:01,21.9,"character,experimental,story",False,False
CT000343,C0491,mini,Horror,2026-03-12 10:24:13,11.5,"trending,animation,viral",False,False
CT000344,C0097,video,Fantasy,2026-01-15 22:47:12,69.0,character,False,False
CT000345,C0172,mini,Horror,2026-04-17 12:20:26,7.7,"cinematic,visual,animation",False,False
CT000346,C0184,video,Animation,2026-06-29 21:11:20,17.4,trending,False,False
CT000347,C0366,mini,Mystery,2026-03-06 17:11:14,26.2,trending,False,False
CT000348,C0327,mini,Sci-Fi,2026-02-01 03:41:52,23.3,"story,animation,creative",True,True
CT000349,C0416,image,Romance,2026-04-07 09:40:56,188.4,"cinematic,viral,story",False,False
CT000350,C0262,mini,Comedy,2025-09-06 11:31:23,14.5,"animation,experimental",False,False
CT000351,C0415,video,Drama,2025-09-22 16:40:18,20.8,"cinematic,story,animation",False,False
CT000352,C0014,image,Animation,2025-11-16 20:34:49,139.5,cinematic,False,False
CT000353,C0074,mini,Fantasy,2026-05-16 19:58:45,10.2,character,False,False
CT000354,C0305,video,Fantasy,2026-06-24 12:14:14,17.7,"cinematic,character,creative",False,False
CT000355,C0122,mini,Comedy,2026-02-08 22:10:52,17.5,"visual,cinematic",False,False
CT000356,C0146,mini,Comedy,2026-03-10 16:14:31,11.7,"story,character",False,False
CT000357,C0112,video,Animation,2026-05-26 08:20:47,75.1,"cinematic,experimental",False,False
CT000358,C0067,mini,Comedy,2025-09-19 11:07:28,3.4,animation,False,True
CT000359,C0149,image,Mystery,2025-07-26 12:35:37,165.3,"character,ai,visual",False,True
CT000360,C0457,mini,Mystery,2026-05-07 09:09:21,8.9,ai,False,False
CT000361,C0029,video,Animation,2025-07-28 22:12:21,45.6,visual,False,False
CT000362,C0496,mini,Horror,2025-08-11 23:12:20,15.3,cinematic,True,False
CT000363,C0267,mini,Animation,2025-11-28 08:34:05,25.1,viral,True,False
CT000364,C0384,video,Sci-Fi,2026-05-25 05:24:29,221.3,"story,cinematic",False,False
CT000365,C0372,image,Documentary,2025-11-25 18:39:25,23.8,character,False,False
CT000366,C0036,image,Drama,2025-07-25 04:01:42,22.2,"cinematic,visual",True,False
CT000367,C0130,cine,Horror,2025-07-29 13:56:44,62.6,character,False,False
CT000368,C0432,image,Documentary,2025-09-24 10:40:39,410.2,ai,False,True
CT000369,C0311,mini,Sci-Fi,2025-07-08 00:42:09,11.6,"story,character,creative",False,False
CT000370,C0183,cine,Sci-Fi,2025-10-28 14:26:14,96.6,"viral,ai",False,True
CT000371,C0267,mini,Action,2025-07-07 20:00:20,12.0,animation,False,False
CT000372,C0216,mini,Mystery,2026-06-21 14:01:24,24.2,creative,False,False
CT000373,C0051,mini,Mystery,2025-06-24 21:14:02,4.3,"story,visual",True,False
CT000374,C0463,image,Mystery,2025-08-30 04:01:55,33.8,"story,character",False,False
CT000375,C0124,mini,Horror,2025-06-16 02:45:08,10.8,"viral,trending",True,False
CT000376,C0429,cine,Action,2025-10-11 22:57:17,33.7,story,False,False
CT000377,C0121,image,Documentary,2026-06-04 08:05:57,145.6,character,False,False
CT000378,C0298,mini,Sci-Fi,2026-02-19 04:04:59,10.5,cinematic,False,False
CT000379,C0245,mini,Documentary,2026-08-01 08:27:35,10.3,"creative,story",False,False
CT000380,C0440,mini,Documentary,2026-03-09 04:29:56,13.8,cinematic,False,False
CT000381,C0310,mini,Fantasy,2025-12-12 02:35:21,21.1,animation,False,False
CT000382,C0298,image,Horror,2026-08-12 01:53:05,17.9,"character,ai,trending",False,False
CT000383,C0149,cine,Horror,2025-08-25 03:41:14,144.3,"character,ai",False,False
CT000384,C0429,cine,Animation,2025-07-22 10:08:15,52.2,character,False,False
CT000385,C0065,mini,Horror,2025-10-28 17:39:59,22.1,cinematic,False,False
CT000386,C0254,cine,Mystery,2026-07-29 22:11:43,145.1,"viral,cinematic",False,False
CT000387,C0135,mini,Horror,2026-06-09 05:50:24,18.2,"animation,experimental",False,False
CT000388,C0230,mini,Horror,2026-01-31 21:02:07,18.1,ai,False,False
CT000389,C0021,cine,Comedy,2026-07-29 17:43:40,90.4,"cinematic,visual",False,False
CT000390,C0341,image,Documentary,2026-03-22 19:23:59,87.9,"trending,viral",False,False
CT000391,C0377,mini,Horror,2025-09-17 20:10:46,6.9,cinematic,False,False
CT000392,C0342,mini,Horror,2025-06-03 13:07:44,4.6,"story,visual",False,False
CT000393,C0347,image,Animation,2025-06-14 22:59:10,40.9,"cinematic,animation,trending",False,False
CT000394,C0019,mini,Animation,2026-06-23 06:37:20,17.9,experimental,False,False
CT000395,C0333,mini,Action,2025-10-19 17:31:27,11.6,"creative,visual",False,False
CT000396,C0164,video,Sci-Fi,2025-12-10 09:52:43,59.5,"animation,ai",False,False
CT000397,C0307,mini,Mystery,2025-11-23 17:25:58,20.3,"viral,character",False,True
CT000398,C0314,image,Documentary,2025-07-11 07:40:59,35.0,"character,visual",True,False
CT000399,C0151,image,Animation,2025-06-02 08:55:07,11.8,"visual,creative",False,False
CT000400,C0068,mini,Romance,2026-04-28 12:20:05,10.8,"story,character,experimental",False,False
CT000401,C0060,cine,Animation,2026-04-07 17:31:03,123.0,character,False,False
CT000402,C0214,cine,Animation,2025-09-11 18:36:15,57.4,animation,False,False
CT000403,C0294,mini,Comedy,2025-07-27 18:33:16,17.9,"trending,character",False,False
CT000404,C0004,mini,Horror,2026-01-22 05:30:28,5.5,ai,False,False
CT000405,C0364,video,Fantasy,2025-07-08 07:40:11,115.9,experimental,False,False
CT000406,C0125,mini,Fantasy,2025-10-11 06:41:16,9.4,"visual,character,viral",False,False
CT000407,C0404,image,Romance,2026-04-24 22:13:01,57.0,"experimental,character,creative",False,False
CT000408,C0347,cine,Animation,2025-08-19 02:42:04,152.9,ai,False,False
CT000409,C0362,cine,Animation,2026-05-18 11:26:35,22.0,"trending,experimental,cinematic",False,False
CT000410,C0104,cine,Documentary,2026-07-09 01:46:09,14.0,animation,False,False
CT000411,C0319,cine,Drama,2025-08-23 22:00:14,74.5,ai,False,False
CT000412,C0335,cine,Romance,2026-03-31 12:11:05,47.2,"character,trending,visual",False,False
CT000413,C0412,cine,Documentary,2026-05-17 10:21:25,24.7,trending,False,False
CT000414,C0280,image,Fantasy,2026-01-23 21:26:31,61.6,"visual,story,trending",False,False
CT000415,C0385,video,Action,2025-10-14 15:43:04,70.4,story,False,False
CT000416,C0232,mini,Drama,2026-08-23 10:39:12,18.2,"creative,character,experimental",False,False
CT000417,C0468,mini,Drama,2025-10-19 12:05:00,28.4,"trending,visual,story",False,False
CT000418,C0358,image,Romance,2025-09-21 20:34:39,41.0,"story,character",False,False
CT000419,C0003,mini,Drama,2025-07-26 19:53:58,7.1,"experimental,visual",False,False
CT000420,C0395,video,Romance,2026-07-19 05:35:27,118.6,"cinematic,animation",False,False
CT000421,C0069,mini,Action,2025-09-12 06:58:08,9.2,experimental,False,False
CT000422,C0036,mini,Romance,2025-07-31 18:39:49,22.5,cinematic,True,True
CT000423,C0284,mini,Romance,2025-06-18 16:17:15,14.8,"viral,visual,cinematic",False,False
CT000424,C0244,mini,Drama,2025-10-11 15:13:50,10.5,"creative,cinematic,experimental",False,False
CT000425,C0202,image,Fantasy,2026-04-03 09:57:28,40.9,cinematic,False,True
CT000426,C0208,mini,Drama,2026-04-08 18:00:56,10.1,"visual,trending,animation",False,True
CT000427,C0171,video,Romance,2026-06-24 05:23:40,34.8,character,False,False
CT000428,C0459,mini,Drama,2026-04-01 17:01:39,12.0,story,False,False
CT000429,C0372,image,Fantasy,2025-06-23 01:04:32,104.8,"trending,animation,character",False,False
CT000430,C0397,image,Romance,2026-06-20 06:03:53,41.3,"creative,experimental,ai",False,False
CT000431,C0264,mini,Romance,2025-09-25 11:10:50,8.8,"visual,story,experimental",False,False
CT000432,C0374,video,Documentary,2026-08-11 07:45:34,41.7,ai,False,False
CT000433,C0262,mini,Mystery,2025-11-05 20:53:27,17.3,"ai,cinematic",False,False
CT000434,C0447,cine,Romance,2025-06-08 12:45:18,25.4,viral,False,False
CT000435,C0029,mini,Fantasy,2025-11-27 00:01:27,11.9,"character,visual",False,False
CT000436,C0396,mini,Animation,2025-12-23 06:30:48,7.9,"trending,character,experimental",False,False
CT000437,C0231,mini,Horror,2026-06-11 20:07:03,44.9,visual,False,False
CT000438,C0164,mini,Romance,2026-02-07 19:37:29,7.6,story,False,False
CT000439,C0299,video,Animation,2025-06-20 13:14:49,23.7,viral,False,True
CT000440,C0450,image,Action,2025-06-22 20:14:37,73.5,"character,experimental",False,False
CT000441,C0139,video,Horror,2026-03-08 00:51:24,67.1,viral,False,False
CT000442,C0233,image,Documentary,2025-07-09 06:28:30,53.7,"viral,animation",False,False
CT000443,C0123,image,Drama,2026-01-29 17:08:06,40.2,"animation,viral",False,False
CT000444,C0410,video,Action,2026-07-14 23:36:20,54.5,ai,False,False
CT000445,C0276,cine,Romance,2026-06-18 08:15:42,76.0,"story,cinematic",False,True
CT000446,C0146,video,Documentary,2026-03-16 00:05:25,29.9,story,False,False
CT000447,C0450,mini,Documentary,2025-10-18 11:22:23,13.1,ai,False,False
CT000448,C0117,cine,Comedy,2026-01-21 22:32:01,88.3,animation,False,False
CT000449,C0061,cine,Documentary,2025-07-17 10:19:03,10.1,creative,False,False
CT000450,C0128,mini,Romance,2026-05-04 03:35:44,9.9,"story,viral,animation",False,False
CT000451,C0154,mini,Comedy,2025-07-30 13:02:44,20.1,"story,character,experimental",False,False
CT000452,C0132,video,Action,2025-06-24 12:01:16,70.1,visual,False,False
CT000453,C0031,cine,Mystery,2026-03-15 13:02:46,32.9,"character,viral,story",True,False
CT000454,C0492,mini,Action,2026-02-17 02:37:29,16.9,"trending,animation",False,False
CT000455,C0165,video,Sci-Fi,2026-02-04 20:45:27,12.4,"visual,experimental,story",True,False
CT000456,C0479,video,Horror,2026-01-03 19:53:38,65.9,"ai,viral",True,False
CT000457,C0341,image,Comedy,2026-02-26 01:56:58,38.4,"visual,ai,experimental",False,False
CT000458,C0402,mini,Comedy,2025-12-18 20:43:36,16.2,viral,False,False
CT000459,C0155,mini,Animation,2025-08-02 12:19:41,16.7,visual,False,False
CT000460,C0324,video,Sci-Fi,2026-02-15 20:31:49,40.4,"viral,ai",True,False
CT000461,C0196,mini,Documentary,2025-06-20 09:00:37,9.2,story,True,False
CT000462,C0183,mini,Mystery,2025-06-30 01:34:03,17.1,"experimental,trending",False,False
CT000463,C0465,mini,Sci-Fi,2026-02-14 07:42:12,26.3,"character,viral",False,False
CT000464,C0428,image,Drama,2026-04-17 23:14:51,119.1,"visual,ai",True,False
CT000465,C0175,mini,Drama,2025-07-07 23:08:24,11.2,"trending,creative,visual",False,False
CT000466,C0002,video,Fantasy,2025-11-19 14:38:56,30.8,"visual,character",True,True
CT000467,C0270,image,Fantasy,2026-07-29 21:59:06,77.8,"ai,cinematic,story",False,False
CT000468,C0479,video,Animation,2026-05-23 05:53:00,43.2,"visual,story",False,False
CT000469,C0467,mini,Horror,2026-06-02 07:30:30,20.2,"character,ai,visual",False,False
CT000470,C0237,cine,Comedy,2026-03-27 06:10:18,58.1,"animation,story",False,False
CT000471,C0246,image,Romance,2025-08-22 01:24:14,48.9,experimental,False,True
CT000472,C0429,video,Comedy,2025-11-24 16:30:24,201.8,viral,False,False
CT000473,C0087,mini,Romance,2026-02-28 14:48:40,12.3,story,False,True
CT000474,C0136,mini,Sci-Fi,2026-03-31 23:42:56,9.3,viral,True,False
CT000475,C0070,cine,Sci-Fi,2025-07-31 04:52:36,62.1,"animation,visual,character",False,True
CT000476,C0295,image,Documentary,2026-08-17 15:45:15,25.7,"experimental,trending,cinematic",False,False
CT000477,C0450,mini,Comedy,2026-08-01 21:27:17,8.6,"experimental,animation",False,False
CT000478,C0160,cine,Comedy,2025-06-17 16:15:56,114.6,character,True,False
CT000479,C0441,mini,Animation,2026-02-24 18:57:35,5.0,cinematic,False,False
CT000480,C0246,mini,Horror,2025-08-05 05:41:31,9.3,"viral,trending,character",False,False
CT000481,C0125,mini,Sci-Fi,2025-10-23 21:30:43,20.1,character,False,False
CT000482,C0480,cine,Animation,2026-07-10 04:29:18,65.5,animation,False,False
CT000483,C0311,mini,Fantasy,2026-04-07 06:18:06,12.3,cinematic,False,False
CT000484,C0271,mini,Horror,2025-11-08 16:29:26,8.9,"character,cinematic,creative",True,False
CT000485,C0083,cine,Drama,2025-06-02 03:46:50,21.7,"story,experimental,creative",True,False
CT000486,C0277,mini,Action,2026-06-17 09:24:23,15.7,"viral,character,animation",False,False
CT000487,C0116,image,Romance,2025-10-10 06:18:55,57.8,ai,False,False
CT000488,C0209,cine,Romance,2026-03-04 03:20:06,97.2,"ai,cinematic,trending",False,False
CT000489,C0456,cine,Documentary,2025-09-15 18:44:51,63.3,"viral,creative",False,False
CT000490,C0498,mini,Romance,2026-05-27 04:18:06,11.8,"trending,visual",True,False
CT000491,C0196,mini,Fantasy,2025-11-05 20:33:40,12.1,"character,experimental,ai",False,False
CT000492,C0159,image,Fantasy,2026-05-04 08:25:55,43.8,cinematic,False,False
CT000493,C0107,mini,Drama,2025-07-09 21:35:33,14.1,viral,False,False
CT000494,C0105,mini,Fantasy,2026-03-08 16:01:27,27.2,trending,False,False
CT000495,C0263,image,Documentary,2026-08-16 09:40:43,25.6,"story,ai",False,False
CT000496,C0483,mini,Animation,2026-01-02 21:39:20,9.1,character,False,False
CT000497,C0426,cine,Animation,2025-12-31 08:33:43,49.8,viral,False,False
CT000498,C0146,mini,Action,2026-04-09 22:54:58,24.1,"creative,viral,visual",False,True
CT000499,C0417,mini,Action,2026-06-26 12:31:50,16.4,experimental,False,True
CT000500,C0236,video,Drama,2026-06-05 21:53:38,25.5,"animation,ai",False,False
CT000501,C0324,image,Fantasy,2025-06-28 03:18:50,56.6,"character,story,experimental",False,False
CT000502,C0127,mini,Sci-Fi,2025-10-13 23:57:00,19.2,"experimental,character",False,False
CT000503,C0407,mini,Horror,2026-06-21 05:45:16,10.6,"visual,animation,story",False,False
CT000504,C0234,cine,Comedy,2026-08-19 09:22:49,41.7,visual,False,False
CT000505,C0391,cine,Mystery,2026-03-25 18:48:43,72.7,"cinematic,character,visual",False,False
CT000506,C0125,cine,Documentary,2025-06-03 02:00:31,13.6,cinematic,False,False
CT000507,C0481,mini,Action,2026-04-06 12:29:38,7.5,character,False,True
CT000508,C0211,video,Horror,2026-08-06 16:52:56,58.9,"cinematic,ai,experimental",False,False
CT000509,C0328,image,Documentary,2026-06-03 16:36:52,63.0,"viral,cinematic",False,False
CT000510,C0265,image,Horror,2026-04-26 23:15:24,68.7,"animation,character",False,False
CT000511,C0296,video,Romance,2026-01-26 21:20:38,61.0,"creative,animation",False,False
CT000512,C0129,mini,Animation,2026-07-17 08:35:10,9.4,"viral,creative,ai",False,False
CT000513,C0451,mini,Drama,2026-03-17 02:37:13,11.0,animation,False,False
CT000514,C0107,mini,Romance,2026-01-20 02:42:16,13.0,"cinematic,viral,visual",False,False
CT000515,C0181,mini,Drama,2026-07-16 07:14:35,16.0,"creative,trending,animation",False,False
CT000516,C0207,mini,Sci-Fi,2025-06-02 12:49:08,11.0,"trending,animation,experimental",True,False
CT000517,C0240,video,Animation,2025-07-28 01:08:41,96.1,animation,False,False
CT000518,C0113,video,Mystery,2026-06-19 16:43:10,56.2,"story,trending,viral",False,False
CT000519,C0427,cine,Horror,2025-06-26 09:12:33,25.5,"visual,viral,character",False,False
CT000520,C0308,image,Fantasy,2026-07-15 10:55:37,106.9,"trending,ai,cinematic",False,False
CT000521,C0490,mini,Drama,2026-08-23 02:35:06,15.6,"viral,cinematic,character",False,False
CT000522,C0175,mini,Documentary,2025-09-27 22:04:11,7.2,"visual,cinematic",False,False
CT000523,C0211,mini,Action,2026-07-07 23:06:38,13.5,creative,False,False
CT000524,C0281,image,Comedy,2026-02-05 07:30:21,64.5,visual,False,False
CT000525,C0292,image,Mystery,2026-01-21 09:03:44,73.9,"cinematic,viral,animation",True,False
CT000526,C0087,cine,Sci-Fi,2026-07-26 18:35:23,46.7,"cinematic,experimental,viral",False,False
CT000527,C0418,video,Horror,2026-05-23 00:45:14,28.1,viral,False,False
CT000528,C0498,mini,Horror,2026-07-11 10:27:30,21.9,"ai,viral",False,False
CT000529,C0260,mini,Sci-Fi,2026-07-08 03:44:31,15.2,"character,story,viral",False,False
CT000530,C0187,mini,Sci-Fi,2026-04-28 07:01:57,8.7,"trending,story,viral",False,False
CT000531,C0201,video,Action,2025-12-30 21:16:34,56.2,cinematic,True,False
CT000532,C0032,cine,Fantasy,2025-08-24 10:03:53,26.0,"cinematic,story,creative",False,False
CT000533,C0036,mini,Horror,2025-07-15 16:03:42,11.2,"cinematic,story",True,False
CT000534,C0184,video,Animation,2025-09-24 04:55:36,41.0,ai,False,False
CT000535,C0110,mini,Romance,2026-01-06 04:10:29,17.3,"story,animation",True,False
CT000536,C0144,mini,Drama,2025-08-02 14:07:00,16.4,"trending,story",False,False
CT000537,C0165,mini,Mystery,2025-11-08 05:25:29,13.8,"ai,visual,creative",False,False
CT000538,C0090,mini,Horror,2026-05-29 07:47:37,5.3,"cinematic,character,creative",False,False
CT000539,C0196,image,Horror,2025-06-11 13:16:01,60.9,"viral,visual",False,False
CT000540,C0018,video,Action,2025-10-19 13:07:29,221.0,"viral,ai,creative",False,True
CT000541,C0389,mini,Drama,2026-08-12 07:48:42,8.8,cinematic,False,False
CT000542,C0347,image,Drama,2025-10-26 20:04:26,21.5,trending,True,True
CT000543,C0084,mini,Mystery,2026-04-23 09:32:34,12.3,"visual,cinematic",False,False
CT000544,C0084,image,Comedy,2026-03-05 19:57:42,510.7,character,False,False
CT000545,C0037,mini,Action,2026-05-25 07:59:50,9.2,"trending,visual,story",True,True
CT000546,C0092,mini,Animation,2026-04-29 13:13:11,18.2,character,False,False
CT000547,C0290,mini,Drama,2026-02-28 02:56:32,6.3,"cinematic,story",False,False
CT000548,C0038,video,Drama,2026-08-17 21:55:19,23.1,visual,False,True
CT000549,C0004,mini,Drama,2025-10-01 17:48:26,4.3,creative,False,False
CT000550,C0283,mini,Horror,2025-10-06 15:39:03,7.3,"animation,visual",False,False
CT000551,C0464,mini,Action,2026-02-22 14:58:54,5.6,"animation,ai,trending",False,False
CT000552,C0232,video,Animation,2026-04-22 23:37:44,14.8,"trending,viral",False,False
CT000553,C0129,mini,Drama,2026-04-07 04:53:25,13.4,viral,False,False
CT000554,C0416,video,Horror,2026-08-11 03:49:48,52.1,"creative,cinematic,visual",False,False
CT000555,C0417,mini,Animation,2026-02-28 09:17:22,2.5,animation,False,False
CT000556,C0417,mini,Fantasy,2026-05-14 08:26:40,5.7,"animation,story",False,False
CT000557,C0187,cine,Sci-Fi,2025-07-28 23:28:01,55.9,"trending,cinematic",True,False
CT000558,C0026,mini,Sci-Fi,2025-06-18 10:50:33,10.2,"ai,trending,animation",False,False
CT000559,C0500,cine,Sci-Fi,2026-06-06 23:30:46,51.1,"animation,character,visual",False,False
CT000560,C0444,mini,Documentary,2025-12-21 21:44:26,5.9,"cinematic,animation,visual",False,False
CT000561,C0246,mini,Comedy,2025-10-14 16:24:47,6.2,"experimental,story,trending",False,False
CT000562,C0391,mini,Mystery,2026-05-09 06:18:38,5.3,"character,experimental,animation",False,False
CT000563,C0479,cine,Documentary,2025-11-28 21:49:53,14.3,story,False,False
CT000564,C0032,cine,Drama,2025-06-14 14:20:12,112.4,"experimental,animation",True,False
CT000565,C0235,mini,Fantasy,2026-02-07 03:00:19,5.0,"story,character",True,False
CT000566,C0426,video,Comedy,2025-07-28 05:29:32,63.1,creative,True,False
CT000567,C0358,cine,Action,2026-08-20 19:14:41,101.7,cinematic,True,False
CT000568,C0056,cine,Horror,2025-10-28 16:43:59,32.5,story,True,False
CT000569,C0033,mini,Documentary,2025-10-21 12:16:06,10.4,visual,True,False
CT000570,C0163,image,Drama,2026-06-20 15:27:28,82.1,"cinematic,ai,visual",False,False
CT000571,C0218,mini,Sci-Fi,2025-06-20 02:17:21,9.4,"viral,creative,story",False,False
CT000572,C0064,mini,Action,2026-04-05 21:19:46,9.4,"character,trending",False,False
CT000573,C0136,mini,Mystery,2026-08-18 10:33:32,9.3,"animation,ai,trending",False,False
CT000574,C0254,video,Romance,2025-06-14 16:00:17,129.1,"ai,trending",False,False
CT000575,C0397,mini,Animation,2026-08-11 14:39:09,16.0,viral,True,False
CT000576,C0280,mini,Romance,2026-03-09 08:53:07,15.9,"experimental,character",False,True
CT000577,C0262,mini,Comedy,2025-08-30 09:58:32,14.3,"trending,story",True,False
CT000578,C0371,mini,Romance,2026-06-24 22:50:20,9.7,"viral,cinematic,trending",False,False
CT000579,C0321,mini,Mystery,2026-06-14 01:03:21,10.4,"animation,viral",False,False
CT000580,C0114,mini,Mystery,2026-08-22 19:48:12,7.5,"character,ai,experimental",False,False
CT000581,C0127,image,Documentary,2026-07-25 08:17:23,91.0,ai,False,False
CT000582,C0061,mini,Romance,2026-03-06 13:39:37,14.0,cinematic,False,False
CT000583,C0062,cine,Fantasy,2025-06-06 22:11:09,10.1,story,False,False
CT000584,C0414,mini,Horror,2026-05-07 17:05:59,18.3,"creative,trending",False,False
CT000585,C0337,mini,Documentary,2026-05-11 03:58:53,13.9,story,True,True
CT000586,C0318,cine,Mystery,2026-05-19 11:17:19,86.0,visual,False,True
CT000587,C0212,mini,Romance,2025-08-22 00:40:09,7.9,"story,viral,ai",False,True
CT000588,C0047,mini,Fantasy,2026-05-01 18:33:25,6.6,"character,animation,ai",False,False
CT000589,C0209,mini,Documentary,2026-06-13 04:39:54,6.9,"character,viral",False,False
CT000590,C0076,mini,Documentary,2025-07-05 03:27:28,21.0,"visual,viral,story",False,False
CT000591,C0478,image,Romance,2025-06-10 13:14:06,19.0,visual,False,False
CT000592,C0195,video,Horror,2025-07-09 01:16:13,142.1,"ai,animation",False,False
CT000593,C0062,mini,Animation,2026-04-12 04:56:47,13.4,character,False,False
CT000594,C0142,mini,Drama,2025-10-16 07:12:11,8.7,"character,animation,experimental",False,False
CT000595,C0322,mini,Documentary,2026-06-08 10:47:25,12.0,"animation,viral",False,False
CT000596,C0226,image,Drama,2026-08-11 14:27:48,14.7,"viral,character",False,False
CT000597,C0033,mini,Animation,2025-06-17 06:01:50,6.8,"character,story",False,False
CT000598,C0179,mini,Action,2026-05-03 17:46:45,8.2,"animation,trending,cinematic",False,True
CT000599,C0339,cine,Fantasy,2026-05-12 05:17:56,39.8,"cinematic,character",True,False
CT000600,C0262,image,Fantasy,2025-07-05 06:20:43,43.6,"viral,creative",False,False
CT000601,C0272,cine,Action,2025-07-25 03:44:56,71.2,"trending,viral,creative",True,False
CT000602,C0331,image,Horror,2026-06-03 08:46:01,192.1,animation,False,True
CT000603,C0363,mini,Documentary,2025-07-07 01:30:52,12.4,"visual,ai",False,False
CT000604,C0207,mini,Animation,2025-08-30 18:54:59,19.3,story,False,True
CT000605,C0376,cine,Mystery,2026-07-25 19:45:21,50.5,"trending,character",False,False
CT000606,C0451,image,Sci-Fi,2026-04-28 14:29:21,46.2,visual,False,False
CT000607,C0067,mini,Animation,2026-07-26 21:38:36,17.1,"viral,character",True,False
CT000608,C0365,mini,Horror,2025-10-03 23:15:00,20.4,experimental,True,False
CT000609,C0136,mini,Drama,2026-05-04 23:02:30,5.8,creative,False,False
CT000610,C0057,video,Drama,2026-03-05 21:14:44,339.4,"animation,character",False,False
CT000611,C0127,mini,Documentary,2026-07-11 22:24:26,4.1,"trending,character",False,False
CT000612,C0457,video,Romance,2025-09-11 22:22:06,48.8,"story,cinematic,visual",False,False
CT000613,C0298,video,Fantasy,2025-06-08 14:50:47,40.0,visual,False,False
CT000614,C0229,cine,Horror,2025-11-30 03:34:21,28.4,"visual,viral,story",False,False
CT000615,C0132,video,Animation,2026-01-20 07:48:34,59.6,"trending,story,creative",False,False
CT000616,C0264,mini,Animation,2026-02-17 18:52:37,14.3,"viral,story",False,False
CT000617,C0258,mini,Horror,2026-07-03 11:12:32,8.7,"creative,viral,experimental",False,False
CT000618,C0204,mini,Animation,2026-04-09 22:03:12,9.3,"creative,ai",True,False
CT000619,C0222,image,Documentary,2026-07-13 02:32:08,57.0,"experimental,cinematic",False,False
CT000620,C0360,video,Fantasy,2026-04-29 19:19:17,67.1,"character,trending,creative",False,False
CT000621,C0294,cine,Romance,2025-11-15 08:44:29,24.0,"ai,trending",False,False
CT000622,C0015,mini,Documentary,2026-06-08 08:24:57,3.2,"animation,experimental",False,False
CT000623,C0175,mini,Horror,2025-10-27 00:31:43,15.2,"character,experimental",False,False
CT000624,C0032,mini,Mystery,2026-06-06 13:47:12,3.5,trending,False,True
CT000625,C0461,image,Documentary,2026-04-16 04:33:46,72.5,"animation,cinematic",False,False
CT000626,C0159,cine,Sci-Fi,2025-09-09 22:52:38,52.4,animation,False,False
CT000627,C0478,video,Drama,2025-06-28 10:29:12,55.0,"character,animation",False,True
CT000628,C0125,mini,Drama,2026-07-10 03:12:26,8.6,"ai,visual",False,True
CT000629,C0174,cine,Horror,2026-05-22 22:00:43,60.5,visual,False,False
CT000630,C0202,mini,Action,2025-06-24 01:26:56,14.4,"trending,experimental,character",False,False
CT000631,C0451,cine,Documentary,2025-09-22 20:31:20,31.2,character,True,True
CT000632,C0048,image,Romance,2026-01-06 23:26:43,68.0,"ai,story",True,False
CT000633,C0396,cine,Fantasy,2026-01-24 20:05:21,14.4,"experimental,creative,cinematic",False,False
CT000634,C0326,mini,Documentary,2025-11-20 02:47:29,16.6,"creative,ai,character",False,False
CT000635,C0111,mini,Drama,2025-08-27 19:16:26,43.2,cinematic,False,False
CT000636,C0422,video,Drama,2026-04-01 07:21:21,16.6,"trending,cinematic",False,False
CT000637,C0279,cine,Documentary,2026-05-01 20:48:46,39.2,"character,visual,trending",True,False
CT000638,C0251,image,Documentary,2026-03-19 21:30:41,65.3,viral,False,False
CT000639,C0189,mini,Documentary,2026-08-11 03:36:04,23.4,"cinematic,visual,animation",False,False
CT000640,C0205,mini,Mystery,2025-11-27 10:10:54,7.3,character,False,False
CT000641,C0403,cine,Sci-Fi,2026-02-02 14:52:59,47.3,"trending,ai,character",True,False
CT000642,C0482,cine,Sci-Fi,2025-10-23 17:51:09,48.6,viral,False,False
CT000643,C0447,mini,Horror,2026-08-08 12:38:40,14.8,viral,False,False
CT000644,C0166,mini,Mystery,2025-12-08 21:43:29,18.5,ai,False,False
CT000645,C0309,cine,Drama,2025-12-01 08:14:46,42.2,trending,False,False
CT000646,C0500,mini,Drama,2026-05-05 23:25:07,18.1,"cinematic,creative",True,True
CT000647,C0311,mini,Mystery,2025-10-09 14:22:41,5.7,"visual,ai,story",False,False
CT000648,C0001,image,Mystery,2025-11-14 01:26:31,24.8,"ai,creative",False,False
CT000649,C0361,image,Romance,2026-06-18 09:45:07,108.9,"story,ai",True,False
CT000650,C0278,mini,Romance,2025-06-10 19:22:23,10.4,"viral,experimental",False,False
CT000651,C0242,video,Drama,2025-06-18 07:07:33,63.2,creative,False,False
CT000652,C0019,video,Documentary,2026-07-01 01:18:51,18.6,viral,False,False
CT000653,C0233,cine,Documentary,2025-10-07 05:11:00,53.8,"character,ai",False,False
CT000654,C0394,image,Comedy,2026-05-22 23:27:33,403.0,story,False,False
CT000655,C0279,cine,Animation,2026-04-11 20:43:11,33.2,"character,viral,visual",False,False
CT000656,C0132,mini,Romance,2025-08-31 03:57:22,6.6,"story,animation",False,False
CT000657,C0408,mini,Animation,2025-08-26 03:26:58,4.6,"trending,creative,viral",False,False
CT000658,C0225,mini,Horror,2026-08-23 13:10:59,11.5,"experimental,character,ai",False,False
CT000659,C0324,mini,Action,2026-07-12 01:07:08,10.5,trending,False,False
CT000660,C0006,video,Action,2025-09-26 06:49:51,42.4,experimental,False,False
CT000661,C0076,video,Horror,2026-01-06 20:57:13,57.0,"experimental,trending",False,False
CT000662,C0101,cine,Comedy,2026-06-29 04:27:14,69.2,visual,True,False
CT000663,C0068,cine,Fantasy,2025-09-21 03:09:53,137.5,"creative,visual",False,False
CT000664,C0214,video,Mystery,2026-03-29 15:07:00,44.6,visual,False,False
CT000665,C0202,image,Action,2025-11-17 07:00:50,285.1,cinematic,True,False
CT000666,C0041,mini,Horror,2026-07-08 05:46:11,20.4,character,True,False
CT000667,C0326,video,Horror,2025-10-08 09:19:50,38.5,"trending,creative",False,False
CT000668,C0238,cine,Horror,2025-12-15 12:32:30,139.1,"character,ai,experimental",True,False
CT000669,C0195,mini,Horror,2026-04-16 14:51:32,9.2,"viral,visual,experimental",False,False
CT000670,C0122,mini,Horror,2026-04-03 06:12:59,20.5,creative,False,False
CT000671,C0189,image,Mystery,2025-07-21 02:47:53,29.8,"animation,story",False,False
CT000672,C0080,mini,Horror,2025-07-10 19:11:48,18.4,experimental,False,False
CT000673,C0448,video,Animation,2026-06-25 06:36:00,40.7,"experimental,cinematic,story",False,True
CT000674,C0256,image,Horror,2026-05-14 07:36:53,99.2,"story,cinematic",False,False
CT000675,C0428,mini,Animation,2025-08-07 20:40:59,21.6,"animation,story,cinematic",True,False
CT000676,C0428,mini,Fantasy,2026-03-23 15:11:08,16.8,trending,True,False
CT000677,C0235,cine,Animation,2025-10-07 19:19:15,41.1,"visual,viral,creative",False,False
CT000678,C0194,mini,Comedy,2025-12-03 08:26:12,6.8,cinematic,False,False
CT000679,C0358,cine,Horror,2026-03-13 18:39:26,19.0,"ai,character",False,False
CT000680,C0191,video,Action,2026-03-19 02:01:16,54.0,"ai,viral,character",False,True
CT000681,C0223,cine,Romance,2025-11-09 12:26:13,45.8,"trending,animation",False,True
CT000682,C0205,cine,Fantasy,2026-06-14 20:32:25,30.9,animation,False,False
CT000683,C0298,video,Romance,2026-01-19 14:01:30,136.9,experimental,False,False
CT000684,C0028,video,Sci-Fi,2026-06-06 20:29:04,17.3,"trending,visual",False,False
CT000685,C0138,video,Comedy,2026-02-15 12:16:39,75.3,"cinematic,viral,visual",True,False
CT000686,C0339,mini,Horror,2025-11-10 14:55:23,19.0,"animation,viral",False,False
CT000687,C0245,mini,Action,2025-09-27 02:44:05,13.9,"creative,story,trending",False,False
CT000688,C0340,cine,Romance,2025-06-06 23:00:23,228.1,"experimental,visual",False,True
CT000689,C0318,mini,Drama,2026-01-30 18:40:54,11.6,"character,story,cinematic",False,True
CT000690,C0168,cine,Fantasy,2026-02-09 16:23:05,35.3,"animation,cinematic,visual",False,False
CT000691,C0221,image,Fantasy,2026-08-03 08:23:58,89.8,experimental,False,False
CT000692,C0036,video,Horror,2025-09-27 13:26:13,42.0,cinematic,False,False
CT000693,C0376,mini,Mystery,2025-06-02 03:05:45,12.9,creative,False,False
CT000694,C0222,image,Documentary,2026-07-13 22:17:56,128.5,"cinematic,visual",False,True
CT000695,C0132,cine,Horror,2026-02-27 21:07:25,85.4,animation,False,False
CT000696,C0264,image,Comedy,2025-06-23 12:55:07,123.9,"story,creative",True,False
CT000697,C0005,mini,Drama,2025-10-25 00:20:06,15.9,"creative,ai",False,False
CT000698,C0208,mini,Horror,2026-08-17 10:18:15,16.5,cinematic,False,False
CT000699,C0458,image,Action,2026-06-29 02:19:59,169.7,cinematic,False,False
CT000700,C0192,cine,Romance,2026-02-08 08:38:07,26.8,creative,False,False
CT000701,C0180,image,Horror,2025-07-15 01:06:11,66.2,"cinematic,animation,story",True,False
CT000702,C0226,mini,Action,2026-03-24 13:21:33,10.6,"experimental,character",False,False
CT000703,C0131,mini,Mystery,2025-06-28 15:28:27,22.7,"story,creative,experimental",False,False
CT000704,C0110,mini,Horror,2025-11-26 12:51:56,4.4,"character,animation",True,False
CT000705,C0237,image,Fantasy,2025-12-02 15:11:05,102.7,story,False,False
CT000706,C0328,cine,Documentary,2026-05-21 03:32:35,48.2,"experimental,ai",False,False
CT000707,C0125,mini,Documentary,2026-04-04 05:26:06,6.8,"creative,animation",False,False
CT000708,C0107,mini,Romance,2026-01-05 07:55:50,18.2,"visual,character,creative",False,False
CT000709,C0366,mini,Fantasy,2025-06-03 22:36:41,17.9,"creative,trending,visual",False,True
CT000710,C0244,mini,Documentary,2025-06-09 08:08:25,27.5,"viral,visual",False,False
CT000711,C0154,mini,Sci-Fi,2026-06-05 22:08:34,9.1,"story,cinematic",False,False
CT000712,C0423,video,Mystery,2026-03-25 00:46:58,60.9,"cinematic,viral",False,False
CT000713,C0496,mini,Sci-Fi,2025-11-01 10:48:17,23.1,"viral,visual",False,False
CT000714,C0423,mini,Fantasy,2026-05-09 06:18:01,13.2,"story,cinematic",False,False
CT000715,C0139,image,Drama,2026-07-25 15:15:09,116.0,"story,trending,character",True,False
CT000716,C0482,video,Horror,2025-06-06 23:50:01,66.6,creative,False,False
CT000717,C0181,cine,Documentary,2026-07-19 00:41:55,86.6,ai,False,False
CT000718,C0040,mini,Fantasy,2025-09-22 01:30:29,8.3,"story,experimental,viral",False,True
CT000719,C0267,cine,Comedy,2026-05-15 07:07:34,23.9,trending,False,False
CT000720,C0477,mini,Action,2026-02-25 02:24:04,10.1,"cinematic,character,trending",False,False
CT000721,C0002,mini,Romance,2026-05-03 01:47:23,11.7,"story,visual",True,False
CT000722,C0003,image,Documentary,2025-07-24 15:54:12,24.7,"ai,experimental,story",False,False
CT000723,C0002,image,Horror,2026-03-01 23:17:19,163.1,"trending,cinematic,visual",False,False
CT000724,C0421,mini,Action,2026-08-15 19:03:25,8.5,viral,False,False
CT000725,C0117,image,Comedy,2026-05-29 06:52:19,45.0,"story,trending,visual",True,False
CT000726,C0248,cine,Drama,2026-05-31 01:27:11,84.3,"ai,character,animation",False,False
CT000727,C0041,cine,Horror,2025-08-21 04:56:28,56.5,viral,False,False
CT000728,C0468,mini,Action,2025-10-04 17:00:01,9.6,character,False,False
CT000729,C0381,video,Documentary,2026-06-08 14:26:00,43.0,"visual,experimental",False,False
CT000730,C0283,mini,Drama,2025-12-01 20:02:57,7.5,"visual,story,character",False,False
CT000731,C0435,mini,Action,2026-02-13 17:38:09,8.5,"animation,cinematic,trending",False,False
CT000732,C0102,mini,Comedy,2025-08-16 07:35:03,18.1,"experimental,trending",True,False
CT000733,C0205,image,Drama,2026-05-23 13:56:34,89.0,"trending,cinematic",True,False
CT000734,C0484,video,Fantasy,2025-12-21 06:37:40,42.6,story,False,False
CT000735,C0256,mini,Comedy,2026-01-12 04:07:55,10.2,experimental,False,False
CT000736,C0153,mini,Animation,2026-08-09 02:58:36,13.9,character,False,False
CT000737,C0303,video,Romance,2026-03-15 17:12:43,74.2,"story,creative,visual",False,False
CT000738,C0465,image,Mystery,2025-12-18 22:11:58,45.3,story,False,False
CT000739,C0048,video,Comedy,2025-11-03 18:26:04,30.2,"story,creative,character",True,False
CT000740,C0497,image,Horror,2026-03-02 03:38:25,177.3,ai,False,False
CT000741,C0232,image,Sci-Fi,2025-12-11 12:45:37,22.2,creative,True,False
CT000742,C0044,cine,Comedy,2025-09-11 23:02:08,143.0,cinematic,False,False
CT000743,C0477,mini,Fantasy,2025-11-14 08:04:41,19.3,"trending,creative",True,False
CT000744,C0283,cine,Comedy,2025-10-09 18:41:38,106.7,ai,False,False
CT000745,C0104,mini,Fantasy,2026-05-04 17:01:51,11.9,"viral,animation,ai",False,False
CT000746,C0094,cine,Action,2026-01-16 04:20:53,33.5,"story,trending",False,False
CT000747,C0042,cine,Mystery,2025-08-31 10:48:26,39.0,"visual,creative,trending",False,False
CT000748,C0259,mini,Fantasy,2025-08-08 08:29:51,9.6,"creative,experimental",False,False
CT000749,C0141,cine,Drama,2026-07-30 07:37:27,120.4,trending,False,False
CT000750,C0159,mini,Documentary,2026-07-11 08:05:34,29.7,visual,True,False
CT000751,C0274,image,Fantasy,2026-06-14 03:41:21,38.7,"experimental,visual",True,True
CT000752,C0478,mini,Animation,2026-05-02 03:47:44,10.4,"experimental,character,cinematic",False,True
CT000753,C0435,cine,Romance,2026-06-28 22:49:31,25.6,"cinematic,story",True,False
CT000754,C0055,mini,Documentary,2026-03-23 01:26:18,12.3,"ai,cinematic",False,False
CT000755,C0178,mini,Horror,2026-07-22 18:36:23,3.8,"cinematic,trending",True,False
CT000756,C0111,mini,Fantasy,2026-07-24 21:22:48,33.5,"experimental,visual,trending",False,False
CT000757,C0171,mini,Romance,2025-12-16 19:47:47,9.6,experimental,False,False
CT000758,C0446,image,Mystery,2025-09-22 09:13:08,258.7,visual,False,True
CT000759,C0172,mini,Romance,2026-07-12 17:07:02,11.2,"cinematic,visual,viral",False,False
CT000760,C0324,image,Fantasy,2026-06-12 22:31:50,24.0,"cinematic,animation,visual",False,False
CT000761,C0421,mini,Sci-Fi,2025-12-20 12:17:04,9.5,"character,animation,experimental",False,True
CT000762,C0137,cine,Horror,2026-07-20 08:24:55,29.7,"experimental,trending,cinematic",False,True
CT000763,C0230,cine,Animation,2025-07-17 07:58:14,125.4,"visual,story,cinematic",False,False
CT000764,C0407,mini,Comedy,2026-06-10 14:36:18,17.6,trending,False,False
CT000765,C0168,mini,Drama,2025-06-23 14:39:43,19.6,"visual,viral,cinematic",False,False
CT000766,C0325,mini,Mystery,2025-07-17 17:36:17,5.2,creative,False,False
CT000767,C0091,mini,Mystery,2025-06-29 23:51:23,15.3,character,False,False
CT000768,C0451,mini,Documentary,2025-07-07 10:18:21,7.9,"experimental,cinematic",False,False
CT000769,C0062,video,Romance,2025-08-25 17:32:39,141.9,"creative,ai",False,False
CT000770,C0344,mini,Documentary,2025-11-13 01:16:50,14.5,"ai,viral,character",False,False
CT000771,C0486,video,Horror,2025-11-12 01:42:23,51.5,"cinematic,ai,character",False,False
CT000772,C0071,video,Mystery,2025-12-09 22:10:51,79.5,"creative,character",False,False
CT000773,C0244,mini,Drama,2026-08-21 12:56:16,6.1,cinematic,False,False
CT000774,C0473,image,Mystery,2026-01-20 01:09:55,78.9,creative,False,False
CT000775,C0037,video,Romance,2025-09-18 23:41:23,52.4,"trending,cinematic",True,False
CT000776,C0149,mini,Mystery,2025-08-02 17:13:39,8.3,ai,False,False
CT000777,C0454,cine,Horror,2026-07-22 07:46:56,145.9,"creative,ai",False,False
CT000778,C0066,image,Documentary,2025-10-04 18:38:20,51.9,"ai,cinematic,viral",False,False
CT000779,C0478,image,Romance,2026-06-05 13:23:01,255.4,animation,False,False
CT000780,C0372,image,Documentary,2026-05-27 03:01:47,68.7,viral,True,False
CT000781,C0119,mini,Mystery,2026-06-28 16:07:41,13.7,"trending,cinematic",False,False
CT000782,C0102,mini,Fantasy,2025-08-06 18:03:16,6.5,"ai,story",False,False
CT000783,C0158,image,Horror,2026-05-24 20:26:02,245.5,"character,animation",True,False
CT000784,C0263,mini,Fantasy,2026-05-23 16:11:27,4.9,"story,cinematic,creative",False,False
CT000785,C0481,cine,Comedy,2026-08-18 17:32:09,75.0,"animation,visual,cinematic",False,False
CT000786,C0394,cine,Fantasy,2026-04-19 23:49:15,45.7,"experimental,trending",False,False
CT000787,C0006,cine,Horror,2025-07-25 15:14:36,74.3,"story,experimental",False,True
CT000788,C0294,video,Drama,2025-12-26 21:07:15,90.5,animation,False,False
CT000789,C0165,cine,Fantasy,2026-01-05 09:56:08,79.7,"visual,character",False,False
CT000790,C0263,cine,Drama,2026-01-02 23:31:24,50.7,"visual,trending,ai",False,False
CT000791,C0209,video,Horror,2025-11-04 07:59:33,35.0,"trending,viral",False,False
CT000792,C0295,mini,Fantasy,2026-06-01 12:06:51,10.2,"ai,visual",True,False
CT000793,C0387,image,Mystery,2025-10-08 14:41:42,37.2,"viral,cinematic",False,False
CT000794,C0120,mini,Drama,2025-12-20 19:57:08,8.2,"viral,creative,trending",False,False
CT000795,C0183,cine,Comedy,2025-12-21 18:02:35,31.4,"viral,trending",False,True
CT000796,C0026,image,Fantasy,2026-03-21 07:59:42,42.5,"story,animation,creative",False,False
CT000797,C0171,video,Fantasy,2026-01-06 07:17:37,33.4,"viral,ai,character",False,False
CT000798,C0495,mini,Action,2026-08-17 17:36:43,28.6,creative,False,False
CT000799,C0365,image,Fantasy,2026-08-24 14:11:41,23.8,"experimental,ai",False,False
CT000800,C0338,mini,Fantasy,2025-12-29 18:37:26,5.9,story,False,False
CT000801,C0424,image,Action,2025-09-29 16:40:34,137.8,"character,animation,ai",False,False
CT000802,C0283,video,Drama,2026-05-14 01:15:56,109.5,ai,True,True
CT000803,C0047,image,Animation,2026-07-21 17:26:21,70.5,cinematic,False,False
CT000804,C0330,image,Action,2026-07-10 10:56:51,151.3,"experimental,animation,creative",False,False
CT000805,C0069,image,Action,2025-08-16 03:21:33,34.4,"trending,experimental,visual",True,False
CT000806,C0104,mini,Fantasy,2025-06-25 06:01:32,24.4,animation,True,False
CT000807,C0327,image,Action,2026-03-31 06:16:00,49.3,"visual,story,experimental",False,False
CT000808,C0457,cine,Mystery,2025-10-16 00:50:47,159.5,"cinematic,experimental",False,False
CT000809,C0157,cine,Documentary,2025-10-18 06:28:30,66.1,experimental,False,True
CT000810,C0156,video,Mystery,2025-06-14 14:59:42,30.3,visual,False,False
CT000811,C0335,mini,Documentary,2026-08-12 22:23:47,33.8,"character,story",False,False
CT000812,C0160,mini,Mystery,2025-06-01 14:45:22,8.5,"experimental,trending,creative",False,False
CT000813,C0088,image,Drama,2026-03-17 09:12:17,24.6,visual,False,True
CT000814,C0116,mini,Comedy,2026-07-27 21:35:39,18.3,"animation,viral",False,False
CT000815,C0402,image,Romance,2025-06-30 06:46:28,87.5,"creative,ai",True,False
CT000816,C0303,video,Sci-Fi,2026-03-08 22:41:08,30.5,story,False,False
CT000817,C0161,image,Action,2026-07-27 03:13:15,52.0,trending,False,False
CT000818,C0498,cine,Mystery,2025-12-05 07:38:26,51.0,animation,False,False
CT000819,C0166,video,Drama,2025-10-12 23:32:16,29.9,"cinematic,ai",False,False
CT000820,C0339,cine,Drama,2026-04-18 04:25:28,30.7,visual,True,False
CT000821,C0090,mini,Action,2026-07-28 21:26:50,12.1,"experimental,ai",False,False
CT000822,C0467,image,Action,2026-02-10 20:03:41,111.2,cinematic,False,False
CT000823,C0107,image,Action,2025-06-07 03:34:59,100.2,"experimental,viral,animation",False,False
CT000824,C0215,video,Horror,2026-04-09 04:10:59,38.0,creative,False,True
CT000825,C0297,mini,Fantasy,2025-09-08 17:21:11,10.1,"animation,story,trending",False,False
CT000826,C0261,mini,Comedy,2026-08-25 23:50:54,13.5,trending,False,False
CT000827,C0287,mini,Fantasy,2025-10-05 22:47:26,11.0,viral,False,False
CT000828,C0387,mini,Sci-Fi,2026-03-18 05:48:34,11.7,visual,True,True
CT000829,C0412,image,Animation,2026-04-10 17:19:08,56.4,cinematic,True,False
CT000830,C0169,cine,Sci-Fi,2025-12-21 02:10:44,46.1,ai,True,False
CT000831,C0316,mini,Fantasy,2026-05-30 20:46:22,8.3,experimental,False,False
CT000832,C0285,mini,Comedy,2026-07-14 17:15:43,17.8,visual,True,False
CT000833,C0213,mini,Romance,2026-03-15 07:42:26,7.1,"experimental,animation",False,False
CT000834,C0252,cine,Fantasy,2026-05-10 23:54:47,55.9,experimental,True,False
CT000835,C0402,image,Fantasy,2025-06-29 06:46:46,43.2,"ai,visual,viral",False,False
CT000836,C0339,video,Documentary,2025-09-19 05:28:55,56.7,"cinematic,story",True,False
CT000837,C0007,cine,Documentary,2025-12-15 17:44:15,49.1,"ai,character,cinematic",False,False
CT000838,C0036,mini,Comedy,2025-07-30 09:48:51,11.8,"creative,viral,experimental",False,False
CT000839,C0349,mini,Romance,2026-01-12 06:09:35,18.8,trending,True,False
CT000840,C0262,cine,Animation,2025-07-04 09:11:27,8.9,"creative,visual",False,False
CT000841,C0270,cine,Comedy,2025-11-11 13:51:18,83.2,"creative,character,animation",False,False
CT000842,C0422,mini,Romance,2025-06-29 00:37:56,16.5,ai,True,False
CT000843,C0110,mini,Documentary,2025-12-09 07:30:34,10.6,viral,False,False
CT000844,C0127,image,Fantasy,2025-12-03 01:21:28,67.8,"animation,trending,experimental",False,False
CT000845,C0316,image,Sci-Fi,2026-01-07 01:44:48,87.2,"animation,ai",False,True
CT000846,C0391,cine,Documentary,2026-08-26 13:09:53,38.6,viral,False,False
CT000847,C0493,cine,Mystery,2026-02-08 14:59:44,43.2,viral,True,False
CT000848,C0457,cine,Action,2025-08-07 08:05:12,44.8,"viral,experimental,animation",False,False
CT000849,C0174,mini,Mystery,2026-03-15 17:07:28,7.7,"visual,creative",True,False
CT000850,C0089,video,Animation,2026-08-21 11:42:36,80.1,experimental,False,False
CT000851,C0314,mini,Action,2025-09-04 19:34:44,23.4,"visual,ai",False,True
CT000852,C0099,mini,Fantasy,2025-07-07 14:59:25,6.6,"viral,story,animation",True,False
CT000853,C0220,cine,Documentary,2026-07-17 04:03:26,36.5,"animation,character,viral",False,False
CT000854,C0148,cine,Drama,2025-08-18 13:50:37,29.1,trending,False,True
CT000855,C0197,cine,Documentary,2026-06-13 12:20:57,40.4,"cinematic,ai",True,False
CT000856,C0439,video,Fantasy,2025-12-13 04:19:13,25.7,"character,animation,story",False,False
CT000857,C0153,mini,Horror,2026-05-25 16:41:55,8.4,"experimental,visual",True,False
CT000858,C0424,mini,Action,2026-04-21 22:29:41,17.5,"trending,experimental",False,False
CT000859,C0115,mini,Sci-Fi,2026-06-03 11:16:05,13.8,"visual,creative",False,False
CT000860,C0148,mini,Drama,2026-05-13 22:37:54,15.0,"viral,story",True,False
CT000861,C0122,image,Fantasy,2026-01-26 14:36:31,107.3,"experimental,cinematic,trending",False,False
CT000862,C0376,cine,Horror,2025-09-20 08:29:28,96.5,"character,animation",False,False
CT000863,C0388,mini,Sci-Fi,2026-08-09 14:15:23,9.4,"character,experimental",True,False
CT000864,C0018,image,Comedy,2025-08-25 23:17:39,31.5,trending,False,False
CT000865,C0161,image,Romance,2025-11-14 20:57:11,20.6,creative,False,False
CT000866,C0465,video,Horror,2025-10-07 06:05:34,66.3,animation,True,False
CT000867,C0261,mini,Fantasy,2025-12-09 12:17:28,8.9,creative,False,False
CT000868,C0086,image,Documentary,2025-09-22 17:11:22,55.9,"visual,trending",False,False
CT000869,C0107,mini,Horror,2026-06-08 05:21:15,14.2,"character,animation",False,True
CT000870,C0231,video,Comedy,2025-12-17 09:05:57,52.9,creative,False,False
CT000871,C0107,video,Comedy,2026-07-02 06:22:42,90.8,character,False,False
CT000872,C0212,cine,Sci-Fi,2025-06-15 03:22:08,84.5,viral,False,False
CT000873,C0290,image,Documentary,2025-12-22 17:43:03,80.0,"viral,ai,cinematic",False,False
CT000874,C0231,image,Animation,2026-02-22 15:31:17,69.6,"cinematic,creative",False,False
CT000875,C0292,cine,Fantasy,2026-06-22 16:38:26,124.3,"viral,character,animation",False,False
CT000876,C0029,mini,Documentary,2026-04-30 06:51:08,37.8,"character,visual",False,True
CT000877,C0251,image,Action,2026-03-16 18:07:14,36.4,ai,False,False
CT000878,C0028,video,Action,2026-06-21 07:17:35,28.9,"experimental,trending,cinematic",False,False
CT000879,C0344,image,Fantasy,2025-11-24 22:30:02,41.9,story,False,False
CT000880,C0263,mini,Comedy,2026-08-11 02:27:25,8.4,"story,visual,cinematic",False,False
CT000881,C0319,cine,Romance,2026-07-18 21:45:19,32.6,trending,False,False
CT000882,C0168,cine,Action,2026-07-20 06:05:08,33.0,visual,False,False
CT000883,C0103,mini,Drama,2026-01-16 10:49:09,14.3,"visual,ai,character",False,False
CT000884,C0334,cine,Documentary,2025-07-13 12:23:38,86.5,experimental,False,False
CT000885,C0028,mini,Romance,2026-06-23 05:01:37,14.5,"animation,viral",False,False
CT000886,C0238,cine,Documentary,2025-12-07 20:19:26,146.1,"trending,ai,story",False,False
CT000887,C0135,mini,Fantasy,2026-06-06 11:06:02,5.2,animation,False,False
CT000888,C0181,mini,Comedy,2025-06-26 04:19:21,4.4,"ai,animation,character",True,False
CT000889,C0207,video,Romance,2025-07-15 01:32:22,52.4,"experimental,cinematic,character",False,True
CT000890,C0230,mini,Animation,2025-11-07 01:45:44,7.3,"story,experimental",False,False
CT000891,C0105,mini,Romance,2026-07-03 05:36:13,9.7,"cinematic,ai",False,False
CT000892,C0066,mini,Comedy,2025-06-15 00:17:11,13.9,"ai,animation,trending",False,True
CT000893,C0235,cine,Documentary,2025-08-14 01:33:05,9.6,"creative,visual",True,False
CT000894,C0145,video,Fantasy,2026-01-12 21:26:05,52.7,visual,False,False
CT000895,C0019,cine,Fantasy,2026-06-07 02:53:10,35.4,"experimental,animation",False,False
CT000896,C0423,video,Drama,2025-08-10 19:55:03,115.5,"visual,creative",True,False
CT000897,C0236,mini,Sci-Fi,2026-05-11 12:56:34,4.7,experimental,False,True
CT000898,C0048,mini,Drama,2026-01-10 02:18:22,9.3,"story,visual,character",True,False
CT000899,C0174,video,Mystery,2026-05-03 03:39:06,79.2,"creative,viral",False,False
CT000900,C0061,mini,Horror,2026-04-24 08:04:17,17.2,"experimental,ai,character",False,False
CT000901,C0480,cine,Horror,2026-07-25 22:04:23,102.2,"ai,visual",False,True
CT000902,C0238,cine,Drama,2025-06-27 12:19:31,80.3,"character,visual",True,False
CT000903,C0437,video,Animation,2026-03-01 20:31:17,19.1,story,False,False
CT000904,C0171,mini,Drama,2025-12-25 23:22:31,9.3,visual,False,False
CT000905,C0473,video,Comedy,2025-11-02 09:41:10,39.5,"creative,character",False,False
CT000906,C0467,cine,Fantasy,2026-05-04 17:32:12,76.1,viral,False,False
CT000907,C0325,mini,Action,2026-02-26 11:53:53,10.0,"trending,animation,creative",False,False
CT000908,C0205,mini,Animation,2025-12-20 14:22:01,13.5,"visual,cinematic",True,False
CT000909,C0485,cine,Horror,2026-04-14 10:26:05,106.7,ai,False,True
CT000910,C0282,mini,Drama,2026-02-17 22:27:55,12.3,"ai,viral",False,False
CT000911,C0097,mini,Documentary,2025-11-14 06:23:55,17.2,"creative,animation,experimental",False,False
CT000912,C0037,cine,Mystery,2025-11-01 02:26:34,46.0,"animation,viral,experimental",False,False
CT000913,C0262,cine,Horror,2025-09-24 23:00:56,115.9,"character,viral",False,False
CT000914,C0124,mini,Comedy,2025-10-14 08:49:08,9.8,"cinematic,experimental,animation",True,False
CT000915,C0372,video,Action,2026-01-10 07:10:39,68.8,cinematic,False,False
CT000916,C0267,mini,Action,2025-08-22 10:15:53,23.0,"animation,experimental,ai",True,False
CT000917,C0242,video,Drama,2026-07-15 15:04:14,56.7,"trending,creative",True,False
CT000918,C0140,image,Documentary,2026-02-21 05:16:38,184.4,"ai,viral",False,False
CT000919,C0106,image,Comedy,2026-03-15 11:48:20,37.5,"character,animation",False,False
CT000920,C0101,cine,Fantasy,2026-02-17 19:49:56,79.9,story,False,False
CT000921,C0327,mini,Comedy,2026-07-15 03:33:55,12.1,cinematic,False,False
CT000922,C0393,image,Animation,2026-06-09 11:49:36,59.8,experimental,False,False
CT000923,C0485,image,Romance,2026-01-03 15:39:56,12.3,"story,cinematic,visual",False,True
CT000924,C0338,image,Action,2025-11-04 23:03:14,45.1,"viral,story,ai",False,True
CT000925,C0262,video,Horror,2026-08-06 19:51:55,16.2,experimental,False,False
CT000926,C0339,mini,Sci-Fi,2026-03-01 13:29:49,31.7,ai,False,False
CT000927,C0124,video,Animation,2026-05-27 22:48:49,51.9,"visual,cinematic",False,True
CT000928,C0431,video,Action,2025-08-03 13:24:09,274.0,"story,cinematic,animation",True,False
CT000929,C0025,video,Documentary,2025-11-09 16:33:33,92.7,"visual,creative,ai",False,False
CT000930,C0447,cine,Sci-Fi,2025-09-29 19:17:37,26.6,"trending,experimental,creative",True,False
CT000931,C0053,image,Fantasy,2025-12-22 09:18:55,62.8,"trending,experimental,animation",False,False
CT000932,C0472,cine,Drama,2026-01-16 12:42:42,73.4,"trending,ai,experimental",False,False
CT000933,C0389,cine,Animation,2026-08-29 23:35:00,58.6,"creative,ai",True,True
CT000934,C0205,video,Sci-Fi,2025-07-18 21:58:54,55.3,"experimental,animation,story",False,False
CT000935,C0243,mini,Documentary,2026-08-09 21:17:47,18.4,"creative,cinematic",False,False
CT000936,C0148,video,Mystery,2026-06-06 06:23:05,70.3,viral,False,False
CT000937,C0103,mini,Animation,2025-12-05 01:40:26,11.0,viral,False,False
CT000938,C0156,mini,Mystery,2025-10-07 04:51:39,15.7,visual,False,False
CT000939,C0431,cine,Action,2026-06-16 02:28:24,98.3,"visual,character,ai",False,False
CT000940,C0124,cine,Fantasy,2025-08-02 05:07:04,96.0,"cinematic,experimental,story",False,False
CT000941,C0219,mini,Mystery,2026-07-20 20:04:37,10.3,"story,creative,viral",False,False
CT000942,C0343,image,Animation,2026-08-05 00:49:26,48.7,"story,cinematic",False,False
CT000943,C0400,mini,Documentary,2025-09-23 19:07:45,19.8,animation,True,True
CT000944,C0154,image,Sci-Fi,2026-02-11 15:32:36,30.7,story,False,True
CT000945,C0407,mini,Drama,2026-01-23 00:40:51,8.0,"character,visual",False,False
CT000946,C0087,mini,Sci-Fi,2026-05-16 14:46:09,22.1,animation,False,False
CT000947,C0358,mini,Action,2026-05-12 05:32:31,8.3,"creative,trending,viral",False,False
CT000948,C0055,mini,Action,2026-08-28 15:40:31,13.5,creative,False,False
CT000949,C0481,image,Romance,2025-07-06 01:10:24,59.9,"visual,viral",True,False
CT000950,C0050,cine,Sci-Fi,2026-06-08 21:46:16,94.7,"creative,trending,cinematic",True,False
CT000951,C0449,image,Sci-Fi,2026-06-03 09:24:25,78.4,"trending,viral,creative",False,False
CT000952,C0379,image,Mystery,2026-05-05 01:41:17,112.9,"creative,story",False,False
CT000953,C0063,mini,Comedy,2025-09-05 05:41:21,17.5,character,False,False
CT000954,C0386,video,Mystery,2026-05-05 18:13:43,105.8,"viral,trending",False,False
CT000955,C0174,image,Romance,2026-01-05 09:53:14,107.4,trending,False,False
CT000956,C0491,mini,Fantasy,2025-10-06 06:47:43,9.2,"trending,experimental,cinematic",False,True
CT000957,C0474,cine,Horror,2025-11-19 02:13:51,234.5,"experimental,ai,visual",False,False
CT000958,C0460,mini,Documentary,2025-12-06 22:38:19,13.4,"cinematic,ai,trending",False,False
CT000959,C0324,cine,Romance,2026-05-04 12:24:43,160.1,cinematic,False,False
CT000960,C0442,mini,Mystery,2025-08-31 12:55:58,11.5,viral,True,False
CT000961,C0214,cine,Animation,2025-09-15 07:45:10,37.7,"ai,trending",False,False
CT000962,C0032,mini,Documentary,2025-11-16 22:56:47,12.3,"creative,character",False,False
CT000963,C0431,cine,Documentary,2025-12-30 15:49:15,58.6,"story,viral",False,False
CT000964,C0024,cine,Action,2026-08-06 11:12:21,17.0,"creative,viral",False,False
CT000965,C0316,image,Comedy,2025-09-30 02:29:50,23.6,"character,animation",False,False
CT000966,C0271,mini,Action,2026-07-19 05:46:54,20.7,character,False,False
CT000967,C0187,mini,Comedy,2025-06-25 23:45:19,8.1,"creative,story",False,False
CT000968,C0370,cine,Action,2026-01-19 18:58:49,79.4,"story,ai,experimental",False,False
CT000969,C0136,cine,Action,2026-06-20 15:23:40,29.8,"ai,animation",True,False
CT000970,C0460,cine,Animation,2025-10-20 17:53:28,44.9,visual,False,False
CT000971,C0422,cine,Drama,2025-09-11 09:08:48,35.7,creative,False,False
CT000972,C0457,mini,Comedy,2026-03-04 01:43:49,16.9,visual,False,False
CT000973,C0422,cine,Mystery,2025-09-14 23:34:24,21.7,animation,True,False
CT000974,C0414,cine,Drama,2025-06-08 00:51:24,103.3,trending,False,False
CT000975,C0451,cine,Action,2025-06-22 07:43:44,68.6,"animation,ai",False,False
CT000976,C0457,cine,Documentary,2026-01-05 09:06:04,5.8,"trending,creative",False,False
CT000977,C0393,cine,Comedy,2026-01-16 05:30:48,35.0,"creative,ai,story",False,False
CT000978,C0400,cine,Drama,2025-06-12 22:37:53,102.0,creative,False,False
CT000979,C0092,image,Sci-Fi,2025-10-01 15:32:31,81.1,"creative,experimental,viral",False,False
CT000980,C0087,cine,Sci-Fi,2026-05-12 02:25:00,241.7,trending,False,True
CT000981,C0194,video,Animation,2026-02-13 20:50:52,45.6,"ai,cinematic",False,False
CT000982,C0183,video,Sci-Fi,2026-03-06 23:31:52,71.0,"animation,ai",False,False
CT000983,C0162,mini,Drama,2026-04-26 22:18:16,24.2,"visual,character",False,False
CT000984,C0149,video,Sci-Fi,2026-07-18 04:51:06,18.5,"trending,experimental",False,True
CT000985,C0132,mini,Sci-Fi,2025-06-21 22:39:14,8.5,visual,False,False
CT000986,C0280,video,Documentary,2026-01-07 02:28:58,41.5,"visual,cinematic,ai",False,False
CT000987,C0396,video,Comedy,2025-08-31 10:09:35,352.8,"character,ai",False,False
CT000988,C0406,mini,Horror,2026-04-01 06:38:00,18.7,"cinematic,creative",False,False
CT000989,C0064,mini,Action,2025-11-26 05:54:54,15.0,"animation,visual,ai",False,False
CT000990,C0263,image,Mystery,2025-08-10 04:00:33,57.8,"cinematic,ai,creative",False,False
CT000991,C0240,mini,Action,2026-07-07 04:07:56,6.6,"story,trending",False,False
CT000992,C0401,image,Horror,2026-01-22 07:09:00,99.4,creative,False,False
CT000993,C0429,mini,Sci-Fi,2025-07-21 00:49:57,13.3,"viral,cinematic,visual",False,False
CT000994,C0164,cine,Horror,2025-09-11 17:57:38,136.3,"ai,trending",False,False
CT000995,C0393,mini,Action,2026-05-06 04:28:36,6.3,"experimental,visual",False,False
CT000996,C0298,image,Fantasy,2026-01-01 12:23:53,8.4,"character,viral",False,True
CT000997,C0134,cine,Action,2026-08-09 20:00:20,54.7,"experimental,viral,cinematic",False,False
CT000998,C0274,image,Fantasy,2025-06-23 20:37:50,26.8,"cinematic,animation",False,True
CT000999,C0023,image,Documentary,2025-07-06 09:59:15,125.0,"ai,cinematic",False,False
CT001000,C0029,image,Mystery,2026-04-11 11:38:04,69.5,ai,False,False
CT001001,C0201,cine,Fantasy,2025-10-30 20:27:15,115.9,"cinematic,animation,creative",False,False
CT001002,C0480,mini,Mystery,2026-07-04 16:13:24,14.8,"ai,animation",False,False
CT001003,C0295,mini,Comedy,2026-05-17 22:09:02,17.7,"experimental,animation",False,True
CT001004,C0326,cine,Fantasy,2025-06-11 09:08:00,65.0,visual,False,False
CT001005,C0428,mini,Documentary,2026-08-01 10:37:44,8.5,"ai,story,visual",False,False
CT001006,C0225,image,Drama,2026-08-09 18:25:07,63.8,"creative,animation,story",False,False
CT001007,C0260,mini,Horror,2025-09-21 12:12:00,11.3,"viral,cinematic",False,False
CT001008,C0139,mini,Mystery,2026-03-07 07:37:39,15.8,"character,ai",False,True
CT001009,C0132,cine,Mystery,2026-03-20 16:44:14,55.6,"cinematic,character",False,False
CT001010,C0451,image,Romance,2025-06-18 02:59:09,31.5,"visual,character,viral",False,False
CT001011,C0341,mini,Action,2026-04-30 14:13:54,12.5,story,False,False
CT001012,C0066,image,Comedy,2026-08-16 14:52:51,14.4,"experimental,ai,character",False,False
CT001013,C0196,video,Fantasy,2025-12-02 05:38:13,34.2,"character,experimental",False,False
CT001014,C0387,mini,Animation,2026-08-24 15:20:44,19.7,trending,False,False
CT001015,C0413,video,Horror,2026-04-02 07:18:55,100.9,viral,False,False
CT001016,C0326,cine,Mystery,2026-05-02 04:40:03,42.7,"cinematic,trending,animation",True,False
CT001017,C0012,mini,Comedy,2026-02-06 09:39:00,7.2,creative,False,False
CT001018,C0187,image,Comedy,2026-04-12 07:49:52,113.3,experimental,False,False
CT001019,C0210,image,Animation,2026-08-02 08:27:49,94.4,ai,False,False
CT001020,C0092,image,Romance,2026-02-25 05:07:34,44.6,"story,cinematic,ai",True,False
CT001021,C0212,mini,Sci-Fi,2026-02-01 15:45:49,15.3,"viral,trending,character",False,False
CT001022,C0181,mini,Action,2025-08-17 09:06:48,8.6,"creative,trending",False,False
CT001023,C0290,mini,Documentary,2026-01-22 13:49:23,5.1,"ai,visual,story",False,False
CT001024,C0157,cine,Action,2026-06-29 19:16:20,52.0,"character,cinematic,viral",False,True
CT001025,C0180,cine,Animation,2026-04-02 04:46:08,22.1,"animation,cinematic",False,False
CT001026,C0432,video,Sci-Fi,2026-04-23 13:06:47,17.2,ai,True,False
CT001027,C0193,cine,Romance,2025-08-09 10:44:39,41.3,cinematic,False,False
CT001028,C0096,image,Action,2026-06-22 05:20:27,114.3,"experimental,creative",False,True
CT001029,C0367,image,Romance,2026-01-29 02:48:27,82.0,visual,True,True
CT001030,C0133,image,Mystery,2025-12-25 22:45:46,35.9,"cinematic,character",True,False
CT001031,C0086,video,Mystery,2025-06-24 02:42:48,335.6,"visual,character,animation",True,False
CT001032,C0382,image,Romance,2026-07-13 05:08:42,25.8,"character,animation",False,False
CT001033,C0119,mini,Documentary,2026-03-13 22:09:01,10.8,"character,story,cinematic",False,False
CT001034,C0003,image,Fantasy,2025-10-21 07:35:55,37.7,viral,False,False
CT001035,C0054,video,Mystery,2026-01-30 19:21:33,127.7,"creative,experimental",False,False
CT001036,C0372,mini,Sci-Fi,2026-07-20 14:17:54,6.1,"ai,experimental,story",False,True
CT001037,C0129,cine,Documentary,2026-06-18 18:23:42,46.2,creative,False,False
CT001038,C0191,cine,Horror,2025-10-14 18:46:20,107.2,"visual,viral,cinematic",False,False
CT001039,C0253,cine,Drama,2026-05-30 18:03:48,48.6,"cinematic,visual,ai",False,False
CT001040,C0141,video,Documentary,2025-06-04 15:23:47,91.6,"experimental,story,character",False,False
CT001041,C0095,image,Sci-Fi,2025-12-15 05:46:23,50.6,"ai,character,experimental",False,False
CT001042,C0040,mini,Romance,2026-02-06 02:18:56,7.7,character,False,False
CT001043,C0041,mini,Comedy,2026-03-28 12:01:24,10.7,story,False,False
CT001044,C0451,mini,Comedy,2025-06-01 10:37:39,13.4,"experimental,story,visual",False,False
CT001045,C0498,video,Mystery,2025-10-17 07:28:44,44.0,experimental,False,False
CT001046,C0316,mini,Sci-Fi,2025-09-26 06:06:48,24.6,trending,False,False
CT001047,C0228,cine,Mystery,2025-11-24 20:29:48,27.7,"cinematic,ai",False,True
CT001048,C0404,image,Fantasy,2026-04-12 10:12:55,28.8,"visual,cinematic",False,False
CT001049,C0415,mini,Comedy,2025-07-06 13:54:01,17.1,"ai,viral,animation",False,False
CT001050,C0219,mini,Drama,2026-05-08 22:40:42,10.6,"viral,story,cinematic",True,False
CT001051,C0367,image,Comedy,2025-07-16 22:06:07,34.4,visual,False,False
CT001052,C0052,mini,Comedy,2026-01-18 03:37:24,12.1,"story,visual",False,False
CT001053,C0083,cine,Action,2026-06-09 08:20:50,19.5,"visual,character,story",True,True
CT001054,C0424,mini,Fantasy,2026-07-06 19:40:35,20.2,"creative,animation",False,False
CT001055,C0257,mini,Romance,2026-08-18 04:57:12,15.6,ai,True,True
CT001056,C0409,mini,Horror,2025-12-14 18:53:58,6.7,creative,False,False
CT001057,C0280,mini,Romance,2026-01-10 02:02:18,5.7,ai,True,False
CT001058,C0059,mini,Drama,2026-07-16 21:50:30,16.9,"cinematic,character,creative",False,False
CT001059,C0076,mini,Mystery,2025-07-29 08:26:24,15.9,character,True,False
CT001060,C0267,cine,Drama,2026-07-20 15:51:55,124.5,"visual,story,creative",False,False
CT001061,C0056,mini,Romance,2025-07-11 06:46:30,11.6,"ai,creative,animation",False,False
CT001062,C0422,mini,Horror,2025-07-12 12:11:38,14.0,visual,False,False
CT001063,C0134,image,Romance,2025-06-21 16:55:51,32.2,"story,viral",False,True
CT001064,C0349,cine,Drama,2025-09-14 02:07:33,52.5,"visual,experimental",False,False
CT001065,C0131,video,Action,2026-07-06 17:22:04,64.7,"character,story,experimental",True,True
CT001066,C0388,image,Comedy,2025-09-03 15:05:43,9.8,character,False,False
CT001067,C0139,mini,Romance,2025-12-19 15:25:19,14.7,visual,False,False
CT001068,C0259,cine,Documentary,2026-06-03 06:23:11,182.6,"creative,ai,cinematic",True,True
CT001069,C0127,video,Romance,2026-07-07 10:45:09,34.9,"creative,trending,experimental",False,False
CT001070,C0435,mini,Comedy,2025-12-18 01:58:38,10.5,"creative,story",False,False
CT001071,C0271,mini,Animation,2025-11-13 10:47:17,10.2,"story,animation",False,False
CT001072,C0261,mini,Drama,2025-12-29 18:33:45,6.2,"animation,story,cinematic",False,False
CT001073,C0146,video,Mystery,2026-02-24 03:44:38,118.1,viral,False,False
CT001074,C0092,mini,Documentary,2025-10-25 21:08:24,4.4,"cinematic,creative",False,False
CT001075,C0386,video,Mystery,2026-04-04 06:29:18,60.9,"story,animation,experimental",True,False
CT001076,C0027,cine,Documentary,2026-06-04 04:56:59,30.1,story,True,False
CT001077,C0031,cine,Action,2025-06-23 19:34:17,23.4,animation,False,True
CT001078,C0328,mini,Action,2026-06-10 13:45:40,11.9,"creative,story",False,False
CT001079,C0310,mini,Comedy,2026-04-07 19:22:11,11.0,"cinematic,story",False,False
CT001080,C0165,mini,Drama,2025-06-27 16:45:32,7.0,"trending,animation,story",True,True
CT001081,C0387,image,Documentary,2026-05-31 16:05:28,37.7,viral,False,False
CT001082,C0033,image,Action,2026-01-12 22:55:24,171.1,"creative,story,cinematic",False,True
CT001083,C0209,cine,Action,2025-06-11 01:38:27,61.7,"experimental,trending",False,False
CT001084,C0446,mini,Comedy,2025-07-08 06:32:15,14.4,story,False,False
CT001085,C0162,cine,Drama,2025-06-27 19:44:45,13.0,"ai,story",True,True
CT001086,C0393,cine,Comedy,2025-12-03 13:59:54,38.1,"story,creative",True,True
CT001087,C0155,image,Action,2026-01-25 01:44:10,37.8,"viral,creative",False,False
CT001088,C0115,mini,Romance,2025-09-18 14:55:13,11.1,"visual,story",True,False
CT001089,C0164,video,Horror,2026-08-17 22:48:49,74.7,"story,ai",False,False
CT001090,C0150,cine,Animation,2025-06-15 06:12:12,33.6,"experimental,cinematic,trending",False,True
CT001091,C0059,cine,Documentary,2026-08-18 19:11:32,28.0,"character,creative,visual",True,False
CT001092,C0447,mini,Mystery,2025-08-08 21:30:02,20.2,"visual,viral,trending",False,True
CT001093,C0284,cine,Drama,2025-07-20 23:13:43,20.2,"viral,cinematic,story",False,False
CT001094,C0481,mini,Horror,2026-01-11 05:57:23,23.0,trending,False,False
CT001095,C0309,cine,Horror,2026-05-13 23:04:30,37.3,"creative,character,trending",False,False
CT001096,C0445,mini,Mystery,2026-03-29 09:32:10,11.1,"story,experimental",False,False
CT001097,C0195,mini,Animation,2026-05-28 18:04:56,12.2,"animation,trending",False,False
CT001098,C0095,mini,Mystery,2025-12-24 13:59:39,10.2,"ai,visual,experimental",False,False
CT001099,C0478,video,Comedy,2026-07-05 21:23:55,110.7,"viral,story",False,False
CT001100,C0412,video,Romance,2026-05-15 10:14:21,18.3,"cinematic,story,animation",False,False
CT001101,C0449,cine,Romance,2025-06-20 20:15:45,102.1,"trending,viral",True,False
CT001102,C0459,mini,Horror,2026-01-15 20:49:13,6.4,"viral,ai",False,True
CT001103,C0149,cine,Horror,2026-08-18 10:18:46,92.8,"ai,experimental",False,False
CT001104,C0270,video,Documentary,2026-04-28 04:47:56,39.8,animation,False,False
CT001105,C0367,image,Drama,2026-06-10 16:46:44,152.2,"ai,animation",False,True
CT001106,C0438,image,Horror,2026-04-25 06:59:42,29.1,"trending,character",False,False
CT001107,C0061,image,Sci-Fi,2026-03-05 02:31:05,115.2,viral,False,False
CT001108,C0463,image,Action,2025-10-31 16:10:30,112.8,creative,False,False
CT001109,C0376,mini,Fantasy,2025-07-01 11:22:02,7.0,experimental,False,False
CT001110,C0235,mini,Animation,2025-10-16 12:25:36,6.8,"cinematic,trending",False,False
CT001111,C0370,image,Action,2025-09-18 12:17:31,62.9,"ai,character",False,True
CT001112,C0140,mini,Mystery,2026-04-27 08:37:39,11.4,"visual,cinematic",True,False
CT001113,C0178,mini,Romance,2025-11-06 01:32:03,18.7,"creative,animation",False,True
CT001114,C0100,image,Animation,2025-11-09 07:23:28,51.5,experimental,False,False
CT001115,C0194,image,Mystery,2026-06-26 23:14:54,42.0,"ai,animation,experimental",False,False
CT001116,C0151,mini,Comedy,2025-08-29 04:48:23,15.5,"character,story,ai",True,False
CT001117,C0291,cine,Drama,2026-05-14 01:42:05,51.1,"animation,creative",False,True
CT001118,C0213,mini,Romance,2025-11-08 16:04:32,9.1,"cinematic,viral,story",False,False
CT001119,C0141,mini,Fantasy,2026-08-03 23:14:46,13.3,"experimental,trending",False,False
CT001120,C0194,mini,Comedy,2026-08-10 13:46:17,25.0,"character,viral,cinematic",False,False
CT001121,C0283,image,Horror,2025-12-10 16:14:59,8.3,"story,animation,trending",False,False
CT001122,C0395,mini,Comedy,2026-05-23 13:07:02,19.7,"trending,creative",False,False
CT001123,C0444,image,Fantasy,2026-07-24 01:26:21,90.0,character,False,False
CT001124,C0131,mini,Animation,2026-03-03 02:50:03,13.3,"ai,creative",False,False
CT001125,C0223,mini,Comedy,2026-07-14 10:37:58,6.6,animation,False,False
CT001126,C0356,mini,Fantasy,2026-04-08 13:25:39,23.4,animation,False,False
CT001127,C0105,image,Action,2025-06-09 10:19:01,94.2,"viral,visual,cinematic",False,True
CT001128,C0367,video,Comedy,2026-03-05 06:06:06,31.0,"animation,viral",False,False
CT001129,C0274,mini,Horror,2025-09-18 02:23:49,11.9,"cinematic,experimental,character",False,False
CT001130,C0071,cine,Animation,2026-02-25 10:22:24,21.2,"experimental,story",True,False
CT001131,C0327,mini,Drama,2026-05-31 17:55:09,8.0,animation,True,False
CT001132,C0075,mini,Romance,2025-08-30 07:25:38,18.7,"viral,story,creative",False,True
CT001133,C0263,mini,Animation,2026-03-31 06:45:57,10.4,"creative,character",True,False
CT001134,C0158,mini,Animation,2026-02-02 21:37:46,5.3,"visual,ai,viral",False,False
CT001135,C0009,video,Drama,2025-09-10 15:17:08,29.1,"visual,viral,experimental",True,False
CT001136,C0335,cine,Drama,2026-05-13 07:24:36,117.2,"animation,ai",False,False
CT001137,C0332,video,Sci-Fi,2026-05-23 08:24:21,46.7,viral,False,False
CT001138,C0140,image,Sci-Fi,2025-06-04 00:59:16,67.7,"trending,cinematic",True,False
CT001139,C0019,image,Comedy,2025-10-23 08:23:15,28.6,"cinematic,animation",True,False
CT001140,C0436,mini,Mystery,2025-07-04 11:13:42,13.5,viral,False,True
CT001141,C0208,mini,Mystery,2026-03-02 13:52:28,16.7,"character,cinematic,visual",False,False
CT001142,C0428,mini,Documentary,2026-07-07 23:20:51,39.6,"cinematic,ai,character",False,False
CT001143,C0208,mini,Comedy,2026-08-01 04:53:39,10.0,"cinematic,character,ai",False,False
CT001144,C0372,mini,Romance,2025-11-28 17:18:21,20.3,"viral,creative,visual",False,False
CT001145,C0422,mini,Drama,2025-09-18 06:22:52,16.8,"experimental,ai",False,False
CT001146,C0340,image,Comedy,2025-10-22 01:59:45,122.2,"cinematic,ai,trending",False,False
CT001147,C0429,mini,Sci-Fi,2025-06-26 05:56:30,6.4,animation,False,False
CT001148,C0034,cine,Mystery,2025-11-07 11:59:53,45.1,"story,animation",False,False
CT001149,C0388,cine,Action,2026-03-29 00:33:32,26.3,character,True,False
CT001150,C0358,mini,Animation,2025-06-09 08:13:53,9.1,"animation,viral,experimental",False,False
CT001151,C0409,mini,Comedy,2026-04-29 03:50:37,7.8,"animation,experimental",False,False
CT001152,C0318,cine,Mystery,2026-06-20 18:03:13,43.5,animation,False,False
CT001153,C0107,video,Comedy,2025-10-21 12:51:45,46.3,story,False,True
CT001154,C0301,image,Sci-Fi,2026-05-17 03:33:54,44.6,"creative,viral",False,False
CT001155,C0361,video,Romance,2025-12-31 14:17:22,316.6,trending,False,False
CT001156,C0498,mini,Mystery,2026-08-25 16:34:12,12.5,"animation,experimental,cinematic",False,False
CT001157,C0375,image,Animation,2026-01-15 11:55:50,48.7,creative,True,False
CT001158,C0420,image,Mystery,2026-03-01 11:30:19,19.0,"visual,ai",False,False
CT001159,C0390,video,Romance,2026-06-08 01:43:32,60.8,experimental,False,False
CT001160,C0051,mini,Comedy,2025-10-03 21:33:01,12.9,"story,experimental",True,False
CT001161,C0396,image,Horror,2026-04-13 01:03:29,51.8,animation,False,False
CT001162,C0353,cine,Horror,2026-06-24 02:01:07,32.5,"cinematic,visual,character",False,False
CT001163,C0078,mini,Mystery,2025-10-03 11:32:09,9.6,animation,False,False
CT001164,C0094,cine,Comedy,2026-06-03 20:56:12,19.1,"animation,trending,character",False,False
CT001165,C0127,mini,Comedy,2025-10-03 11:50:41,27.2,"cinematic,animation,experimental",False,False
CT001166,C0289,video,Horror,2026-03-06 03:31:13,24.3,"creative,animation",False,False
CT001167,C0394,video,Horror,2025-10-27 04:25:04,70.4,"viral,visual",False,False
CT001168,C0439,image,Romance,2026-03-14 17:38:30,62.6,story,True,False
CT001169,C0070,mini,Sci-Fi,2025-08-06 13:18:27,11.2,"ai,creative",True,False
CT001170,C0491,mini,Documentary,2026-06-05 05:27:25,9.5,"story,viral",False,False
CT001171,C0062,mini,Romance,2025-08-01 05:32:38,21.6,"animation,cinematic,experimental",False,False
CT001172,C0295,image,Horror,2025-10-31 20:00:59,45.5,trending,False,False
CT001173,C0489,mini,Horror,2026-06-08 17:45:06,6.9,"creative,ai",False,True
CT001174,C0200,image,Mystery,2025-07-14 20:49:34,61.1,"viral,character,trending",False,False
CT001175,C0484,cine,Animation,2026-06-15 06:10:55,56.5,"story,creative",True,False
CT001176,C0314,mini,Romance,2025-11-30 17:46:39,29.4,cinematic,False,False
CT001177,C0167,mini,Horror,2025-09-27 14:18:52,14.2,"viral,story",True,False
CT001178,C0438,mini,Comedy,2026-06-15 02:41:47,15.5,"animation,creative,viral",False,False
CT001179,C0005,video,Sci-Fi,2026-06-23 18:44:32,89.1,"creative,character,trending",False,False
CT001180,C0383,cine,Mystery,2026-06-28 21:23:42,18.8,creative,False,False
CT001181,C0198,cine,Mystery,2026-02-16 06:07:23,97.2,"ai,trending,visual",True,False
CT001182,C0358,mini,Comedy,2025-08-30 05:12:23,9.5,visual,False,False
CT001183,C0013,image,Comedy,2026-04-21 17:51:17,36.2,"trending,animation",False,False
CT001184,C0450,mini,Documentary,2026-04-17 17:57:45,22.6,"viral,cinematic",False,False
CT001185,C0072,mini,Comedy,2026-07-07 11:34:52,25.2,"ai,character,trending",True,False
CT001186,C0300,cine,Action,2026-05-03 02:33:31,62.1,"trending,visual,animation",False,False
CT001187,C0111,mini,Mystery,2025-10-19 14:31:08,11.9,"animation,character,story",False,False
CT001188,C0459,image,Mystery,2025-12-22 01:48:59,25.0,viral,False,False
CT001189,C0420,image,Action,2026-03-29 23:24:07,40.4,"ai,experimental,creative",True,False
CT001190,C0418,cine,Sci-Fi,2026-05-21 09:23:38,38.2,"viral,ai",False,False
CT001191,C0184,mini,Documentary,2025-10-19 16:35:18,9.4,trending,False,False
CT001192,C0091,mini,Sci-Fi,2025-09-27 12:59:35,17.7,trending,False,True
CT001193,C0005,image,Comedy,2026-07-17 17:30:02,25.7,visual,False,False
CT001194,C0102,mini,Sci-Fi,2026-08-27 09:55:31,8.9,visual,False,False
CT001195,C0316,image,Fantasy,2025-10-15 14:40:00,83.9,"trending,character,ai",False,False
CT001196,C0174,image,Sci-Fi,2025-06-30 18:29:05,46.0,"cinematic,character",False,True
CT001197,C0039,mini,Horror,2026-03-13 03:39:17,20.0,creative,False,False
CT001198,C0498,mini,Fantasy,2025-06-08 05:44:58,7.4,"trending,experimental",False,False
CT001199,C0440,mini,Comedy,2025-08-27 02:35:40,13.6,"experimental,cinematic",False,True
CT001200,C0221,mini,Sci-Fi,2026-01-27 02:52:56,8.4,creative,False,False
CT001201,C0123,video,Animation,2025-11-16 14:52:03,154.4,cinematic,False,False
CT001202,C0218,cine,Action,2025-06-23 07:57:00,57.8,"character,animation,experimental",True,False
CT001203,C0118,image,Comedy,2025-11-08 05:42:26,86.7,"character,cinematic,trending",False,False
CT001204,C0040,mini,Documentary,2026-04-04 12:43:16,12.1,"experimental,creative",False,False
CT001205,C0197,mini,Fantasy,2026-05-09 03:33:12,28.3,cinematic,False,False
CT001206,C0082,cine,Sci-Fi,2026-05-10 01:42:29,51.8,"character,creative",True,False
CT001207,C0053,video,Horror,2025-10-09 16:29:54,106.2,"experimental,character,cinematic",True,False
CT001208,C0491,image,Mystery,2026-03-30 09:16:38,34.8,cinematic,True,False
CT001209,C0009,mini,Comedy,2025-10-28 07:09:37,9.2,character,False,False
CT001210,C0415,video,Mystery,2026-03-24 20:24:22,24.4,"trending,animation",False,False
CT001211,C0451,mini,Comedy,2025-06-05 07:02:05,4.3,"character,story",False,False
CT001212,C0210,cine,Action,2025-12-04 16:54:55,33.7,experimental,False,True
CT001213,C0429,video,Drama,2025-10-23 00:31:10,42.0,"viral,visual,trending",True,False
CT001214,C0254,cine,Romance,2026-04-01 06:17:20,28.0,"animation,creative,cinematic",False,False
CT001215,C0453,video,Drama,2025-10-03 02:22:54,45.8,"animation,viral,ai",False,False
CT001216,C0416,image,Comedy,2025-10-15 17:26:18,86.3,ai,False,False
CT001217,C0333,mini,Horror,2026-02-04 08:10:59,12.6,"animation,viral",False,True
CT001218,C0285,image,Drama,2026-03-26 01:35:50,127.8,"character,viral,creative",False,False
CT001219,C0006,image,Romance,2025-12-01 05:05:07,33.1,"cinematic,creative,animation",False,False
CT001220,C0141,mini,Horror,2026-07-12 20:05:25,10.7,"trending,creative,cinematic",False,False
CT001221,C0487,video,Romance,2026-08-22 02:16:41,116.9,"experimental,trending",False,False
CT001222,C0459,image,Sci-Fi,2026-03-04 11:41:51,27.1,"creative,animation",False,False
CT001223,C0352,mini,Romance,2026-02-05 00:52:16,15.5,character,False,False
CT001224,C0246,mini,Animation,2026-01-24 10:39:22,5.8,"viral,ai",False,False
CT001225,C0200,mini,Sci-Fi,2025-07-04 04:09:41,12.7,"animation,trending,creative",True,False
CT001226,C0204,mini,Comedy,2025-12-05 16:14:20,14.6,story,True,False
CT001227,C0367,cine,Fantasy,2026-06-05 03:00:24,43.4,character,False,True
CT001228,C0133,cine,Comedy,2026-04-13 02:10:36,16.1,viral,False,True
CT001229,C0279,mini,Mystery,2025-06-25 06:55:49,29.0,"cinematic,ai",False,False
CT001230,C0304,cine,Fantasy,2025-08-03 03:27:54,47.2,"ai,animation",False,False
CT001231,C0336,mini,Comedy,2026-06-17 18:38:29,15.5,"cinematic,ai",True,True
CT001232,C0084,video,Sci-Fi,2026-05-02 01:28:57,30.3,creative,False,False
CT001233,C0414,video,Documentary,2025-12-02 21:28:35,22.1,"trending,experimental,character",False,False
CT001234,C0217,mini,Romance,2026-08-04 10:57:37,6.7,"story,experimental",False,False
CT001235,C0460,mini,Fantasy,2025-06-29 02:59:31,7.7,"creative,ai",False,False
CT001236,C0220,video,Comedy,2026-05-14 06:49:22,67.5,"viral,creative",False,False
CT001237,C0399,mini,Action,2026-08-20 16:17:19,23.7,"cinematic,trending",True,False
CT001238,C0059,image,Animation,2025-12-17 09:31:46,27.4,"viral,visual,experimental",False,False
CT001239,C0444,mini,Action,2026-01-12 21:56:13,10.3,"ai,creative",False,False
CT001240,C0013,mini,Romance,2025-09-05 20:48:32,8.9,character,True,False
CT001241,C0284,cine,Horror,2026-06-25 19:04:26,37.2,"cinematic,visual",False,False
CT001242,C0373,mini,Documentary,2026-04-27 21:28:22,7.2,"creative,trending,experimental",False,False
CT001243,C0168,image,Drama,2025-12-09 18:35:11,39.0,ai,False,True
CT001244,C0475,video,Mystery,2025-09-15 23:46:26,49.2,"creative,visual,story",False,False
CT001245,C0333,cine,Documentary,2025-12-28 11:49:55,33.1,"visual,creative,animation",False,False
CT001246,C0447,cine,Mystery,2025-12-24 02:20:34,90.9,"character,experimental,trending",False,False
CT001247,C0275,image,Animation,2025-11-13 05:42:45,35.6,cinematic,False,False
CT001248,C0354,image,Drama,2026-06-18 16:30:41,128.9,experimental,True,False
CT001249,C0031,mini,Action,2025-11-16 05:28:55,18.5,"creative,animation,ai",False,False
CT001250,C0037,mini,Horror,2025-07-23 01:29:54,17.6,"experimental,character,cinematic",False,False
CT001251,C0287,cine,Mystery,2026-05-28 19:34:26,126.3,ai,False,False
CT001252,C0184,mini,Mystery,2026-04-29 23:03:07,9.9,visual,False,False
CT001253,C0205,image,Fantasy,2025-06-15 00:54:18,57.3,"visual,animation,ai",False,False
CT001254,C0305,video,Animation,2026-04-14 04:00:20,142.5,"creative,ai,visual",False,False
CT001255,C0186,image,Animation,2026-01-10 09:04:16,68.6,"creative,visual",False,False
CT001256,C0498,cine,Action,2026-04-04 03:21:17,83.1,"story,cinematic",True,False
CT001257,C0364,image,Mystery,2025-09-30 02:15:25,239.8,cinematic,False,False
CT001258,C0297,mini,Fantasy,2025-08-21 04:33:18,9.5,trending,False,False
CT001259,C0441,mini,Mystery,2026-02-09 20:43:48,11.6,"character,animation,visual",False,False
CT001260,C0013,cine,Fantasy,2025-06-25 17:33:54,61.6,experimental,False,False
CT001261,C0097,mini,Sci-Fi,2025-09-07 03:16:36,8.9,"experimental,viral,visual",False,False
CT001262,C0415,video,Action,2025-06-21 05:41:56,68.0,visual,True,False
CT001263,C0401,image,Documentary,2025-11-07 00:43:37,24.3,"story,cinematic,ai",False,False
CT001264,C0292,mini,Mystery,2026-07-19 05:59:57,12.1,"creative,cinematic",True,False
CT001265,C0087,mini,Fantasy,2026-01-30 03:58:34,7.7,"visual,character,ai",False,False
CT001266,C0147,mini,Documentary,2026-05-03 18:25:48,44.3,"viral,visual",False,False
CT001267,C0286,mini,Action,2026-05-05 06:21:07,15.4,experimental,False,False
CT001268,C0046,image,Horror,2025-07-28 16:07:37,30.4,viral,False,False
CT001269,C0425,video,Action,2026-08-06 08:40:56,121.8,"story,cinematic,visual",False,False
CT001270,C0161,mini,Drama,2025-08-10 08:24:11,14.5,"cinematic,trending",True,False
CT001271,C0447,image,Horror,2025-09-19 20:48:32,59.4,"animation,creative,visual",False,True
CT001272,C0266,image,Comedy,2026-03-26 22:56:04,77.3,experimental,False,False
CT001273,C0157,mini,Drama,2026-01-07 05:00:23,5.6,"creative,visual,animation",False,False
CT001274,C0023,mini,Action,2025-09-07 00:42:14,10.1,visual,False,True
CT001275,C0413,mini,Comedy,2025-11-06 23:35:50,9.5,character,False,False
CT001276,C0326,cine,Animation,2025-12-04 07:11:00,25.5,"trending,ai,animation",False,False
CT001277,C0438,image,Drama,2026-03-04 08:28:02,60.5,"story,experimental",False,False
CT001278,C0109,cine,Mystery,2026-05-27 12:23:03,29.3,"viral,character",False,False
CT001279,C0086,image,Fantasy,2025-11-15 02:45:39,68.9,"trending,story",False,False
CT001280,C0118,cine,Drama,2025-11-26 22:35:18,52.7,"cinematic,ai,trending",False,False
CT001281,C0189,mini,Drama,2025-07-15 05:13:48,25.6,character,False,False
CT001282,C0189,mini,Romance,2026-08-10 13:16:50,10.0,"visual,viral,story",False,False
CT001283,C0388,image,Romance,2026-03-08 03:57:30,49.3,"creative,story,viral",False,False
CT001284,C0474,cine,Fantasy,2025-09-27 12:27:32,68.2,trending,False,False
CT001285,C0005,video,Romance,2025-06-17 05:12:11,62.6,"creative,ai",False,False
CT001286,C0268,mini,Romance,2026-08-07 23:30:59,5.4,"viral,character",False,False
CT001287,C0305,mini,Romance,2025-06-20 15:03:23,32.1,"experimental,character",False,False
CT001288,C0118,image,Romance,2025-08-23 01:24:42,72.5,animation,True,False
CT001289,C0208,cine,Animation,2026-07-09 04:54:50,14.4,"ai,character",False,False
CT001290,C0367,image,Animation,2025-11-02 03:09:12,40.2,"trending,viral",False,False
CT001291,C0259,mini,Sci-Fi,2026-07-02 20:21:08,6.5,"ai,cinematic",False,False
CT001292,C0036,mini,Action,2026-02-06 23:41:59,11.0,"ai,visual,character",False,False
CT001293,C0209,cine,Documentary,2026-02-12 14:20:38,113.4,trending,True,False
CT001294,C0163,cine,Horror,2026-07-30 23:55:07,36.3,"visual,experimental",False,False
CT001295,C0103,mini,Drama,2025-06-09 05:01:21,12.1,"animation,experimental,visual",False,False
CT001296,C0051,mini,Romance,2025-11-06 13:48:15,14.3,character,False,True
CT001297,C0175,cine,Sci-Fi,2025-11-04 10:56:50,45.4,"viral,story,trending",False,False
CT001298,C0429,cine,Horror,2026-05-01 03:11:47,55.5,ai,False,False
CT001299,C0430,mini,Sci-Fi,2025-11-05 21:33:10,4.8,"trending,animation",True,False
CT001300,C0079,video,Drama,2026-07-07 11:48:46,101.0,character,False,False
CT001301,C0302,mini,Documentary,2026-04-25 17:25:25,12.3,"story,character",False,False
CT001302,C0369,mini,Mystery,2026-07-19 22:15:32,6.5,"cinematic,creative",False,False
CT001303,C0239,mini,Horror,2026-06-06 05:31:43,7.2,animation,True,True
CT001304,C0018,mini,Mystery,2026-05-07 16:23:13,25.8,"animation,experimental",False,True
CT001305,C0355,image,Comedy,2025-11-09 12:47:52,53.4,cinematic,False,False
CT001306,C0083,mini,Comedy,2026-04-28 18:31:39,9.9,visual,True,False
CT001307,C0090,mini,Mystery,2025-12-10 07:30:59,8.2,"character,trending,experimental",False,True
CT001308,C0142,mini,Action,2025-11-04 13:03:42,15.0,"experimental,animation,ai",True,False
CT001309,C0042,mini,Romance,2025-09-11 10:40:35,14.0,"experimental,creative",False,False
CT001310,C0469,mini,Drama,2026-07-14 12:09:15,32.1,"story,cinematic",False,False
CT001311,C0272,mini,Action,2026-04-28 22:20:19,9.3,"animation,ai",False,False
CT001312,C0409,mini,Mystery,2025-06-23 10:50:39,15.8,"animation,visual,ai",False,True
CT001313,C0005,image,Comedy,2025-11-07 05:07:42,126.4,visual,False,False
CT001314,C0096,mini,Animation,2026-02-20 13:25:12,6.0,"ai,animation",False,False
CT001315,C0075,mini,Drama,2026-04-18 16:46:37,23.7,cinematic,False,False
CT001316,C0037,cine,Drama,2025-10-18 22:55:05,7.1,"cinematic,viral,story",True,True
CT001317,C0357,mini,Drama,2026-04-19 08:18:55,15.2,"character,ai,experimental",False,True
CT001318,C0080,mini,Documentary,2025-10-03 05:50:09,21.4,"story,ai,creative",False,False
CT001319,C0444,mini,Comedy,2025-08-11 05:36:09,7.1,"trending,character,story",False,False
CT001320,C0372,mini,Horror,2025-07-10 18:20:17,27.8,"experimental,trending,character",True,False
CT001321,C0143,mini,Documentary,2026-07-09 18:40:46,7.3,animation,True,True
CT001322,C0134,mini,Horror,2026-03-27 20:24:47,14.3,"cinematic,creative",False,True
CT001323,C0192,cine,Sci-Fi,2026-06-11 23:34:39,27.4,experimental,False,False
CT001324,C0268,mini,Mystery,2026-01-31 12:58:56,7.8,"visual,story,trending",False,True
CT001325,C0335,mini,Fantasy,2026-02-21 20:28:42,23.9,story,False,False
CT001326,C0218,video,Documentary,2025-10-11 16:44:20,65.6,"trending,animation",False,False
CT001327,C0401,image,Drama,2025-07-10 08:44:19,89.4,"cinematic,story",False,False
CT001328,C0382,image,Action,2026-04-23 02:40:04,42.5,experimental,False,False
CT001329,C0128,mini,Action,2025-08-16 06:26:16,7.7,"cinematic,visual,character",True,False
CT001330,C0199,cine,Comedy,2026-07-04 20:34:57,44.4,story,True,False
CT001331,C0414,image,Drama,2025-07-13 00:48:06,130.4,"visual,animation",False,False
CT001332,C0363,mini,Sci-Fi,2026-08-20 12:01:52,11.6,"animation,cinematic",False,False
CT001333,C0486,image,Comedy,2025-12-29 09:48:07,30.8,"trending,creative",False,False
CT001334,C0049,image,Fantasy,2025-10-07 23:00:57,50.4,"cinematic,creative",False,False
CT001335,C0044,mini,Fantasy,2025-09-30 01:46:14,27.4,ai,False,False
CT001336,C0255,mini,Horror,2026-04-06 01:47:51,3.9,"animation,visual",False,False
CT001337,C0113,mini,Documentary,2026-06-14 20:14:19,2.9,"animation,visual,ai",False,False
CT001338,C0372,cine,Drama,2026-01-03 18:38:15,20.4,"visual,trending,story",True,False
CT001339,C0365,image,Animation,2025-12-16 19:06:24,24.8,experimental,False,False
CT001340,C0223,cine,Drama,2026-07-06 16:57:00,40.6,"animation,experimental,visual",False,False
CT001341,C0023,mini,Action,2025-12-24 03:45:36,27.2,"viral,animation",False,False
CT001342,C0176,mini,Romance,2025-10-29 20:07:07,13.5,creative,False,False
CT001343,C0143,image,Animation,2026-07-26 09:33:09,69.6,creative,False,False
CT001344,C0198,cine,Action,2026-06-01 22:57:46,162.5,"trending,animation",True,False
CT001345,C0423,cine,Documentary,2026-02-19 11:07:53,107.3,"creative,cinematic,viral",False,False
CT001346,C0368,cine,Romance,2025-06-06 01:47:05,53.6,"creative,viral,visual",False,False
CT001347,C0338,image,Comedy,2025-11-24 15:07:03,46.6,"experimental,cinematic,character",True,False
CT001348,C0008,cine,Fantasy,2026-08-20 18:05:06,85.5,"experimental,visual",True,False
CT001349,C0321,image,Animation,2026-08-23 10:57:30,156.9,"cinematic,viral",False,False
CT001350,C0261,image,Comedy,2026-04-04 00:25:23,90.3,"viral,experimental",False,False
CT001351,C0305,video,Sci-Fi,2025-12-28 20:53:49,62.2,ai,True,False
CT001352,C0204,image,Horror,2026-06-27 23:24:12,127.4,"character,visual",False,True
CT001353,C0247,cine,Mystery,2026-02-20 08:01:13,61.9,"ai,experimental",False,False
CT001354,C0174,video,Drama,2025-06-28 07:42:51,58.2,character,False,False
CT001355,C0387,video,Romance,2025-11-22 04:37:06,85.2,"animation,viral,story",False,False
CT001356,C0194,mini,Horror,2025-10-26 17:45:14,9.5,"character,animation",False,False
CT001357,C0432,image,Animation,2026-04-02 03:48:23,443.0,animation,False,False
CT001358,C0456,video,Documentary,2025-09-09 02:49:01,61.0,viral,False,False
CT001359,C0396,mini,Horror,2026-05-20 18:26:23,8.5,"creative,trending,character",False,False
CT001360,C0260,mini,Horror,2025-09-19 22:54:59,6.9,"animation,trending",False,False
CT001361,C0240,mini,Horror,2026-03-14 15:51:37,21.7,ai,False,False
CT001362,C0259,cine,Animation,2025-10-16 04:28:27,33.8,"trending,creative",False,True
CT001363,C0392,video,Animation,2025-09-22 06:43:05,16.5,"cinematic,creative,trending",False,False
CT001364,C0429,mini,Comedy,2026-04-18 11:48:46,12.3,"cinematic,story",False,False
CT001365,C0378,image,Drama,2026-08-04 16:29:57,66.6,"creative,story,viral",False,False
CT001366,C0359,image,Animation,2026-05-31 18:34:22,32.5,"story,creative,experimental",False,False
CT001367,C0228,image,Romance,2026-01-20 08:14:22,53.6,"story,animation,creative",False,False
CT001368,C0128,cine,Animation,2026-07-23 00:32:52,49.9,trending,True,False
CT001369,C0168,cine,Fantasy,2026-06-12 15:59:36,17.4,"ai,viral,creative",False,False
CT001370,C0499,mini,Documentary,2026-07-24 13:02:19,7.8,"trending,story,cinematic",False,False
CT001371,C0198,mini,Documentary,2025-06-05 00:34:39,16.7,"trending,story,visual",False,True
CT001372,C0242,mini,Documentary,2026-06-06 20:56:41,18.2,"experimental,cinematic",False,False
CT001373,C0246,mini,Sci-Fi,2026-01-23 02:24:27,19.4,"cinematic,ai",False,False
CT001374,C0176,image,Romance,2026-04-15 11:32:08,34.6,"animation,ai",False,False
CT001375,C0074,video,Action,2026-08-01 14:58:57,50.2,experimental,False,False
CT001376,C0114,mini,Comedy,2026-01-23 23:00:55,18.0,"visual,trending",False,False
CT001377,C0110,image,Documentary,2026-04-10 19:46:17,21.0,"ai,character",False,False
CT001378,C0100,mini,Fantasy,2026-08-23 02:34:08,17.0,"trending,cinematic,viral",False,False
CT001379,C0052,mini,Action,2025-07-23 01:36:49,9.4,"cinematic,character,story",False,False
CT001380,C0467,mini,Romance,2026-05-05 11:08:19,11.0,animation,False,False
CT001381,C0037,mini,Horror,2026-04-20 17:56:40,15.9,"visual,story",False,False
CT001382,C0059,video,Animation,2025-08-26 19:12:09,149.3,ai,False,False
CT001383,C0274,mini,Romance,2025-06-07 20:23:10,23.8,ai,False,False
CT001384,C0459,mini,Fantasy,2026-03-16 10:34:12,11.9,"ai,trending,creative",True,False
CT001385,C0350,mini,Horror,2025-11-16 02:50:33,3.0,"character,cinematic,viral",False,False
CT001386,C0066,image,Mystery,2025-10-21 22:35:54,33.8,"viral,story,ai",False,False
CT001387,C0303,mini,Fantasy,2025-09-16 22:28:44,9.8,"creative,visual,character",False,False
CT001388,C0294,video,Fantasy,2026-02-04 08:16:51,27.0,"visual,trending",False,False
CT001389,C0365,cine,Animation,2025-09-23 20:39:19,86.8,"animation,character,experimental",False,False
CT001390,C0149,cine,Sci-Fi,2025-07-04 21:40:18,116.1,"viral,trending",False,True
CT001391,C0200,cine,Mystery,2025-06-19 21:57:54,203.5,visual,True,False
CT001392,C0479,image,Romance,2025-09-27 09:16:33,143.2,cinematic,False,False
CT001393,C0400,image,Animation,2026-03-09 09:53:44,73.9,viral,False,False
CT001394,C0131,mini,Action,2026-01-27 19:29:57,5.4,experimental,False,False
CT001395,C0373,mini,Documentary,2026-05-05 07:23:42,45.3,"experimental,creative",False,False
CT001396,C0429,mini,Mystery,2026-03-01 02:52:16,12.5,"character,visual,cinematic",False,False
CT001397,C0356,video,Documentary,2025-10-12 01:49:53,29.8,"visual,ai",False,False
CT001398,C0314,image,Action,2026-07-24 11:40:01,26.4,story,False,False
CT001399,C0383,mini,Drama,2026-02-23 14:29:34,16.3,"ai,cinematic,character",False,False
CT001400,C0267,mini,Drama,2026-03-10 04:23:23,6.7,"ai,cinematic,visual",True,False
CT001401,C0120,mini,Drama,2026-01-13 19:28:38,2.9,"story,ai",False,False
CT001402,C0239,video,Mystery,2025-12-10 23:18:20,74.5,"creative,viral,experimental",True,False
CT001403,C0285,cine,Horror,2026-08-27 21:00:55,68.0,"creative,character,story",True,False
CT001404,C0383,mini,Fantasy,2025-11-25 14:12:09,9.3,"visual,story,ai",False,False
CT001405,C0388,image,Fantasy,2026-06-06 10:09:44,66.0,"trending,character",False,False
CT001406,C0066,mini,Romance,2025-07-09 05:32:30,9.6,"animation,trending,viral",False,False
CT001407,C0050,cine,Fantasy,2026-08-06 09:26:23,25.6,"character,trending",False,False
CT001408,C0080,cine,Action,2026-05-12 03:53:15,23.2,experimental,False,False
CT001409,C0124,image,Fantasy,2026-06-11 21:27:48,67.9,"viral,ai",False,False
CT001410,C0138,cine,Action,2025-10-24 15:00:11,93.3,"visual,creative,cinematic",True,False
CT001411,C0244,mini,Romance,2026-03-27 21:33:31,6.7,character,False,False
CT001412,C0356,video,Action,2026-05-11 12:14:48,127.4,"story,viral,ai",False,True
CT001413,C0200,video,Romance,2025-07-03 10:50:29,61.1,"story,viral,experimental",False,False
CT001414,C0226,mini,Drama,2026-03-24 01:31:32,15.7,"visual,animation,story",True,True
CT001415,C0458,cine,Fantasy,2026-06-27 04:47:42,78.4,"story,creative,experimental",False,False
CT001416,C0377,cine,Romance,2026-06-22 15:13:39,125.5,animation,True,False
CT001417,C0374,cine,Sci-Fi,2026-05-14 00:35:41,35.3,viral,False,True
CT001418,C0376,mini,Documentary,2026-07-13 10:17:56,10.7,"animation,viral",False,False
CT001419,C0025,cine,Animation,2025-10-07 15:58:26,11.9,"character,experimental,story",True,False
CT001420,C0366,mini,Mystery,2026-04-11 04:15:11,10.7,trending,False,False
CT001421,C0231,image,Romance,2025-10-01 20:08:16,167.1,"ai,viral,creative",False,False
CT001422,C0316,image,Mystery,2026-06-29 11:20:46,40.0,"cinematic,story,ai",False,False
CT001423,C0382,mini,Animation,2026-01-26 01:24:09,10.1,"story,animation",True,False
CT001424,C0026,image,Documentary,2026-06-13 10:09:59,215.3,"animation,story",False,True
CT001425,C0330,mini,Comedy,2025-10-08 01:10:00,25.3,animation,False,False
CT001426,C0438,mini,Animation,2025-10-18 22:25:32,8.4,character,False,False
CT001427,C0269,mini,Romance,2026-08-17 14:31:28,12.7,"creative,ai",False,False
CT001428,C0329,cine,Animation,2026-07-18 07:46:37,34.1,"story,trending",True,False
CT001429,C0042,image,Comedy,2025-08-28 06:25:16,45.4,cinematic,False,False
CT001430,C0380,mini,Comedy,2025-11-24 08:53:07,22.9,trending,False,False
CT001431,C0449,video,Mystery,2025-08-09 22:34:23,33.8,"ai,cinematic",False,False
CT001432,C0177,mini,Horror,2026-03-18 03:20:35,9.0,"creative,experimental,trending",False,True
CT001433,C0203,mini,Mystery,2025-06-20 20:19:34,9.7,"character,animation,experimental",False,False
CT001434,C0255,cine,Comedy,2025-06-12 19:54:51,70.0,"story,visual,viral",False,False
CT001435,C0076,cine,Drama,2026-02-07 23:33:21,17.0,"visual,creative",False,False
CT001436,C0046,cine,Horror,2026-07-14 04:50:20,73.5,creative,False,False
CT001437,C0043,mini,Sci-Fi,2026-05-04 14:09:28,12.4,"ai,visual,viral",False,False
CT001438,C0082,mini,Horror,2026-04-14 05:44:55,11.5,"cinematic,animation",False,False
CT001439,C0392,image,Sci-Fi,2026-02-23 08:55:21,56.2,"animation,cinematic",False,False
CT001440,C0307,mini,Sci-Fi,2025-08-22 11:16:48,8.3,"trending,animation",True,False
CT001441,C0302,video,Sci-Fi,2025-09-03 23:22:26,65.7,"viral,trending",False,True
CT001442,C0041,mini,Drama,2026-03-09 09:51:21,9.5,"animation,experimental",False,False
CT001443,C0126,mini,Action,2026-07-27 01:59:46,9.0,"story,visual",False,False
CT001444,C0463,video,Drama,2025-06-22 18:14:00,58.4,character,False,False
CT001445,C0266,mini,Sci-Fi,2025-11-20 23:01:33,18.6,"trending,viral",False,True
CT001446,C0041,mini,Mystery,2025-08-25 23:12:30,23.3,visual,True,False
CT001447,C0466,image,Sci-Fi,2025-08-04 04:55:47,23.2,cinematic,False,False
CT001448,C0283,mini,Action,2025-11-09 04:11:24,4.5,creative,True,False
CT001449,C0242,mini,Horror,2025-08-27 02:54:45,8.0,"viral,experimental",False,False
CT001450,C0297,cine,Fantasy,2025-09-20 20:14:49,66.2,"character,creative",False,False
CT001451,C0192,image,Animation,2025-12-17 19:47:04,42.2,visual,False,True
CT001452,C0339,cine,Sci-Fi,2026-05-05 22:43:53,17.3,experimental,False,False
CT001453,C0156,image,Sci-Fi,2026-02-04 05:38:59,30.1,"cinematic,visual",False,False
CT001454,C0179,video,Fantasy,2026-02-03 20:17:09,32.4,"viral,experimental,visual",False,False
CT001455,C0092,image,Sci-Fi,2026-03-02 06:15:19,98.2,"animation,story",False,False
CT001456,C0097,mini,Drama,2025-09-11 18:16:53,7.9,"cinematic,experimental",False,False
CT001457,C0447,image,Fantasy,2025-07-04 09:30:28,67.9,creative,False,False
CT001458,C0105,image,Sci-Fi,2025-06-13 20:25:14,42.8,"viral,creative,experimental",False,False
CT001459,C0086,mini,Fantasy,2026-07-01 13:51:38,17.2,"creative,viral,cinematic",False,True
CT001460,C0238,image,Comedy,2026-07-05 12:35:30,84.8,animation,False,True
CT001461,C0030,cine,Sci-Fi,2025-11-01 09:53:38,12.8,"animation,creative,viral",False,False
CT001462,C0204,mini,Comedy,2026-05-24 12:53:12,15.8,character,False,False
CT001463,C0069,image,Animation,2025-09-27 06:50:20,48.7,"ai,story",False,False
CT001464,C0130,mini,Sci-Fi,2025-10-18 01:59:59,17.6,viral,False,True
CT001465,C0093,mini,Mystery,2026-04-10 12:44:35,9.4,character,False,True
CT001466,C0434,cine,Romance,2026-07-28 20:55:43,22.1,ai,False,False
CT001467,C0212,cine,Comedy,2026-03-07 18:48:36,39.4,"cinematic,ai,story",False,True
CT001468,C0001,image,Sci-Fi,2026-08-12 11:48:10,14.2,trending,False,False
CT001469,C0455,video,Sci-Fi,2026-08-27 17:25:45,31.8,"cinematic,creative",False,False
CT001470,C0498,image,Animation,2025-06-14 11:41:15,60.3,ai,False,False
CT001471,C0069,video,Sci-Fi,2025-12-05 02:54:21,57.3,"animation,visual,cinematic",True,False
CT001472,C0052,mini,Romance,2026-01-02 00:25:09,19.4,experimental,False,False
CT001473,C0070,mini,Fantasy,2025-08-23 13:27:58,12.4,"animation,trending",False,False
CT001474,C0133,image,Horror,2025-09-06 06:40:42,59.0,experimental,False,False
CT001475,C0219,cine,Documentary,2026-08-18 13:56:09,87.4,"character,animation",False,False
CT001476,C0395,video,Documentary,2025-08-21 16:53:23,35.2,"experimental,cinematic,creative",True,False
CT001477,C0448,image,Romance,2026-01-06 19:11:29,49.1,"viral,story",False,False
CT001478,C0428,mini,Comedy,2026-01-06 14:13:55,8.0,"character,viral",False,False
CT001479,C0463,image,Drama,2026-03-29 15:44:38,23.3,"experimental,cinematic",False,True
CT001480,C0031,mini,Drama,2026-02-05 18:18:51,46.5,"visual,viral,character",False,False
CT001481,C0468,mini,Comedy,2025-06-20 07:05:48,28.1,"visual,trending",False,True
CT001482,C0325,image,Action,2025-12-23 13:57:25,63.0,"animation,creative",False,False
CT001483,C0065,image,Sci-Fi,2025-11-01 03:56:09,43.5,"character,trending",False,False
CT001484,C0494,mini,Mystery,2025-07-29 13:35:58,9.3,"cinematic,experimental",False,False
CT001485,C0353,image,Sci-Fi,2026-08-25 04:11:18,128.3,animation,False,True
CT001486,C0377,video,Action,2026-02-02 09:28:07,3.6,"experimental,ai,story",True,True
CT001487,C0324,mini,Action,2026-08-14 18:09:05,8.5,story,False,False
CT001488,C0392,mini,Action,2026-07-23 13:43:40,17.4,character,False,False
CT001489,C0016,mini,Action,2026-08-23 18:33:10,13.1,cinematic,False,False
CT001490,C0274,cine,Horror,2025-09-17 01:02:23,305.6,"trending,cinematic",False,True
CT001491,C0337,mini,Sci-Fi,2026-06-11 17:06:01,13.8,"ai,visual",True,False
CT001492,C0429,cine,Action,2025-06-19 09:21:03,11.2,"character,visual",False,False
CT001493,C0343,mini,Comedy,2026-01-15 05:34:00,11.2,cinematic,False,False
CT001494,C0125,mini,Comedy,2026-07-02 02:40:36,14.8,"story,cinematic",True,False
CT001495,C0325,mini,Documentary,2026-02-16 20:10:45,14.0,animation,True,True
CT001496,C0123,video,Sci-Fi,2025-08-31 23:31:21,42.9,"visual,experimental",False,False
CT001497,C0112,mini,Romance,2025-07-05 03:11:19,9.5,"character,creative,animation",False,False
CT001498,C0307,mini,Drama,2025-12-27 01:32:34,8.7,"character,creative",False,True
CT001499,C0166,mini,Sci-Fi,2026-05-28 17:35:54,5.3,"animation,story",False,False
CT001500,C0167,video,Mystery,2026-07-25 11:41:25,149.5,"character,cinematic,experimental",True,False
CT001501,C0275,mini,Action,2026-05-08 13:50:02,18.0,trending,False,False
CT001502,C0098,image,Horror,2025-12-19 17:35:20,35.8,"visual,experimental,viral",True,True
CT001503,C0070,mini,Documentary,2026-04-19 23:36:20,6.5,"ai,trending",True,False
CT001504,C0217,mini,Drama,2026-05-24 11:41:31,20.0,"experimental,story",False,False
CT001505,C0078,cine,Drama,2025-11-22 10:48:13,85.0,animation,False,False
CT001506,C0368,image,Fantasy,2025-09-29 05:45:17,52.7,"trending,creative",True,False
CT001507,C0352,image,Animation,2025-09-30 05:27:04,71.6,"experimental,character,viral",False,False
CT001508,C0472,mini,Mystery,2026-05-07 01:32:38,11.3,"ai,cinematic",False,True
CT001509,C0083,video,Documentary,2026-06-05 07:44:58,162.3,"creative,animation,trending",False,False
CT001510,C0372,cine,Fantasy,2025-08-28 15:02:00,41.6,"story,visual,viral",False,False
CT001511,C0009,cine,Drama,2026-08-19 09:20:18,56.7,creative,False,False
CT001512,C0301,video,Mystery,2025-06-09 15:11:40,163.4,creative,False,False
CT001513,C0091,mini,Mystery,2025-12-11 02:36:30,13.8,"ai,visual",False,False
CT001514,C0363,image,Comedy,2026-01-07 03:05:31,51.3,"character,experimental,viral",False,False
CT001515,C0041,cine,Horror,2025-06-26 07:33:20,346.4,"visual,character,story",False,False
CT001516,C0022,mini,Romance,2026-04-27 08:37:20,25.4,"ai,visual,character",False,False
CT001517,C0142,mini,Sci-Fi,2026-07-16 17:33:20,10.9,"cinematic,experimental,ai",False,False
CT001518,C0176,video,Drama,2025-09-17 08:03:33,36.9,"ai,cinematic,creative",False,False
CT001519,C0380,video,Animation,2026-04-11 09:16:14,39.7,"trending,creative,character",False,False
CT001520,C0096,video,Animation,2026-08-08 18:35:14,13.4,creative,False,True
CT001521,C0394,image,Sci-Fi,2026-04-03 04:02:34,83.8,"creative,viral,character",False,True
CT001522,C0246,cine,Romance,2025-12-23 23:55:45,90.2,"experimental,ai,cinematic",True,False
CT001523,C0036,mini,Comedy,2026-08-05 13:57:30,9.7,creative,False,False
CT001524,C0475,cine,Animation,2025-12-01 02:25:41,75.3,"character,animation,trending",False,False
CT001525,C0285,cine,Action,2026-04-02 17:54:45,100.7,character,False,False
CT001526,C0425,mini,Action,2026-05-18 03:41:24,8.8,experimental,True,False
CT001527,C0047,image,Romance,2026-03-09 14:01:25,57.3,viral,False,False
CT001528,C0219,mini,Drama,2025-10-22 06:32:41,13.5,"creative,ai",False,False
CT001529,C0094,cine,Fantasy,2026-04-20 19:27:13,44.8,"character,story,visual",False,False
CT001530,C0255,image,Animation,2025-10-20 06:38:39,20.8,"experimental,animation,cinematic",False,False
CT001531,C0393,image,Documentary,2026-01-07 16:17:02,116.4,"animation,visual",False,False
CT001532,C0425,cine,Horror,2026-02-04 13:50:14,60.6,"trending,creative,story",False,False
CT001533,C0483,mini,Fantasy,2025-10-09 20:46:34,10.2,"viral,character",False,False
CT001534,C0130,cine,Romance,2026-05-16 19:05:15,41.1,"character,experimental,animation",False,False
CT001535,C0133,mini,Sci-Fi,2025-09-23 19:33:52,15.2,"trending,ai,viral",False,False
CT001536,C0385,mini,Mystery,2025-08-13 09:16:55,10.0,"character,trending",False,False
CT001537,C0387,image,Action,2026-04-28 04:01:36,150.2,"story,visual",False,False
CT001538,C0165,mini,Mystery,2026-07-07 07:54:51,11.0,"creative,character",False,False
CT001539,C0171,mini,Animation,2025-09-19 15:06:49,16.3,"story,viral",False,False
CT001540,C0101,mini,Documentary,2026-01-23 03:45:07,6.3,"character,cinematic",False,False
CT001541,C0393,video,Horror,2026-07-30 14:34:02,23.9,"character,visual,creative",True,True
CT001542,C0057,image,Mystery,2025-11-16 16:35:53,76.3,"ai,trending,viral",False,False
CT001543,C0283,image,Horror,2025-12-01 18:25:12,45.2,"story,viral,cinematic",True,False
CT001544,C0192,image,Drama,2026-04-15 07:46:46,86.5,experimental,False,False
CT001545,C0271,mini,Mystery,2026-03-16 21:46:37,15.0,animation,False,False
CT001546,C0453,mini,Drama,2025-07-28 19:09:20,21.7,"cinematic,character,creative",False,True
CT001547,C0406,mini,Drama,2025-06-20 12:23:47,7.1,"animation,ai,creative",False,False
CT001548,C0448,cine,Romance,2025-11-14 01:19:39,11.4,"visual,ai,experimental",False,False
CT001549,C0347,mini,Romance,2025-12-22 17:11:43,8.8,"trending,story",True,False
CT001550,C0214,video,Romance,2026-03-07 12:41:58,205.7,"story,character,animation",False,False
CT001551,C0484,mini,Action,2025-11-30 04:47:45,5.5,"animation,story,ai",True,False
CT001552,C0272,mini,Horror,2025-07-31 04:23:16,12.7,"animation,creative,trending",False,False
CT001553,C0180,cine,Mystery,2026-05-11 02:58:38,38.2,"animation,cinematic",False,False
CT001554,C0427,mini,Documentary,2025-12-14 22:57:33,22.9,"viral,story",False,False
CT001555,C0472,mini,Animation,2025-06-26 06:30:55,7.2,animation,False,False
CT001556,C0237,video,Drama,2026-02-28 05:30:38,31.4,"creative,animation",False,False
CT001557,C0415,mini,Sci-Fi,2025-12-01 11:20:41,8.4,viral,False,False
CT001558,C0245,image,Fantasy,2026-01-31 06:46:30,30.1,"cinematic,visual",False,True
CT001559,C0247,image,Animation,2026-06-27 07:24:51,44.8,"viral,cinematic,visual",False,True
CT001560,C0261,mini,Sci-Fi,2025-08-27 05:44:02,12.3,"viral,story",False,False
CT001561,C0251,mini,Action,2026-04-01 20:03:00,10.5,viral,False,True
CT001562,C0440,cine,Horror,2025-07-25 01:12:31,80.2,"visual,character,experimental",False,False
CT001563,C0450,video,Animation,2026-05-21 12:08:19,246.5,"trending,experimental,viral",False,False
CT001564,C0400,image,Documentary,2025-11-14 16:46:38,49.1,"cinematic,ai",False,True
CT001565,C0292,mini,Fantasy,2026-05-15 01:11:52,14.8,"viral,visual,creative",False,False
CT001566,C0062,mini,Horror,2025-06-19 16:50:19,15.3,"character,animation",True,False
CT001567,C0169,cine,Mystery,2026-03-29 20:20:09,53.6,"character,visual,animation",False,True
CT001568,C0069,cine,Drama,2025-09-23 10:18:31,58.4,cinematic,False,False
CT001569,C0025,mini,Animation,2025-11-26 10:21:09,8.0,"character,creative,cinematic",False,True
CT001570,C0311,cine,Animation,2025-09-15 14:55:32,34.0,"animation,creative,character",False,False
CT001571,C0151,video,Documentary,2025-11-30 02:57:35,62.8,"cinematic,story,experimental",True,False
CT001572,C0040,video,Fantasy,2026-05-27 20:22:00,30.9,"creative,story",False,False
CT001573,C0112,image,Documentary,2025-06-24 08:08:12,43.7,"viral,visual,trending",False,False
CT001574,C0037,video,Fantasy,2026-03-02 14:18:06,245.4,creative,True,False
CT001575,C0063,mini,Fantasy,2025-08-28 22:04:17,11.2,"animation,creative,story",False,False
CT001576,C0247,mini,Sci-Fi,2025-11-28 23:50:13,8.7,"trending,visual,viral",False,True
CT001577,C0332,cine,Animation,2026-02-10 11:42:37,8.6,"experimental,story",False,False
CT001578,C0392,image,Sci-Fi,2025-07-15 00:59:46,74.3,"ai,cinematic,viral",False,True
CT001579,C0198,image,Animation,2026-07-14 03:44:56,217.7,"trending,ai,story",True,True
CT001580,C0371,video,Comedy,2026-04-07 13:58:52,30.1,character,False,False
CT001581,C0051,cine,Action,2026-03-07 04:13:46,116.6,"viral,creative",False,False
CT001582,C0065,mini,Action,2026-07-30 03:07:57,5.6,"story,animation",False,True
CT001583,C0162,mini,Drama,2025-11-24 11:51:07,9.9,experimental,False,True
CT001584,C0308,cine,Mystery,2025-08-03 23:36:30,40.2,trending,False,False
CT001585,C0071,image,Comedy,2026-06-15 08:41:18,33.8,"cinematic,visual,creative",True,False
CT001586,C0001,cine,Fantasy,2026-03-17 11:05:31,59.2,"trending,character",False,False
CT001587,C0297,mini,Action,2025-12-22 15:20:16,19.1,character,False,False
CT001588,C0197,mini,Fantasy,2025-07-09 17:48:39,6.1,"experimental,story,ai",False,False
CT001589,C0206,mini,Comedy,2025-09-27 12:08:31,11.7,"ai,character",False,False
CT001590,C0209,cine,Romance,2026-02-21 22:37:00,124.1,"viral,ai,trending",False,False
CT001591,C0460,mini,Mystery,2025-07-07 12:19:01,16.2,"cinematic,experimental",True,False
CT001592,C0061,video,Animation,2026-02-06 00:34:33,61.8,creative,True,False
CT001593,C0305,image,Action,2026-06-13 19:39:31,51.7,"story,character,visual",False,False
CT001594,C0384,image,Romance,2025-12-22 22:20:30,82.3,viral,False,False
CT001595,C0382,mini,Drama,2026-03-08 21:15:27,11.4,"character,viral,story",False,False
CT001596,C0042,mini,Documentary,2025-09-07 17:10:42,10.5,"visual,character,trending",False,False
CT001597,C0168,mini,Fantasy,2026-02-20 20:29:56,12.3,"animation,visual",False,False
CT001598,C0477,mini,Sci-Fi,2025-08-23 07:49:49,15.0,visual,True,False
CT001599,C0376,mini,Sci-Fi,2026-04-25 15:00:50,12.2,"character,experimental",False,False
CT001600,C0460,mini,Action,2026-01-29 18:27:00,14.0,experimental,False,False
CT001601,C0367,video,Comedy,2026-03-03 21:33:42,32.2,story,True,True
CT001602,C0036,video,Fantasy,2025-10-25 02:50:05,26.4,"visual,character,experimental",False,False
CT001603,C0496,video,Sci-Fi,2025-11-07 20:09:50,82.9,story,True,False
CT001604,C0418,mini,Action,2026-03-28 13:31:03,20.4,"visual,animation",False,False
CT001605,C0325,cine,Romance,2026-03-09 14:48:39,144.5,ai,False,False
CT001606,C0001,mini,Romance,2026-04-12 09:54:20,17.1,trending,False,False
CT001607,C0450,cine,Animation,2025-08-03 20:37:12,65.7,"cinematic,experimental,trending",False,True
CT001608,C0439,cine,Romance,2025-08-25 16:41:52,167.3,"experimental,character",False,True
CT001609,C0430,mini,Documentary,2025-10-14 01:20:07,19.3,"cinematic,story",False,False
CT001610,C0150,mini,Romance,2025-11-24 12:20:43,6.7,animation,False,False
CT001611,C0457,mini,Action,2026-02-01 00:21:32,8.6,visual,False,False
CT001612,C0004,mini,Drama,2026-01-24 04:11:21,35.6,creative,False,False
CT001613,C0279,mini,Romance,2025-07-02 12:46:00,15.7,animation,False,False
CT001614,C0385,mini,Sci-Fi,2025-06-17 02:03:01,13.2,"ai,viral,cinematic",False,False
CT001615,C0112,video,Comedy,2026-06-10 17:35:57,131.9,"viral,trending,story",True,True
CT001616,C0484,mini,Mystery,2026-02-20 11:08:51,8.7,"experimental,animation,creative",False,False
CT001617,C0286,mini,Documentary,2025-06-21 08:31:46,18.5,experimental,False,True
CT001618,C0082,video,Horror,2026-06-25 00:34:09,30.2,"viral,animation,visual",False,False
CT001619,C0456,video,Drama,2025-11-17 19:10:39,23.8,creative,False,False
CT001620,C0065,mini,Action,2026-03-29 23:35:51,6.1,"animation,visual,viral",False,False
CT001621,C0486,image,Animation,2025-12-25 04:53:55,71.3,experimental,False,False
CT001622,C0486,mini,Fantasy,2025-08-27 14:17:32,5.5,experimental,False,False
CT001623,C0472,cine,Animation,2026-04-07 09:39:19,95.1,"character,ai",False,False
CT001624,C0160,video,Fantasy,2025-11-13 16:16:06,43.1,visual,False,False
CT001625,C0212,cine,Fantasy,2025-08-10 14:53:26,119.8,creative,False,False
CT001626,C0380,mini,Horror,2025-09-10 11:29:48,16.8,"cinematic,story",True,False
CT001627,C0403,cine,Action,2026-06-10 13:03:06,418.4,"viral,ai,cinematic",False,False
CT001628,C0110,image,Drama,2026-01-24 06:00:11,115.8,"animation,trending",True,False
CT001629,C0240,video,Mystery,2025-12-12 07:21:32,13.3,creative,True,False
CT001630,C0191,mini,Horror,2026-05-23 06:51:59,11.6,experimental,False,False
CT001631,C0347,mini,Action,2025-09-23 12:35:07,11.8,"ai,creative",False,True
CT001632,C0387,image,Romance,2025-08-08 16:04:29,240.7,ai,False,False
CT001633,C0207,mini,Horror,2025-07-15 20:11:13,7.1,"animation,visual",False,True
CT001634,C0441,mini,Comedy,2025-07-17 11:33:48,10.0,"cinematic,story",True,False
CT001635,C0152,mini,Horror,2026-07-27 22:37:38,33.7,"character,creative,ai",False,True
CT001636,C0379,mini,Drama,2026-07-16 20:14:51,15.5,story,True,False
CT001637,C0218,mini,Sci-Fi,2025-12-01 22:38:08,22.8,visual,True,False
CT001638,C0057,image,Animation,2026-01-02 08:55:23,96.5,"cinematic,animation",False,False
CT001639,C0154,mini,Comedy,2025-11-21 21:19:22,8.4,cinematic,False,False
CT001640,C0420,mini,Fantasy,2026-02-06 00:11:33,10.5,"viral,story,cinematic",False,False
CT001641,C0202,image,Documentary,2025-08-22 04:35:17,72.5,"animation,viral,cinematic",False,False
CT001642,C0395,cine,Action,2026-03-28 16:51:37,29.1,"viral,character",True,False
CT001643,C0334,image,Drama,2026-01-17 21:21:58,64.2,"ai,creative,character",True,False
CT001644,C0207,video,Animation,2026-07-22 12:22:31,187.0,"ai,trending",False,False
CT001645,C0101,mini,Sci-Fi,2025-10-24 20:48:27,17.9,trending,False,False
CT001646,C0360,video,Drama,2026-05-14 03:04:12,79.7,"trending,creative,visual",False,False
CT001647,C0333,video,Drama,2025-08-15 15:51:47,76.4,"creative,character,cinematic",False,False
CT001648,C0159,mini,Horror,2025-07-13 04:16:43,15.5,"ai,story",False,False
CT001649,C0037,image,Horror,2026-05-10 07:24:41,17.2,"creative,cinematic,animation",True,True
CT001650,C0195,cine,Horror,2026-07-11 01:15:58,72.3,"story,visual",False,False
CT001651,C0001,image,Drama,2026-07-15 14:37:11,152.6,"cinematic,creative",False,False
CT001652,C0386,image,Drama,2025-06-27 18:47:43,83.8,"animation,experimental",False,False
CT001653,C0117,video,Fantasy,2025-11-08 15:30:29,21.5,story,False,False
CT001654,C0195,mini,Fantasy,2026-01-02 19:04:21,19.2,creative,False,False
CT001655,C0102,image,Drama,2025-10-09 15:24:10,106.9,"trending,experimental,story",False,False
CT001656,C0451,mini,Action,2025-10-15 03:06:28,7.0,"cinematic,visual",False,True
CT001657,C0418,video,Documentary,2025-11-18 06:19:39,85.3,"cinematic,creative",False,True
CT001658,C0463,mini,Mystery,2025-06-12 06:55:54,8.8,"animation,creative,trending",False,False
CT001659,C0379,mini,Comedy,2026-07-27 17:23:31,16.0,"viral,trending",False,False
CT001660,C0062,image,Romance,2025-10-16 04:37:38,48.6,"viral,cinematic,ai",False,False
CT001661,C0328,cine,Drama,2026-02-22 02:59:08,111.3,ai,False,False
CT001662,C0228,image,Fantasy,2026-05-27 01:22:51,30.6,"creative,character",True,False
CT001663,C0352,mini,Animation,2025-08-15 15:44:19,9.6,"animation,trending,character",False,False
CT001664,C0347,cine,Fantasy,2025-09-02 23:59:10,91.3,"story,experimental",False,False
CT001665,C0327,image,Sci-Fi,2026-03-16 09:55:07,72.1,viral,False,False
CT001666,C0314,video,Documentary,2026-08-28 04:33:05,154.2,"character,cinematic",False,False
CT001667,C0415,cine,Documentary,2025-11-30 23:21:32,104.6,"creative,viral",True,False
CT001668,C0436,image,Romance,2026-07-21 15:16:59,37.6,"visual,animation,character",False,False
CT001669,C0263,cine,Romance,2025-06-08 22:31:24,163.5,"experimental,character",False,False
CT001670,C0001,video,Animation,2026-05-03 00:56:40,68.5,story,False,True
CT001671,C0009,image,Romance,2026-08-17 06:54:52,90.8,"story,cinematic,experimental",True,False
CT001672,C0017,mini,Animation,2026-05-07 02:04:53,9.2,ai,False,False
CT001673,C0428,cine,Sci-Fi,2025-07-23 09:25:22,79.4,animation,False,False
CT001674,C0222,mini,Mystery,2025-06-06 02:39:35,10.1,"ai,visual",False,False
CT001675,C0233,video,Fantasy,2025-12-06 13:18:24,12.6,"creative,viral",False,True
CT001676,C0144,mini,Animation,2026-02-10 20:19:11,13.8,cinematic,False,False
CT001677,C0463,mini,Documentary,2026-03-27 21:11:46,6.1,"creative,character",False,False
CT001678,C0120,cine,Fantasy,2026-07-29 04:26:17,37.6,"animation,story",False,False
CT001679,C0445,image,Comedy,2026-02-23 05:26:22,36.0,"viral,character",False,False
CT001680,C0332,image,Comedy,2025-10-01 03:35:00,199.2,"experimental,viral",False,True
CT001681,C0195,mini,Horror,2025-06-02 22:09:52,5.0,"viral,trending,creative",True,False
CT001682,C0331,mini,Sci-Fi,2026-07-31 03:00:26,7.5,character,True,False
CT001683,C0465,mini,Romance,2026-03-05 04:41:54,14.2,"visual,creative,ai",False,False
CT001684,C0036,cine,Mystery,2026-04-06 10:42:27,94.9,character,True,True
CT001685,C0030,video,Fantasy,2026-04-28 15:15:31,65.3,"character,viral,trending",False,False
CT001686,C0086,video,Documentary,2026-05-31 20:28:38,63.8,"ai,cinematic,viral",False,False
CT001687,C0332,cine,Animation,2026-06-23 06:59:00,159.7,"visual,creative",False,False
CT001688,C0263,mini,Horror,2026-07-02 13:28:28,23.3,ai,False,False
CT001689,C0333,mini,Romance,2025-08-23 21:04:18,6.6,"story,trending,visual",False,False
CT001690,C0195,image,Sci-Fi,2025-10-14 02:08:30,88.1,"viral,story",True,True
CT001691,C0419,image,Mystery,2025-06-17 18:15:16,70.5,viral,True,False
CT001692,C0230,mini,Fantasy,2025-07-26 11:55:24,13.2,"creative,character",False,False
CT001693,C0236,mini,Sci-Fi,2026-08-05 15:17:38,10.9,"visual,ai,animation",True,False
CT001694,C0237,cine,Animation,2025-12-10 22:08:30,24.3,experimental,False,True
CT001695,C0121,cine,Sci-Fi,2026-04-07 06:36:54,57.7,experimental,True,False
CT001696,C0486,video,Fantasy,2026-02-13 16:10:39,67.9,cinematic,True,False
CT001697,C0026,mini,Comedy,2025-12-25 11:07:03,6.2,"animation,cinematic,experimental",False,False
CT001698,C0012,image,Romance,2025-08-14 01:21:52,34.9,"story,visual,ai",False,False
CT001699,C0231,video,Drama,2026-04-27 14:57:21,44.9,creative,False,False
CT001700,C0342,mini,Documentary,2026-05-09 21:31:56,7.4,"creative,character",False,False
CT001701,C0218,mini,Mystery,2025-08-11 15:05:10,14.9,"ai,cinematic,story",False,False
CT001702,C0397,mini,Horror,2025-10-25 11:11:05,14.0,ai,True,False
CT001703,C0179,image,Romance,2026-08-12 00:42:31,36.3,"viral,cinematic",False,False
CT001704,C0116,mini,Romance,2026-06-25 13:39:38,14.6,"viral,trending,animation",False,False
CT001705,C0315,video,Comedy,2026-03-26 08:02:58,117.9,trending,False,True
CT001706,C0123,image,Horror,2026-08-12 11:40:40,48.5,"animation,experimental",False,False
CT001707,C0266,image,Comedy,2026-07-05 21:21:56,89.6,"viral,trending",False,False
CT001708,C0315,image,Mystery,2026-03-08 09:01:18,50.6,trending,False,False
CT001709,C0061,mini,Romance,2026-02-09 20:36:58,12.9,"visual,trending",False,False
CT001710,C0115,image,Horror,2026-03-23 20:48:44,75.0,"animation,story",True,False
CT001711,C0025,cine,Comedy,2026-06-01 04:00:25,68.2,"cinematic,experimental",False,False
CT001712,C0106,mini,Sci-Fi,2026-08-12 23:28:52,12.8,"story,viral",False,False
CT001713,C0441,mini,Fantasy,2025-10-28 10:04:25,11.9,"ai,visual",False,True
CT001714,C0005,mini,Drama,2025-10-15 20:46:23,28.6,"visual,experimental",False,False
CT001715,C0367,cine,Action,2025-07-31 16:23:03,16.3,"viral,animation",False,False
CT001716,C0090,mini,Mystery,2025-06-05 17:26:25,19.2,"experimental,cinematic,visual",False,False
CT001717,C0231,cine,Action,2025-11-09 08:12:48,75.3,"story,ai,trending",False,False
CT001718,C0003,video,Sci-Fi,2025-09-22 19:30:43,42.6,creative,False,True
CT001719,C0249,mini,Fantasy,2026-07-14 23:56:34,14.2,creative,False,False
CT001720,C0464,mini,Romance,2026-01-09 09:58:42,15.1,animation,True,False
CT001721,C0060,cine,Romance,2026-04-15 07:54:49,126.7,cinematic,True,False
CT001722,C0155,cine,Fantasy,2025-09-03 16:35:47,17.9,cinematic,False,False
CT001723,C0133,video,Romance,2025-12-26 01:06:28,29.7,"experimental,animation",False,False
CT001724,C0352,cine,Sci-Fi,2026-06-05 00:12:57,28.1,"cinematic,character,ai",False,False
CT001725,C0414,mini,Action,2025-09-16 06:09:29,15.0,"experimental,trending",True,False
CT001726,C0135,mini,Mystery,2025-11-27 11:01:22,19.3,trending,False,True
CT001727,C0066,mini,Fantasy,2026-02-28 17:00:02,8.8,"trending,creative,animation",False,False
CT001728,C0439,image,Comedy,2025-08-31 14:17:22,73.1,"animation,character",False,False
CT001729,C0055,mini,Animation,2026-02-26 08:43:58,12.7,"experimental,story,character",False,False
CT001730,C0428,image,Animation,2026-03-08 06:42:29,21.8,viral,False,False
CT001731,C0276,cine,Romance,2026-01-29 02:23:29,58.6,"visual,ai",True,False
CT001732,C0391,image,Mystery,2025-08-15 13:59:11,59.8,trending,True,False
CT001733,C0418,mini,Horror,2026-05-03 10:31:27,24.9,"trending,animation",False,False
CT001734,C0346,mini,Action,2026-06-17 23:56:07,6.2,visual,False,True
CT001735,C0186,mini,Horror,2025-09-19 17:20:54,5.8,trending,False,False
CT001736,C0162,mini,Mystery,2025-07-21 02:57:39,10.3,"cinematic,character",False,False
CT001737,C0320,cine,Horror,2026-01-20 00:15:56,24.4,character,False,False
CT001738,C0251,image,Sci-Fi,2025-08-19 11:10:59,57.3,viral,False,False
CT001739,C0446,video,Documentary,2025-10-19 15:11:48,86.8,"visual,story,animation",False,False
CT001740,C0382,cine,Horror,2026-03-27 14:52:17,82.9,viral,False,False
CT001741,C0439,mini,Action,2025-09-02 18:05:32,19.4,"creative,experimental,story",False,False
CT001742,C0194,mini,Horror,2025-11-15 03:11:15,5.3,"cinematic,animation",False,True
CT001743,C0234,video,Comedy,2025-10-30 17:57:36,17.6,cinematic,False,False
CT001744,C0438,mini,Comedy,2026-04-23 04:38:22,10.7,"cinematic,character",True,False
CT001745,C0148,mini,Fantasy,2026-06-02 03:27:38,7.0,"experimental,animation,story",False,True
CT001746,C0413,video,Fantasy,2026-07-03 14:35:00,30.5,"experimental,cinematic,viral",False,False
CT001747,C0279,mini,Drama,2025-07-22 22:23:11,8.8,trending,False,False
CT001748,C0207,image,Animation,2026-05-18 02:19:31,38.7,"trending,visual",False,False
CT001749,C0457,mini,Sci-Fi,2025-10-04 14:52:00,18.8,"viral,ai,creative",False,True
CT001750,C0133,image,Action,2026-07-13 22:28:19,53.8,animation,False,False
CT001751,C0335,mini,Action,2026-01-30 01:25:35,10.2,"animation,character,visual",False,False
CT001752,C0178,video,Action,2026-07-26 06:38:32,66.5,"character,visual",True,False
CT001753,C0475,mini,Action,2025-11-30 20:11:49,24.0,trending,False,False
CT001754,C0269,mini,Documentary,2025-10-25 04:57:36,7.6,animation,False,False
CT001755,C0290,image,Drama,2026-06-13 10:04:50,37.4,"creative,cinematic",False,False
CT001756,C0159,cine,Action,2025-11-10 14:29:56,63.5,"ai,experimental,cinematic",False,False
CT001757,C0011,mini,Documentary,2026-05-22 08:01:11,7.7,experimental,True,False
CT001758,C0494,mini,Action,2025-06-24 09:21:44,5.7,"character,ai",False,False
CT001759,C0226,cine,Mystery,2026-04-06 03:08:40,33.7,"character,experimental",True,False
CT001760,C0331,video,Documentary,2026-07-20 00:53:48,55.9,"story,trending,visual",False,False
CT001761,C0446,image,Horror,2025-10-07 19:39:23,39.0,"experimental,creative,ai",False,False
CT001762,C0177,cine,Animation,2026-08-24 13:35:26,182.0,"cinematic,animation",True,True
CT001763,C0018,mini,Horror,2025-06-10 16:13:08,53.3,"trending,ai",False,False
CT001764,C0387,cine,Mystery,2025-07-28 06:13:24,24.2,character,True,False
CT001765,C0305,video,Fantasy,2025-10-22 03:22:39,234.9,"viral,character",False,False
CT001766,C0318,mini,Mystery,2025-10-22 00:00:36,8.3,character,True,False
CT001767,C0188,mini,Documentary,2026-03-02 00:52:11,11.1,"trending,story",False,False
CT001768,C0455,mini,Comedy,2026-07-01 14:29:37,17.6,"viral,cinematic",False,False
CT001769,C0196,cine,Sci-Fi,2025-07-17 06:14:29,67.7,viral,False,False
CT001770,C0018,image,Romance,2026-05-08 09:32:53,51.6,trending,False,False
CT001771,C0284,cine,Action,2026-06-11 13:17:02,17.8,"animation,creative,trending",False,False
CT001772,C0388,image,Drama,2026-02-21 04:21:23,11.0,"animation,story",False,False
CT001773,C0206,image,Action,2026-08-24 21:18:46,128.3,"animation,creative,trending",False,False
CT001774,C0221,video,Romance,2025-07-15 01:11:49,67.3,"experimental,visual",False,False
CT001775,C0459,cine,Drama,2026-05-03 07:51:51,47.4,trending,False,False
CT001776,C0290,mini,Horror,2025-12-08 05:05:36,15.4,"character,animation",True,False
CT001777,C0151,cine,Fantasy,2025-12-07 01:31:11,67.7,"animation,ai",True,True
CT001778,C0181,image,Romance,2026-03-01 15:58:35,85.1,cinematic,False,True
CT001779,C0379,mini,Action,2026-05-30 12:45:28,14.6,"cinematic,ai",False,False
CT001780,C0375,mini,Mystery,2026-01-06 15:20:38,15.6,"creative,visual,animation",False,False
CT001781,C0047,image,Drama,2025-10-03 07:17:49,78.9,animation,False,False
CT001782,C0391,mini,Fantasy,2025-09-30 09:18:22,16.8,"viral,animation",True,False
CT001783,C0167,image,Sci-Fi,2026-08-10 01:46:49,11.5,"story,animation",True,True
CT001784,C0067,image,Documentary,2025-12-06 22:58:15,31.9,story,False,False
CT001785,C0078,video,Mystery,2025-11-15 04:10:15,21.9,animation,False,False
CT001786,C0440,image,Animation,2026-02-13 23:15:22,125.2,"animation,story,character",True,False
CT001787,C0111,mini,Horror,2026-04-11 14:11:43,6.5,"cinematic,viral",False,False
CT001788,C0254,cine,Mystery,2025-06-17 22:36:52,27.2,"cinematic,viral",False,False
CT001789,C0274,mini,Animation,2025-06-09 15:01:06,13.6,visual,False,False
CT001790,C0246,mini,Comedy,2026-02-17 11:25:03,27.7,creative,False,True
CT001791,C0171,image,Drama,2026-03-15 14:35:12,101.0,"ai,viral,character",True,False
CT001792,C0013,cine,Mystery,2026-01-10 23:52:55,31.1,"cinematic,story,animation",False,False
CT001793,C0027,image,Sci-Fi,2025-10-13 23:44:04,39.8,"story,visual",False,False
CT001794,C0240,image,Animation,2026-05-24 02:29:25,48.3,animation,False,False
CT001795,C0428,image,Fantasy,2025-07-17 13:39:40,144.6,"ai,viral",False,False
CT001796,C0422,image,Action,2026-03-19 19:02:47,13.0,cinematic,False,False
CT001797,C0334,mini,Drama,2025-12-15 16:41:13,27.2,"ai,creative",True,False
CT001798,C0142,mini,Fantasy,2025-11-15 05:21:27,6.7,viral,False,False
CT001799,C0474,mini,Fantasy,2025-07-19 06:28:10,20.2,trending,False,False
CT001800,C0191,image,Sci-Fi,2026-04-02 10:31:31,19.2,"creative,ai",False,False
CT001801,C0400,video,Mystery,2025-08-24 09:19:27,490.3,"character,animation,story",False,False
CT001802,C0070,video,Mystery,2026-02-02 07:55:39,85.3,"experimental,trending",False,False
CT001803,C0280,mini,Comedy,2026-07-14 04:22:14,10.9,creative,False,True
CT001804,C0109,video,Drama,2026-05-05 08:43:55,153.6,"story,ai",False,False
CT001805,C0229,video,Sci-Fi,2025-06-29 22:24:21,29.6,ai,False,False
CT001806,C0391,mini,Romance,2026-08-22 22:07:43,18.5,character,False,False
CT001807,C0472,cine,Documentary,2026-03-12 23:57:11,57.6,visual,False,True
CT001808,C0034,video,Romance,2026-06-15 01:13:23,77.7,"cinematic,story,viral",False,False
CT001809,C0207,cine,Animation,2025-06-28 11:47:23,69.1,"story,character",False,False
CT001810,C0037,video,Mystery,2026-07-23 02:18:42,63.0,"creative,animation",True,False
CT001811,C0270,cine,Mystery,2026-04-24 10:20:14,41.4,"viral,character",False,False
CT001812,C0498,mini,Drama,2026-07-09 04:36:24,10.3,"creative,ai",True,False
CT001813,C0167,mini,Comedy,2026-08-20 22:02:00,20.7,character,False,True
CT001814,C0191,mini,Horror,2026-06-19 19:02:18,16.4,ai,False,False
CT001815,C0140,image,Fantasy,2025-12-13 20:46:29,45.4,"visual,creative,story",False,False
CT001816,C0424,mini,Horror,2026-06-18 08:26:55,7.2,viral,False,False
CT001817,C0423,mini,Animation,2026-08-16 11:26:43,11.2,"story,viral,experimental",True,False
CT001818,C0405,video,Sci-Fi,2026-07-19 23:19:33,147.9,trending,True,False
CT001819,C0123,mini,Documentary,2026-03-20 12:26:34,8.3,"creative,visual,animation",False,True
CT001820,C0109,mini,Documentary,2026-08-11 21:50:52,17.7,creative,False,False
CT001821,C0074,video,Drama,2026-02-27 12:48:17,24.3,cinematic,False,False
CT001822,C0095,video,Drama,2025-12-20 17:50:26,38.5,"experimental,viral,animation",False,False
CT001823,C0363,image,Mystery,2025-08-18 01:15:38,52.0,creative,True,True
CT001824,C0272,mini,Documentary,2025-12-30 07:01:48,8.4,"ai,visual",False,False
CT001825,C0421,mini,Animation,2026-08-09 06:36:53,7.2,creative,False,False
CT001826,C0319,image,Drama,2025-07-25 05:33:26,183.8,visual,True,False
CT001827,C0464,image,Horror,2026-06-28 20:47:40,101.1,animation,False,False
CT001828,C0029,image,Action,2026-03-21 02:40:11,62.0,viral,False,False
CT001829,C0325,mini,Animation,2025-07-31 01:56:42,8.8,"cinematic,viral",False,False
CT001830,C0059,image,Comedy,2025-09-12 00:21:56,46.8,"story,visual",False,False
CT001831,C0178,image,Fantasy,2025-06-14 01:24:51,33.9,"experimental,visual",False,True
CT001832,C0224,video,Fantasy,2026-05-04 16:07:56,10.1,experimental,True,False
CT001833,C0255,mini,Drama,2025-11-11 17:28:26,24.0,"cinematic,animation,creative",False,False
CT001834,C0104,mini,Horror,2025-08-24 18:43:17,27.5,"trending,experimental,character",False,False
CT001835,C0091,mini,Sci-Fi,2025-08-12 16:47:43,14.8,"animation,character,creative",False,False
CT001836,C0077,image,Fantasy,2026-01-17 04:18:25,82.0,"character,animation,experimental",True,False
CT001837,C0105,video,Drama,2025-11-01 06:51:28,53.5,cinematic,False,False
CT001838,C0346,mini,Documentary,2026-07-18 17:33:21,12.1,"character,viral",False,False
CT001839,C0449,cine,Comedy,2026-08-12 01:24:45,32.6,"story,visual",False,False
CT001840,C0168,cine,Action,2025-08-31 07:21:38,23.7,cinematic,False,False
CT001841,C0425,mini,Animation,2026-06-29 00:39:49,11.4,"ai,character,story",True,False
CT001842,C0409,image,Action,2025-06-28 12:53:03,27.9,"viral,visual,creative",True,False
CT001843,C0139,cine,Documentary,2025-12-18 16:41:01,47.7,"experimental,character,cinematic",False,False
CT001844,C0097,video,Comedy,2026-02-19 11:34:44,94.5,"cinematic,creative,animation",False,False
CT001845,C0186,cine,Sci-Fi,2025-10-04 18:41:34,88.2,"cinematic,experimental",False,False
CT001846,C0061,image,Sci-Fi,2026-03-24 02:23:40,18.9,ai,True,True
CT001847,C0479,mini,Horror,2026-02-19 11:31:27,4.3,visual,False,False
CT001848,C0406,mini,Romance,2026-07-31 23:23:07,11.7,viral,False,False
CT001849,C0196,mini,Romance,2026-08-02 11:58:10,14.7,"story,animation,creative",False,False
CT001850,C0255,mini,Documentary,2026-06-08 11:35:06,9.5,trending,True,True
CT001851,C0164,cine,Sci-Fi,2026-05-27 12:53:55,16.9,viral,False,False
CT001852,C0002,image,Action,2025-11-01 22:18:42,62.7,"animation,visual",False,False
CT001853,C0101,cine,Drama,2026-07-01 16:41:25,152.9,trending,True,False
CT001854,C0028,image,Action,2025-11-13 01:55:31,23.8,"trending,animation",False,False
CT001855,C0202,mini,Sci-Fi,2026-05-14 01:36:14,7.0,visual,False,False
CT001856,C0207,mini,Fantasy,2026-01-08 11:21:04,9.6,"trending,animation",False,False
CT001857,C0183,mini,Romance,2026-01-16 15:59:25,31.2,"animation,cinematic,character",False,True
CT001858,C0344,image,Drama,2026-06-05 03:39:02,19.5,character,False,False
CT001859,C0365,mini,Mystery,2025-08-04 12:39:32,22.0,"character,ai",True,True
CT001860,C0276,mini,Animation,2026-06-24 03:15:11,16.8,"visual,cinematic,ai",True,True
CT001861,C0174,mini,Horror,2026-06-09 06:52:02,4.6,visual,False,False
CT001862,C0177,mini,Drama,2026-01-01 22:02:02,46.4,"viral,ai",False,False
CT001863,C0230,mini,Action,2026-03-24 20:12:43,14.8,animation,False,False
CT001864,C0368,cine,Horror,2025-09-29 17:32:45,46.4,"creative,visual",False,False
CT001865,C0159,image,Animation,2026-05-19 08:10:38,49.9,"creative,trending,visual",False,False
CT001866,C0352,mini,Animation,2025-07-25 07:20:59,11.6,cinematic,False,False
CT001867,C0158,mini,Mystery,2026-05-01 17:00:10,18.5,"story,viral",False,False
CT001868,C0273,cine,Drama,2026-04-06 06:24:46,101.5,"experimental,creative,ai",True,False
CT001869,C0125,mini,Action,2025-09-21 05:27:17,16.2,"creative,story,visual",False,False
CT001870,C0045,mini,Horror,2026-06-07 13:09:13,17.2,"visual,experimental,character",False,False
CT001871,C0245,image,Sci-Fi,2025-10-09 06:21:19,38.2,"story,ai",False,False
CT001872,C0350,mini,Comedy,2026-02-03 05:25:07,23.1,"story,trending",False,False
CT001873,C0215,image,Fantasy,2026-06-26 12:11:31,30.3,cinematic,False,False
CT001874,C0388,cine,Comedy,2025-06-28 01:39:39,30.4,"visual,character,viral",False,False
CT001875,C0032,video,Sci-Fi,2025-12-03 17:13:03,77.4,visual,True,False
CT001876,C0026,mini,Sci-Fi,2026-03-13 22:23:46,7.2,cinematic,False,False
CT001877,C0459,image,Sci-Fi,2025-08-21 01:00:47,54.7,"trending,story,creative",False,False
CT001878,C0280,cine,Fantasy,2026-01-21 05:13:05,85.1,"visual,story",False,False
CT001879,C0175,image,Romance,2026-03-21 01:49:09,45.3,"creative,cinematic",False,False
CT001880,C0323,mini,Mystery,2026-07-03 09:24:35,15.4,experimental,True,False
CT001881,C0381,cine,Horror,2025-10-15 00:46:59,70.6,"creative,trending,cinematic",False,False
CT001882,C0442,cine,Romance,2026-06-15 08:18:00,31.5,visual,False,False
CT001883,C0451,mini,Action,2026-03-21 01:28:12,6.8,"creative,cinematic",False,False
CT001884,C0178,mini,Romance,2026-01-19 10:16:15,7.8,"experimental,ai",False,False
CT001885,C0006,video,Fantasy,2026-02-25 01:39:18,48.2,viral,False,False
CT001886,C0204,cine,Horror,2026-08-25 16:25:41,58.1,"cinematic,ai,story",False,False
CT001887,C0063,cine,Documentary,2026-03-30 09:22:33,97.7,visual,True,False
CT001888,C0255,image,Comedy,2025-12-14 09:52:26,11.7,"character,ai",True,True
CT001889,C0096,mini,Sci-Fi,2026-08-28 00:08:21,16.2,"viral,creative",False,False
CT001890,C0332,mini,Action,2026-04-12 14:50:12,5.7,"animation,story",False,False
CT001891,C0439,image,Action,2025-10-05 10:52:24,76.9,experimental,False,False
CT001892,C0101,image,Animation,2026-03-06 12:01:59,40.1,"trending,character",False,False
CT001893,C0273,cine,Action,2026-08-19 21:21:54,57.3,visual,False,False
CT001894,C0477,mini,Comedy,2026-04-15 18:57:45,17.6,"visual,cinematic",False,False
CT001895,C0154,cine,Romance,2026-05-15 03:20:01,161.9,story,False,False
CT001896,C0397,image,Documentary,2026-03-29 18:27:42,40.7,cinematic,False,False
CT001897,C0023,mini,Sci-Fi,2026-06-26 01:29:27,26.9,viral,False,True
CT001898,C0308,cine,Action,2025-07-08 01:47:08,81.2,story,False,False
CT001899,C0018,mini,Action,2026-06-01 22:31:26,10.2,"animation,visual",False,False
CT001900,C0036,mini,Comedy,2026-07-16 20:29:37,38.5,story,False,False
CT001901,C0283,image,Mystery,2025-06-11 11:17:56,127.3,"animation,visual,trending",False,False
CT001902,C0435,mini,Sci-Fi,2026-05-26 09:33:22,6.4,trending,False,False
CT001903,C0350,image,Documentary,2026-01-16 16:22:22,52.8,ai,False,False
CT001904,C0202,image,Romance,2025-11-23 19:29:05,117.9,"ai,creative",False,False
CT001905,C0190,mini,Sci-Fi,2025-07-19 05:29:53,13.7,viral,False,False
CT001906,C0233,image,Horror,2025-10-24 05:37:33,52.1,"creative,trending,character",False,False
CT001907,C0145,mini,Drama,2026-04-04 02:33:13,7.6,"creative,character,story",True,False
CT001908,C0008,mini,Horror,2026-01-21 08:56:59,13.6,"cinematic,creative,viral",False,False
CT001909,C0403,mini,Animation,2025-06-28 04:44:42,10.9,"creative,character,cinematic",False,False
CT001910,C0263,image,Action,2025-10-18 15:12:20,37.8,"ai,trending,visual",False,False
CT001911,C0430,mini,Sci-Fi,2025-06-16 03:19:27,32.4,"trending,story,visual",False,False
CT001912,C0293,mini,Animation,2025-11-13 16:39:39,6.5,"cinematic,character",False,True
CT001913,C0192,video,Animation,2026-07-19 11:15:29,46.3,"cinematic,story,ai",False,False
CT001914,C0031,video,Fantasy,2026-05-12 14:40:53,119.0,animation,False,False
CT001915,C0375,video,Mystery,2026-07-24 04:16:42,19.0,character,False,False
CT001916,C0299,mini,Fantasy,2025-08-15 22:10:56,6.7,"ai,viral",False,False
CT001917,C0434,image,Comedy,2026-03-12 10:32:45,132.3,visual,True,False
CT001918,C0123,image,Comedy,2025-10-16 09:29:34,85.6,experimental,False,True
CT001919,C0190,mini,Fantasy,2025-12-27 17:26:26,16.3,"visual,viral",True,False
CT001920,C0121,mini,Action,2026-08-16 09:08:51,16.7,"trending,story",True,False
CT001921,C0081,mini,Horror,2026-06-13 19:02:23,13.1,"creative,ai",False,True
CT001922,C0443,image,Documentary,2026-04-14 17:57:27,40.5,character,False,False
CT001923,C0185,cine,Drama,2026-08-14 16:25:56,75.2,viral,False,False
CT001924,C0003,mini,Documentary,2026-01-14 11:24:26,14.9,creative,False,False
CT001925,C0034,mini,Romance,2025-06-25 18:09:56,31.7,"viral,story,ai",False,False
CT001926,C0170,image,Fantasy,2026-07-22 00:23:06,30.7,"visual,viral",True,False
CT001927,C0023,cine,Drama,2025-07-18 05:00:05,122.4,"visual,cinematic",False,False
CT001928,C0440,video,Drama,2025-09-30 13:09:02,77.3,viral,False,False
CT001929,C0413,mini,Romance,2026-07-18 17:16:59,11.6,"character,ai",False,False
CT001930,C0454,video,Animation,2026-07-10 11:46:44,59.5,"trending,visual",False,False
CT001931,C0424,mini,Sci-Fi,2025-07-16 07:47:45,22.2,"ai,visual,cinematic",False,False
CT001932,C0025,mini,Documentary,2026-06-26 08:49:53,9.4,"story,character,cinematic",False,False
CT001933,C0319,video,Sci-Fi,2026-04-22 15:52:11,60.4,"animation,viral",False,True
CT001934,C0424,mini,Mystery,2025-07-20 02:53:20,5.8,"trending,ai,story",False,False
CT001935,C0428,cine,Drama,2026-02-08 09:37:01,29.8,trending,False,False
CT001936,C0228,mini,Mystery,2025-09-29 20:04:37,12.1,"character,cinematic",True,False
CT001937,C0466,image,Fantasy,2026-01-24 20:47:15,99.4,creative,False,False
CT001938,C0078,mini,Comedy,2025-08-24 08:39:24,17.8,"creative,trending",False,True
CT001939,C0340,mini,Mystery,2025-07-15 12:35:41,8.9,creative,False,False
CT001940,C0133,mini,Sci-Fi,2026-03-24 16:27:18,21.1,"cinematic,story",False,True
CT001941,C0454,video,Drama,2026-04-29 06:58:42,77.0,"experimental,character,animation",False,False
CT001942,C0441,video,Romance,2025-08-27 04:10:31,59.5,visual,True,False
CT001943,C0459,image,Sci-Fi,2026-03-02 12:24:08,22.2,ai,False,False
CT001944,C0036,video,Drama,2026-01-11 07:03:08,26.3,cinematic,True,False
CT001945,C0138,cine,Animation,2026-07-29 13:14:49,114.2,"viral,trending,ai",False,False
CT001946,C0195,mini,Horror,2026-02-14 00:03:55,5.6,trending,False,False
CT001947,C0474,mini,Horror,2026-01-06 07:59:06,16.1,cinematic,True,False
CT001948,C0322,image,Action,2025-06-04 18:48:50,93.3,ai,False,False
CT001949,C0492,cine,Mystery,2026-07-22 01:28:56,50.1,experimental,False,False
CT001950,C0433,mini,Documentary,2026-03-29 15:34:05,25.8,experimental,False,False
CT001951,C0135,mini,Fantasy,2025-08-23 20:31:50,5.5,"story,experimental,visual",False,False
CT001952,C0100,video,Action,2025-06-03 16:54:12,26.6,ai,False,False
CT001953,C0309,mini,Horror,2025-09-01 23:22:52,20.7,"visual,experimental",True,False
CT001954,C0393,mini,Horror,2026-01-16 16:52:16,8.1,animation,False,False
CT001955,C0111,image,Comedy,2026-08-07 17:37:13,132.0,viral,False,True
CT001956,C0331,cine,Comedy,2026-03-10 19:48:33,81.5,"ai,experimental,animation",False,False
CT001957,C0192,mini,Animation,2025-07-16 07:37:33,18.7,"story,animation",False,False
CT001958,C0389,cine,Mystery,2025-08-27 16:51:27,82.8,trending,False,True
CT001959,C0308,mini,Romance,2025-09-16 20:41:15,11.4,"story,viral,cinematic",False,False
CT001960,C0342,mini,Comedy,2025-07-05 13:07:13,6.6,"experimental,story,character",True,False
CT001961,C0018,cine,Comedy,2025-08-04 10:58:05,63.3,experimental,False,False
CT001962,C0420,video,Sci-Fi,2025-07-12 17:25:14,94.1,creative,False,False
CT001963,C0319,image,Romance,2026-04-20 15:17:31,66.3,story,False,False
CT001964,C0101,mini,Animation,2026-04-08 14:04:33,9.5,creative,False,False
CT001965,C0241,mini,Animation,2026-05-22 18:57:07,12.2,"trending,cinematic,viral",False,True
CT001966,C0135,cine,Action,2025-08-23 09:23:54,48.3,"trending,animation",False,False
CT001967,C0062,mini,Mystery,2026-07-17 01:44:48,15.1,"animation,character",False,False
CT001968,C0238,mini,Documentary,2025-11-18 09:09:54,21.9,"viral,trending,creative",True,False
CT001969,C0334,mini,Comedy,2025-08-06 22:38:37,11.6,"visual,creative",True,False
CT001970,C0392,mini,Mystery,2025-08-11 22:53:42,20.2,"experimental,visual,cinematic",True,False
CT001971,C0466,cine,Fantasy,2025-10-25 17:06:15,85.8,"visual,animation,creative",False,False
CT001972,C0307,mini,Animation,2025-07-11 01:36:59,14.9,"story,animation,experimental",False,False
CT001973,C0001,mini,Romance,2025-10-23 15:23:10,14.5,"visual,experimental",False,False
CT001974,C0198,mini,Fantasy,2026-03-29 08:22:14,39.6,"experimental,trending",False,True
CT001975,C0219,cine,Drama,2026-08-18 21:40:46,74.2,"story,animation",False,False
CT001976,C0486,mini,Documentary,2025-06-03 07:44:53,6.7,"animation,ai,creative",True,False
CT001977,C0066,mini,Animation,2026-02-21 19:20:37,8.3,viral,False,False
CT001978,C0438,mini,Romance,2025-09-15 23:05:36,8.9,"story,cinematic,ai",False,False
CT001979,C0104,mini,Animation,2025-11-01 21:34:46,15.0,"character,creative",True,False
CT001980,C0331,image,Sci-Fi,2026-03-21 15:28:12,125.0,experimental,True,False
CT001981,C0243,mini,Sci-Fi,2025-10-15 05:22:10,14.5,creative,False,False
CT001982,C0486,image,Action,2025-12-17 22:59:47,27.6,creative,False,True
CT001983,C0145,image,Horror,2025-10-24 11:17:59,31.8,ai,False,False
CT001984,C0238,cine,Comedy,2025-11-13 01:12:56,55.2,visual,False,False
CT001985,C0321,cine,Fantasy,2026-04-21 18:06:37,49.4,"story,animation,cinematic",False,False
CT001986,C0097,mini,Horror,2025-10-12 08:28:56,15.6,"creative,story,cinematic",False,False
CT001987,C0134,mini,Animation,2026-02-06 11:21:08,21.8,"story,experimental",False,False
CT001988,C0374,mini,Drama,2026-05-28 09:29:25,5.8,animation,True,False
CT001989,C0388,mini,Romance,2026-03-12 08:47:35,5.9,"ai,viral",True,False
CT001990,C0335,mini,Sci-Fi,2026-05-13 11:01:29,12.1,creative,False,False
CT001991,C0092,cine,Mystery,2026-01-01 13:12:26,116.5,"ai,story",False,False
CT001992,C0110,mini,Documentary,2025-12-30 00:15:48,7.3,"visual,viral,cinematic",False,False
CT001993,C0447,video,Drama,2025-06-12 23:20:43,52.7,"character,story",False,False
CT001994,C0447,mini,Horror,2026-04-18 08:32:42,6.3,animation,False,False
CT001995,C0201,mini,Action,2026-04-10 07:42:31,10.7,creative,False,False
CT001996,C0273,image,Sci-Fi,2026-01-19 19:22:35,99.9,"creative,ai",False,False
CT001997,C0029,image,Romance,2026-04-27 04:50:34,56.3,ai,False,False
CT001998,C0324,cine,Comedy,2026-03-28 06:03:03,87.0,"cinematic,story,animation",False,True
CT001999,C0048,cine,Romance,2025-08-22 04:38:31,46.6,"animation,character",False,False
CT002000,C0042,mini,Horror,2025-09-11 01:46:01,28.2,"character,cinematic,trending",False,True
CT002001,C0266,video,Horror,2026-03-24 02:44:25,39.6,"experimental,visual,cinematic",False,False
CT002002,C0423,cine,Action,2025-07-15 16:05:11,83.8,animation,False,False
CT002003,C0456,mini,Drama,2026-07-06 03:52:33,20.8,trending,True,False
CT002004,C0209,image,Animation,2025-11-06 23:05:53,33.8,"visual,viral",False,False
CT002005,C0256,mini,Comedy,2026-03-02 20:41:57,8.4,character,False,False
CT002006,C0270,mini,Fantasy,2026-01-25 00:02:33,9.2,"story,creative,visual",False,False
CT002007,C0226,cine,Action,2026-04-01 20:30:42,61.3,"character,experimental",False,False
CT002008,C0363,image,Romance,2025-11-10 04:04:56,40.9,"experimental,viral,animation",False,False
CT002009,C0385,video,Animation,2026-04-16 12:35:45,62.6,"character,cinematic,story",False,True
CT002010,C0228,mini,Drama,2025-08-18 23:52:41,9.0,"experimental,creative",False,False
CT002011,C0112,image,Action,2025-10-26 21:31:26,17.0,"ai,character",False,False
CT002012,C0420,image,Fantasy,2025-06-19 01:03:08,35.7,animation,False,False
CT002013,C0332,mini,Mystery,2025-08-10 08:36:26,14.0,"trending,cinematic,experimental",True,False
CT002014,C0200,cine,Documentary,2025-06-26 06:34:49,62.3,character,False,False
CT002015,C0111,video,Drama,2026-01-02 12:41:49,21.2,viral,True,False
CT002016,C0197,cine,Drama,2025-07-04 10:21:33,107.5,"viral,experimental,creative",False,False
CT002017,C0419,cine,Sci-Fi,2025-09-14 16:46:35,63.7,"trending,story,viral",True,False
CT002018,C0168,cine,Mystery,2026-01-07 10:20:32,92.5,"animation,story,experimental",True,False
CT002019,C0439,image,Fantasy,2026-04-10 06:27:21,43.1,cinematic,False,False
CT002020,C0126,mini,Documentary,2025-06-12 06:48:35,7.8,trending,False,False
CT002021,C0098,mini,Sci-Fi,2026-04-23 00:07:36,17.7,"viral,ai",False,False
CT002022,C0037,image,Mystery,2026-01-23 18:07:54,48.4,viral,False,False
CT002023,C0073,mini,Comedy,2025-06-04 17:32:50,8.3,"creative,viral,story",False,False
CT002024,C0131,image,Horror,2025-07-15 08:10:25,41.7,"creative,trending,viral",False,False
CT002025,C0362,mini,Fantasy,2026-08-10 02:46:41,17.7,"visual,cinematic,character",True,False
CT002026,C0262,mini,Comedy,2025-12-23 04:04:51,13.4,"character,viral,creative",False,False
CT002027,C0327,image,Mystery,2026-07-27 19:13:06,30.6,viral,False,False
CT002028,C0053,mini,Romance,2026-01-21 22:17:27,13.7,"character,experimental,trending",False,False
CT002029,C0302,mini,Drama,2025-07-31 03:56:21,16.3,"visual,experimental,story",False,False
CT002030,C0321,mini,Documentary,2026-04-29 08:02:45,13.9,story,False,False
CT002031,C0253,image,Mystery,2026-01-04 20:59:00,76.7,"experimental,viral",False,True
CT002032,C0318,mini,Horror,2025-11-20 11:00:30,7.4,"animation,experimental,cinematic",False,False
CT002033,C0064,cine,Drama,2025-09-04 07:32:50,106.5,"creative,viral,story",False,False
CT002034,C0245,video,Documentary,2025-12-20 10:20:14,103.6,"animation,story,ai",False,False
CT002035,C0360,cine,Romance,2026-08-14 13:07:01,67.5,"visual,ai",False,False
CT002036,C0066,mini,Comedy,2025-09-08 12:11:12,19.6,"creative,story",False,False
CT002037,C0085,mini,Romance,2026-02-14 02:39:41,23.8,ai,False,False
CT002038,C0374,cine,Drama,2025-06-15 23:17:33,26.4,"experimental,creative,ai",True,False
CT002039,C0269,mini,Drama,2026-04-16 06:32:40,14.8,"visual,ai,story",True,False
CT002040,C0112,cine,Action,2026-07-12 06:31:04,20.6,"cinematic,ai",False,False
CT002041,C0174,cine,Drama,2026-08-20 21:58:42,28.0,"experimental,animation,creative",False,False
CT002042,C0441,image,Romance,2026-06-05 21:01:39,63.2,viral,False,True
CT002043,C0167,cine,Action,2026-04-03 21:19:29,93.9,"character,trending,visual",False,False
CT002044,C0179,image,Mystery,2026-02-21 16:53:11,195.9,"visual,ai",False,False
CT002045,C0417,mini,Mystery,2026-07-03 01:45:44,9.5,"creative,character",False,True
CT002046,C0105,mini,Documentary,2025-06-05 11:21:32,8.0,"cinematic,trending,visual",True,False
CT002047,C0222,image,Animation,2025-09-18 16:36:05,51.9,"visual,character,animation",False,False
CT002048,C0159,image,Horror,2025-06-21 09:45:36,64.7,"viral,ai",False,False
CT002049,C0242,mini,Horror,2025-09-13 14:27:35,8.8,"visual,experimental,trending",False,False
CT002050,C0128,mini,Fantasy,2025-09-10 17:15:35,11.2,"character,visual",False,True
CT002051,C0444,image,Animation,2025-12-19 04:27:19,25.4,"animation,trending,viral",False,False
CT002052,C0071,mini,Mystery,2026-04-12 00:51:10,13.7,ai,False,False
CT002053,C0280,mini,Action,2026-07-07 22:52:57,9.5,character,False,False
CT002054,C0312,mini,Mystery,2026-03-01 05:13:06,29.0,"story,character,viral",False,False
CT002055,C0402,mini,Romance,2025-06-18 20:07:53,7.0,visual,False,True
CT002056,C0050,mini,Sci-Fi,2025-07-16 00:35:17,5.7,"ai,trending,visual",False,False
CT002057,C0430,mini,Documentary,2025-12-19 06:30:13,11.5,"ai,character",False,False
CT002058,C0124,mini,Horror,2026-03-07 12:46:09,4.5,"character,cinematic",True,False
CT002059,C0348,image,Romance,2026-06-12 03:47:32,35.9,"story,ai,character",False,False
CT002060,C0029,video,Action,2025-11-18 14:41:06,38.7,"story,ai,visual",False,False
CT002061,C0068,mini,Horror,2025-08-20 22:02:28,12.3,"visual,ai,experimental",False,False
CT002062,C0259,mini,Horror,2025-08-04 13:50:12,11.0,"visual,creative",False,False
CT002063,C0062,mini,Action,2026-03-08 18:29:57,13.7,"creative,trending",False,False
CT002064,C0224,video,Drama,2026-08-30 05:15:52,22.4,"viral,story,cinematic",False,True
CT002065,C0208,mini,Horror,2025-07-02 21:39:53,10.1,experimental,False,False
CT002066,C0233,video,Sci-Fi,2025-06-05 04:54:54,92.0,"story,cinematic,character",False,False
CT002067,C0034,cine,Comedy,2025-06-05 17:30:24,47.4,"character,experimental,animation",True,False
CT002068,C0366,image,Animation,2026-02-05 00:56:50,41.8,creative,False,False
CT002069,C0150,mini,Romance,2025-10-24 10:03:59,4.2,experimental,False,False
CT002070,C0359,cine,Drama,2026-06-12 02:57:09,37.0,visual,False,False
CT002071,C0105,mini,Mystery,2026-06-03 08:57:43,15.8,"creative,story",False,False
CT002072,C0107,image,Comedy,2026-01-16 02:29:58,95.6,"experimental,story,character",False,False
CT002073,C0023,cine,Romance,2025-06-19 20:22:56,52.3,"creative,animation,cinematic",True,False
CT002074,C0428,image,Fantasy,2026-02-16 00:51:35,50.4,"visual,trending,animation",False,False
CT002075,C0195,cine,Mystery,2025-11-14 08:21:46,13.9,"story,visual,creative",False,False
CT002076,C0068,video,Documentary,2026-06-17 09:26:17,27.1,creative,False,True
CT002077,C0124,cine,Documentary,2026-04-29 06:08:01,47.5,viral,False,False
CT002078,C0069,cine,Comedy,2026-08-12 00:40:10,25.9,"animation,creative",False,False
CT002079,C0051,mini,Horror,2025-11-16 07:47:52,24.3,"viral,cinematic",False,False
CT002080,C0039,mini,Horror,2025-10-26 07:05:52,13.4,"ai,trending,viral",False,False
CT002081,C0367,mini,Drama,2026-01-05 08:03:33,6.9,"animation,cinematic,trending",False,False
CT002082,C0292,mini,Fantasy,2026-06-12 06:30:24,21.8,"ai,trending,viral",False,False
CT002083,C0451,mini,Action,2026-01-15 03:49:22,27.7,"ai,viral,creative",False,True
CT002084,C0487,mini,Fantasy,2025-11-01 04:36:04,10.7,"trending,character",False,False
CT002085,C0311,mini,Mystery,2026-07-20 00:46:25,14.6,"character,experimental,ai",False,False
CT002086,C0267,image,Sci-Fi,2025-11-26 11:08:34,98.3,creative,False,False
CT002087,C0465,cine,Horror,2026-07-05 09:45:30,74.2,"viral,trending",False,False
CT002088,C0470,video,Drama,2026-03-19 03:25:10,84.7,"story,trending",False,False
CT002089,C0084,mini,Comedy,2025-06-30 00:18:54,19.9,"story,creative",False,False
CT002090,C0296,mini,Mystery,2026-01-11 18:28:41,4.8,"animation,cinematic",False,False
CT002091,C0383,image,Sci-Fi,2026-04-12 15:33:01,51.3,"character,trending,cinematic",False,False
CT002092,C0437,image,Documentary,2026-07-23 06:27:41,84.3,experimental,True,False
CT002093,C0204,mini,Romance,2026-02-03 13:42:37,8.6,"character,ai",True,False
CT002094,C0309,mini,Action,2025-06-07 16:06:36,14.5,"creative,animation",False,False
CT002095,C0245,video,Horror,2025-11-09 15:52:01,30.3,"cinematic,viral",False,False
CT002096,C0315,video,Fantasy,2026-08-16 16:42:47,21.5,"animation,trending",False,False
CT002097,C0328,video,Romance,2026-01-11 14:26:47,39.1,experimental,False,False
CT002098,C0293,mini,Fantasy,2025-11-23 08:29:07,16.5,viral,False,False
CT002099,C0392,mini,Horror,2026-07-07 04:35:26,14.8,visual,False,False
CT002100,C0040,mini,Romance,2025-12-08 04:50:06,6.0,experimental,False,False
CT002101,C0030,cine,Romance,2026-05-19 12:20:50,22.3,trending,False,False
CT002102,C0416,mini,Animation,2025-06-10 10:54:34,6.3,"animation,ai,visual",False,False
CT002103,C0194,mini,Drama,2026-02-15 00:59:11,42.2,"ai,trending",True,False
CT002104,C0191,video,Mystery,2025-06-11 18:16:09,24.1,"trending,animation",False,False
CT002105,C0381,mini,Horror,2025-08-20 01:48:25,12.6,character,True,False
CT002106,C0271,mini,Action,2026-02-04 09:45:09,6.0,"creative,experimental,animation",True,False
CT002107,C0265,cine,Horror,2026-03-10 02:34:42,78.3,experimental,False,False
CT002108,C0460,video,Drama,2025-07-24 23:39:06,44.8,"story,experimental",False,False
CT002109,C0173,video,Romance,2026-01-14 02:22:32,59.0,"ai,story,character",False,False
CT002110,C0131,mini,Documentary,2025-12-03 06:51:01,12.4,"visual,viral",False,False
CT002111,C0024,cine,Horror,2025-12-21 18:40:53,85.2,creative,False,False
CT002112,C0472,video,Fantasy,2026-06-05 14:05:31,77.6,"character,experimental",False,False
CT002113,C0004,cine,Action,2026-08-05 09:16:25,79.2,visual,False,False
CT002114,C0202,mini,Drama,2025-07-05 02:54:56,10.4,"ai,cinematic",False,True
CT002115,C0213,image,Animation,2026-08-27 15:20:50,53.2,"viral,cinematic,character",False,False
CT002116,C0457,cine,Documentary,2025-06-24 05:53:27,23.9,trending,False,False
CT002117,C0242,cine,Horror,2026-08-08 19:40:36,33.4,"experimental,creative",False,False
CT002118,C0004,cine,Mystery,2026-03-08 19:15:09,91.3,"character,experimental,animation",False,True
CT002119,C0115,mini,Animation,2026-05-03 22:15:07,16.5,"creative,experimental",False,False
CT002120,C0251,image,Action,2025-09-19 20:22:01,45.7,viral,False,False
CT002121,C0400,mini,Mystery,2026-03-01 02:00:21,26.1,"visual,creative,cinematic",False,False
CT002122,C0031,mini,Documentary,2026-02-26 03:04:28,8.9,visual,False,False
CT002123,C0364,mini,Animation,2025-10-24 15:52:41,8.8,"cinematic,trending",False,False
CT002124,C0089,cine,Mystery,2026-01-16 11:27:04,45.9,creative,False,True
CT002125,C0095,cine,Animation,2026-08-06 21:56:46,96.0,ai,False,False
CT002126,C0071,image,Documentary,2025-07-20 01:16:13,34.2,"animation,character,cinematic",True,False
CT002127,C0095,image,Animation,2025-12-25 18:18:29,68.0,"story,viral",True,False
CT002128,C0307,cine,Horror,2025-11-01 14:10:12,44.7,"viral,cinematic",False,False
CT002129,C0428,cine,Drama,2025-08-31 22:38:21,79.2,"visual,cinematic,animation",False,False
CT002130,C0039,cine,Documentary,2026-01-05 08:06:40,84.2,story,False,False
CT002131,C0451,mini,Mystery,2025-07-21 11:56:34,43.2,"cinematic,animation",False,False
CT002132,C0114,cine,Romance,2025-07-26 07:10:08,113.4,"animation,story",False,True
CT002133,C0493,cine,Sci-Fi,2026-06-17 02:49:29,88.3,viral,False,False
CT002134,C0407,image,Documentary,2025-10-24 09:23:09,44.4,"creative,experimental",False,False
CT002135,C0341,image,Comedy,2025-10-28 15:26:04,63.2,"experimental,animation",False,False
CT002136,C0245,mini,Animation,2026-03-29 06:15:39,13.9,"animation,viral",True,False
CT002137,C0464,video,Comedy,2026-05-16 09:32:00,105.7,viral,False,False
CT002138,C0238,video,Documentary,2026-06-30 16:02:40,19.6,"experimental,ai",False,False
CT002139,C0075,mini,Horror,2026-03-14 02:10:29,14.2,"character,ai",False,False
CT002140,C0164,video,Drama,2025-09-29 15:42:48,18.3,animation,False,False
CT002141,C0076,cine,Animation,2025-10-08 06:52:20,74.2,"character,ai,creative",False,False
CT002142,C0130,mini,Animation,2026-04-19 11:47:01,13.0,character,False,False
CT002143,C0021,image,Comedy,2026-06-23 21:43:31,47.3,story,True,False
CT002144,C0235,mini,Fantasy,2026-07-24 23:02:57,19.3,"animation,experimental",False,False
CT002145,C0270,image,Mystery,2026-06-21 06:18:34,23.8,story,False,False
CT002146,C0253,image,Mystery,2026-03-13 20:19:00,31.2,creative,True,False
CT002147,C0107,mini,Action,2025-08-18 08:26:00,21.6,creative,True,False
CT002148,C0132,mini,Sci-Fi,2025-12-07 16:49:25,17.4,"animation,viral,story",False,False
CT002149,C0275,mini,Mystery,2025-07-26 12:23:34,12.0,"visual,viral,cinematic",True,False
CT002150,C0162,mini,Horror,2025-12-18 05:23:16,5.0,"trending,animation,cinematic",True,False
CT002151,C0004,cine,Action,2026-03-01 19:59:04,51.1,"animation,viral,ai",False,False
CT002152,C0359,image,Action,2026-04-04 13:46:38,61.9,creative,False,True
CT002153,C0261,video,Romance,2025-09-15 10:25:09,207.2,"character,experimental,cinematic",True,False
CT002154,C0097,cine,Comedy,2026-04-14 09:12:54,40.7,"story,character",True,True
CT002155,C0441,cine,Mystery,2025-10-30 11:27:49,34.0,"creative,visual",False,False
CT002156,C0128,mini,Romance,2026-04-14 06:22:46,15.1,"animation,story",False,False
CT002157,C0363,cine,Mystery,2026-08-02 03:25:17,37.7,"trending,cinematic,animation",False,False
CT002158,C0027,mini,Sci-Fi,2025-10-10 22:51:41,17.8,"cinematic,viral",False,False
CT002159,C0180,cine,Action,2025-08-20 01:16:14,100.1,"viral,ai,trending",False,False
CT002160,C0125,cine,Sci-Fi,2026-08-16 03:08:41,140.9,creative,True,False
CT002161,C0039,cine,Sci-Fi,2026-01-01 13:04:25,38.6,"cinematic,experimental,animation",False,False
CT002162,C0207,mini,Documentary,2025-09-14 12:50:57,9.3,"viral,story",False,True
CT002163,C0123,mini,Sci-Fi,2025-10-13 11:25:50,6.6,"story,cinematic",False,True
CT002164,C0128,image,Fantasy,2025-12-31 10:50:36,32.1,"character,trending,viral",False,False
CT002165,C0251,image,Fantasy,2025-11-06 15:45:11,105.1,"trending,cinematic,visual",False,False
CT002166,C0438,cine,Drama,2026-07-18 16:48:43,150.4,creative,False,True
CT002167,C0128,video,Sci-Fi,2025-11-16 18:17:14,23.0,"creative,viral,visual",False,True
CT002168,C0080,image,Fantasy,2026-01-02 09:01:32,21.3,creative,False,False
CT002169,C0391,image,Romance,2025-09-27 13:24:15,17.6,"character,experimental,visual",False,False
CT002170,C0206,image,Comedy,2026-04-18 21:28:19,38.0,"ai,experimental",False,False
CT002171,C0467,image,Horror,2026-05-15 03:39:04,22.6,"visual,ai",False,False
CT002172,C0354,video,Sci-Fi,2026-02-13 08:22:49,116.6,trending,False,True
CT002173,C0089,mini,Action,2026-06-06 05:07:03,22.8,"trending,creative,cinematic",False,False
CT002174,C0387,cine,Horror,2025-10-04 03:25:50,41.1,trending,False,False
CT002175,C0003,image,Documentary,2026-02-02 00:28:37,70.2,"cinematic,viral",False,False
CT002176,C0226,mini,Documentary,2026-04-29 16:34:18,9.1,"visual,viral",False,False
CT002177,C0043,mini,Drama,2026-07-16 01:58:36,7.9,"creative,character",True,False
CT002178,C0391,mini,Drama,2025-10-28 04:32:07,17.4,experimental,False,True
CT002179,C0396,cine,Documentary,2025-08-02 07:30:24,477.1,viral,False,True
CT002180,C0469,image,Drama,2026-05-24 01:57:33,71.1,cinematic,False,True
CT002181,C0031,cine,Documentary,2026-01-18 00:11:22,18.0,"story,trending,creative",True,False
CT002182,C0423,mini,Fantasy,2025-06-26 10:20:49,19.3,creative,True,False
CT002183,C0374,image,Action,2026-06-13 18:20:01,67.7,"creative,visual",True,False
CT002184,C0425,mini,Horror,2026-01-14 13:41:03,14.6,"story,creative,viral",False,True
CT002185,C0202,video,Documentary,2026-03-11 03:16:36,50.9,animation,False,False
CT002186,C0325,cine,Fantasy,2025-11-11 16:54:29,101.0,"ai,creative",False,False
CT002187,C0214,mini,Mystery,2026-08-24 03:52:33,11.2,character,False,True
CT002188,C0334,cine,Mystery,2025-12-14 10:05:40,67.6,animation,False,False
CT002189,C0365,image,Horror,2026-02-27 15:49:23,62.9,"trending,creative",False,False
CT002190,C0149,video,Action,2026-01-31 10:05:15,58.8,"visual,creative",False,True
CT002191,C0161,cine,Romance,2026-08-12 18:33:13,43.4,animation,False,False
CT002192,C0491,video,Action,2026-03-07 00:14:36,119.3,"viral,story",False,False
CT002193,C0403,mini,Romance,2025-07-16 00:14:28,9.2,"experimental,visual",False,True
CT002194,C0027,mini,Action,2026-06-26 19:30:21,10.4,"experimental,story,cinematic",False,False
CT002195,C0050,mini,Horror,2025-06-20 10:29:10,11.3,"trending,viral,animation",True,False
CT002196,C0397,image,Mystery,2026-01-26 17:16:04,64.1,experimental,False,True
CT002197,C0361,mini,Mystery,2025-11-10 13:41:22,15.2,"character,animation",False,True
CT002198,C0111,mini,Animation,2026-01-06 14:47:21,8.6,"viral,trending,animation",False,False
CT002199,C0452,cine,Fantasy,2026-06-19 15:33:08,101.6,"character,cinematic",False,False
CT002200,C0006,mini,Comedy,2025-07-20 10:40:35,11.2,"creative,character,experimental",False,False
CT002201,C0083,image,Drama,2025-06-24 00:46:30,82.8,"character,viral,experimental",True,False
CT002202,C0276,mini,Sci-Fi,2026-07-17 05:21:45,17.9,"trending,animation,cinematic",False,False
CT002203,C0273,mini,Mystery,2025-09-24 01:07:31,19.0,trending,False,False
CT002204,C0106,cine,Comedy,2025-12-19 15:46:47,134.6,"trending,viral",False,False
CT002205,C0321,video,Animation,2026-08-24 04:02:30,34.8,"ai,visual,animation",True,True
CT002206,C0418,mini,Mystery,2026-04-27 16:48:03,4.8,"experimental,story,visual",False,True
CT002207,C0068,mini,Comedy,2026-03-20 06:43:19,19.7,"viral,visual",True,False
CT002208,C0392,mini,Animation,2025-06-04 05:40:38,7.4,creative,False,True
CT002209,C0269,video,Action,2025-11-27 06:11:27,142.0,"experimental,viral,visual",False,False
CT002210,C0447,mini,Action,2026-01-24 02:01:51,12.3,"viral,trending,visual",False,False
CT002211,C0128,image,Fantasy,2025-07-06 12:07:06,28.6,character,False,False
CT002212,C0338,cine,Romance,2026-03-22 23:10:48,31.7,"visual,story",False,False
CT002213,C0375,image,Romance,2026-05-11 09:22:09,13.4,"experimental,viral,trending",False,False
CT002214,C0179,mini,Fantasy,2025-11-15 16:41:25,4.7,"viral,cinematic",False,False
CT002215,C0285,cine,Mystery,2026-07-27 22:32:57,23.4,"animation,story",False,False
CT002216,C0367,video,Animation,2026-07-31 22:53:20,24.1,visual,True,False
CT002217,C0203,mini,Action,2026-05-05 03:27:10,16.5,"trending,animation,experimental",False,False
CT002218,C0326,cine,Drama,2025-10-22 06:55:57,26.3,"story,trending,animation",False,False
CT002219,C0367,video,Mystery,2025-07-24 02:00:21,50.2,"story,experimental",False,False
CT002220,C0120,mini,Horror,2026-04-14 20:04:17,20.1,"experimental,creative,cinematic",False,True
CT002221,C0366,image,Fantasy,2026-01-29 12:42:02,68.9,"cinematic,story,character",False,False
CT002222,C0294,mini,Mystery,2026-04-24 03:33:32,21.3,cinematic,False,False
CT002223,C0104,mini,Romance,2025-12-01 15:55:34,14.8,"animation,cinematic,visual",False,False
CT002224,C0417,mini,Romance,2025-08-09 14:57:44,6.4,"character,ai",False,False
CT002225,C0013,image,Action,2026-07-18 05:51:21,133.6,visual,False,False
CT002226,C0304,mini,Sci-Fi,2026-08-14 06:02:22,7.9,"animation,character",False,False
CT002227,C0123,mini,Fantasy,2026-05-14 14:40:29,7.3,"character,ai,experimental",False,False
CT002228,C0354,image,Horror,2025-06-11 17:07:14,56.9,"creative,viral",True,False
CT002229,C0442,mini,Documentary,2026-06-01 16:46:30,13.8,"animation,viral",False,False
CT002230,C0333,mini,Mystery,2026-08-29 03:13:40,7.3,"trending,animation",False,True
CT002231,C0194,mini,Comedy,2025-12-06 15:57:14,9.3,cinematic,False,False
CT002232,C0317,mini,Mystery,2026-01-16 03:43:16,20.8,"trending,experimental",False,False
CT002233,C0105,cine,Documentary,2025-06-12 08:13:42,122.0,"character,creative,experimental",False,False
CT002234,C0046,cine,Documentary,2026-03-02 06:36:57,6.3,"viral,story",True,False
CT002235,C0183,video,Comedy,2026-05-13 06:51:29,52.0,cinematic,False,False
CT002236,C0302,image,Animation,2025-08-31 22:26:50,19.4,"character,ai",False,False
CT002237,C0191,video,Mystery,2026-03-16 19:03:05,80.4,"ai,creative,visual",False,False
CT002238,C0056,image,Romance,2025-09-27 22:35:28,169.4,"story,ai",False,False
CT002239,C0218,video,Documentary,2025-08-04 12:23:07,77.1,"cinematic,viral,visual",False,False
CT002240,C0432,mini,Comedy,2025-06-11 06:31:05,8.9,cinematic,False,False
CT002241,C0223,mini,Documentary,2026-05-12 02:08:30,12.4,"experimental,ai",False,False
CT002242,C0228,mini,Sci-Fi,2025-09-05 15:44:54,9.7,cinematic,False,False
CT002243,C0145,cine,Action,2025-08-08 01:56:42,17.9,"story,creative",True,False
CT002244,C0239,image,Drama,2026-08-13 13:59:59,63.3,"cinematic,trending,experimental",False,False
CT002245,C0149,cine,Horror,2026-05-04 07:06:30,21.6,"story,experimental",False,False
CT002246,C0475,video,Animation,2025-09-26 03:47:57,71.4,ai,False,False
CT002247,C0397,mini,Horror,2026-04-22 09:47:32,10.7,"character,ai",False,False
CT002248,C0347,cine,Documentary,2026-01-14 19:07:13,47.5,"trending,ai,experimental",False,False
CT002249,C0322,image,Romance,2025-06-04 10:16:11,47.0,"trending,story,experimental",False,False
CT002250,C0161,mini,Romance,2025-10-02 05:08:40,17.5,"character,cinematic,viral",True,False
CT002251,C0337,image,Comedy,2026-05-20 07:09:09,62.5,"animation,trending,experimental",False,False
CT002252,C0481,cine,Action,2026-04-24 20:54:25,62.3,"visual,trending,viral",False,True
CT002253,C0094,mini,Comedy,2025-12-03 21:25:26,6.9,creative,False,False
CT002254,C0431,mini,Animation,2026-08-24 18:52:09,17.0,"character,creative,visual",False,False
CT002255,C0496,cine,Horror,2026-01-18 00:02:44,46.8,character,False,False
CT002256,C0033,image,Romance,2025-06-06 20:06:29,25.2,experimental,False,False
CT002257,C0044,mini,Romance,2026-08-14 21:35:23,11.7,experimental,False,False
CT002258,C0237,image,Fantasy,2025-06-11 08:36:50,40.1,viral,False,False
CT002259,C0342,mini,Animation,2026-07-25 10:49:49,19.3,"story,ai,creative",False,False
CT002260,C0258,mini,Mystery,2025-07-05 05:40:25,9.1,"cinematic,animation,viral",True,True
CT002261,C0374,mini,Animation,2025-11-22 11:55:10,9.1,"visual,creative",False,False
CT002262,C0413,cine,Sci-Fi,2025-06-25 17:13:08,30.8,"viral,story",False,False
CT002263,C0133,mini,Action,2026-04-20 13:34:12,16.7,"cinematic,viral",True,False
CT002264,C0259,cine,Sci-Fi,2025-10-18 20:41:36,42.8,"ai,trending,visual",True,False
CT002265,C0043,video,Action,2026-01-20 23:12:36,114.5,"cinematic,story,ai",False,False
CT002266,C0059,video,Horror,2025-08-26 13:28:54,53.7,ai,True,False
CT002267,C0369,mini,Documentary,2026-06-10 22:09:01,9.5,story,False,False
CT002268,C0446,image,Romance,2025-12-28 21:28:15,68.6,creative,False,False
CT002269,C0279,video,Fantasy,2025-10-24 18:19:34,36.6,"visual,trending,story",False,False
CT002270,C0364,cine,Documentary,2025-06-11 08:40:24,33.9,"story,character,cinematic",False,False
CT002271,C0483,mini,Romance,2026-01-01 17:56:25,8.8,"story,experimental,cinematic",True,False
CT002272,C0040,mini,Documentary,2026-04-27 18:46:49,5.9,cinematic,False,False
CT002273,C0361,mini,Fantasy,2025-07-22 06:12:40,22.2,"story,animation",True,False
CT002274,C0308,video,Comedy,2026-01-19 00:32:24,60.0,"experimental,visual,character",False,False
CT002275,C0465,mini,Sci-Fi,2026-07-28 13:35:34,8.8,"trending,creative,character",False,False
CT002276,C0151,mini,Comedy,2026-07-01 10:38:38,16.4,"cinematic,creative,trending",False,False
CT002277,C0318,image,Horror,2026-07-16 17:28:04,58.0,"viral,creative,animation",True,False
CT002278,C0422,image,Action,2026-07-14 21:23:10,22.8,"story,animation",False,False
CT002279,C0245,mini,Drama,2025-10-04 21:13:36,14.7,ai,False,False
CT002280,C0131,image,Horror,2025-08-12 18:50:35,22.6,creative,False,False
CT002281,C0470,mini,Animation,2026-02-21 20:03:34,10.8,character,False,False
CT002282,C0079,mini,Horror,2026-04-23 19:05:29,11.9,cinematic,False,False
CT002283,C0413,cine,Documentary,2025-11-20 12:47:44,57.3,"experimental,character,visual",True,False
CT002284,C0418,image,Sci-Fi,2025-09-15 02:27:34,88.8,ai,False,False
CT002285,C0018,mini,Animation,2025-08-11 01:01:24,9.3,"story,ai",True,False
CT002286,C0178,mini,Documentary,2026-01-19 06:46:20,11.3,"story,character,cinematic",False,False
CT002287,C0286,video,Romance,2025-06-21 12:43:55,17.0,"animation,trending,ai",False,False
CT002288,C0054,video,Comedy,2026-04-09 02:46:09,22.3,"cinematic,animation",False,False
CT002289,C0075,cine,Fantasy,2026-06-11 05:04:33,111.9,"story,cinematic,trending",False,False
CT002290,C0166,mini,Mystery,2026-06-14 01:33:27,16.2,cinematic,False,False
CT002291,C0472,mini,Fantasy,2025-10-10 20:19:47,7.1,experimental,False,True
CT002292,C0206,mini,Fantasy,2025-07-16 09:23:32,16.5,"viral,ai,cinematic",False,False
CT002293,C0333,mini,Sci-Fi,2026-01-22 00:59:44,10.1,"ai,visual",False,False
CT002294,C0300,image,Sci-Fi,2026-05-04 13:36:52,40.7,cinematic,False,False
CT002295,C0226,mini,Comedy,2026-07-17 14:57:43,11.1,"viral,animation",False,False
CT002296,C0046,mini,Comedy,2025-07-25 23:06:08,20.1,creative,False,False
CT002297,C0475,image,Horror,2025-06-10 01:37:40,33.8,"animation,visual,experimental",False,False
CT002298,C0261,mini,Documentary,2025-08-04 10:04:23,8.0,cinematic,False,False
CT002299,C0170,mini,Drama,2026-02-05 14:41:38,21.5,"story,visual,creative",False,False
CT002300,C0213,cine,Sci-Fi,2025-08-15 17:48:36,40.9,"viral,visual",False,False
CT002301,C0223,mini,Sci-Fi,2026-08-10 16:54:57,18.7,"story,cinematic",False,False
CT002302,C0490,cine,Documentary,2025-11-05 17:25:22,29.1,visual,False,False
CT002303,C0200,mini,Fantasy,2026-06-05 00:48:33,9.4,visual,False,False
CT002304,C0492,mini,Mystery,2025-10-27 08:22:09,9.4,"visual,viral,animation",False,False
CT002305,C0064,cine,Fantasy,2025-09-09 00:08:30,77.3,"visual,trending",False,False
CT002306,C0105,cine,Fantasy,2025-07-09 23:14:48,31.7,"animation,character,story",False,False
CT002307,C0071,mini,Fantasy,2025-08-31 14:23:08,16.5,"viral,visual",False,False
CT002308,C0473,video,Mystery,2026-05-09 09:06:52,56.6,"visual,animation",True,False
CT002309,C0293,video,Fantasy,2026-05-14 16:39:08,57.5,"ai,character,story",False,False
CT002310,C0245,cine,Documentary,2026-04-01 11:26:55,38.1,"ai,character,trending",False,False
CT002311,C0039,mini,Fantasy,2025-07-07 08:34:16,24.2,"animation,creative",False,False
CT002312,C0080,mini,Animation,2025-10-25 04:26:47,17.4,"experimental,viral",False,True
CT002313,C0464,video,Horror,2026-03-01 07:25:17,54.6,"viral,trending",False,False
CT002314,C0482,mini,Comedy,2026-08-02 05:51:45,7.4,"character,experimental,story",False,False
CT002315,C0162,mini,Action,2025-09-15 18:01:02,11.2,"creative,cinematic",True,True
CT002316,C0354,mini,Animation,2025-08-25 02:34:58,23.2,character,True,False
CT002317,C0161,mini,Horror,2026-06-18 16:49:51,16.6,"trending,animation",False,False
CT002318,C0482,mini,Sci-Fi,2025-12-31 10:30:26,25.5,"character,creative",False,False
CT002319,C0070,mini,Comedy,2025-11-21 00:19:48,24.8,story,False,False
CT002320,C0047,image,Fantasy,2025-11-23 03:40:00,31.4,"visual,creative",False,False
CT002321,C0175,mini,Action,2025-12-07 05:27:29,2.7,"story,experimental",False,True
CT002322,C0091,image,Drama,2026-01-08 02:18:54,59.1,cinematic,False,False
CT002323,C0345,mini,Action,2026-05-29 06:04:54,6.0,visual,True,False
CT002324,C0457,mini,Romance,2026-04-11 05:30:28,26.2,story,False,False
CT002325,C0475,image,Animation,2025-07-11 04:01:53,50.2,trending,False,False
CT002326,C0487,cine,Horror,2025-07-31 10:13:27,63.1,"visual,story,cinematic",False,False
CT002327,C0097,cine,Comedy,2026-03-02 00:55:14,24.5,experimental,False,False
CT002328,C0026,mini,Action,2026-06-18 09:24:10,22.2,"viral,story,creative",False,False
CT002329,C0089,cine,Mystery,2026-08-13 22:54:39,78.9,"ai,cinematic,animation",True,False
CT002330,C0380,image,Action,2026-07-13 21:09:06,54.9,cinematic,False,False
CT002331,C0071,video,Sci-Fi,2026-03-24 13:42:43,29.9,character,False,False
CT002332,C0341,image,Comedy,2025-09-17 09:59:05,55.3,story,False,False
CT002333,C0279,mini,Mystery,2025-07-08 07:07:54,8.6,"character,creative",False,False
CT002334,C0393,image,Animation,2026-05-02 14:39:29,28.6,"ai,cinematic,experimental",False,False
CT002335,C0059,mini,Action,2026-07-20 06:58:55,12.8,"viral,cinematic,creative",False,True
CT002336,C0214,mini,Animation,2025-12-02 17:10:14,6.4,"visual,character",True,False
CT002337,C0047,image,Comedy,2025-07-29 19:11:45,31.0,"animation,cinematic",False,False
CT002338,C0011,mini,Mystery,2026-04-30 14:48:19,7.8,"visual,cinematic",False,False
CT002339,C0375,mini,Sci-Fi,2025-11-16 04:39:30,11.9,experimental,False,False
CT002340,C0274,mini,Mystery,2026-03-19 01:52:40,21.9,ai,False,False
CT002341,C0394,mini,Comedy,2025-08-22 20:17:25,11.7,"ai,visual",False,False
CT002342,C0042,image,Drama,2025-11-10 12:59:56,96.9,"creative,animation",False,False
CT002343,C0156,image,Action,2026-04-26 03:57:23,145.6,animation,False,False
CT002344,C0069,image,Horror,2026-06-26 18:05:32,333.9,"trending,viral,cinematic",False,False
CT002345,C0287,video,Mystery,2025-09-29 18:58:29,18.4,visual,True,False
CT002346,C0282,mini,Documentary,2026-05-31 13:58:19,14.9,"story,ai",True,False
CT002347,C0372,image,Documentary,2025-09-28 01:34:40,20.5,"viral,animation",False,False
CT002348,C0046,mini,Romance,2026-05-02 13:45:29,6.5,"animation,viral,creative",False,False
CT002349,C0028,image,Mystery,2025-12-06 13:59:41,48.9,viral,True,False
CT002350,C0426,image,Animation,2026-04-16 22:16:40,12.2,"trending,experimental,character",False,False
CT002351,C0314,video,Drama,2025-10-09 11:01:10,79.0,"viral,animation,trending",True,False
CT002352,C0061,image,Romance,2025-07-08 15:21:52,54.5,viral,False,True
CT002353,C0143,mini,Drama,2026-05-24 18:11:50,7.6,"character,animation",False,True
CT002354,C0198,image,Comedy,2025-06-04 09:13:48,22.6,"creative,story",False,False
CT002355,C0205,mini,Animation,2026-01-27 04:01:16,13.8,"experimental,character",False,False
CT002356,C0366,cine,Horror,2025-06-27 14:26:47,65.7,"ai,cinematic,trending",False,False
CT002357,C0180,mini,Comedy,2026-02-09 11:59:49,17.5,"visual,experimental,cinematic",False,False
CT002358,C0294,cine,Documentary,2025-07-20 16:22:37,143.5,"animation,story,viral",False,True
CT002359,C0359,image,Drama,2025-08-13 16:50:13,54.1,"ai,visual",False,False
CT002360,C0051,mini,Animation,2026-08-24 04:33:43,8.8,"viral,experimental,trending",True,False
CT002361,C0235,mini,Comedy,2026-07-22 13:13:46,15.5,"viral,creative",False,False
CT002362,C0128,mini,Drama,2025-12-21 13:14:59,21.9,"ai,animation",False,True
CT002363,C0385,mini,Horror,2025-11-07 02:12:13,10.8,cinematic,False,False
CT002364,C0068,mini,Horror,2026-04-14 03:33:46,15.0,"trending,creative,viral",False,False
CT002365,C0157,image,Animation,2025-11-20 02:02:49,249.6,viral,True,False
CT002366,C0302,image,Drama,2025-08-09 00:36:42,52.5,"cinematic,viral,creative",True,True
CT002367,C0267,cine,Fantasy,2025-09-19 12:42:28,34.9,"cinematic,ai,trending",True,False
CT002368,C0023,mini,Sci-Fi,2026-03-09 10:23:59,19.8,"cinematic,experimental,viral",True,False
CT002369,C0454,cine,Fantasy,2026-08-12 20:17:34,38.8,ai,False,False
CT002370,C0042,video,Mystery,2026-03-25 10:24:42,29.4,trending,False,False
CT002371,C0218,mini,Fantasy,2026-03-04 19:35:06,24.1,"cinematic,viral,creative",False,False
CT002372,C0031,mini,Mystery,2026-05-24 21:44:33,16.7,"visual,animation,cinematic",False,False
CT002373,C0283,cine,Action,2025-06-28 19:06:16,111.1,animation,True,False
CT002374,C0177,mini,Fantasy,2026-03-12 00:57:07,7.9,"character,animation,experimental",False,False
CT002375,C0330,mini,Drama,2025-08-27 19:56:40,19.1,"cinematic,experimental,visual",False,False
CT002376,C0310,image,Animation,2025-12-09 20:38:52,65.2,"viral,story,creative",False,True
CT002377,C0453,mini,Horror,2026-01-06 02:00:19,6.7,visual,False,False
CT002378,C0024,cine,Documentary,2026-04-29 18:31:31,120.1,"story,character",False,False
CT002379,C0311,mini,Horror,2025-08-25 15:51:18,7.5,"viral,experimental",False,True
CT002380,C0171,mini,Drama,2026-08-10 05:00:40,12.7,animation,False,False
CT002381,C0302,cine,Comedy,2026-03-03 21:30:34,54.1,"ai,visual",False,True
CT002382,C0478,mini,Action,2025-11-06 19:02:33,14.5,viral,False,False
CT002383,C0418,mini,Animation,2025-10-19 09:37:37,11.9,"visual,experimental",False,False
CT002384,C0482,cine,Action,2025-07-17 09:55:23,75.7,character,True,False
CT002385,C0496,image,Sci-Fi,2025-11-07 10:10:44,23.3,animation,False,False
CT002386,C0387,image,Drama,2025-07-24 09:29:39,78.9,"animation,visual,cinematic",False,False
CT002387,C0448,image,Action,2026-05-25 17:10:17,60.5,"ai,experimental",True,False
CT002388,C0342,cine,Comedy,2026-05-29 00:22:19,40.7,"story,viral",False,False
CT002389,C0067,mini,Animation,2026-01-26 02:44:06,19.7,"creative,cinematic,trending",False,False
CT002390,C0447,mini,Mystery,2026-08-14 19:53:01,24.0,viral,False,False
CT002391,C0330,mini,Comedy,2025-07-22 12:58:57,13.1,"viral,experimental,animation",False,False
CT002392,C0433,mini,Drama,2026-07-06 14:44:05,20.9,story,False,False
CT002393,C0162,mini,Animation,2025-11-17 14:00:55,12.8,visual,False,True
CT002394,C0292,image,Animation,2026-05-12 15:52:04,42.4,"trending,creative",False,False
CT002395,C0208,cine,Comedy,2026-07-14 17:33:59,17.9,"ai,viral",False,False
CT002396,C0004,mini,Horror,2025-07-29 04:57:02,6.2,"trending,experimental,visual",False,False
CT002397,C0323,cine,Romance,2026-06-21 20:21:44,16.0,"experimental,viral,trending",False,False
CT002398,C0152,image,Documentary,2026-08-27 09:21:17,26.2,"trending,ai",True,True
CT002399,C0072,mini,Animation,2026-05-13 11:42:46,11.4,viral,False,False
CT002400,C0104,mini,Sci-Fi,2025-08-06 14:07:33,27.9,visual,False,False
CT002401,C0347,cine,Sci-Fi,2026-06-20 15:33:38,27.4,"trending,animation",False,False
CT002402,C0358,mini,Mystery,2025-10-05 16:16:32,10.7,"ai,animation,character",False,False
CT002403,C0150,mini,Action,2025-07-12 17:28:25,9.6,"viral,animation,creative",False,False
CT002404,C0171,cine,Documentary,2026-03-21 12:32:10,202.5,"creative,experimental,character",True,False
CT002405,C0407,cine,Sci-Fi,2025-07-26 17:04:25,16.8,"animation,experimental,viral",False,False
CT002406,C0235,image,Romance,2026-02-15 09:11:34,87.5,"character,story",False,False
CT002407,C0187,mini,Fantasy,2025-06-09 11:57:45,11.8,"cinematic,visual",False,False
CT002408,C0426,video,Horror,2026-05-04 15:42:59,231.8,"story,trending,animation",False,False
CT002409,C0030,mini,Drama,2025-07-28 00:17:57,6.2,"animation,visual",False,False
CT002410,C0337,mini,Drama,2026-04-02 19:26:14,12.8,"ai,cinematic",False,False
CT002411,C0300,mini,Comedy,2026-06-11 12:54:12,10.5,"creative,viral",False,False
CT002412,C0194,mini,Sci-Fi,2025-07-15 07:31:50,14.1,"animation,ai",False,False
CT002413,C0374,image,Sci-Fi,2025-06-18 07:05:36,88.0,"experimental,ai,character",False,False
CT002414,C0140,mini,Romance,2026-07-06 08:33:15,10.0,visual,False,False
CT002415,C0308,mini,Comedy,2025-12-30 02:55:09,19.3,story,False,False
CT002416,C0132,cine,Drama,2026-01-17 13:15:08,98.2,"trending,ai",False,False
CT002417,C0392,mini,Animation,2025-09-21 16:26:27,32.2,"character,visual",False,False
CT002418,C0206,cine,Horror,2026-01-03 20:01:32,45.2,experimental,False,True
CT002419,C0403,video,Documentary,2026-06-15 14:52:03,53.2,visual,False,False
CT002420,C0291,mini,Action,2026-06-20 20:27:38,13.3,"character,trending,visual",True,False
CT002421,C0022,mini,Mystery,2026-06-02 02:33:30,8.2,cinematic,False,False
CT002422,C0304,mini,Animation,2025-10-11 01:10:17,25.6,"character,viral",False,True
CT002423,C0001,image,Mystery,2026-05-16 07:02:46,150.4,"trending,creative,ai",False,False
CT002424,C0367,video,Animation,2025-12-23 03:42:48,27.6,experimental,False,False
CT002425,C0112,image,Action,2025-11-20 11:38:16,52.8,"story,character,viral",True,False
CT002426,C0491,cine,Drama,2025-10-27 17:54:03,27.4,"story,creative,character",False,False
CT002427,C0113,mini,Action,2026-07-28 01:39:55,9.0,"story,cinematic",False,False
CT002428,C0218,image,Horror,2025-08-18 23:52:12,37.8,cinematic,False,False
CT002429,C0282,image,Drama,2026-07-14 12:16:28,93.8,character,False,False
CT002430,C0072,mini,Fantasy,2026-07-21 22:07:11,13.0,viral,False,False
CT002431,C0115,image,Documentary,2026-03-24 18:31:06,144.6,visual,False,False
CT002432,C0481,image,Comedy,2025-06-13 01:52:13,150.4,"trending,ai,animation",False,False
CT002433,C0182,video,Drama,2026-03-07 08:12:39,89.8,"trending,animation,ai",True,False
CT002434,C0385,image,Animation,2025-07-23 15:05:57,24.5,"viral,character,cinematic",False,False
CT002435,C0228,image,Animation,2025-11-01 15:31:59,148.9,"viral,creative",False,False
CT002436,C0111,video,Action,2025-07-05 08:04:54,40.3,trending,True,False
CT002437,C0297,mini,Animation,2026-05-02 13:33:54,5.8,"creative,ai",False,False
CT002438,C0073,cine,Mystery,2026-01-07 14:59:01,78.2,"visual,viral,creative",False,False
CT002439,C0499,video,Mystery,2026-08-02 22:49:44,29.9,"trending,animation",False,False
CT002440,C0335,cine,Horror,2026-04-08 17:42:51,130.5,creative,False,False
CT002441,C0342,video,Fantasy,2025-10-23 04:39:31,95.3,"cinematic,character",False,False
CT002442,C0013,mini,Sci-Fi,2026-05-20 10:17:54,11.4,"animation,creative",False,False
CT002443,C0132,mini,Comedy,2025-10-09 09:12:48,11.9,experimental,False,False
CT002444,C0189,mini,Romance,2025-10-01 16:31:25,13.5,"character,ai",False,False
CT002445,C0175,mini,Horror,2025-09-29 04:38:57,18.7,"creative,animation",False,False
CT002446,C0059,cine,Action,2026-04-21 02:35:51,14.8,trending,True,False
CT002447,C0022,mini,Animation,2026-08-23 07:40:14,34.7,"visual,ai,viral",False,True
CT002448,C0298,mini,Animation,2026-06-25 07:35:01,30.0,"experimental,animation",False,False
CT002449,C0210,image,Animation,2026-02-02 09:14:10,129.2,"ai,trending",False,False
CT002450,C0123,image,Documentary,2025-06-05 19:19:26,480.6,"visual,character,creative",True,False
CT002451,C0295,mini,Fantasy,2026-08-16 05:04:20,18.0,"experimental,character",False,False
CT002452,C0496,mini,Drama,2025-11-22 20:37:09,5.1,"animation,visual,character",False,False
CT002453,C0473,image,Documentary,2026-03-09 12:36:02,144.7,"ai,creative,animation",False,False
CT002454,C0436,mini,Sci-Fi,2025-12-11 01:39:59,8.2,"trending,visual",False,False
CT002455,C0132,image,Horror,2025-10-12 19:38:20,64.8,"cinematic,story",False,False
CT002456,C0083,cine,Animation,2025-10-17 07:18:10,90.1,"ai,story",False,False
CT002457,C0122,image,Documentary,2026-02-23 09:31:00,28.0,"experimental,character",False,True
CT002458,C0156,mini,Documentary,2025-12-13 21:02:35,42.0,cinematic,False,False
CT002459,C0006,image,Documentary,2025-08-10 21:12:19,25.7,"ai,experimental",False,False
CT002460,C0157,mini,Fantasy,2025-11-20 08:12:29,25.7,"ai,story",True,False
CT002461,C0284,video,Mystery,2025-12-22 08:00:35,44.8,character,True,False
CT002462,C0124,mini,Horror,2026-03-13 07:03:20,9.0,experimental,False,False
CT002463,C0498,mini,Animation,2025-12-19 22:49:50,18.5,"character,visual,viral",False,False
CT002464,C0419,image,Comedy,2025-08-28 22:23:58,43.8,"experimental,cinematic,character",False,False
CT002465,C0185,mini,Animation,2026-02-18 21:38:24,18.5,creative,True,False
CT002466,C0207,mini,Sci-Fi,2026-06-17 14:13:05,17.1,"character,cinematic",False,False
CT002467,C0248,mini,Romance,2025-11-24 13:58:27,8.2,cinematic,False,False
CT002468,C0166,image,Fantasy,2026-03-17 03:22:42,79.0,"visual,cinematic",False,True
CT002469,C0032,cine,Romance,2025-12-25 13:00:50,22.0,"creative,animation",False,False
CT002470,C0187,mini,Mystery,2025-10-14 14:15:29,6.0,"cinematic,ai,viral",False,False
CT002471,C0286,mini,Romance,2026-07-05 12:38:32,13.1,"story,experimental,animation",False,False
CT002472,C0128,cine,Fantasy,2026-08-14 11:23:29,18.1,story,False,False
CT002473,C0103,cine,Romance,2025-08-22 06:12:06,22.9,"visual,story,experimental",False,False
CT002474,C0259,mini,Comedy,2026-03-11 22:22:26,12.7,visual,True,False
CT002475,C0008,mini,Comedy,2026-07-26 17:28:16,15.8,"experimental,animation",True,False
CT002476,C0371,cine,Romance,2026-02-01 01:14:18,89.4,story,False,False
CT002477,C0336,mini,Drama,2026-02-01 13:47:56,11.2,"creative,visual,viral",False,False
CT002478,C0483,video,Drama,2026-08-12 14:05:14,78.3,"animation,trending",True,False
CT002479,C0075,mini,Sci-Fi,2026-03-14 18:23:20,18.1,"experimental,creative",False,True
CT002480,C0400,mini,Action,2026-06-23 02:30:50,9.3,"trending,character",False,False
CT002481,C0051,mini,Animation,2025-07-18 13:04:36,32.8,"viral,experimental,creative",False,False
CT002482,C0384,image,Documentary,2026-02-24 20:37:53,62.5,character,False,False
CT002483,C0112,mini,Horror,2025-08-06 05:42:09,7.0,"animation,viral",False,False
CT002484,C0410,mini,Fantasy,2025-09-01 22:47:11,22.9,"story,viral",False,False
CT002485,C0069,mini,Comedy,2026-05-01 01:15:12,16.7,"character,visual",False,False
CT002486,C0406,mini,Mystery,2026-07-02 15:41:58,15.0,"cinematic,ai",False,False
CT002487,C0312,mini,Animation,2026-07-16 16:49:36,10.9,"viral,ai",False,False
CT002488,C0023,mini,Romance,2026-05-15 18:59:00,10.3,"viral,character,visual",False,False
CT002489,C0136,image,Documentary,2026-01-23 14:21:13,21.0,"viral,animation",False,False
CT002490,C0235,mini,Comedy,2025-12-15 22:16:45,9.3,story,False,False
CT002491,C0330,mini,Fantasy,2025-08-16 09:24:26,30.0,"story,trending",False,False
CT002492,C0366,video,Action,2026-05-25 12:16:14,126.0,"viral,story",False,True
CT002493,C0273,image,Documentary,2026-05-30 09:26:29,63.4,character,False,False
CT002494,C0339,video,Sci-Fi,2025-07-29 03:27:48,36.8,viral,False,False
CT002495,C0177,mini,Fantasy,2026-07-24 09:27:43,6.7,story,False,False
CT002496,C0162,mini,Animation,2025-10-28 22:12:29,17.5,"experimental,visual",False,True
CT002497,C0098,mini,Animation,2026-04-02 14:25:32,8.3,ai,True,False
CT002498,C0325,video,Fantasy,2025-07-29 05:27:30,26.1,"viral,visual",True,False
CT002499,C0327,video,Documentary,2025-08-23 09:15:25,28.5,creative,True,False
CT002500,C0455,cine,Mystery,2026-03-04 00:55:22,187.6,story,False,False
CT002501,C0260,mini,Comedy,2025-12-06 02:04:21,11.6,ai,False,False
CT002502,C0301,cine,Documentary,2025-06-13 08:30:54,118.0,"cinematic,character",False,False
CT002503,C0361,video,Mystery,2026-08-03 13:33:52,15.9,ai,False,False
CT002504,C0437,cine,Horror,2026-07-10 12:50:56,124.9,"viral,trending,animation",False,False
CT002505,C0248,image,Animation,2025-08-27 08:39:20,94.1,"visual,creative,viral",False,True
CT002506,C0375,image,Horror,2026-03-24 07:59:29,101.9,viral,False,False
CT002507,C0401,mini,Mystery,2025-08-17 20:43:26,25.4,visual,False,False
CT002508,C0289,image,Fantasy,2026-04-24 02:46:22,55.8,character,False,False
CT002509,C0273,mini,Sci-Fi,2026-04-17 00:23:43,18.5,"cinematic,trending,experimental",True,False
CT002510,C0331,video,Comedy,2026-05-07 02:20:05,24.1,creative,False,False
CT002511,C0409,mini,Sci-Fi,2026-02-03 15:44:48,16.5,trending,False,False
CT002512,C0272,cine,Fantasy,2025-06-11 20:59:00,25.7,"experimental,character,visual",False,False
CT002513,C0270,mini,Action,2025-09-02 08:36:07,13.3,"ai,cinematic",False,False
CT002514,C0109,mini,Romance,2026-08-26 19:51:28,3.5,"visual,cinematic,character",False,False
CT002515,C0481,image,Romance,2026-03-09 03:11:09,35.7,viral,False,True
CT002516,C0031,image,Animation,2025-11-04 03:07:33,49.0,"ai,viral",False,False
CT002517,C0427,video,Documentary,2026-08-02 02:58:04,126.6,"character,experimental,animation",False,False
CT002518,C0189,cine,Comedy,2025-12-14 04:21:24,57.4,"character,viral",False,False
CT002519,C0128,mini,Horror,2026-06-25 23:16:22,14.2,"trending,creative,cinematic",True,False
CT002520,C0114,mini,Action,2026-06-03 07:54:26,18.0,visual,False,False
CT002521,C0363,mini,Fantasy,2025-06-03 23:29:09,7.5,"creative,character,trending",False,False
CT002522,C0145,mini,Romance,2026-07-30 15:16:21,13.8,visual,False,False
CT002523,C0066,mini,Horror,2026-07-05 19:28:52,3.3,story,False,False
CT002524,C0231,mini,Comedy,2026-08-27 11:04:43,5.8,animation,False,False
CT002525,C0454,video,Action,2026-03-13 20:48:56,47.7,"story,viral,animation",False,False
CT002526,C0433,mini,Drama,2026-04-15 10:17:32,7.8,"story,visual,ai",False,False
CT002527,C0174,image,Drama,2025-09-30 19:25:25,40.6,experimental,False,False
CT002528,C0314,cine,Animation,2025-08-09 02:13:05,161.3,"viral,ai",False,False
CT002529,C0233,cine,Romance,2025-07-13 14:23:09,67.4,trending,True,False
CT002530,C0192,cine,Sci-Fi,2025-08-20 10:41:00,49.9,"ai,animation,cinematic",True,False
CT002531,C0011,video,Action,2026-08-17 20:52:57,107.6,"cinematic,experimental,character",True,False
CT002532,C0076,image,Drama,2025-10-04 11:50:53,114.6,experimental,False,False
CT002533,C0431,mini,Animation,2025-06-14 05:47:18,20.8,"viral,story",False,False
CT002534,C0481,mini,Horror,2026-04-10 01:53:45,8.9,"visual,character",False,False
CT002535,C0467,image,Comedy,2025-08-24 04:28:28,80.6,cinematic,False,False
CT002536,C0477,cine,Fantasy,2026-01-19 21:00:26,56.5,ai,False,False
CT002537,C0237,image,Comedy,2026-04-03 02:08:00,109.4,"animation,ai,trending",True,False
CT002538,C0036,mini,Action,2026-02-17 11:00:18,6.0,ai,False,False
CT002539,C0094,image,Action,2026-05-12 14:59:27,28.0,experimental,False,False
CT002540,C0394,mini,Documentary,2025-06-09 08:08:27,14.9,"visual,story",False,False
CT002541,C0349,cine,Drama,2025-09-30 14:21:54,34.0,cinematic,False,False
CT002542,C0494,video,Mystery,2025-12-03 02:00:02,97.0,"character,creative,trending",False,False
CT002543,C0148,cine,Animation,2026-05-03 02:29:58,65.1,"ai,animation,cinematic",False,False
CT002544,C0200,mini,Drama,2026-02-03 03:31:43,8.6,viral,False,False
CT002545,C0480,cine,Comedy,2026-05-15 22:03:14,27.3,cinematic,False,False
CT002546,C0457,mini,Romance,2026-05-05 02:41:22,6.6,"ai,creative",False,False
CT002547,C0156,mini,Animation,2026-06-02 01:02:35,33.5,cinematic,False,False
CT002548,C0478,cine,Horror,2026-03-05 04:19:33,67.0,character,False,True
CT002549,C0286,mini,Sci-Fi,2026-05-10 18:55:15,6.6,"trending,animation",False,False
CT002550,C0496,cine,Animation,2026-04-06 18:48:03,72.0,ai,False,False
CT002551,C0030,cine,Horror,2025-06-15 21:27:32,77.9,animation,True,False
CT002552,C0286,mini,Fantasy,2025-10-07 03:31:40,13.9,experimental,False,False
CT002553,C0495,mini,Sci-Fi,2026-07-12 21:24:57,10.7,"animation,story,viral",False,False
CT002554,C0477,image,Romance,2025-07-12 16:47:54,99.5,visual,False,False
CT002555,C0285,video,Romance,2026-02-12 15:03:33,103.3,"ai,viral",False,False
CT002556,C0021,mini,Sci-Fi,2026-05-16 07:57:28,11.3,story,False,False
CT002557,C0486,mini,Animation,2025-12-14 13:23:13,11.4,"experimental,cinematic",False,False
CT002558,C0074,video,Action,2025-08-21 20:47:36,66.2,"visual,ai,creative",False,False
CT002559,C0155,image,Romance,2025-06-12 03:24:02,63.3,"character,creative,ai",False,False
CT002560,C0438,video,Fantasy,2026-03-28 23:52:13,17.8,visual,True,False
CT002561,C0261,mini,Sci-Fi,2026-02-25 09:43:17,10.3,"animation,cinematic",False,False
CT002562,C0129,video,Sci-Fi,2026-04-12 01:30:06,31.2,"cinematic,character",True,False
CT002563,C0007,image,Mystery,2025-08-14 05:14:28,14.3,"story,experimental,animation",False,False
CT002564,C0092,mini,Comedy,2025-12-31 11:47:20,14.3,"ai,visual,trending",False,False
CT002565,C0386,cine,Fantasy,2026-02-05 17:44:56,23.4,"story,trending",False,False
CT002566,C0359,mini,Comedy,2026-06-18 04:23:47,14.3,"viral,experimental",False,False
CT002567,C0078,mini,Animation,2025-08-26 06:45:50,5.7,creative,True,False
CT002568,C0448,cine,Comedy,2026-04-14 03:41:26,64.9,"viral,ai,creative",True,False
CT002569,C0212,mini,Animation,2026-04-10 16:32:57,7.0,cinematic,False,True
CT002570,C0343,video,Fantasy,2026-02-26 19:42:32,107.3,"cinematic,character,visual",False,False
CT002571,C0330,video,Documentary,2025-07-11 12:19:37,29.2,"character,visual,viral",False,False
CT002572,C0061,video,Romance,2025-07-25 01:15:30,111.0,"creative,animation",False,False
CT002573,C0045,mini,Documentary,2026-03-01 18:34:47,12.5,creative,False,True
CT002574,C0303,image,Animation,2026-03-12 00:00:36,103.9,"viral,animation,experimental",False,False
CT002575,C0393,video,Sci-Fi,2026-03-21 13:45:42,40.7,"visual,experimental,ai",False,False
CT002576,C0469,mini,Action,2026-05-19 16:40:17,17.9,character,False,False
CT002577,C0406,cine,Mystery,2025-11-28 05:33:48,73.6,"character,trending",False,False
CT002578,C0294,mini,Horror,2025-10-13 23:40:18,14.1,"viral,story",True,False
CT002579,C0266,image,Sci-Fi,2026-07-24 05:20:53,116.3,"story,character",True,False
CT002580,C0202,cine,Romance,2026-04-12 17:56:58,136.3,experimental,False,False
CT002581,C0299,video,Romance,2026-01-27 02:33:31,16.3,"visual,animation",False,False
CT002582,C0478,cine,Animation,2026-02-10 10:55:38,54.6,"story,creative,visual",False,False
CT002583,C0048,image,Sci-Fi,2026-05-09 05:40:11,86.1,viral,True,False
CT002584,C0235,mini,Action,2025-10-20 08:57:52,5.5,"character,story",True,False
CT002585,C0222,cine,Drama,2025-12-20 16:46:24,60.5,"trending,cinematic,viral",False,False
CT002586,C0157,video,Comedy,2025-06-20 15:04:17,66.0,character,False,True
CT002587,C0419,image,Animation,2026-05-28 00:31:18,17.8,"character,ai,creative",False,False
CT002588,C0270,video,Romance,2026-01-15 07:24:39,167.1,experimental,True,False
CT002589,C0045,cine,Mystery,2026-07-15 05:08:46,86.7,trending,False,False
CT002590,C0349,cine,Comedy,2025-10-14 09:50:55,34.6,"character,visual,cinematic",False,False
CT002591,C0494,video,Drama,2025-12-06 07:44:57,32.3,ai,True,False
CT002592,C0100,mini,Mystery,2025-06-25 21:31:21,10.4,"animation,visual,character",False,False
CT002593,C0243,image,Horror,2026-08-16 02:47:58,65.6,"viral,animation,experimental",True,False
CT002594,C0120,image,Drama,2025-11-04 06:51:18,70.4,"experimental,cinematic",False,False
CT002595,C0005,image,Documentary,2025-08-09 19:50:27,80.5,ai,True,True
CT002596,C0215,cine,Sci-Fi,2026-03-07 03:51:24,64.0,"character,trending",False,False
CT002597,C0170,cine,Romance,2026-06-21 20:28:20,14.6,visual,False,False
CT002598,C0444,mini,Drama,2025-07-21 17:04:30,14.4,animation,False,False
CT002599,C0249,video,Documentary,2026-01-26 18:44:09,80.7,"experimental,creative,visual",False,False
CT002600,C0312,mini,Sci-Fi,2026-01-03 00:38:05,17.6,"viral,ai,visual",False,False
CT002601,C0474,cine,Drama,2025-08-03 02:47:01,39.2,"visual,cinematic",True,False
CT002602,C0262,mini,Sci-Fi,2025-10-04 22:28:02,6.5,creative,False,False
CT002603,C0349,cine,Sci-Fi,2026-03-13 03:38:13,123.3,visual,False,False
CT002604,C0263,mini,Comedy,2026-08-26 04:56:37,22.4,"story,creative,visual",False,False
CT002605,C0283,cine,Romance,2025-07-30 21:06:53,68.8,"visual,creative,story",False,False
CT002606,C0104,image,Horror,2026-03-15 06:59:33,101.7,"trending,viral",False,False
CT002607,C0484,cine,Horror,2026-07-10 16:38:15,70.0,experimental,False,False
CT002608,C0152,mini,Documentary,2026-05-11 17:54:44,9.4,visual,False,False
CT002609,C0148,image,Documentary,2026-06-08 02:10:01,54.2,story,False,False
CT002610,C0169,cine,Comedy,2026-07-23 22:35:23,35.8,story,False,False
CT002611,C0189,mini,Fantasy,2026-03-26 08:49:17,6.5,character,False,False
CT002612,C0179,mini,Action,2025-06-18 03:10:04,16.3,"creative,character",False,False
CT002613,C0387,image,Fantasy,2025-09-15 05:47:30,55.7,story,True,False
CT002614,C0361,video,Action,2025-12-06 14:17:33,72.1,"animation,cinematic",False,False
CT002615,C0298,image,Sci-Fi,2026-08-14 00:55:01,61.6,"trending,visual",True,False
CT002616,C0149,video,Sci-Fi,2025-09-04 11:45:21,56.7,ai,False,False
CT002617,C0110,cine,Action,2026-06-25 01:01:26,58.4,creative,False,False
CT002618,C0336,mini,Animation,2026-03-17 07:13:28,10.0,ai,True,False
CT002619,C0374,image,Drama,2026-04-23 03:16:11,25.9,"creative,viral,trending",False,False
CT002620,C0196,mini,Drama,2025-07-18 18:39:44,39.3,"viral,experimental,creative",False,False
CT002621,C0134,image,Fantasy,2025-11-14 14:35:27,105.0,visual,False,False
CT002622,C0230,cine,Documentary,2025-12-29 15:15:13,62.2,"experimental,viral,ai",True,False
CT002623,C0275,mini,Documentary,2026-01-07 18:43:32,7.6,"experimental,animation",False,False
CT002624,C0030,mini,Sci-Fi,2026-07-06 02:48:54,10.0,"animation,character",False,False
CT002625,C0427,mini,Animation,2025-11-02 03:45:43,3.4,visual,True,False
CT002626,C0359,mini,Mystery,2026-07-02 03:16:14,20.6,creative,False,False
CT002627,C0138,mini,Documentary,2026-06-23 07:41:03,18.1,"story,experimental,trending",True,False
CT002628,C0417,mini,Horror,2026-03-20 20:08:25,7.1,trending,False,False
CT002629,C0385,mini,Sci-Fi,2025-10-19 20:24:52,21.2,"creative,story,trending",False,False
CT002630,C0245,mini,Romance,2025-07-16 02:11:54,19.2,story,False,False
CT002631,C0429,cine,Drama,2025-09-17 16:04:40,116.1,visual,False,False
CT002632,C0103,image,Drama,2026-03-04 15:49:17,54.9,"trending,creative,animation",False,False
CT002633,C0157,cine,Action,2025-09-06 17:48:15,91.6,trending,False,False
CT002634,C0499,cine,Romance,2026-07-17 05:55:06,139.9,animation,False,False
CT002635,C0100,image,Fantasy,2025-11-30 22:19:25,52.5,"trending,experimental",False,False
CT002636,C0424,image,Action,2025-10-07 15:45:07,71.6,"cinematic,animation,character",True,False
CT002637,C0432,video,Mystery,2026-03-12 01:45:52,40.3,"trending,story,animation",False,False
CT002638,C0185,cine,Sci-Fi,2025-08-11 02:03:01,82.0,"creative,story,animation",False,False
CT002639,C0234,cine,Mystery,2026-06-15 05:33:53,29.2,"creative,animation,trending",False,False
CT002640,C0467,video,Sci-Fi,2026-02-06 16:05:22,90.0,"ai,cinematic,viral",False,False
CT002641,C0156,cine,Romance,2026-07-27 15:59:59,165.7,"visual,experimental",False,False
CT002642,C0186,cine,Fantasy,2026-06-25 16:39:27,30.5,"experimental,story,creative",False,False
CT002643,C0004,image,Mystery,2025-07-07 12:28:32,144.3,trending,True,False
CT002644,C0179,mini,Animation,2026-07-15 13:13:33,5.6,"visual,creative,cinematic",False,False
CT002645,C0103,image,Mystery,2025-06-22 12:26:03,36.6,"viral,ai",False,False
CT002646,C0102,image,Fantasy,2026-05-28 17:47:12,49.6,"trending,visual",False,False
CT002647,C0256,cine,Action,2025-11-13 09:46:18,58.8,"creative,viral",False,False
CT002648,C0389,mini,Documentary,2025-11-05 01:29:59,12.8,experimental,True,False
CT002649,C0415,cine,Fantasy,2026-06-05 09:46:15,127.9,viral,False,False
CT002650,C0184,image,Mystery,2025-10-04 07:20:11,47.6,"visual,cinematic",False,False
CT002651,C0252,mini,Sci-Fi,2026-07-19 18:37:04,16.3,"story,experimental,creative",False,False
CT002652,C0041,video,Sci-Fi,2025-06-19 10:05:51,254.1,cinematic,True,False
CT002653,C0134,mini,Comedy,2025-08-16 19:31:35,16.3,"experimental,animation",False,False
CT002654,C0156,image,Mystery,2025-11-11 01:54:25,41.0,"story,viral,visual",False,False
CT002655,C0460,mini,Documentary,2025-10-09 07:21:15,4.0,"creative,story",False,False
CT002656,C0425,cine,Horror,2026-07-03 00:36:34,125.8,experimental,False,False
CT002657,C0185,video,Romance,2026-07-17 07:04:10,53.9,"creative,viral",True,False
CT002658,C0086,cine,Fantasy,2025-12-09 22:50:40,69.1,experimental,False,False
CT002659,C0084,mini,Documentary,2026-02-18 13:44:03,7.9,"ai,cinematic",False,False
CT002660,C0255,video,Fantasy,2025-11-02 10:20:35,46.6,"trending,creative",False,False
CT002661,C0468,cine,Animation,2025-12-03 21:49:42,112.4,"character,story",True,False
CT002662,C0300,cine,Drama,2025-11-01 11:18:57,20.6,"trending,visual",False,False
CT002663,C0193,mini,Documentary,2025-09-20 01:14:43,12.4,animation,False,False
CT002664,C0413,cine,Fantasy,2026-04-13 15:27:51,40.2,"visual,trending,story",False,False
CT002665,C0237,image,Comedy,2025-07-22 11:31:28,43.1,ai,True,False
CT002666,C0110,cine,Action,2025-10-11 10:57:06,47.1,cinematic,False,False
CT002667,C0414,mini,Animation,2025-07-20 10:52:11,21.2,"story,animation",False,False
CT002668,C0451,mini,Fantasy,2025-12-23 23:41:35,8.2,"trending,visual",False,False
CT002669,C0145,mini,Fantasy,2026-04-04 09:04:07,74.7,"cinematic,viral,story",False,False
CT002670,C0490,video,Drama,2026-01-23 04:15:02,147.1,"visual,animation,trending",False,False
CT002671,C0262,video,Action,2026-04-25 12:12:50,101.0,visual,False,False
CT002672,C0121,cine,Action,2026-02-18 02:03:40,52.2,"ai,trending",False,False
CT002673,C0431,image,Horror,2025-11-14 18:03:04,107.3,cinematic,False,True
CT002674,C0071,mini,Romance,2026-07-21 20:26:14,13.5,"story,creative",False,False
CT002675,C0127,video,Drama,2026-03-04 08:04:00,71.8,"character,cinematic,visual",False,False
CT002676,C0186,mini,Romance,2025-06-18 10:38:04,23.1,"cinematic,viral,story",False,False
CT002677,C0440,mini,Action,2025-08-11 03:38:33,13.8,"trending,experimental,ai",False,False
CT002678,C0474,mini,Comedy,2026-04-03 05:37:54,5.1,"cinematic,viral,animation",False,False
CT002679,C0102,cine,Fantasy,2025-06-10 13:18:57,36.4,"animation,cinematic",False,False
CT002680,C0006,cine,Comedy,2025-08-18 14:05:54,71.7,"trending,character",False,True
CT002681,C0424,mini,Animation,2025-07-16 12:29:38,11.9,"experimental,trending,animation",False,False
CT002682,C0267,mini,Documentary,2026-06-05 04:19:16,7.4,"creative,viral",True,False
CT002683,C0193,image,Romance,2025-07-19 06:32:11,56.8,"visual,cinematic",False,False
CT002684,C0003,image,Documentary,2025-08-31 20:46:13,66.7,"experimental,creative,ai",True,False
CT002685,C0275,mini,Horror,2026-08-24 01:19:46,23.1,"cinematic,ai",False,False
CT002686,C0067,mini,Animation,2025-07-25 20:21:35,7.0,"trending,character,story",False,False
CT002687,C0272,image,Romance,2025-09-16 14:55:59,67.6,"viral,cinematic,visual",True,False
CT002688,C0077,cine,Fantasy,2026-06-07 01:01:51,109.6,creative,False,True
CT002689,C0102,cine,Comedy,2025-08-01 03:51:35,38.7,"story,character,viral",False,False
CT002690,C0062,cine,Action,2025-09-13 17:05:02,84.2,viral,True,False
CT002691,C0087,cine,Action,2026-05-29 16:42:51,170.4,creative,False,False
CT002692,C0342,mini,Animation,2025-06-01 03:58:39,17.9,"animation,viral,character",False,False
CT002693,C0358,image,Comedy,2025-11-15 04:43:42,9.4,"visual,viral,creative",False,False
CT002694,C0228,video,Sci-Fi,2025-09-26 00:03:33,63.5,"visual,character,ai",False,False
CT002695,C0412,cine,Mystery,2025-09-03 01:19:08,20.1,animation,False,False
CT002696,C0479,mini,Drama,2025-11-26 22:28:21,5.7,"story,trending,viral",False,False
CT002697,C0066,video,Animation,2025-09-09 11:45:57,38.6,"animation,visual",False,True
CT002698,C0114,mini,Fantasy,2026-05-19 23:12:06,12.9,trending,False,False
CT002699,C0374,video,Documentary,2025-08-03 09:38:06,51.3,"experimental,ai,visual",True,False
CT002700,C0294,cine,Documentary,2025-11-30 00:54:42,33.7,"creative,cinematic",False,False
CT002701,C0164,image,Animation,2025-07-07 10:29:03,82.0,"trending,story,experimental",True,False
CT002702,C0283,mini,Comedy,2025-07-19 04:18:34,14.4,"viral,experimental,trending",False,False
CT002703,C0298,mini,Fantasy,2026-04-07 03:24:34,5.6,visual,False,False
CT002704,C0296,mini,Comedy,2025-12-23 23:26:47,13.6,"visual,cinematic,animation",True,False
CT002705,C0264,mini,Romance,2025-12-18 15:10:39,13.8,story,False,False
CT002706,C0014,mini,Mystery,2025-10-02 17:48:18,11.4,"viral,story,trending",False,False
CT002707,C0368,mini,Animation,2025-08-07 16:31:25,6.4,"trending,animation,viral",False,False
CT002708,C0094,cine,Horror,2026-07-06 02:59:30,36.5,experimental,False,False
CT002709,C0270,video,Action,2026-05-28 08:31:19,66.7,"experimental,visual,viral",False,False
CT002710,C0266,mini,Animation,2025-12-28 16:57:07,14.3,"experimental,visual,creative",False,False
CT002711,C0048,image,Action,2025-06-09 17:18:17,56.6,"creative,character",False,False
CT002712,C0144,mini,Sci-Fi,2026-07-15 12:27:12,10.9,cinematic,False,True
CT002713,C0140,cine,Romance,2025-12-14 08:54:02,76.9,"character,trending",False,False
CT002714,C0099,cine,Documentary,2025-08-26 09:18:06,84.1,"cinematic,viral,experimental",False,False
CT002715,C0193,image,Action,2025-07-29 01:13:53,94.1,"character,cinematic",False,False
CT002716,C0147,mini,Drama,2026-08-29 05:52:43,10.6,"experimental,character",False,False
CT002717,C0283,mini,Romance,2025-06-13 15:55:41,37.8,viral,False,True
CT002718,C0033,mini,Animation,2025-11-17 05:57:07,10.6,ai,False,False
CT002719,C0087,video,Fantasy,2026-02-07 02:26:53,41.3,"animation,character,viral",False,False
CT002720,C0255,mini,Sci-Fi,2025-10-12 20:51:41,12.0,"cinematic,ai",False,False
CT002721,C0164,cine,Romance,2025-08-10 21:03:32,37.0,"trending,ai,creative",False,True
CT002722,C0207,mini,Fantasy,2026-03-21 19:39:05,32.3,cinematic,False,False
CT002723,C0036,cine,Horror,2025-07-02 05:51:16,89.9,story,True,False
CT002724,C0128,mini,Animation,2026-08-19 09:58:40,10.5,story,False,False
CT002725,C0164,mini,Romance,2026-01-05 07:40:52,18.7,"cinematic,character",False,True
CT002726,C0011,mini,Documentary,2026-05-02 09:12:55,22.7,story,False,False
CT002727,C0257,mini,Fantasy,2026-06-20 16:45:13,9.1,character,False,False
CT002728,C0026,mini,Horror,2026-05-27 01:40:50,19.1,"cinematic,ai",True,False
CT002729,C0466,mini,Mystery,2026-01-08 10:43:19,10.9,"trending,creative",False,False
CT002730,C0026,image,Action,2025-07-06 02:11:33,82.1,"creative,viral",True,False
CT002731,C0091,mini,Documentary,2025-07-07 07:44:10,8.6,ai,True,False
CT002732,C0260,mini,Horror,2025-11-10 05:39:05,6.8,ai,False,False
CT002733,C0013,mini,Fantasy,2025-10-17 18:52:49,12.7,"character,trending",False,False
CT002734,C0312,image,Drama,2026-07-10 11:08:22,22.7,"viral,cinematic,experimental",False,False
CT002735,C0187,mini,Documentary,2025-12-21 10:02:10,21.6,character,False,False
CT002736,C0010,image,Comedy,2026-08-29 16:58:03,126.4,"cinematic,visual",False,False
CT002737,C0301,mini,Documentary,2025-10-07 04:58:06,10.0,character,True,False
CT002738,C0038,mini,Action,2026-08-15 21:17:42,11.1,"animation,character,visual",False,False
CT002739,C0303,mini,Animation,2025-11-01 21:59:55,8.8,ai,True,False
CT002740,C0333,mini,Mystery,2026-08-30 16:08:44,12.9,"visual,animation",False,False
CT002741,C0175,mini,Mystery,2026-01-15 01:50:29,10.9,"trending,cinematic",False,False
CT002742,C0297,mini,Romance,2025-06-09 14:05:50,12.5,"creative,experimental,cinematic",False,False
CT002743,C0019,video,Action,2026-08-04 18:23:29,77.5,viral,False,False
CT002744,C0430,image,Sci-Fi,2025-09-02 17:17:51,171.4,"ai,visual",False,False
CT002745,C0460,video,Sci-Fi,2026-06-03 00:16:38,11.3,"ai,character",True,False
CT002746,C0085,video,Mystery,2026-06-09 19:15:45,28.5,"viral,story,trending",False,True
CT002747,C0246,mini,Sci-Fi,2025-09-02 04:41:44,16.9,trending,False,False
CT002748,C0207,image,Fantasy,2026-02-15 09:11:50,39.7,"viral,story,animation",False,False
CT002749,C0387,cine,Fantasy,2026-05-25 01:52:01,50.3,creative,False,False
CT002750,C0108,cine,Fantasy,2026-08-06 11:36:04,258.5,story,False,False
CT002751,C0195,image,Horror,2025-11-27 21:53:43,34.8,viral,False,True
CT002752,C0184,cine,Fantasy,2025-12-04 23:37:28,47.4,"animation,creative,cinematic",False,True
CT002753,C0416,cine,Sci-Fi,2026-06-07 23:11:52,27.5,"creative,trending",False,False
CT002754,C0258,mini,Documentary,2026-01-11 00:34:30,11.1,"animation,viral",False,True
CT002755,C0392,video,Fantasy,2026-03-09 09:37:13,74.6,animation,True,False
CT002756,C0042,mini,Sci-Fi,2025-07-23 19:10:20,42.8,"experimental,ai,animation",True,False
CT002757,C0051,mini,Romance,2026-04-06 14:48:15,8.3,"trending,visual",False,False
CT002758,C0468,mini,Comedy,2025-10-31 02:20:49,11.9,"creative,animation,cinematic",False,False
CT002759,C0029,cine,Drama,2025-11-13 02:50:47,82.4,viral,False,False
CT002760,C0335,mini,Horror,2026-07-16 19:02:50,12.1,"character,ai,cinematic",False,False
CT002761,C0076,video,Sci-Fi,2026-04-22 05:10:08,32.5,"creative,visual,trending",False,False
CT002762,C0258,cine,Animation,2026-02-10 05:04:07,17.4,"trending,animation",True,False
CT002763,C0413,image,Animation,2026-02-13 22:54:54,78.0,visual,True,True
CT002764,C0238,mini,Fantasy,2026-06-26 07:23:07,9.8,"character,trending",False,False
CT002765,C0133,mini,Romance,2026-03-10 01:39:04,11.1,"creative,character",False,False
CT002766,C0077,cine,Drama,2025-09-04 12:09:41,21.8,"creative,experimental",False,False
CT002767,C0197,mini,Romance,2026-02-05 10:51:40,13.0,animation,False,False
CT002768,C0471,mini,Action,2026-03-13 08:58:58,17.0,"trending,creative",False,False
CT002769,C0286,image,Drama,2025-06-26 10:34:23,101.8,"cinematic,animation,experimental",True,False
CT002770,C0228,image,Action,2025-07-31 16:10:22,34.5,"cinematic,story,ai",False,False
CT002771,C0324,video,Animation,2026-01-03 06:09:59,68.6,animation,False,False
CT002772,C0263,cine,Documentary,2026-02-18 07:23:09,32.2,"viral,cinematic",False,False
CT002773,C0208,mini,Sci-Fi,2025-06-24 08:56:31,9.0,"ai,creative",True,True
CT002774,C0085,video,Romance,2025-12-25 00:09:32,23.4,"animation,trending",False,False
CT002775,C0216,video,Horror,2025-08-16 20:04:41,67.4,animation,False,False
CT002776,C0135,cine,Mystery,2026-04-01 03:17:29,23.2,"character,ai",False,False
CT002777,C0166,mini,Drama,2026-01-03 20:52:55,23.1,"animation,creative,story",True,False
CT002778,C0154,mini,Comedy,2025-07-13 19:34:17,7.7,ai,False,True
CT002779,C0049,image,Animation,2025-12-03 05:10:21,24.6,"character,viral,cinematic",False,False
CT002780,C0261,mini,Drama,2026-07-30 11:20:09,16.3,"animation,trending",False,False
CT002781,C0075,mini,Sci-Fi,2025-06-22 20:37:18,14.3,"animation,story,ai",False,False
CT002782,C0200,mini,Romance,2025-12-02 12:31:42,10.5,"visual,story",True,False
CT002783,C0439,image,Mystery,2025-08-02 13:47:19,76.2,"viral,cinematic,ai",False,False
CT002784,C0423,mini,Comedy,2026-07-17 12:06:44,21.3,animation,True,False
CT002785,C0487,cine,Sci-Fi,2025-12-30 04:10:32,32.3,animation,False,False
CT002786,C0075,image,Horror,2026-03-13 21:18:41,29.9,"animation,character",False,True
CT002787,C0413,image,Horror,2026-08-16 06:03:58,17.5,"trending,animation",False,False
CT002788,C0409,mini,Comedy,2025-06-23 23:58:59,10.1,"creative,visual",False,False
CT002789,C0156,mini,Action,2026-01-08 19:06:59,13.1,experimental,True,False
CT002790,C0181,mini,Fantasy,2025-07-01 18:28:58,6.4,cinematic,False,False
CT002791,C0089,mini,Horror,2026-05-19 06:49:32,14.1,"viral,cinematic",False,False
CT002792,C0483,mini,Sci-Fi,2026-02-23 14:13:57,18.5,"animation,viral,creative",False,False
CT002793,C0251,mini,Documentary,2025-12-20 00:49:43,5.6,visual,False,False
CT002794,C0145,mini,Romance,2025-10-11 20:36:27,13.8,"ai,creative",False,True
CT002795,C0047,image,Action,2025-08-27 10:14:10,140.1,"trending,visual,cinematic",False,False
CT002796,C0251,mini,Action,2026-07-22 16:52:40,6.3,"viral,visual,animation",False,False
CT002797,C0451,video,Action,2025-06-10 15:49:01,47.2,visual,False,False
CT002798,C0188,mini,Action,2025-07-29 19:27:58,12.5,ai,False,False
CT002799,C0387,mini,Documentary,2025-11-19 05:23:45,14.6,ai,False,False
CT002800,C0168,image,Action,2025-11-26 15:12:50,50.2,"visual,story,character",True,False
CT002801,C0487,video,Sci-Fi,2026-07-25 06:54:42,135.2,"trending,story,animation",False,False
CT002802,C0314,mini,Drama,2025-10-20 23:55:33,10.0,viral,False,False
CT002803,C0426,image,Horror,2025-10-27 02:52:49,40.4,"cinematic,creative,story",False,False
CT002804,C0298,image,Mystery,2025-09-15 17:38:46,49.3,"ai,story",False,False
CT002805,C0200,cine,Horror,2025-11-16 01:09:49,78.1,"creative,animation,ai",False,False
CT002806,C0027,cine,Documentary,2025-10-01 18:01:06,22.1,"viral,visual",False,False
CT002807,C0158,mini,Animation,2026-04-12 21:07:21,19.7,"experimental,character",False,False
CT002808,C0114,mini,Drama,2026-05-31 01:54:14,29.5,"character,creative",True,False
CT002809,C0415,mini,Documentary,2026-05-03 00:46:26,28.6,"story,creative,character",False,False
CT002810,C0284,mini,Horror,2026-06-02 13:07:19,29.8,"animation,viral,story",False,False
CT002811,C0290,cine,Horror,2026-03-05 10:09:36,30.9,character,True,False
CT002812,C0487,mini,Sci-Fi,2026-04-10 16:33:29,12.6,"creative,experimental",False,False
CT002813,C0437,mini,Sci-Fi,2025-11-02 05:33:38,4.9,"experimental,ai,character",False,False
CT002814,C0336,mini,Romance,2026-08-29 05:37:08,10.9,trending,False,False
CT002815,C0163,cine,Animation,2026-08-06 00:52:49,73.4,"ai,animation",False,False
CT002816,C0060,image,Documentary,2025-06-27 06:31:23,59.7,visual,False,False
CT002817,C0271,image,Animation,2025-11-08 17:52:25,61.8,"cinematic,creative,character",False,False
CT002818,C0493,video,Horror,2026-04-13 03:00:32,127.7,"cinematic,visual,viral",False,False
CT002819,C0229,video,Comedy,2025-10-12 03:45:19,224.2,"story,viral,cinematic",False,False
CT002820,C0490,mini,Horror,2026-01-20 20:24:00,30.3,"experimental,ai",False,False
CT002821,C0092,mini,Sci-Fi,2026-06-20 11:32:21,16.3,"trending,viral",True,False
CT002822,C0031,cine,Romance,2026-07-09 18:35:12,72.1,"creative,animation,cinematic",True,False
CT002823,C0271,mini,Sci-Fi,2026-08-01 11:04:16,18.3,"ai,cinematic",False,False
CT002824,C0187,mini,Animation,2026-03-24 03:09:48,10.3,trending,False,False
CT002825,C0042,video,Sci-Fi,2026-08-11 04:37:42,72.2,"trending,experimental,character",False,False
CT002826,C0470,mini,Horror,2026-03-24 01:44:21,7.5,"story,character,ai",False,False
CT002827,C0189,cine,Comedy,2026-01-30 03:32:25,73.1,"viral,creative",True,False
CT002828,C0126,image,Action,2025-08-31 08:59:57,20.6,character,True,False
CT002829,C0267,image,Animation,2026-07-02 11:42:49,115.5,ai,False,False
CT002830,C0420,video,Drama,2025-09-26 14:56:49,31.3,"story,creative",True,False
CT002831,C0069,video,Comedy,2025-08-23 18:31:27,51.4,"cinematic,experimental,character",False,False
CT002832,C0181,mini,Mystery,2026-05-15 13:58:43,10.6,"visual,trending",False,False
CT002833,C0377,cine,Documentary,2026-07-11 09:12:21,45.4,visual,False,False
CT002834,C0334,mini,Documentary,2026-08-20 01:00:45,20.7,"cinematic,character,story",False,False
CT002835,C0096,video,Drama,2026-05-12 17:39:04,141.3,animation,False,False
CT002836,C0014,mini,Fantasy,2026-08-12 19:20:23,11.1,"animation,character,visual",False,False
CT002837,C0364,mini,Animation,2025-11-30 00:42:18,4.5,"experimental,cinematic,viral",False,False
CT002838,C0110,video,Comedy,2025-07-19 11:31:39,17.8,"character,ai",False,False
CT002839,C0009,cine,Comedy,2025-09-20 19:17:55,23.1,"story,experimental",False,True
CT002840,C0433,mini,Animation,2025-08-12 19:05:58,5.6,viral,False,True
CT002841,C0342,mini,Sci-Fi,2026-05-13 09:36:26,15.9,"story,visual",False,False
CT002842,C0223,cine,Documentary,2025-12-11 00:35:15,28.5,"trending,visual,ai",False,False
CT002843,C0196,cine,Comedy,2025-12-14 08:19:19,22.8,"creative,story,character",False,False
CT002844,C0436,image,Drama,2026-07-26 05:11:34,192.0,ai,True,False
CT002845,C0396,mini,Action,2026-08-21 05:58:03,7.6,"visual,trending",False,False
CT002846,C0258,image,Action,2025-08-06 10:05:42,154.7,cinematic,False,False
CT002847,C0281,mini,Action,2026-06-25 16:44:43,63.1,"visual,cinematic,story",False,False
CT002848,C0267,video,Romance,2026-03-19 05:50:00,96.0,story,False,False
CT002849,C0190,image,Action,2026-05-27 10:28:36,131.7,"creative,experimental,viral",False,True
CT002850,C0251,video,Drama,2026-08-07 20:59:46,45.2,story,True,False
CT002851,C0332,mini,Horror,2025-10-31 05:01:17,11.7,"cinematic,story,creative",False,False
CT002852,C0324,video,Sci-Fi,2026-06-04 02:24:29,78.5,"viral,story,creative",False,False
CT002853,C0191,video,Romance,2026-04-21 12:18:59,42.7,"cinematic,story",False,False
CT002854,C0414,cine,Drama,2026-03-28 09:18:07,83.2,"ai,experimental",False,False
CT002855,C0177,video,Mystery,2026-05-11 16:50:29,102.7,viral,False,False
CT002856,C0368,image,Mystery,2026-05-17 08:08:28,31.1,"creative,viral,experimental",False,False
CT002857,C0207,video,Fantasy,2025-12-04 17:00:01,36.1,"experimental,story,character",False,False
CT002858,C0472,image,Action,2026-07-28 11:23:08,51.3,"character,cinematic",False,False
CT002859,C0354,video,Fantasy,2025-07-14 03:07:37,132.8,experimental,False,False
CT002860,C0356,mini,Drama,2025-08-25 04:36:36,18.7,"character,ai",True,True
CT002861,C0304,mini,Horror,2026-05-02 06:56:43,11.1,"experimental,ai,visual",False,True
CT002862,C0090,cine,Comedy,2025-12-28 05:44:43,17.3,"animation,viral,story",True,False
CT002863,C0453,image,Documentary,2025-10-13 06:38:05,169.6,"animation,viral",True,False
CT002864,C0350,mini,Fantasy,2026-01-19 11:06:22,5.7,character,False,False
CT002865,C0001,mini,Documentary,2025-07-31 12:56:49,9.3,character,False,False
CT002866,C0155,mini,Mystery,2025-06-02 01:41:24,11.0,"experimental,trending,visual",False,False
CT002867,C0080,video,Animation,2025-06-20 11:07:17,10.8,cinematic,False,False
CT002868,C0068,image,Mystery,2026-07-13 02:02:49,44.8,"visual,trending,experimental",False,False
CT002869,C0245,mini,Comedy,2025-10-28 05:30:40,18.3,"animation,viral",False,False
CT002870,C0398,mini,Action,2026-07-18 11:20:18,16.9,cinematic,False,False
CT002871,C0330,video,Animation,2026-01-19 12:49:05,51.5,"creative,character,viral",False,False
CT002872,C0463,mini,Drama,2025-10-17 17:37:17,14.6,"trending,ai,creative",False,False
CT002873,C0047,cine,Comedy,2025-06-18 12:12:31,195.4,"viral,story,trending",False,False
CT002874,C0304,video,Drama,2025-07-20 03:21:40,82.4,"animation,creative,cinematic",False,False
CT002875,C0149,video,Fantasy,2026-02-12 21:51:55,62.5,creative,True,False
CT002876,C0007,mini,Romance,2026-03-08 18:45:58,15.2,"story,creative,character",False,True
CT002877,C0495,cine,Sci-Fi,2026-07-14 07:06:48,85.8,"creative,viral",True,False
CT002878,C0062,video,Drama,2025-08-28 12:51:03,44.2,"trending,ai,cinematic",False,False
CT002879,C0164,mini,Mystery,2026-02-28 15:40:39,11.5,"creative,experimental,visual",True,True
CT002880,C0251,image,Fantasy,2025-07-09 21:47:41,19.9,"ai,viral",True,False
CT002881,C0192,image,Animation,2026-01-26 05:04:54,34.6,"ai,animation",False,False
CT002882,C0073,mini,Comedy,2025-08-20 06:40:19,17.2,experimental,False,False
CT002883,C0118,mini,Sci-Fi,2025-09-14 21:54:44,8.7,"trending,experimental",False,True
CT002884,C0336,mini,Romance,2025-12-07 13:17:30,9.0,character,False,False
CT002885,C0008,mini,Drama,2025-12-18 07:08:24,9.9,"creative,viral,trending",False,False
CT002886,C0034,mini,Action,2025-07-24 00:35:11,7.1,experimental,False,False
CT002887,C0142,mini,Documentary,2026-03-01 20:35:45,11.6,"animation,trending,character",False,False
CT002888,C0487,cine,Animation,2025-11-30 17:06:24,66.6,"visual,story,character",False,False
CT002889,C0081,video,Animation,2026-06-30 11:39:39,80.7,ai,False,False
CT002890,C0322,video,Action,2026-03-05 14:29:26,65.4,"character,story,visual",True,False
CT002891,C0191,video,Comedy,2026-07-08 02:50:36,47.1,"trending,creative,character",False,True
CT002892,C0251,image,Horror,2025-06-08 20:53:09,76.5,"ai,story",False,True
CT002893,C0118,mini,Mystery,2025-12-24 01:54:22,30.8,"ai,creative,trending",False,False
CT002894,C0461,mini,Romance,2026-06-19 04:20:11,9.7,animation,False,False
CT002895,C0194,image,Romance,2025-08-23 18:01:17,11.8,"visual,experimental",False,True
CT002896,C0025,video,Action,2025-09-09 23:44:21,30.9,"story,animation",False,False
CT002897,C0134,cine,Romance,2026-04-19 13:29:26,39.5,"experimental,character",False,False
CT002898,C0164,image,Sci-Fi,2025-06-09 02:27:42,20.0,"cinematic,visual,animation",False,False
CT002899,C0458,video,Romance,2026-08-08 11:02:10,29.5,"visual,character",False,False
CT002900,C0015,cine,Sci-Fi,2026-08-04 15:13:18,93.1,"character,cinematic",False,False
CT002901,C0146,image,Animation,2026-08-11 19:17:30,70.8,"visual,character",False,False
CT002902,C0089,video,Documentary,2026-05-22 15:06:32,112.4,"viral,ai,creative",False,False
CT002903,C0095,image,Comedy,2026-08-29 00:25:22,107.1,trending,True,True
CT002904,C0493,mini,Comedy,2026-08-19 04:58:58,9.2,"experimental,animation",True,False
CT002905,C0385,video,Fantasy,2025-09-24 00:26:58,58.3,"trending,viral",False,True
CT002906,C0466,image,Drama,2025-08-10 07:51:12,145.5,"experimental,creative,cinematic",False,False
CT002907,C0406,mini,Action,2026-06-17 15:17:32,14.3,"animation,creative",False,False
CT002908,C0430,video,Sci-Fi,2025-12-25 11:03:25,140.4,"trending,creative,experimental",False,True
CT002909,C0275,mini,Horror,2025-06-24 13:50:58,6.5,"creative,ai,character",False,False
CT002910,C0259,video,Documentary,2025-12-21 11:34:08,89.2,visual,False,False
CT002911,C0177,image,Documentary,2025-06-07 20:34:28,55.8,"viral,visual,story",False,False
CT002912,C0040,mini,Fantasy,2026-02-19 08:26:39,25.5,animation,False,False
CT002913,C0417,video,Mystery,2026-04-04 05:42:14,56.4,"animation,trending",False,False
CT002914,C0190,mini,Documentary,2025-06-23 05:11:32,11.4,"creative,animation",False,False
CT002915,C0325,video,Action,2025-07-25 15:59:06,116.5,"experimental,animation,viral",False,False
CT002916,C0480,cine,Documentary,2026-07-18 15:28:51,40.3,trending,False,False
CT002917,C0188,cine,Romance,2025-11-25 02:12:36,42.0,"viral,story,ai",True,True
CT002918,C0071,video,Horror,2025-06-24 01:56:05,15.7,"animation,viral",False,False
CT002919,C0193,mini,Action,2025-06-06 16:16:46,39.3,"trending,creative",False,False
CT002920,C0474,cine,Documentary,2025-11-30 02:50:20,351.8,"animation,character,viral",False,False
CT002921,C0001,image,Fantasy,2025-07-10 13:50:40,35.8,"cinematic,creative",False,False
CT002922,C0126,mini,Animation,2025-08-01 10:21:44,14.6,trending,False,False
CT002923,C0031,mini,Drama,2025-09-04 03:32:04,11.6,creative,True,False
CT002924,C0383,cine,Documentary,2026-04-17 03:24:51,21.6,"viral,creative,visual",True,False
CT002925,C0070,mini,Action,2026-02-08 20:05:15,5.9,creative,True,False
CT002926,C0133,cine,Fantasy,2026-05-20 14:32:10,57.5,cinematic,False,False
CT002927,C0123,cine,Romance,2025-10-30 08:45:35,36.0,cinematic,True,False
CT002928,C0027,mini,Documentary,2025-07-07 02:23:29,13.9,cinematic,False,False
CT002929,C0461,mini,Animation,2026-02-13 02:50:56,15.9,"ai,animation,visual",False,False
CT002930,C0193,mini,Action,2026-08-15 13:11:10,18.1,creative,True,False
CT002931,C0412,mini,Sci-Fi,2026-03-23 22:21:44,11.0,"animation,ai,story",False,False
CT002932,C0258,image,Mystery,2025-09-20 08:53:53,114.2,"visual,story",False,False
CT002933,C0026,mini,Action,2025-06-02 12:49:56,33.4,"trending,character",True,False
CT002934,C0092,video,Documentary,2025-07-07 16:30:57,75.0,"viral,cinematic",False,False
CT002935,C0008,mini,Documentary,2026-06-22 13:13:06,5.3,ai,False,True
CT002936,C0124,mini,Mystery,2025-10-11 20:26:26,5.1,"experimental,ai,visual",False,True
CT002937,C0289,image,Action,2025-06-27 07:58:02,90.1,"creative,trending",False,False
CT002938,C0064,mini,Romance,2025-11-02 11:36:25,7.8,ai,False,False
CT002939,C0189,cine,Fantasy,2026-07-04 02:42:34,59.4,trending,False,False
CT002940,C0014,mini,Sci-Fi,2025-12-10 21:01:52,4.1,visual,True,False
CT002941,C0401,video,Action,2026-08-20 02:00:02,29.2,"creative,character",False,True
CT002942,C0178,mini,Mystery,2026-01-15 23:03:09,19.2,"trending,visual,ai",True,False
CT002943,C0487,mini,Documentary,2026-07-18 00:07:33,9.3,"animation,experimental,viral",True,False
CT002944,C0162,cine,Documentary,2025-08-31 20:22:55,47.7,"cinematic,trending,character",False,False
CT002945,C0246,mini,Sci-Fi,2026-02-03 05:33:17,10.8,"trending,story",False,False
CT002946,C0248,video,Horror,2026-01-04 07:12:21,101.7,"viral,visual",False,False
CT002947,C0088,video,Action,2026-05-17 23:13:09,48.3,"character,story",False,True
CT002948,C0366,image,Action,2025-08-01 12:49:47,61.8,"experimental,creative",False,True
CT002949,C0440,mini,Horror,2025-08-18 17:49:59,14.8,"trending,viral,animation",False,False
CT002950,C0424,image,Mystery,2025-09-10 17:53:57,45.8,"ai,visual",False,False
CT002951,C0212,mini,Comedy,2026-08-02 07:32:23,13.3,viral,False,False
CT002952,C0384,mini,Documentary,2026-07-14 22:25:27,7.5,"visual,animation,ai",False,False
CT002953,C0202,mini,Horror,2025-06-11 15:18:47,22.7,visual,True,False
CT002954,C0074,cine,Action,2025-12-10 04:31:15,22.4,"cinematic,character",False,False
CT002955,C0350,cine,Horror,2026-02-07 11:23:16,28.2,"viral,story,animation",False,False
CT002956,C0204,image,Drama,2026-07-12 16:40:16,113.1,"ai,animation",False,False
CT002957,C0186,cine,Romance,2025-12-28 07:15:07,17.6,story,False,False
CT002958,C0037,mini,Romance,2026-05-19 00:45:58,21.9,character,False,False
CT002959,C0118,mini,Animation,2026-05-30 09:13:30,25.9,story,False,False
CT002960,C0207,cine,Fantasy,2026-01-20 11:23:36,15.8,"animation,ai,trending",False,False
CT002961,C0369,image,Fantasy,2026-05-06 17:38:34,37.4,"ai,creative,viral",False,False
CT002962,C0193,mini,Drama,2025-07-03 04:46:03,16.3,"creative,animation,ai",False,False
CT002963,C0092,cine,Comedy,2025-10-29 13:28:43,16.5,experimental,True,False
CT002964,C0199,video,Animation,2026-06-25 03:43:01,58.5,"character,viral,cinematic",False,False
CT002965,C0023,mini,Action,2025-08-14 13:39:23,8.1,"ai,experimental,creative",False,False
CT002966,C0230,image,Sci-Fi,2026-01-19 16:19:45,18.9,character,False,True
CT002967,C0248,video,Sci-Fi,2026-05-29 04:31:43,56.7,"creative,cinematic,visual",True,False
CT002968,C0349,video,Documentary,2026-01-22 06:24:57,57.5,"animation,cinematic,trending",False,False
CT002969,C0017,mini,Action,2026-08-20 17:30:50,17.8,"ai,viral",False,False
CT002970,C0317,mini,Documentary,2026-06-25 09:57:01,8.9,visual,False,False
CT002971,C0393,image,Action,2025-07-15 15:05:16,52.4,animation,False,False
CT002972,C0407,mini,Horror,2026-01-28 09:28:20,14.4,"visual,cinematic,viral",True,False
CT002973,C0488,mini,Drama,2026-05-01 04:42:58,14.8,"ai,visual",False,False
CT002974,C0336,mini,Documentary,2026-05-08 06:26:57,8.9,trending,False,False
CT002975,C0473,cine,Mystery,2026-01-22 03:40:44,77.8,story,False,False
CT002976,C0171,mini,Horror,2025-12-01 02:36:31,2.9,character,False,False
CT002977,C0073,mini,Horror,2025-10-21 06:22:36,11.9,"character,cinematic",True,False
CT002978,C0001,image,Drama,2025-11-10 02:36:47,149.2,experimental,False,False
CT002979,C0460,cine,Mystery,2025-06-07 14:06:37,36.8,creative,False,True
CT002980,C0060,mini,Sci-Fi,2026-06-27 20:02:35,12.4,cinematic,False,False
CT002981,C0057,video,Sci-Fi,2026-04-27 04:11:25,64.2,ai,False,False
CT002982,C0367,image,Documentary,2025-10-09 22:34:54,35.1,character,False,False
CT002983,C0176,mini,Mystery,2025-07-31 04:56:22,14.6,"viral,cinematic",False,False
CT002984,C0256,mini,Comedy,2026-01-25 20:01:33,28.3,experimental,False,True
CT002985,C0043,image,Romance,2026-06-23 23:19:38,38.7,animation,False,True
CT002986,C0213,image,Comedy,2026-08-28 13:57:12,38.4,creative,False,False
CT002987,C0413,video,Mystery,2025-09-29 15:40:50,29.7,"cinematic,experimental,visual",False,False
CT002988,C0285,mini,Fantasy,2025-12-17 20:55:32,10.4,viral,False,False
CT002989,C0112,cine,Romance,2026-02-26 02:36:50,38.7,story,False,False
CT002990,C0077,mini,Romance,2026-02-27 03:08:25,24.4,"character,animation,cinematic",True,True
CT002991,C0328,video,Mystery,2025-10-08 14:44:13,41.8,"visual,viral,animation",False,False
CT002992,C0351,mini,Romance,2026-06-08 01:47:56,8.6,"trending,animation",False,False
CT002993,C0380,cine,Drama,2026-04-17 05:31:49,328.7,"trending,visual",False,True
CT002994,C0062,image,Horror,2026-06-15 01:10:03,90.5,"story,viral",False,False
CT002995,C0188,image,Action,2025-07-24 10:05:40,17.2,ai,False,True
CT002996,C0033,cine,Documentary,2026-04-04 23:59:03,65.0,"animation,story,viral",True,False
CT002997,C0397,cine,Fantasy,2025-11-04 09:59:40,66.9,experimental,False,False
CT002998,C0125,video,Animation,2026-05-15 01:25:49,636.5,"character,visual,viral",False,False
CT002999,C0165,cine,Romance,2026-01-19 02:03:00,69.2,"experimental,visual,story",False,False
CT003000,C0279,cine,Sci-Fi,2026-01-23 11:57:54,238.5,trending,False,False
CT003001,C0076,video,Drama,2026-02-22 23:14:31,41.2,"animation,ai,creative",False,False
CT003002,C0387,mini,Romance,2025-09-10 04:15:23,8.7,"cinematic,viral,creative",False,True
CT003003,C0228,cine,Documentary,2026-02-20 06:53:59,24.3,story,False,False
CT003004,C0280,mini,Documentary,2026-07-07 18:21:59,25.1,story,False,False
CT003005,C0354,mini,Horror,2025-07-07 04:54:31,8.8,"trending,animation",False,False
CT003006,C0324,cine,Action,2025-08-16 01:56:01,34.7,animation,False,False
CT003007,C0026,mini,Romance,2025-06-16 09:38:52,10.7,"ai,character,story",False,True
CT003008,C0052,mini,Action,2026-01-07 01:56:26,12.9,"experimental,animation,cinematic",False,False
CT003009,C0406,cine,Mystery,2025-09-17 03:49:29,60.7,experimental,True,False
CT003010,C0438,image,Fantasy,2026-02-25 07:25:05,22.6,"experimental,animation,creative",False,False
CT003011,C0131,mini,Documentary,2025-06-18 04:39:29,14.9,"visual,animation",False,False
CT003012,C0013,cine,Sci-Fi,2025-07-19 21:12:42,134.2,"experimental,trending,animation",True,False
CT003013,C0339,mini,Mystery,2025-09-09 14:16:58,17.3,creative,False,False
CT003014,C0491,mini,Horror,2026-03-27 22:11:30,15.4,"visual,viral,story",False,False
CT003015,C0061,mini,Sci-Fi,2025-06-28 00:31:41,15.1,"trending,viral,experimental",False,False
CT003016,C0049,image,Fantasy,2026-01-26 20:58:11,28.3,creative,True,False
CT003017,C0195,cine,Documentary,2026-01-27 11:16:25,45.5,"creative,ai,story",False,False
CT003018,C0304,video,Animation,2025-10-23 18:46:19,297.7,"visual,viral,trending",False,False
CT003019,C0230,image,Horror,2025-07-18 16:11:09,191.5,"trending,viral,ai",False,False
CT003020,C0232,video,Mystery,2026-04-22 03:49:36,66.5,"animation,story",False,False
CT003021,C0231,mini,Documentary,2025-12-07 08:24:48,16.1,"character,creative,cinematic",False,False
CT003022,C0493,cine,Sci-Fi,2026-02-28 15:45:36,78.7,"ai,character",False,False
CT003023,C0135,cine,Romance,2026-05-17 22:05:07,45.4,viral,False,False
CT003024,C0050,cine,Action,2025-06-06 17:31:40,40.9,animation,True,False
CT003025,C0263,video,Action,2026-05-19 05:04:58,54.4,visual,False,False
CT003026,C0233,cine,Romance,2025-07-10 13:19:42,210.6,"trending,cinematic",False,False
CT003027,C0140,mini,Comedy,2026-02-12 08:33:44,21.3,creative,False,False
CT003028,C0479,image,Comedy,2025-07-12 04:03:44,109.8,"visual,experimental",False,False
CT003029,C0084,mini,Sci-Fi,2025-06-15 00:52:04,26.9,"story,animation,trending",False,False
CT003030,C0068,mini,Horror,2025-12-06 11:19:34,4.1,"creative,visual",False,False
CT003031,C0069,cine,Romance,2026-01-31 17:36:44,87.2,"experimental,cinematic",True,False
CT003032,C0466,mini,Mystery,2025-10-20 16:13:51,10.1,"ai,character",False,False
CT003033,C0442,image,Sci-Fi,2025-09-24 05:06:42,21.2,"experimental,ai,animation",True,False
CT003034,C0474,mini,Horror,2025-08-22 11:12:24,28.9,"animation,viral",False,False
CT003035,C0068,video,Action,2026-02-15 04:38:26,18.8,creative,False,False
CT003036,C0012,mini,Horror,2025-11-30 10:23:36,19.5,experimental,False,False
CT003037,C0198,mini,Fantasy,2026-07-20 05:39:05,26.2,"character,cinematic",False,False
CT003038,C0236,mini,Action,2025-12-16 07:57:43,8.9,animation,False,True
CT003039,C0125,image,Sci-Fi,2026-03-01 02:00:57,83.4,"character,viral",True,False
CT003040,C0308,mini,Animation,2026-08-11 12:06:02,24.1,story,False,False
CT003041,C0309,mini,Comedy,2026-08-03 21:45:33,14.5,creative,False,False
CT003042,C0332,mini,Action,2026-01-14 07:51:42,9.1,"cinematic,trending",True,False
CT003043,C0175,mini,Sci-Fi,2025-09-04 03:03:06,15.8,experimental,False,False
CT003044,C0017,video,Action,2025-11-28 07:05:57,137.3,visual,False,False
CT003045,C0142,cine,Sci-Fi,2025-10-01 08:31:28,52.4,"trending,experimental",False,False
CT003046,C0089,cine,Comedy,2026-01-09 01:00:36,32.2,"viral,cinematic,story",False,False
CT003047,C0479,mini,Animation,2025-08-07 19:48:42,13.8,"ai,creative",False,True
CT003048,C0420,cine,Comedy,2025-12-01 15:44:35,65.5,"story,animation",False,False
CT003049,C0496,image,Horror,2025-07-06 17:16:11,37.0,"animation,character,viral",False,False
CT003050,C0377,mini,Horror,2026-08-18 23:09:55,23.5,creative,False,False
CT003051,C0068,video,Comedy,2025-06-05 18:55:18,54.5,"story,viral",False,False
CT003052,C0227,mini,Romance,2026-07-11 07:14:46,8.4,"viral,animation",False,False
CT003053,C0347,mini,Drama,2026-07-29 03:18:45,6.7,"animation,experimental,trending",False,True
CT003054,C0034,image,Romance,2026-08-12 16:25:28,124.6,character,False,False
CT003055,C0442,cine,Animation,2025-12-23 23:45:45,122.8,character,False,False
CT003056,C0423,cine,Animation,2026-05-19 13:49:11,158.1,"experimental,story",False,False
CT003057,C0486,video,Comedy,2026-08-03 02:51:00,45.5,viral,False,False
CT003058,C0150,image,Action,2026-06-18 02:55:53,32.7,"story,ai,viral",False,False
CT003059,C0150,video,Animation,2026-06-29 23:38:16,51.5,experimental,False,False
CT003060,C0311,image,Romance,2026-01-10 08:17:04,38.8,"viral,story",True,False
CT003061,C0391,cine,Animation,2026-05-06 05:22:01,21.8,experimental,False,False
CT003062,C0133,cine,Horror,2025-09-05 04:54:23,45.6,"trending,story,experimental",False,False
CT003063,C0164,mini,Fantasy,2026-07-24 12:52:58,9.5,character,True,False
CT003064,C0175,mini,Romance,2026-01-03 08:23:52,13.0,"character,visual",True,False
CT003065,C0307,image,Mystery,2025-09-29 09:19:27,51.1,"trending,ai",False,False
CT003066,C0052,mini,Horror,2025-10-14 07:44:12,27.4,experimental,False,False
CT003067,C0257,video,Romance,2026-06-26 12:11:09,54.8,"cinematic,character",False,True
CT003068,C0120,mini,Action,2025-08-27 10:01:22,19.1,"viral,cinematic",False,False
CT003069,C0354,mini,Documentary,2026-04-07 01:41:58,7.8,"viral,animation",False,True
CT003070,C0374,mini,Horror,2025-10-05 01:31:36,10.2,"visual,creative",False,False
CT003071,C0454,mini,Drama,2026-03-01 09:22:46,11.1,"creative,cinematic",False,False
CT003072,C0183,mini,Action,2026-01-31 13:10:59,28.5,cinematic,True,False
CT003073,C0058,mini,Action,2026-03-10 02:40:25,20.1,"visual,creative",False,False
CT003074,C0114,image,Action,2025-09-12 09:10:35,47.1,"visual,animation,character",True,False
CT003075,C0112,mini,Action,2026-07-19 04:59:26,16.3,"story,creative",False,True
CT003076,C0002,mini,Mystery,2026-07-09 15:27:45,7.7,"animation,trending,character",False,False
CT003077,C0293,mini,Comedy,2026-07-29 14:04:06,6.1,ai,False,True
CT003078,C0325,mini,Drama,2026-01-13 16:33:29,11.8,"story,ai,visual",True,True
CT003079,C0176,video,Documentary,2025-08-20 16:41:19,21.6,"animation,cinematic,story",True,False
CT003080,C0145,video,Sci-Fi,2026-02-08 20:22:43,56.1,trending,False,False
CT003081,C0270,mini,Documentary,2025-07-07 19:53:40,12.4,"creative,story",False,True
CT003082,C0077,mini,Comedy,2026-04-18 21:26:40,10.7,"creative,cinematic",False,True
CT003083,C0393,mini,Action,2025-10-03 07:47:55,7.4,"story,cinematic",True,False
CT003084,C0115,image,Documentary,2025-08-30 06:20:49,53.9,experimental,False,False
CT003085,C0350,mini,Documentary,2026-06-05 10:37:18,14.7,"story,visual,character",False,False
CT003086,C0333,image,Action,2026-03-28 14:03:50,45.4,"experimental,viral",False,True
CT003087,C0381,mini,Comedy,2025-07-15 06:14:41,13.1,creative,False,False
CT003088,C0268,image,Drama,2026-07-04 03:48:40,64.3,visual,False,False
CT003089,C0081,mini,Animation,2026-03-29 18:18:37,28.9,"character,viral,story",False,False
CT003090,C0025,mini,Action,2025-10-02 00:46:40,23.7,"creative,viral,experimental",False,False
CT003091,C0017,mini,Comedy,2025-11-30 00:58:51,12.9,"creative,animation",False,False
CT003092,C0071,image,Romance,2025-12-26 19:10:36,27.7,animation,False,False
CT003093,C0436,image,Mystery,2026-07-22 00:30:23,119.7,"story,trending,experimental",True,True
CT003094,C0058,cine,Fantasy,2026-02-08 13:54:04,73.5,"viral,ai,creative",False,False
CT003095,C0226,mini,Romance,2026-06-09 22:17:35,8.2,"visual,animation",False,False
CT003096,C0239,cine,Romance,2025-06-15 12:01:55,37.2,creative,False,False
CT003097,C0316,mini,Documentary,2026-01-18 13:18:07,9.1,"viral,visual,creative",False,True
CT003098,C0062,cine,Comedy,2025-07-09 19:42:14,24.9,"character,experimental,trending",False,True
CT003099,C0040,image,Sci-Fi,2025-11-21 14:01:08,53.8,"cinematic,story",False,True
CT003100,C0423,mini,Horror,2026-02-07 01:31:45,16.1,"experimental,visual,viral",False,False
CT003101,C0354,image,Drama,2026-06-16 13:59:02,82.7,"character,experimental",False,False
CT003102,C0302,video,Documentary,2025-10-05 13:14:19,181.9,"visual,viral,animation",False,False
CT003103,C0050,video,Animation,2025-09-20 10:07:32,69.7,"animation,experimental,story",False,False
CT003104,C0353,mini,Drama,2026-06-24 04:53:13,19.4,"viral,animation",False,True
CT003105,C0394,video,Drama,2026-02-03 18:28:07,34.0,"ai,visual,experimental",False,False
CT003106,C0421,mini,Fantasy,2026-04-28 09:28:15,10.7,"visual,character,creative",False,False
CT003107,C0031,mini,Fantasy,2026-07-30 20:07:49,6.4,"visual,experimental,trending",False,False
CT003108,C0275,cine,Romance,2025-06-22 11:24:08,31.8,"ai,experimental,character",False,False
CT003109,C0046,mini,Action,2026-03-03 06:52:50,14.5,animation,False,True
CT003110,C0167,mini,Animation,2025-07-05 09:07:10,5.5,cinematic,False,False
CT003111,C0172,video,Sci-Fi,2026-07-30 02:51:47,343.0,animation,False,False
CT003112,C0070,mini,Sci-Fi,2025-12-18 20:30:13,14.4,"experimental,trending",True,False
CT003113,C0105,cine,Romance,2025-12-19 13:20:59,45.6,"cinematic,creative,trending",True,False
CT003114,C0460,image,Fantasy,2025-08-26 17:46:38,51.9,creative,False,False
CT003115,C0491,mini,Documentary,2026-03-14 23:01:35,26.1,viral,False,True
CT003116,C0258,video,Horror,2026-02-03 09:17:02,33.1,character,False,False
CT003117,C0226,video,Romance,2026-08-03 19:41:31,24.8,"animation,trending",False,False
CT003118,C0481,mini,Animation,2025-06-02 14:55:36,19.8,visual,True,False
CT003119,C0232,cine,Romance,2026-05-03 04:45:54,93.5,experimental,False,False
CT003120,C0217,mini,Fantasy,2026-08-11 04:14:43,17.6,ai,False,False
CT003121,C0024,video,Comedy,2026-07-18 22:51:10,36.5,"experimental,viral,visual",False,False
CT003122,C0072,mini,Drama,2026-03-12 22:38:18,5.6,"trending,experimental",False,False
CT003123,C0246,mini,Sci-Fi,2026-06-15 09:51:54,17.2,"story,trending,cinematic",False,False
CT003124,C0161,image,Romance,2025-06-20 00:47:39,168.4,"viral,ai",False,False
CT003125,C0036,image,Fantasy,2025-07-06 11:28:16,30.2,"character,cinematic",False,False
CT003126,C0365,image,Sci-Fi,2026-04-15 07:25:54,34.9,"cinematic,ai",False,False
CT003127,C0309,mini,Documentary,2025-09-26 20:40:07,7.2,visual,False,False
CT003128,C0032,image,Sci-Fi,2026-04-20 12:54:48,96.8,"story,viral",False,False
CT003129,C0490,image,Fantasy,2026-05-05 02:47:11,113.2,"trending,experimental,character",True,False
CT003130,C0126,cine,Horror,2026-04-01 14:39:27,60.8,animation,False,False
CT003131,C0165,image,Documentary,2026-07-11 20:36:09,23.8,visual,False,False
CT003132,C0080,mini,Comedy,2025-09-07 21:22:02,14.2,viral,False,False
CT003133,C0405,mini,Drama,2026-06-01 20:28:32,20.7,"experimental,creative",False,False
CT003134,C0477,mini,Animation,2026-06-01 05:46:53,18.4,"experimental,viral,visual",False,False
CT003135,C0479,mini,Mystery,2025-10-21 19:12:38,21.1,"story,viral,experimental",True,False
CT003136,C0048,mini,Comedy,2025-09-01 09:18:59,57.8,"cinematic,viral,visual",False,False
CT003137,C0484,mini,Sci-Fi,2026-03-11 04:42:43,9.6,trending,False,False
CT003138,C0028,mini,Comedy,2026-07-10 22:27:16,30.0,"viral,creative",False,False
CT003139,C0374,cine,Documentary,2026-03-29 14:15:15,125.1,"story,character,viral",False,False
CT003140,C0318,cine,Drama,2025-07-24 22:27:51,17.6,"character,visual",False,False
CT003141,C0433,image,Documentary,2025-12-17 09:57:13,31.2,"visual,story",False,False
CT003142,C0265,mini,Horror,2025-11-28 05:51:54,19.1,"animation,experimental",False,False
CT003143,C0175,mini,Horror,2026-02-23 23:46:12,10.1,story,False,False
CT003144,C0325,mini,Animation,2026-02-22 15:30:06,4.6,"visual,viral",False,False
CT003145,C0292,image,Mystery,2026-08-24 14:44:37,160.7,cinematic,False,False
CT003146,C0092,cine,Animation,2026-06-19 21:17:59,44.5,"animation,viral,story",False,False
CT003147,C0327,mini,Comedy,2026-02-04 09:02:12,9.4,"cinematic,creative,visual",True,False
CT003148,C0338,mini,Drama,2025-08-04 17:39:08,6.5,"creative,visual",False,False
CT003149,C0106,mini,Sci-Fi,2025-08-28 15:04:08,14.9,trending,False,True
CT003150,C0309,mini,Romance,2025-08-18 02:24:17,23.2,trending,False,False
CT003151,C0159,mini,Mystery,2026-01-16 20:55:33,7.8,"character,visual,experimental",False,False
CT003152,C0258,image,Drama,2025-08-10 01:49:48,77.0,"creative,ai",False,False
CT003153,C0178,mini,Comedy,2025-08-20 03:25:15,36.8,"visual,creative",False,False
CT003154,C0325,video,Mystery,2025-08-08 15:28:47,65.3,viral,False,False
CT003155,C0036,mini,Fantasy,2026-04-10 19:44:58,12.2,"ai,character,visual",False,False
CT003156,C0099,mini,Comedy,2025-10-07 12:18:41,11.6,"cinematic,animation",True,False
CT003157,C0229,video,Drama,2026-07-17 06:25:01,16.9,"animation,viral",False,False
CT003158,C0332,mini,Mystery,2026-01-12 05:26:28,12.7,"experimental,trending",False,False
CT003159,C0392,image,Mystery,2026-04-05 04:41:19,48.6,creative,False,False
CT003160,C0097,mini,Documentary,2026-01-27 22:10:36,10.7,ai,False,False
CT003161,C0325,cine,Documentary,2026-07-06 04:48:15,91.8,"visual,creative,experimental",False,False
CT003162,C0491,video,Fantasy,2025-07-29 12:07:08,37.0,"story,cinematic,animation",False,False
CT003163,C0309,mini,Fantasy,2026-04-28 19:50:27,11.4,"character,cinematic",False,False
CT003164,C0029,mini,Documentary,2026-02-19 17:06:10,47.8,"creative,animation,cinematic",False,False
CT003165,C0301,mini,Drama,2025-12-17 11:31:36,6.2,"creative,viral,cinematic",True,False
CT003166,C0189,mini,Sci-Fi,2026-04-15 13:41:50,26.8,"story,trending",False,False
CT003167,C0012,mini,Romance,2026-02-01 10:00:56,21.1,"trending,visual,viral",False,False
CT003168,C0205,image,Mystery,2026-03-13 18:30:15,130.4,"creative,trending,cinematic",True,False
CT003169,C0002,mini,Animation,2026-01-29 20:20:06,9.6,"story,creative",False,False
CT003170,C0060,cine,Horror,2025-07-25 23:55:27,26.5,"character,ai",False,True
CT003171,C0084,image,Sci-Fi,2025-11-26 23:27:09,31.8,"viral,trending",False,False
CT003172,C0113,image,Animation,2026-08-17 13:11:27,26.7,"story,creative",False,False
CT003173,C0450,video,Fantasy,2025-07-13 08:56:10,54.4,story,False,False
CT003174,C0123,image,Sci-Fi,2025-09-13 23:20:26,95.1,"visual,experimental",True,False
CT003175,C0427,mini,Animation,2026-04-17 00:40:13,9.3,"creative,viral,experimental",False,False
CT003176,C0077,mini,Sci-Fi,2025-08-08 06:33:55,13.5,"ai,character,experimental",False,False
CT003177,C0283,image,Fantasy,2025-06-22 12:08:14,20.5,"story,cinematic",False,False
CT003178,C0164,mini,Mystery,2026-05-15 22:17:43,13.1,visual,False,True
CT003179,C0188,mini,Romance,2025-09-02 01:05:53,12.3,"viral,cinematic",False,True
CT003180,C0258,image,Animation,2025-09-09 12:48:32,41.8,"cinematic,creative",False,False
CT003181,C0481,cine,Animation,2025-12-24 23:13:04,64.2,"story,animation,trending",True,False
CT003182,C0347,mini,Documentary,2026-06-21 08:08:44,14.0,story,False,False
CT003183,C0033,cine,Action,2026-08-25 02:39:37,52.4,"trending,story,cinematic",False,True
CT003184,C0460,mini,Animation,2025-09-28 13:43:04,3.9,"visual,character,ai",False,False
CT003185,C0048,mini,Romance,2025-10-18 22:19:45,20.8,"story,visual,character",False,False
CT003186,C0235,video,Sci-Fi,2026-01-22 15:03:16,128.3,"creative,cinematic,character",False,False
CT003187,C0310,mini,Animation,2026-05-29 09:14:58,16.8,"viral,creative,experimental",False,False
CT003188,C0269,cine,Horror,2025-07-02 04:04:58,53.1,"viral,cinematic,visual",False,False
CT003189,C0269,mini,Romance,2025-12-09 06:41:04,8.0,"ai,creative",False,False
CT003190,C0350,mini,Drama,2025-07-18 07:03:54,11.1,"ai,story",False,False
CT003191,C0487,mini,Documentary,2025-09-10 00:42:13,31.0,creative,False,False
CT003192,C0110,mini,Animation,2026-03-14 05:13:40,6.4,"animation,creative",False,False
CT003193,C0402,image,Romance,2025-06-13 02:54:43,45.1,"experimental,character",False,False
CT003194,C0004,mini,Sci-Fi,2026-06-29 05:56:07,6.2,"character,visual",False,False
CT003195,C0464,cine,Horror,2025-07-11 07:58:17,94.6,"viral,experimental,animation",False,False
CT003196,C0199,image,Comedy,2026-06-11 05:03:48,17.5,"viral,cinematic",False,False
CT003197,C0360,mini,Romance,2025-12-08 00:44:31,14.7,experimental,False,False
CT003198,C0128,mini,Fantasy,2026-02-13 01:28:52,22.1,"ai,viral,visual",False,False
CT003199,C0460,mini,Horror,2025-11-30 11:37:11,4.7,"trending,experimental,story",True,False
CT003200,C0263,mini,Mystery,2025-11-15 22:23:16,8.4,"viral,character",False,False
CT003201,C0338,mini,Comedy,2026-03-13 14:50:48,9.1,experimental,False,True
CT003202,C0112,mini,Horror,2025-10-23 10:52:11,28.6,"cinematic,visual",False,False
CT003203,C0260,mini,Horror,2025-06-29 08:55:22,13.8,story,False,False
CT003204,C0380,mini,Documentary,2025-06-06 02:19:05,12.5,trending,True,False
CT003205,C0287,mini,Mystery,2025-10-08 11:21:49,14.1,animation,False,False
CT003206,C0080,cine,Documentary,2025-09-08 23:40:24,77.1,"viral,experimental,cinematic",False,True
CT003207,C0445,mini,Romance,2025-06-11 16:21:10,34.7,"animation,ai,creative",False,False
CT003208,C0125,mini,Horror,2025-07-16 11:54:44,34.0,"character,animation,story",False,False
CT003209,C0053,video,Animation,2026-07-03 14:12:19,63.4,experimental,False,False
CT003210,C0314,image,Fantasy,2026-01-13 07:37:22,48.6,cinematic,False,False
CT003211,C0279,mini,Action,2025-11-29 06:43:27,9.9,visual,False,False
CT003212,C0232,cine,Drama,2026-07-24 12:21:15,78.6,"viral,animation",False,False
CT003213,C0195,video,Horror,2026-02-22 10:25:25,77.0,viral,False,False
CT003214,C0005,image,Action,2025-07-28 23:26:33,48.1,viral,False,False
CT003215,C0327,cine,Horror,2026-04-21 00:20:26,241.1,"animation,viral",False,False
CT003216,C0108,cine,Comedy,2026-04-20 15:04:16,159.5,"experimental,trending,ai",False,False
CT003217,C0300,video,Sci-Fi,2025-10-01 04:39:18,30.8,"visual,character,creative",False,False
CT003218,C0448,mini,Horror,2026-04-02 17:02:42,18.8,"animation,cinematic,viral",False,False
CT003219,C0192,cine,Fantasy,2025-08-01 12:52:53,168.6,"viral,ai",False,False
CT003220,C0284,mini,Documentary,2026-08-26 17:47:09,22.5,visual,False,False
CT003221,C0339,cine,Documentary,2026-02-20 14:29:16,23.0,"character,story",False,False
CT003222,C0289,mini,Action,2025-10-08 06:32:26,5.2,"visual,viral",False,False
CT003223,C0268,image,Comedy,2026-07-17 22:20:56,38.8,"story,cinematic,viral",True,False
CT003224,C0227,mini,Animation,2026-01-17 22:29:22,9.8,ai,False,False
CT003225,C0094,cine,Romance,2026-07-13 00:23:29,30.7,cinematic,False,False
CT003226,C0330,video,Comedy,2025-07-14 01:54:57,40.4,visual,False,False
CT003227,C0316,mini,Horror,2025-10-19 13:22:28,11.1,visual,True,True
CT003228,C0203,mini,Fantasy,2025-12-14 08:47:08,7.2,character,True,True
CT003229,C0012,mini,Sci-Fi,2025-09-30 08:51:24,37.0,"trending,ai",False,False
CT003230,C0006,cine,Drama,2026-01-23 07:49:10,7.0,"ai,visual,animation",False,False
CT003231,C0415,mini,Fantasy,2025-11-09 05:19:45,32.4,"story,animation",False,True
CT003232,C0056,image,Documentary,2026-07-09 05:36:47,56.9,"animation,experimental,story",False,False
CT003233,C0447,cine,Mystery,2025-09-20 19:58:57,126.9,visual,False,False
CT003234,C0030,mini,Drama,2025-08-26 06:55:07,21.1,"trending,animation,experimental",False,False
CT003235,C0039,cine,Drama,2026-08-14 19:38:10,45.1,"viral,creative",True,False
CT003236,C0109,mini,Animation,2026-04-22 07:05:03,17.4,"animation,cinematic",False,False
CT003237,C0132,mini,Drama,2025-06-16 19:23:47,34.6,"ai,character",False,False
CT003238,C0158,video,Animation,2026-06-22 17:21:08,71.2,visual,False,False
CT003239,C0062,mini,Fantasy,2025-08-27 05:52:17,23.0,"animation,viral",True,True
CT003240,C0058,mini,Romance,2026-04-08 17:27:30,18.2,visual,True,True
CT003241,C0387,mini,Fantasy,2025-06-13 21:42:09,12.3,animation,False,False
CT003242,C0459,cine,Animation,2025-09-27 09:32:00,63.4,"trending,ai",True,False
CT003243,C0036,cine,Animation,2026-06-25 09:57:49,86.2,creative,False,False
CT003244,C0301,mini,Horror,2025-06-12 19:31:48,9.7,creative,False,False
CT003245,C0269,mini,Documentary,2026-01-02 00:10:28,10.1,"viral,animation,visual",False,False
CT003246,C0340,image,Action,2025-11-29 15:48:35,47.2,"cinematic,visual,creative",False,False
CT003247,C0189,mini,Comedy,2025-09-12 23:48:05,6.2,"animation,ai",True,False
CT003248,C0116,mini,Romance,2025-07-25 01:10:33,10.7,"animation,story,trending",False,False
CT003249,C0377,video,Horror,2025-11-28 07:11:28,18.3,"trending,character",False,False
CT003250,C0322,image,Action,2025-11-15 02:42:07,62.6,"cinematic,character",False,False
CT003251,C0309,mini,Action,2025-07-19 08:59:01,6.9,cinematic,False,False
CT003252,C0075,mini,Animation,2026-04-22 18:26:00,12.7,trending,False,False
CT003253,C0265,mini,Sci-Fi,2025-07-20 02:20:05,21.5,viral,False,False
CT003254,C0462,cine,Fantasy,2025-11-22 03:26:00,13.6,story,False,False
CT003255,C0252,mini,Drama,2026-08-06 18:42:47,7.4,"trending,character",False,False
CT003256,C0443,image,Fantasy,2025-11-17 09:33:56,53.3,"creative,animation,visual",False,False
CT003257,C0387,mini,Horror,2026-04-14 09:51:27,15.3,cinematic,False,False
CT003258,C0192,mini,Drama,2025-12-28 18:04:39,22.8,"ai,viral,animation",False,False
CT003259,C0237,cine,Action,2026-03-19 05:50:51,90.6,"ai,cinematic,viral",False,False
CT003260,C0153,image,Action,2026-05-23 17:21:29,96.8,"visual,character",False,False
CT003261,C0207,image,Mystery,2026-01-02 13:51:09,41.4,"visual,story,trending",False,False
CT003262,C0094,mini,Fantasy,2026-03-26 08:24:43,9.9,creative,False,False
CT003263,C0013,mini,Horror,2026-01-10 08:34:46,7.1,visual,False,False
CT003264,C0367,mini,Animation,2025-10-21 21:48:02,11.2,"viral,animation",False,True
CT003265,C0133,mini,Comedy,2026-05-19 01:15:24,24.2,"character,animation",False,False
CT003266,C0444,mini,Documentary,2025-11-25 21:37:56,18.3,"creative,cinematic",False,False
CT003267,C0187,cine,Action,2025-06-24 21:22:09,48.8,"story,viral",False,False
CT003268,C0319,image,Horror,2025-10-02 08:51:05,25.6,"visual,character,creative",False,False
CT003269,C0288,video,Sci-Fi,2026-04-01 08:28:52,131.1,"viral,ai,creative",False,False
CT003270,C0128,cine,Romance,2026-03-29 23:07:08,76.9,"trending,character,creative",True,False
CT003271,C0332,image,Fantasy,2026-02-07 00:42:03,54.4,"visual,character",True,False
CT003272,C0219,mini,Drama,2025-12-22 06:46:34,13.1,"viral,character,ai",False,False
CT003273,C0478,image,Drama,2025-10-18 20:31:20,93.8,"ai,character,viral",False,False
CT003274,C0190,mini,Fantasy,2025-06-22 10:29:35,10.1,"character,experimental,visual",False,False
CT003275,C0134,mini,Fantasy,2025-09-07 08:18:35,17.5,"character,cinematic",False,False
CT003276,C0011,mini,Documentary,2026-08-28 17:47:27,13.8,"cinematic,viral,creative",False,False
CT003277,C0273,cine,Horror,2026-06-28 23:03:00,20.9,story,False,False
CT003278,C0248,image,Fantasy,2025-07-07 03:21:16,78.7,experimental,False,False
CT003279,C0379,mini,Drama,2026-07-30 18:57:51,10.5,"cinematic,creative,experimental",False,False
CT003280,C0087,image,Romance,2026-05-19 21:48:59,43.7,"cinematic,experimental",False,False
CT003281,C0156,video,Documentary,2025-07-14 16:40:15,36.6,"visual,animation",False,False
CT003282,C0117,cine,Horror,2025-12-08 03:19:48,42.2,"viral,story,cinematic",False,False
CT003283,C0267,mini,Sci-Fi,2025-08-17 10:36:45,19.4,"story,experimental",False,False
CT003284,C0137,image,Horror,2026-04-24 12:20:28,116.3,trending,True,False
CT003285,C0209,mini,Action,2026-04-01 04:50:43,24.7,"character,ai",False,False
CT003286,C0457,mini,Sci-Fi,2025-09-08 12:33:16,17.0,"story,visual,ai",True,True
CT003287,C0197,mini,Action,2026-05-19 22:48:10,13.4,"trending,visual",False,False
CT003288,C0486,mini,Drama,2025-10-12 02:29:33,18.1,cinematic,False,False
CT003289,C0036,mini,Mystery,2026-01-11 01:13:20,8.9,"animation,story",False,False
CT003290,C0221,mini,Horror,2025-07-22 02:35:51,5.7,"character,ai,story",True,False
CT003291,C0013,mini,Romance,2026-07-28 15:54:40,10.7,visual,False,False
CT003292,C0272,image,Animation,2025-08-24 19:25:55,10.0,"creative,story,trending",False,False
CT003293,C0148,video,Documentary,2026-07-04 02:27:31,41.5,"experimental,creative",False,True
CT003294,C0093,image,Fantasy,2026-06-21 19:41:00,9.3,viral,True,False
CT003295,C0447,mini,Drama,2025-07-28 13:43:26,9.6,trending,False,False
CT003296,C0319,image,Fantasy,2025-07-22 01:08:26,86.7,"visual,character",True,False
CT003297,C0092,cine,Fantasy,2025-08-04 22:56:04,55.5,"cinematic,ai,experimental",False,False
CT003298,C0355,mini,Horror,2026-06-19 00:10:01,12.4,"story,viral,ai",False,False
CT003299,C0036,mini,Horror,2025-07-10 04:02:45,9.5,"visual,character,creative",False,False
CT003300,C0256,mini,Animation,2026-03-06 14:10:42,5.6,"trending,character",True,True
CT003301,C0311,mini,Action,2026-07-05 04:36:25,10.6,"story,cinematic",False,False
CT003302,C0067,image,Mystery,2025-10-12 23:57:23,77.6,creative,False,False
CT003303,C0478,mini,Comedy,2026-02-10 06:42:20,10.6,trending,False,False
CT003304,C0046,mini,Romance,2025-07-07 12:05:27,13.6,"trending,animation,ai",True,False
CT003305,C0029,image,Sci-Fi,2026-08-04 06:35:56,195.5,"story,ai",False,False
CT003306,C0246,image,Horror,2026-03-02 20:34:16,54.8,"character,experimental",False,False
CT003307,C0372,cine,Sci-Fi,2026-04-29 12:44:09,19.0,"cinematic,viral",False,False
CT003308,C0268,cine,Mystery,2025-09-23 09:21:03,38.7,"visual,experimental,story",False,False
CT003309,C0055,image,Romance,2026-04-30 19:00:36,31.9,"viral,story,experimental",False,False
CT003310,C0048,mini,Fantasy,2026-03-13 17:45:26,8.6,trending,False,False
CT003311,C0068,cine,Drama,2025-07-28 01:38:25,32.6,"creative,character,visual",False,False
CT003312,C0491,video,Animation,2026-02-15 21:09:15,370.7,"story,character,experimental",False,False
CT003313,C0463,image,Animation,2025-07-20 22:35:53,26.3,animation,False,True
CT003314,C0044,mini,Animation,2026-04-02 13:35:26,18.5,character,False,False
CT003315,C0351,video,Action,2026-07-30 12:23:32,378.4,visual,False,True
CT003316,C0409,mini,Mystery,2026-06-28 13:37:45,22.0,"story,ai,visual",True,False
CT003317,C0276,cine,Mystery,2026-01-07 01:35:17,67.9,"cinematic,character",False,True
CT003318,C0079,cine,Horror,2026-07-09 14:06:26,77.6,"trending,cinematic",False,False
CT003319,C0083,mini,Mystery,2026-08-28 05:32:21,20.6,"experimental,visual",True,False
CT003320,C0347,mini,Action,2025-12-25 19:11:27,10.7,animation,True,False
CT003321,C0274,cine,Fantasy,2025-10-26 07:17:22,66.6,"character,animation",False,False
CT003322,C0083,mini,Animation,2025-08-25 13:41:04,8.4,"visual,character",False,False
CT003323,C0033,mini,Comedy,2026-03-11 08:46:50,7.2,"ai,experimental",True,False
CT003324,C0213,image,Documentary,2025-11-22 17:16:11,38.6,"creative,visual",True,False
CT003325,C0196,cine,Comedy,2026-02-17 04:48:43,16.2,cinematic,False,False
CT003326,C0491,video,Horror,2026-08-07 22:53:22,28.3,"experimental,visual,story",False,False
CT003327,C0350,video,Documentary,2025-07-02 01:02:41,76.5,trending,False,False
CT003328,C0205,video,Animation,2025-10-12 12:35:18,39.3,"viral,animation,character",False,False
CT003329,C0280,mini,Sci-Fi,2026-01-23 14:21:15,20.1,"experimental,creative",False,False
CT003330,C0257,mini,Mystery,2026-04-26 10:12:05,9.5,"animation,visual",False,False
CT003331,C0338,image,Horror,2026-07-27 12:26:25,20.6,story,False,False
CT003332,C0292,video,Romance,2026-07-03 10:57:30,23.5,cinematic,False,False
CT003333,C0061,image,Fantasy,2025-12-24 23:09:10,16.0,"cinematic,ai,viral",False,False
CT003334,C0262,image,Fantasy,2026-02-08 02:47:15,60.6,"visual,animation,creative",False,False
CT003335,C0383,image,Horror,2026-01-02 12:27:12,56.3,viral,False,False
CT003336,C0446,mini,Drama,2025-07-18 19:26:09,7.3,cinematic,False,False
CT003337,C0476,cine,Fantasy,2026-04-16 14:04:31,132.8,"animation,experimental,viral",True,True
CT003338,C0334,mini,Fantasy,2026-06-09 22:54:28,21.6,experimental,False,False
CT003339,C0453,image,Animation,2026-05-23 00:04:39,69.9,"animation,experimental,viral",False,True
CT003340,C0008,mini,Romance,2025-11-12 06:34:26,21.1,creative,False,True
CT003341,C0044,mini,Romance,2026-06-13 13:12:09,9.8,"creative,story,trending",True,False
CT003342,C0094,mini,Romance,2025-09-08 17:22:16,17.2,"character,visual,trending",False,False
CT003343,C0051,cine,Mystery,2025-12-24 02:19:40,66.0,"experimental,animation,character",False,False
CT003344,C0324,cine,Horror,2025-09-23 04:06:47,38.1,creative,False,False
CT003345,C0254,image,Mystery,2025-12-20 11:17:15,23.1,"ai,creative,animation",False,False
CT003346,C0273,video,Comedy,2026-07-27 21:23:52,15.5,creative,False,True
CT003347,C0261,mini,Animation,2026-01-02 20:24:39,5.1,"character,animation",False,True
CT003348,C0241,mini,Action,2026-05-11 07:58:29,9.2,"cinematic,animation",False,False
CT003349,C0429,mini,Comedy,2026-08-16 20:36:19,31.3,"experimental,visual,viral",False,False
CT003350,C0103,mini,Sci-Fi,2025-08-09 23:24:30,11.9,"ai,viral,story",False,False
CT003351,C0185,image,Sci-Fi,2026-07-29 16:58:36,24.3,character,False,False
CT003352,C0049,cine,Action,2025-07-22 20:39:19,36.8,animation,False,False
CT003353,C0255,mini,Sci-Fi,2026-03-11 23:21:49,5.9,experimental,False,False
CT003354,C0175,cine,Action,2025-12-23 18:05:57,58.2,"cinematic,character,animation",False,False
CT003355,C0103,image,Action,2025-10-08 15:42:07,91.4,"visual,story,creative",False,False
CT003356,C0273,mini,Animation,2026-03-19 07:48:30,16.2,"visual,character",False,False
CT003357,C0474,video,Sci-Fi,2026-07-16 14:09:06,117.0,"ai,trending",False,False
CT003358,C0381,mini,Sci-Fi,2025-07-02 16:49:14,27.0,experimental,False,False
CT003359,C0059,mini,Comedy,2025-08-17 22:39:13,9.1,"animation,viral",False,False
CT003360,C0178,mini,Horror,2026-01-18 15:42:05,6.0,cinematic,True,False
CT003361,C0445,mini,Fantasy,2025-07-19 16:16:40,10.6,"experimental,trending",True,False
CT003362,C0103,mini,Horror,2025-10-23 10:54:47,9.6,"character,creative",False,False
CT003363,C0442,mini,Fantasy,2025-12-07 01:00:09,13.9,cinematic,False,False
CT003364,C0444,mini,Sci-Fi,2025-12-15 02:30:06,11.0,"visual,cinematic",False,False
CT003365,C0028,cine,Drama,2026-04-09 11:57:43,48.7,experimental,False,False
CT003366,C0494,mini,Romance,2025-12-28 15:10:27,13.3,"experimental,cinematic,viral",False,False
CT003367,C0387,mini,Horror,2025-06-24 23:32:24,19.7,"ai,character,viral",False,False
CT003368,C0247,cine,Animation,2026-03-22 16:02:14,103.9,animation,False,False
CT003369,C0166,cine,Sci-Fi,2025-10-21 16:15:43,115.9,"character,viral,trending",True,False
CT003370,C0228,image,Fantasy,2025-06-05 02:42:31,76.1,"character,cinematic",False,False
CT003371,C0112,cine,Mystery,2026-05-24 13:42:43,83.3,"viral,cinematic",False,False
CT003372,C0387,video,Horror,2025-12-13 06:59:20,65.4,ai,False,False
CT003373,C0201,mini,Action,2026-03-28 14:29:48,11.9,"visual,character,story",True,False
CT003374,C0221,image,Animation,2026-03-26 12:14:58,14.9,ai,True,False
CT003375,C0453,mini,Comedy,2025-07-09 12:24:27,16.9,cinematic,False,False
CT003376,C0025,video,Fantasy,2026-06-15 08:46:37,87.7,"ai,viral",True,False
CT003377,C0193,mini,Documentary,2025-09-01 00:37:31,9.5,"trending,ai",False,False
CT003378,C0302,video,Action,2026-05-08 09:10:53,61.9,viral,True,False
CT003379,C0121,video,Romance,2026-04-27 16:15:54,25.2,"ai,experimental",False,True
CT003380,C0083,mini,Documentary,2025-07-26 22:34:11,7.8,"story,cinematic",False,False
CT003381,C0258,mini,Horror,2025-07-24 04:33:36,18.7,"visual,character",False,False
CT003382,C0093,mini,Fantasy,2026-06-22 12:32:26,17.4,"trending,viral,ai",False,False
CT003383,C0198,mini,Animation,2025-06-05 10:12:18,13.7,"viral,character,visual",False,False
CT003384,C0042,mini,Documentary,2025-09-08 13:41:48,15.5,"creative,ai",False,True
CT003385,C0010,cine,Drama,2026-08-27 15:54:01,25.9,ai,False,False
CT003386,C0365,mini,Sci-Fi,2025-07-21 11:33:38,12.0,"experimental,visual,viral",False,True
CT003387,C0094,mini,Documentary,2026-03-07 22:53:30,14.7,"ai,creative,experimental",False,True
CT003388,C0014,mini,Fantasy,2025-11-15 09:54:13,6.9,viral,False,False
CT003389,C0008,mini,Fantasy,2025-12-13 14:27:48,11.4,"experimental,viral,ai",False,False
CT003390,C0274,mini,Documentary,2025-07-29 14:02:35,20.4,"creative,story",True,False
CT003391,C0260,cine,Comedy,2026-02-28 06:25:20,50.2,cinematic,True,False
CT003392,C0293,mini,Animation,2025-10-31 05:41:11,13.4,creative,True,False
CT003393,C0319,image,Romance,2026-04-02 14:29:17,107.1,"ai,experimental,animation",True,False
CT003394,C0326,image,Mystery,2026-05-27 10:30:37,51.0,creative,False,False
CT003395,C0359,video,Documentary,2026-01-12 22:46:03,23.7,"creative,cinematic,animation",False,False
CT003396,C0426,mini,Horror,2025-06-10 02:05:02,17.6,creative,False,False
CT003397,C0104,mini,Animation,2026-03-28 01:53:47,12.9,story,False,False
CT003398,C0050,mini,Sci-Fi,2026-01-13 18:48:01,7.8,"experimental,visual,character",False,False
CT003399,C0400,mini,Mystery,2026-04-20 02:35:21,11.4,"viral,ai,cinematic",False,False
CT003400,C0034,video,Mystery,2026-05-26 19:55:36,23.9,animation,True,False
CT003401,C0196,cine,Comedy,2025-08-21 19:58:28,65.2,"trending,viral,animation",False,False
CT003402,C0300,video,Romance,2025-07-21 12:44:09,132.1,"cinematic,animation,creative",False,False
CT003403,C0028,video,Mystery,2025-12-11 05:04:26,37.5,"creative,experimental",False,False
CT003404,C0488,mini,Drama,2026-07-17 08:53:07,15.0,"visual,viral,experimental",False,False
CT003405,C0459,mini,Sci-Fi,2025-10-17 21:38:40,8.6,"trending,animation",False,False
CT003406,C0419,mini,Mystery,2025-12-15 00:52:07,12.8,"character,experimental",False,False
CT003407,C0347,image,Sci-Fi,2026-05-30 14:11:08,13.8,ai,False,False
CT003408,C0397,cine,Sci-Fi,2026-06-04 15:10:57,79.8,"experimental,ai,visual",False,False
CT003409,C0279,mini,Horror,2026-05-18 01:51:22,51.0,"story,animation",False,True
CT003410,C0376,video,Horror,2026-08-03 04:18:29,39.7,"experimental,character,story",True,False
CT003411,C0021,image,Comedy,2026-06-05 15:16:07,24.3,"viral,visual,experimental",False,False
CT003412,C0103,video,Documentary,2025-08-12 07:49:56,95.6,"viral,story,animation",False,False
CT003413,C0006,mini,Fantasy,2025-12-17 11:46:23,16.5,"character,ai,animation",True,False
CT003414,C0061,image,Mystery,2026-05-21 23:16:58,39.9,character,False,False
CT003415,C0278,cine,Action,2026-02-18 08:24:44,41.9,"experimental,cinematic",False,False
CT003416,C0377,mini,Comedy,2025-08-06 08:48:44,4.2,viral,False,False
CT003417,C0437,mini,Horror,2026-04-18 18:11:09,10.5,animation,False,False
CT003418,C0075,mini,Fantasy,2025-08-18 20:45:04,9.3,"creative,story",False,False
CT003419,C0319,mini,Mystery,2025-10-25 21:11:39,11.9,"animation,cinematic,trending",False,False
CT003420,C0373,cine,Animation,2026-08-19 11:17:50,416.3,viral,False,True
CT003421,C0003,video,Mystery,2026-08-20 19:47:47,28.6,cinematic,False,False
CT003422,C0165,video,Fantasy,2025-06-11 11:18:26,72.1,cinematic,False,False
CT003423,C0318,mini,Mystery,2025-11-20 15:39:32,20.4,"visual,character,viral",False,False
CT003424,C0068,image,Documentary,2025-10-23 21:22:26,62.6,trending,False,False
CT003425,C0177,mini,Romance,2026-01-31 21:05:42,26.8,"experimental,creative,character",True,False
CT003426,C0230,mini,Action,2026-06-14 23:00:55,20.1,"viral,creative,cinematic",False,False
CT003427,C0062,image,Drama,2026-06-13 00:25:26,63.1,"creative,animation",False,False
CT003428,C0034,video,Romance,2025-08-02 01:42:24,95.4,"animation,trending,story",False,False
CT003429,C0404,video,Mystery,2026-05-07 16:07:21,90.8,visual,True,False
CT003430,C0044,cine,Documentary,2025-06-15 01:27:58,133.7,"experimental,creative",True,False
CT003431,C0285,image,Drama,2026-01-15 17:15:33,32.5,"creative,visual",True,False
CT003432,C0208,mini,Romance,2026-02-14 18:49:35,25.7,"character,experimental",False,False
CT003433,C0363,image,Drama,2025-12-04 04:43:37,48.9,"experimental,cinematic",False,False
CT003434,C0448,mini,Drama,2026-07-06 18:42:42,13.6,"visual,cinematic,creative",False,False
CT003435,C0084,mini,Action,2026-03-18 12:09:14,18.4,viral,False,False
CT003436,C0473,video,Horror,2026-08-19 20:46:31,117.3,visual,False,False
CT003437,C0061,mini,Action,2025-12-16 16:26:22,27.0,"cinematic,trending",False,False
CT003438,C0437,video,Mystery,2025-12-02 18:54:26,126.4,"trending,creative,story",True,False
CT003439,C0255,mini,Sci-Fi,2026-02-25 22:56:23,12.8,experimental,False,False
CT003440,C0026,image,Horror,2025-09-18 18:57:59,48.1,story,False,False
CT003441,C0264,video,Sci-Fi,2026-05-31 18:58:52,34.4,trending,False,False
CT003442,C0436,mini,Fantasy,2025-10-17 04:26:19,33.3,"creative,visual,story",False,False
CT003443,C0283,mini,Fantasy,2025-07-26 12:46:52,6.1,"story,trending,character",True,False
CT003444,C0051,image,Drama,2026-01-01 19:08:18,48.7,viral,False,False
CT003445,C0371,mini,Fantasy,2026-04-14 23:47:15,12.1,"visual,animation",False,False
CT003446,C0423,mini,Animation,2026-02-01 04:45:52,6.8,"experimental,character",False,False
CT003447,C0325,mini,Drama,2025-06-25 13:09:14,28.9,"ai,character",False,False
CT003448,C0198,mini,Comedy,2025-06-08 12:33:31,13.4,"trending,viral,animation",False,False
CT003449,C0335,mini,Mystery,2026-05-01 17:00:31,22.6,"trending,animation,experimental",False,False
CT003450,C0168,mini,Action,2026-08-29 19:53:23,11.5,"visual,trending,viral",False,False
CT003451,C0083,mini,Animation,2025-09-04 08:59:09,15.4,"creative,story",False,False
CT003452,C0428,video,Animation,2026-08-14 16:41:01,96.8,"experimental,creative",False,False
CT003453,C0207,mini,Comedy,2026-01-11 23:29:41,7.4,"trending,viral,story",False,False
CT003454,C0380,mini,Action,2025-08-04 01:18:38,7.5,"viral,creative,visual",True,False
CT003455,C0298,image,Sci-Fi,2025-09-30 17:57:48,19.0,ai,False,False
CT003456,C0441,image,Romance,2026-08-14 22:04:29,116.8,animation,False,False
CT003457,C0258,cine,Mystery,2025-10-25 18:58:10,72.7,"viral,ai",False,False
CT003458,C0153,mini,Comedy,2026-06-18 08:19:19,21.3,trending,True,True
CT003459,C0151,mini,Animation,2026-03-14 16:45:26,11.9,"visual,ai,animation",True,False
CT003460,C0261,video,Fantasy,2026-06-04 00:46:41,55.6,"animation,trending,story",True,False
CT003461,C0467,video,Romance,2025-12-14 14:46:12,99.3,"ai,visual",True,True
CT003462,C0102,mini,Sci-Fi,2025-07-23 13:34:48,11.8,trending,True,False
CT003463,C0074,cine,Mystery,2026-01-09 07:57:50,19.2,character,False,False
CT003464,C0130,image,Horror,2026-08-06 01:05:49,14.3,cinematic,True,False
CT003465,C0488,image,Mystery,2026-08-30 12:24:34,30.7,"story,viral,trending",False,False
CT003466,C0303,mini,Mystery,2025-12-04 21:25:53,12.4,"ai,creative,character",False,False
CT003467,C0387,video,Sci-Fi,2025-07-26 10:56:16,24.9,trending,False,False
CT003468,C0279,image,Romance,2025-09-06 21:19:11,146.3,"creative,animation,story",False,True
CT003469,C0298,cine,Action,2025-11-23 05:27:08,18.2,"character,creative",True,False
CT003470,C0314,cine,Horror,2026-08-21 14:48:02,32.4,"creative,cinematic",False,False
CT003471,C0066,cine,Action,2026-01-28 18:36:53,244.4,"creative,ai,character",False,True
CT003472,C0311,image,Horror,2026-01-13 01:10:12,31.0,"trending,character,visual",False,False
CT003473,C0282,cine,Documentary,2026-06-07 01:12:05,53.9,creative,False,False
CT003474,C0410,image,Action,2025-08-20 23:18:34,146.6,"creative,experimental",False,False
CT003475,C0044,video,Horror,2025-10-07 18:30:08,50.2,"cinematic,creative,visual",False,True
CT003476,C0253,image,Documentary,2026-05-08 04:57:03,71.4,"experimental,trending,story",False,False
CT003477,C0463,mini,Action,2025-11-27 14:15:39,13.6,"visual,character",True,False
CT003478,C0409,mini,Comedy,2026-02-26 23:20:50,11.1,"cinematic,visual,viral",False,False
CT003479,C0143,mini,Drama,2026-06-10 11:53:19,15.4,"experimental,ai",False,False
CT003480,C0363,mini,Fantasy,2026-05-04 22:54:54,28.1,"character,viral,trending",False,False
CT003481,C0201,cine,Horror,2026-01-28 20:22:49,71.0,story,False,False
CT003482,C0394,cine,Romance,2025-07-01 14:09:47,211.7,"animation,creative",False,False
CT003483,C0319,mini,Romance,2026-06-26 08:47:00,6.3,"character,experimental",True,True
CT003484,C0234,cine,Animation,2025-07-10 09:14:36,125.9,"visual,character,ai",False,False
CT003485,C0006,mini,Comedy,2025-06-30 08:13:25,6.9,"cinematic,story,viral",False,False
CT003486,C0381,video,Drama,2025-09-07 05:40:27,32.5,"visual,animation,experimental",False,False
CT003487,C0268,image,Animation,2025-10-09 21:47:59,55.7,"animation,character",False,False
CT003488,C0266,mini,Animation,2026-05-28 19:43:39,14.7,"cinematic,visual",False,False
CT003489,C0358,video,Horror,2026-02-10 08:03:06,20.7,"trending,cinematic",False,False
CT003490,C0456,mini,Animation,2026-07-27 03:26:43,12.1,experimental,False,False
CT003491,C0106,mini,Documentary,2025-07-26 15:00:59,14.2,"experimental,story",True,False
CT003492,C0451,mini,Horror,2026-08-20 19:10:53,15.8,"experimental,character",False,False
CT003493,C0080,mini,Animation,2026-01-06 16:40:42,12.7,"visual,cinematic",False,False
CT003494,C0317,image,Comedy,2026-02-28 16:54:09,52.6,"story,viral",False,False
CT003495,C0238,video,Romance,2025-06-09 01:00:28,35.8,"character,experimental",False,False
CT003496,C0377,image,Comedy,2026-04-29 02:54:24,26.0,animation,False,False
CT003497,C0266,mini,Action,2026-01-17 03:01:12,15.0,cinematic,False,False
CT003498,C0289,mini,Drama,2026-05-08 06:56:40,8.2,"creative,character",False,False
CT003499,C0220,mini,Documentary,2026-07-25 15:56:02,12.9,visual,False,False
CT003500,C0325,mini,Mystery,2025-09-08 11:50:02,15.0,"animation,visual,viral",False,False
CT003501,C0148,video,Drama,2026-08-07 10:23:36,48.8,"story,ai,character",False,False
CT003502,C0149,mini,Fantasy,2026-01-06 21:43:52,6.6,"story,trending",False,False
CT003503,C0197,mini,Animation,2025-10-24 12:21:57,10.2,"ai,experimental,story",True,True
CT003504,C0101,image,Mystery,2026-04-19 10:28:52,42.1,"viral,ai",False,False
CT003505,C0160,cine,Mystery,2025-06-02 13:49:35,64.2,"visual,experimental,trending",False,False
CT003506,C0044,video,Comedy,2026-04-08 03:42:02,44.0,"creative,visual,cinematic",False,False
CT003507,C0125,video,Fantasy,2026-07-21 22:33:23,106.7,"cinematic,viral",False,True
CT003508,C0198,mini,Fantasy,2025-09-04 02:51:19,17.4,"creative,character",True,False
CT003509,C0236,video,Horror,2026-02-14 15:19:34,135.4,"ai,viral",False,False
CT003510,C0314,video,Comedy,2026-05-24 17:24:31,160.5,visual,False,False
CT003511,C0196,video,Sci-Fi,2026-02-20 18:19:26,24.4,"story,viral,character",False,False
CT003512,C0310,video,Sci-Fi,2026-07-29 02:31:58,126.4,"animation,visual,cinematic",True,False
CT003513,C0218,cine,Drama,2026-06-07 16:06:16,58.0,ai,False,True
CT003514,C0212,mini,Fantasy,2025-10-04 10:44:50,8.9,trending,False,False
CT003515,C0001,video,Documentary,2025-11-27 08:50:33,33.0,"story,character,animation",False,False
CT003516,C0391,mini,Mystery,2026-04-02 22:33:20,16.8,"character,animation",False,False
CT003517,C0342,video,Sci-Fi,2025-12-09 13:45:33,11.7,"trending,animation",True,False
CT003518,C0032,cine,Romance,2025-11-26 21:00:21,80.6,"character,cinematic",False,True
CT003519,C0024,cine,Fantasy,2026-06-24 06:40:24,47.3,viral,False,False
CT003520,C0366,image,Fantasy,2025-07-21 22:11:46,38.0,"viral,cinematic",False,False
CT003521,C0105,mini,Comedy,2026-01-11 03:24:00,19.5,"animation,cinematic",False,True
CT003522,C0445,mini,Documentary,2025-11-20 19:23:29,3.7,"animation,ai",False,False
CT003523,C0399,image,Animation,2026-05-02 12:41:07,28.6,trending,True,False
CT003524,C0207,mini,Animation,2026-08-23 13:18:20,10.4,"trending,ai,visual",False,False
CT003525,C0493,image,Sci-Fi,2026-07-18 16:42:05,181.1,"story,experimental",False,False
CT003526,C0264,video,Comedy,2025-11-08 20:27:57,49.8,"character,visual",False,False
CT003527,C0496,mini,Romance,2025-11-27 11:28:12,11.4,"ai,creative",False,False
CT003528,C0031,image,Drama,2025-07-26 23:04:00,33.0,"cinematic,experimental",False,False
CT003529,C0297,mini,Animation,2026-07-11 08:28:43,8.2,creative,True,False
CT003530,C0412,image,Romance,2025-10-16 23:41:03,63.1,"cinematic,creative,visual",True,False
CT003531,C0128,cine,Romance,2025-10-28 07:03:08,54.7,"trending,visual",False,False
CT003532,C0418,mini,Romance,2025-11-20 06:55:08,10.4,"viral,character,visual",False,False
CT003533,C0418,video,Mystery,2026-07-29 21:17:26,44.8,"character,creative,cinematic",False,True
CT003534,C0392,mini,Romance,2026-08-27 10:07:47,26.4,"cinematic,character,creative",False,False
CT003535,C0324,image,Animation,2025-10-18 05:58:17,17.6,"viral,trending,story",False,False
CT003536,C0050,mini,Horror,2026-03-23 01:08:22,19.2,"trending,cinematic",False,False
CT003537,C0491,video,Fantasy,2025-09-15 19:21:32,18.8,"ai,creative",False,False
CT003538,C0440,image,Romance,2025-12-27 15:09:29,44.7,ai,False,False
CT003539,C0272,image,Documentary,2026-04-25 16:40:10,38.3,animation,True,False
CT003540,C0198,mini,Animation,2026-01-16 12:57:04,14.0,"cinematic,visual,creative",False,False
CT003541,C0264,image,Romance,2026-07-26 10:21:07,126.4,"visual,story,character",True,False
CT003542,C0492,cine,Mystery,2026-01-19 13:17:43,45.1,cinematic,False,False
CT003543,C0022,image,Mystery,2026-05-17 06:36:35,101.5,"character,visual",False,True
CT003544,C0242,video,Mystery,2025-12-28 14:47:36,19.4,"creative,experimental,visual",False,False
CT003545,C0097,image,Mystery,2026-05-04 11:53:38,73.0,cinematic,False,False
CT003546,C0408,cine,Drama,2026-06-11 06:02:35,108.4,"trending,experimental,character",False,False
CT003547,C0334,video,Sci-Fi,2026-08-18 16:47:23,71.9,"character,animation,experimental",True,False
CT003548,C0451,image,Horror,2025-11-02 01:22:36,39.8,viral,False,True
CT003549,C0497,image,Comedy,2026-02-10 04:39:24,44.6,ai,False,False
CT003550,C0060,video,Sci-Fi,2026-04-20 04:47:13,69.0,"viral,ai",False,True
CT003551,C0238,mini,Action,2026-07-10 18:06:17,6.2,visual,True,False
CT003552,C0459,cine,Sci-Fi,2025-07-17 05:04:12,116.8,"visual,character,experimental",False,False
CT003553,C0014,mini,Fantasy,2025-06-17 21:57:46,9.6,"story,viral,creative",True,False
CT003554,C0430,image,Sci-Fi,2025-07-09 10:52:18,106.7,"creative,visual",False,False
CT003555,C0193,mini,Horror,2025-07-31 06:19:23,18.3,"cinematic,animation,trending",False,True
CT003556,C0264,image,Action,2025-10-04 11:30:51,62.5,"creative,experimental,cinematic",False,False
CT003557,C0064,mini,Mystery,2025-10-02 19:12:18,18.0,"visual,story,animation",False,False
CT003558,C0174,cine,Action,2025-07-17 23:43:16,114.4,"creative,animation,ai",False,False
CT003559,C0480,mini,Romance,2026-08-06 10:23:28,5.9,"viral,ai",True,True
CT003560,C0464,mini,Comedy,2026-06-05 21:33:16,21.1,experimental,False,False
CT003561,C0067,cine,Drama,2025-08-29 19:11:50,55.4,"animation,viral,story",True,False
CT003562,C0278,image,Action,2025-11-29 04:30:12,33.6,"creative,viral,animation",True,False
CT003563,C0061,cine,Sci-Fi,2025-11-22 16:27:28,66.8,"cinematic,viral,trending",False,False
CT003564,C0495,image,Fantasy,2026-06-22 07:14:34,205.4,"story,creative,trending",True,True
CT003565,C0228,mini,Animation,2025-06-17 04:49:20,15.4,"cinematic,creative",False,False
CT003566,C0130,cine,Mystery,2026-06-26 21:28:02,62.5,character,False,False
CT003567,C0265,mini,Mystery,2025-07-06 15:41:49,6.6,visual,False,True
CT003568,C0104,mini,Action,2026-01-26 23:28:42,7.1,"viral,trending,animation",False,False
CT003569,C0356,video,Mystery,2026-02-21 16:30:07,114.2,viral,False,False
CT003570,C0175,video,Animation,2025-09-04 17:42:48,45.0,"viral,visual,animation",False,False
CT003571,C0183,mini,Fantasy,2025-07-15 13:38:35,12.5,experimental,False,True
CT003572,C0378,mini,Drama,2025-12-13 09:01:58,6.0,visual,True,False
CT003573,C0449,image,Fantasy,2026-07-16 00:52:59,74.7,story,False,False
CT003574,C0104,video,Comedy,2026-02-13 17:39:25,76.1,character,True,False
CT003575,C0300,mini,Mystery,2026-07-09 22:12:09,8.3,"trending,cinematic",False,False
CT003576,C0154,image,Documentary,2025-11-07 09:14:23,73.4,"creative,viral",True,False
CT003577,C0026,mini,Mystery,2026-03-11 17:31:04,15.7,"cinematic,story",True,False
CT003578,C0128,mini,Horror,2026-07-03 07:52:28,9.7,"story,visual,trending",False,False
CT003579,C0018,mini,Comedy,2025-11-28 16:57:55,7.3,animation,False,False
CT003580,C0392,image,Drama,2026-08-23 14:13:54,59.5,"visual,cinematic",False,False
CT003581,C0235,cine,Sci-Fi,2026-07-10 20:19:21,21.5,"viral,experimental,ai",False,False
CT003582,C0270,image,Mystery,2026-02-28 06:59:22,27.3,"story,trending",True,False
CT003583,C0221,mini,Romance,2026-01-09 10:40:23,11.8,"ai,animation",False,False
CT003584,C0132,mini,Fantasy,2025-08-16 11:56:37,8.0,cinematic,False,False
CT003585,C0221,cine,Drama,2025-08-26 22:05:12,38.4,viral,False,True
CT003586,C0077,cine,Horror,2026-07-07 16:55:17,37.6,ai,False,False
CT003587,C0031,mini,Animation,2025-11-05 14:53:18,6.4,"cinematic,experimental,trending",False,False
CT003588,C0079,image,Documentary,2026-07-27 01:53:23,165.6,"experimental,visual,creative",False,False
CT003589,C0030,mini,Comedy,2025-11-13 14:14:22,15.0,"trending,cinematic",False,True
CT003590,C0273,video,Animation,2025-09-25 07:51:14,111.7,"animation,creative",False,False
CT003591,C0033,image,Documentary,2026-02-20 09:25:48,108.4,"character,trending",True,False
CT003592,C0190,mini,Animation,2025-10-17 07:14:54,11.6,"story,visual",False,True
CT003593,C0367,video,Comedy,2025-11-30 22:48:08,47.2,"story,animation,character",True,False
CT003594,C0286,cine,Drama,2025-12-29 17:13:57,93.0,viral,True,False
CT003595,C0301,cine,Sci-Fi,2026-06-09 03:15:04,56.8,cinematic,True,False
CT003596,C0144,image,Romance,2026-06-17 19:02:57,48.8,"experimental,cinematic,visual",False,False
CT003597,C0070,video,Drama,2026-03-13 16:32:16,15.4,cinematic,False,False
CT003598,C0078,mini,Horror,2026-08-04 11:47:32,20.5,"story,visual,ai",False,True
CT003599,C0207,mini,Fantasy,2025-09-23 23:14:59,14.4,ai,False,True
CT003600,C0444,image,Mystery,2026-03-26 09:08:41,20.5,"cinematic,trending",False,False
CT003601,C0467,mini,Action,2025-12-01 08:22:24,16.6,animation,False,True
CT003602,C0069,video,Comedy,2025-12-10 02:44:15,39.3,character,False,False
CT003603,C0035,mini,Fantasy,2026-04-26 19:12:54,11.3,visual,False,False
CT003604,C0231,video,Drama,2025-10-31 03:30:52,33.0,story,True,False
CT003605,C0094,mini,Sci-Fi,2025-09-19 11:08:34,8.4,"cinematic,animation",True,False
CT003606,C0071,video,Sci-Fi,2026-01-05 00:19:07,220.4,"animation,creative",True,False
CT003607,C0192,image,Animation,2025-07-12 18:50:26,63.6,"viral,experimental",False,False
CT003608,C0479,video,Fantasy,2026-02-13 02:39:08,34.3,"character,story",True,False
CT003609,C0118,mini,Romance,2026-04-21 06:46:24,22.4,"animation,visual,trending",False,False
CT003610,C0043,mini,Animation,2025-08-10 02:27:28,7.5,"visual,cinematic",False,False
CT003611,C0079,mini,Romance,2025-12-03 10:27:39,8.8,"cinematic,viral",False,False
CT003612,C0307,image,Sci-Fi,2025-10-05 16:42:53,79.9,character,False,True
CT003613,C0482,mini,Comedy,2025-07-27 16:06:20,9.4,"cinematic,animation,ai",False,False
CT003614,C0475,cine,Sci-Fi,2025-07-30 23:58:41,80.5,"cinematic,animation,character",True,False
CT003615,C0385,mini,Mystery,2026-01-05 15:18:48,17.4,"ai,experimental,viral",False,False
CT003616,C0263,image,Action,2026-02-05 12:30:27,59.7,"character,visual",False,False
CT003617,C0365,image,Mystery,2026-02-11 12:04:31,42.6,experimental,False,False
CT003618,C0034,mini,Sci-Fi,2025-06-30 22:34:04,15.5,"cinematic,character,story",False,False
CT003619,C0460,image,Drama,2025-06-12 17:53:18,72.9,"ai,experimental,viral",False,False
CT003620,C0389,mini,Drama,2025-07-25 19:31:47,24.2,"story,viral,trending",False,True
CT003621,C0094,video,Animation,2026-05-27 18:01:06,68.5,experimental,False,True
CT003622,C0148,video,Fantasy,2026-03-21 17:52:48,29.9,"cinematic,viral",False,False
CT003623,C0442,mini,Documentary,2026-01-11 03:05:47,19.0,"ai,experimental",False,False
CT003624,C0267,mini,Horror,2025-06-15 03:41:23,12.1,"story,trending,character",True,False
CT003625,C0486,cine,Mystery,2025-06-12 15:36:46,10.7,"character,trending",False,False
CT003626,C0195,image,Drama,2025-11-27 02:02:29,41.0,"ai,experimental",False,False
CT003627,C0294,video,Documentary,2026-06-28 23:23:19,36.2,"trending,creative,viral",False,False
CT003628,C0002,mini,Documentary,2025-07-21 13:40:57,20.5,"ai,experimental",True,False
CT003629,C0449,cine,Horror,2026-02-22 21:02:58,60.0,character,False,False
CT003630,C0418,mini,Documentary,2026-02-16 22:44:40,7.8,"trending,viral,creative",False,False
CT003631,C0409,mini,Drama,2026-08-14 05:50:04,6.7,"cinematic,creative,animation",False,True
CT003632,C0380,video,Action,2025-10-14 17:44:44,76.6,experimental,False,False
CT003633,C0159,video,Mystery,2025-10-07 05:39:08,42.1,"story,creative,animation",False,False
CT003634,C0019,mini,Sci-Fi,2026-03-03 02:20:56,12.3,"viral,story",False,False
CT003635,C0166,mini,Horror,2025-12-06 03:35:43,13.1,"character,story",False,False
CT003636,C0330,cine,Fantasy,2025-08-18 06:15:17,78.8,visual,False,False
CT003637,C0334,mini,Romance,2026-03-30 07:11:31,8.0,"trending,character,viral",False,False
CT003638,C0431,image,Comedy,2026-08-12 18:40:34,81.7,trending,False,True
CT003639,C0277,cine,Fantasy,2026-07-22 18:36:49,178.0,ai,False,False
CT003640,C0174,image,Mystery,2025-07-17 03:14:25,68.6,"visual,character",True,False
CT003641,C0192,mini,Comedy,2026-05-27 18:31:00,7.3,"character,trending,ai",False,True
CT003642,C0489,cine,Animation,2026-04-16 09:42:08,58.8,"visual,creative,character",True,False
CT003643,C0026,image,Sci-Fi,2026-03-21 05:12:07,14.5,"experimental,viral",False,False
CT003644,C0327,cine,Comedy,2025-12-29 21:44:25,49.5,cinematic,False,False
CT003645,C0012,image,Fantasy,2026-05-29 18:08:31,139.4,cinematic,False,True
CT003646,C0231,video,Animation,2026-02-15 23:29:45,76.5,viral,False,True
CT003647,C0050,mini,Drama,2025-07-14 05:57:08,15.0,"viral,character,cinematic",False,False
CT003648,C0115,mini,Mystery,2025-07-30 01:15:43,22.5,"story,cinematic",False,False
CT003649,C0200,mini,Romance,2026-04-27 05:25:03,6.6,experimental,False,False
CT003650,C0161,image,Sci-Fi,2025-12-03 02:33:50,88.4,"ai,trending",False,False
CT003651,C0014,mini,Animation,2026-02-19 20:30:22,16.3,"trending,creative",False,False
CT003652,C0393,cine,Documentary,2026-06-03 09:13:36,61.4,viral,False,False
CT003653,C0073,mini,Action,2025-10-04 01:25:14,24.6,"viral,animation",True,False
CT003654,C0357,video,Action,2026-07-13 02:08:41,63.4,"animation,ai",False,True
CT003655,C0481,cine,Documentary,2025-09-17 18:40:55,10.1,"trending,story,character",True,False
CT003656,C0126,mini,Sci-Fi,2025-12-22 06:16:24,17.0,"creative,character,story",False,False
CT003657,C0218,mini,Comedy,2025-10-10 10:49:38,7.0,"viral,cinematic",False,False
CT003658,C0320,mini,Animation,2026-04-15 19:36:43,13.6,viral,False,False
CT003659,C0459,video,Animation,2025-07-27 00:43:09,4.9,"story,trending",False,False
CT003660,C0187,video,Sci-Fi,2025-10-31 05:26:16,33.6,"experimental,visual",False,False
CT003661,C0097,image,Fantasy,2025-10-03 14:30:05,65.4,"ai,experimental,character",False,False
CT003662,C0057,mini,Romance,2026-04-26 00:04:46,11.7,"trending,story",False,True
CT003663,C0179,video,Comedy,2025-07-03 11:47:31,75.2,"story,cinematic,creative",False,False
CT003664,C0416,mini,Sci-Fi,2026-03-21 21:56:23,9.3,"animation,story",False,True
CT003665,C0333,image,Horror,2026-04-03 18:27:17,66.8,visual,False,False
CT003666,C0114,cine,Comedy,2026-04-28 08:33:35,71.2,"story,creative,trending",False,False
CT003667,C0494,mini,Mystery,2026-01-20 14:33:24,18.0,"viral,visual",False,False
CT003668,C0318,mini,Documentary,2026-03-22 21:22:47,12.3,"trending,character,cinematic",False,False
CT003669,C0342,mini,Fantasy,2025-07-29 05:20:27,37.3,story,True,False
CT003670,C0002,image,Mystery,2026-02-08 04:12:07,29.8,"trending,story,creative",False,False
CT003671,C0449,image,Comedy,2026-04-14 22:06:23,30.3,"story,animation,experimental",False,False
CT003672,C0037,video,Sci-Fi,2025-09-21 21:56:11,86.9,"animation,visual,character",False,False
CT003673,C0028,image,Sci-Fi,2025-08-21 04:09:34,30.0,"cinematic,animation,trending",False,False
CT003674,C0347,mini,Drama,2025-10-15 08:44:59,9.8,"ai,visual,story",False,True
CT003675,C0155,mini,Horror,2026-01-12 16:01:46,28.9,"trending,character,animation",False,False
CT003676,C0460,image,Mystery,2025-06-22 19:00:47,61.2,"trending,story,ai",False,False
CT003677,C0442,mini,Drama,2026-07-25 13:38:17,9.4,"character,visual,story",False,False
CT003678,C0272,mini,Action,2026-03-25 15:39:40,10.6,"ai,animation,cinematic",False,False
CT003679,C0260,mini,Fantasy,2026-05-13 23:29:54,8.5,"story,ai",False,False
CT003680,C0084,image,Documentary,2026-06-23 02:39:10,68.9,"story,ai",False,False
CT003681,C0087,cine,Horror,2026-02-22 08:48:41,52.4,"animation,character",True,False
CT003682,C0006,mini,Romance,2026-05-18 12:18:26,12.2,"experimental,story",False,False
CT003683,C0087,video,Horror,2026-02-22 17:21:23,42.7,trending,False,False
CT003684,C0219,video,Animation,2026-05-18 15:16:04,30.9,"cinematic,viral,experimental",False,False
CT003685,C0376,image,Action,2025-06-30 06:31:23,106.4,"experimental,trending,character",False,False
CT003686,C0037,mini,Drama,2026-06-11 22:36:18,11.9,"visual,story,experimental",False,False
CT003687,C0079,image,Documentary,2025-12-12 17:12:06,127.1,"trending,creative",False,False
CT003688,C0188,cine,Sci-Fi,2026-01-04 14:43:36,52.9,viral,False,False
CT003689,C0246,mini,Mystery,2025-10-19 01:08:26,17.8,cinematic,False,True
CT003690,C0207,image,Action,2025-11-30 17:03:58,33.3,"trending,story",True,False
CT003691,C0092,video,Sci-Fi,2026-01-03 10:24:48,53.5,"creative,visual,cinematic",False,False
CT003692,C0381,mini,Horror,2025-11-17 04:56:51,8.4,character,True,False
CT003693,C0105,mini,Drama,2026-08-08 20:23:09,10.4,"character,viral",False,False
CT003694,C0063,mini,Fantasy,2026-01-20 10:44:42,4.8,"experimental,visual",False,False
CT003695,C0198,cine,Mystery,2026-05-25 15:38:25,169.5,"visual,cinematic,ai",False,False
CT003696,C0495,image,Documentary,2026-08-11 10:08:51,23.5,"visual,trending,animation",False,False
CT003697,C0062,mini,Romance,2026-03-06 03:35:07,16.1,"experimental,trending,cinematic",False,False
CT003698,C0065,mini,Sci-Fi,2025-11-01 20:02:06,15.7,"character,ai",False,False
CT003699,C0326,video,Drama,2026-04-18 08:07:26,16.4,"trending,character",True,False
CT003700,C0302,video,Animation,2025-06-06 00:51:08,78.0,"ai,experimental",False,False
CT003701,C0083,video,Horror,2026-04-30 03:40:56,31.1,visual,False,False
CT003702,C0316,mini,Romance,2025-06-05 00:37:32,8.4,"creative,experimental,cinematic",True,False
CT003703,C0378,video,Documentary,2025-12-26 02:32:50,98.7,"animation,trending,viral",False,False
CT003704,C0314,mini,Sci-Fi,2025-10-05 03:20:48,10.0,cinematic,True,False
CT003705,C0261,cine,Documentary,2026-07-01 01:24:51,13.5,cinematic,False,False
CT003706,C0230,cine,Mystery,2026-03-21 23:43:05,12.4,"trending,animation,creative",False,False
CT003707,C0173,video,Comedy,2026-03-09 11:47:46,66.5,"trending,viral,experimental",False,False
CT003708,C0037,mini,Mystery,2026-03-26 16:16:43,34.1,cinematic,False,False
CT003709,C0304,video,Drama,2026-05-03 13:02:33,25.7,experimental,False,False
CT003710,C0395,video,Animation,2025-08-12 17:02:06,114.7,"character,creative",False,False
CT003711,C0198,video,Action,2025-06-06 00:55:02,52.0,"creative,cinematic",False,True
CT003712,C0368,mini,Mystery,2026-07-31 08:46:11,36.4,story,False,False
CT003713,C0045,mini,Fantasy,2026-02-01 06:58:08,10.9,"trending,story,creative",False,False
CT003714,C0052,mini,Romance,2026-04-02 10:09:14,4.8,"experimental,animation,character",False,False
CT003715,C0155,cine,Documentary,2025-11-14 01:38:07,85.2,"experimental,visual,trending",False,False
CT003716,C0174,mini,Fantasy,2026-06-23 01:38:20,5.2,"animation,visual,viral",False,False
CT003717,C0262,cine,Fantasy,2025-06-26 06:20:01,17.3,"creative,viral",False,False
CT003718,C0018,video,Fantasy,2025-12-18 17:36:37,19.3,"animation,visual,character",False,False
CT003719,C0055,video,Horror,2026-03-22 15:17:01,80.9,trending,False,False
CT003720,C0366,mini,Romance,2025-12-29 07:19:45,7.2,"cinematic,creative",False,True
CT003721,C0367,mini,Animation,2026-07-29 12:21:08,18.7,viral,False,False
CT003722,C0385,cine,Horror,2025-06-04 19:44:32,51.1,"ai,visual,viral",False,False
CT003723,C0176,video,Mystery,2026-05-01 03:16:43,40.3,"viral,experimental",False,False
CT003724,C0337,mini,Sci-Fi,2026-07-07 19:41:38,10.6,"character,trending,experimental",False,False
CT003725,C0107,mini,Action,2025-07-07 10:19:46,16.8,viral,False,False
CT003726,C0434,mini,Horror,2026-03-20 07:41:23,5.6,character,False,False
CT003727,C0003,image,Romance,2025-06-26 20:25:23,49.5,"viral,trending,story",False,False
CT003728,C0303,mini,Romance,2026-03-12 18:27:36,11.1,cinematic,True,False
CT003729,C0044,video,Action,2025-11-05 08:01:54,216.0,"visual,cinematic",False,False
CT003730,C0413,video,Animation,2026-06-15 06:48:14,98.0,animation,True,False
CT003731,C0118,video,Documentary,2025-09-17 18:40:01,72.8,"experimental,visual,character",True,False
CT003732,C0009,cine,Drama,2025-11-18 12:02:58,39.8,character,True,False
CT003733,C0186,video,Fantasy,2025-06-13 13:44:57,54.3,animation,False,True
CT003734,C0446,mini,Sci-Fi,2026-05-02 13:38:28,6.1,"animation,story",True,False
CT003735,C0078,mini,Action,2025-06-19 06:32:53,28.1,cinematic,True,False
CT003736,C0136,cine,Sci-Fi,2026-04-02 15:12:17,39.3,trending,False,False
CT003737,C0271,image,Animation,2025-11-05 09:16:59,16.2,"viral,animation,visual",False,False
CT003738,C0436,mini,Fantasy,2026-08-03 17:34:24,16.2,"cinematic,character",False,False
CT003739,C0098,cine,Mystery,2025-07-31 21:26:55,84.1,story,False,False
CT003740,C0181,video,Mystery,2026-03-18 20:01:47,21.6,ai,True,False
CT003741,C0474,mini,Drama,2025-08-28 18:25:42,16.6,visual,False,False
CT003742,C0342,mini,Documentary,2025-06-21 06:52:16,35.7,viral,True,False
CT003743,C0283,video,Mystery,2026-07-02 12:00:45,139.0,character,True,False
CT003744,C0181,image,Documentary,2026-07-08 10:31:22,49.2,visual,False,False
CT003745,C0399,mini,Action,2026-08-28 02:48:39,25.3,animation,False,False
CT003746,C0465,cine,Comedy,2025-08-25 08:43:58,39.4,cinematic,False,False
CT003747,C0211,mini,Drama,2026-06-02 21:18:54,14.7,"trending,visual",False,False
CT003748,C0477,mini,Drama,2026-01-10 13:59:27,15.2,character,False,False
CT003749,C0102,mini,Mystery,2025-09-15 03:24:01,15.0,creative,False,False
CT003750,C0422,mini,Action,2025-11-27 12:01:30,7.2,"story,cinematic",True,False
CT003751,C0214,image,Fantasy,2025-08-20 04:24:48,18.8,"animation,trending,creative",False,False
CT003752,C0105,mini,Sci-Fi,2026-03-08 23:56:03,14.1,animation,False,False
CT003753,C0205,mini,Documentary,2026-02-19 18:50:15,9.3,"character,cinematic",False,False
CT003754,C0194,mini,Horror,2025-08-18 09:44:27,18.0,ai,True,False
CT003755,C0310,mini,Romance,2026-05-24 11:08:09,23.9,trending,True,False
CT003756,C0400,cine,Mystery,2026-02-13 12:26:54,38.4,"viral,cinematic",False,False
CT003757,C0454,image,Romance,2026-03-27 19:03:22,109.5,cinematic,True,False
CT003758,C0067,video,Horror,2025-08-01 08:02:18,71.5,animation,False,False
CT003759,C0119,mini,Documentary,2026-06-02 12:15:33,24.5,"visual,animation,cinematic",False,False
CT003760,C0418,mini,Drama,2025-11-14 06:34:53,11.3,"visual,ai",True,False
CT003761,C0051,image,Mystery,2026-01-09 01:41:48,16.0,"experimental,character,ai",False,False
CT003762,C0145,mini,Fantasy,2025-08-11 06:36:23,10.8,viral,False,True
CT003763,C0358,cine,Documentary,2026-08-25 10:07:59,102.7,"character,creative,animation",False,False
CT003764,C0266,image,Sci-Fi,2026-01-22 23:09:22,11.0,"trending,character",False,False
CT003765,C0001,mini,Horror,2026-05-25 19:29:03,5.7,"trending,story,creative",False,False
CT003766,C0075,mini,Comedy,2026-03-06 14:50:26,15.9,experimental,False,False
CT003767,C0396,mini,Animation,2025-06-24 05:30:09,18.9,"animation,character",False,True
CT003768,C0170,cine,Horror,2026-04-14 10:07:24,52.0,"ai,experimental",False,False
CT003769,C0366,mini,Animation,2025-11-14 00:12:58,8.1,"story,viral",False,False
CT003770,C0331,mini,Romance,2026-03-01 10:19:07,3.5,trending,False,False
CT003771,C0414,cine,Drama,2026-02-11 04:29:28,241.0,"character,viral",False,False
CT003772,C0288,mini,Animation,2026-05-24 20:18:13,25.3,character,True,True
CT003773,C0044,mini,Drama,2025-09-11 05:37:10,4.7,"visual,experimental,creative",False,False
CT003774,C0064,mini,Comedy,2026-08-17 05:35:19,10.5,"experimental,cinematic,visual",True,False
CT003775,C0102,mini,Documentary,2025-12-01 22:16:20,7.6,"visual,animation,viral",False,False
CT003776,C0092,mini,Mystery,2026-04-24 22:34:25,13.8,ai,False,False
CT003777,C0273,video,Romance,2026-03-15 02:27:34,84.7,"animation,viral",False,False
CT003778,C0231,mini,Mystery,2026-02-13 19:00:24,10.8,animation,False,False
CT003779,C0166,video,Comedy,2026-02-07 18:55:34,63.6,"trending,visual,viral",False,False
CT003780,C0281,video,Fantasy,2026-03-06 23:00:45,304.8,"visual,animation",False,False
CT003781,C0423,mini,Documentary,2026-06-28 19:42:26,4.2,character,False,False
CT003782,C0184,mini,Documentary,2025-10-05 02:09:42,18.5,"creative,ai",True,False
CT003783,C0223,mini,Horror,2025-09-28 16:55:25,20.7,visual,True,True
CT003784,C0442,video,Documentary,2026-08-25 15:38:53,290.8,animation,False,False
CT003785,C0215,video,Documentary,2026-07-26 00:59:30,92.2,experimental,True,False
CT003786,C0044,cine,Drama,2025-11-28 02:13:21,54.5,creative,False,False
CT003787,C0092,video,Sci-Fi,2025-10-25 21:32:51,36.7,"character,creative",False,True
CT003788,C0134,image,Action,2026-05-07 21:56:15,129.9,visual,False,False
CT003789,C0282,cine,Documentary,2026-07-25 16:48:39,47.7,animation,False,False
CT003790,C0202,video,Romance,2026-08-07 07:04:34,147.2,ai,False,False
CT003791,C0171,cine,Horror,2025-09-22 05:15:17,42.1,"trending,creative",False,False
CT003792,C0414,mini,Comedy,2025-09-06 11:36:33,12.3,"cinematic,animation,ai",False,False
CT003793,C0226,image,Comedy,2026-01-18 10:33:04,18.3,"ai,creative,experimental",False,False
CT003794,C0233,image,Animation,2025-08-21 08:59:59,72.5,"ai,creative,viral",False,False
CT003795,C0136,mini,Drama,2026-07-31 02:26:05,23.7,"story,ai",True,False
CT003796,C0233,cine,Romance,2025-11-08 17:40:28,121.6,"visual,character,animation",False,False
CT003797,C0302,mini,Action,2025-10-05 12:56:42,5.4,"trending,visual",False,False
CT003798,C0460,mini,Drama,2026-08-18 05:37:14,12.2,experimental,True,False
CT003799,C0420,mini,Drama,2026-06-23 00:44:43,13.5,"visual,animation,experimental",True,False
CT003800,C0003,cine,Animation,2026-08-04 10:30:45,98.7,story,False,False
CT003801,C0009,mini,Action,2026-01-15 13:28:15,8.3,character,True,False
CT003802,C0417,mini,Animation,2026-05-28 11:59:46,11.9,viral,False,False
CT003803,C0115,mini,Romance,2025-12-09 10:14:21,18.6,"creative,trending,animation",False,False
CT003804,C0013,video,Fantasy,2025-07-02 23:29:42,81.7,"animation,character,story",False,False
CT003805,C0335,image,Action,2026-03-30 15:24:45,152.5,"trending,viral",False,False
CT003806,C0481,mini,Fantasy,2025-07-07 08:11:11,8.8,"experimental,cinematic",False,False
CT003807,C0354,image,Drama,2025-08-30 12:56:36,56.4,"animation,trending",False,False
CT003808,C0066,cine,Animation,2025-10-14 06:24:36,12.9,"creative,character,cinematic",True,False
CT003809,C0148,cine,Comedy,2026-03-28 10:14:07,131.9,cinematic,False,True
CT003810,C0144,image,Documentary,2026-05-21 15:46:00,39.9,animation,False,False
CT003811,C0140,cine,Action,2025-08-20 12:59:56,52.7,"animation,character",True,False
CT003812,C0310,mini,Mystery,2026-05-02 01:49:05,17.2,"ai,animation,experimental",False,False
CT003813,C0372,image,Romance,2026-04-21 03:43:20,31.5,"animation,trending",False,False
CT003814,C0146,mini,Horror,2026-02-28 07:16:42,17.9,"visual,cinematic",False,False
CT003815,C0276,video,Sci-Fi,2026-03-06 10:57:01,75.4,"animation,creative",False,False
CT003816,C0242,video,Documentary,2025-12-01 01:41:01,34.4,"animation,character,story",True,False
CT003817,C0189,mini,Action,2025-08-03 18:37:27,11.2,"visual,viral,cinematic",False,True
CT003818,C0090,image,Documentary,2025-07-31 23:46:59,92.2,visual,False,False
CT003819,C0032,video,Comedy,2025-07-16 21:53:11,156.5,experimental,True,False
CT003820,C0469,video,Comedy,2026-01-05 13:12:09,13.7,"experimental,creative",False,True
CT003821,C0322,mini,Drama,2026-03-04 22:52:25,21.2,"creative,ai",False,False
CT003822,C0417,mini,Horror,2025-08-05 13:27:35,11.4,"cinematic,experimental,visual",False,False
CT003823,C0145,cine,Documentary,2025-07-26 09:32:27,21.5,"character,animation,experimental",False,False
CT003824,C0107,cine,Comedy,2026-04-13 21:55:28,38.0,"ai,character",True,False
CT003825,C0285,mini,Comedy,2026-03-13 01:01:39,21.9,viral,False,False
CT003826,C0349,mini,Sci-Fi,2026-07-31 03:25:05,10.3,"animation,ai,cinematic",True,False
CT003827,C0362,mini,Horror,2026-08-30 13:17:35,12.8,"story,cinematic",False,False
CT003828,C0274,mini,Sci-Fi,2026-08-25 09:58:26,4.5,"creative,experimental,story",False,False
CT003829,C0228,mini,Fantasy,2025-07-27 01:50:53,7.9,ai,False,False
CT003830,C0279,mini,Drama,2025-11-14 13:26:55,17.4,trending,False,False
CT003831,C0130,mini,Horror,2026-01-03 01:23:10,20.7,"story,viral",False,True
CT003832,C0081,cine,Horror,2026-05-03 22:45:06,58.7,"story,ai",False,False
CT003833,C0108,mini,Mystery,2026-07-27 12:40:16,16.3,animation,False,False
CT003834,C0168,mini,Mystery,2026-06-15 12:40:38,10.0,"ai,story",True,True
CT003835,C0353,mini,Romance,2026-08-02 07:38:48,12.3,trending,False,False
CT003836,C0432,mini,Mystery,2025-06-09 11:40:53,7.2,viral,False,True
CT003837,C0441,mini,Documentary,2025-06-14 15:20:48,9.5,"experimental,viral",True,False
CT003838,C0193,cine,Fantasy,2025-12-05 10:24:58,38.3,trending,False,False
CT003839,C0490,cine,Romance,2026-06-04 10:50:12,16.5,"viral,trending",False,False
CT003840,C0492,mini,Drama,2025-10-27 21:17:29,40.3,"story,ai,trending",False,True
CT003841,C0403,video,Fantasy,2025-09-17 18:38:43,25.3,"experimental,character",False,False
CT003842,C0036,image,Action,2025-09-17 17:33:09,65.3,"character,viral",False,False
CT003843,C0299,video,Romance,2026-05-07 10:26:40,39.8,"story,trending,cinematic",False,False
CT003844,C0142,cine,Action,2026-05-25 20:59:22,34.6,"trending,animation,viral",False,False
CT003845,C0431,cine,Comedy,2025-11-09 21:09:15,82.4,character,False,False
CT003846,C0118,image,Documentary,2025-06-27 04:09:19,49.3,animation,False,False
CT003847,C0190,cine,Horror,2025-09-11 13:11:05,104.2,"creative,ai",False,False
CT003848,C0125,image,Comedy,2025-10-10 22:56:08,51.5,"ai,viral",False,False
CT003849,C0439,mini,Comedy,2026-01-01 15:34:43,34.3,visual,False,False
CT003850,C0285,mini,Comedy,2025-11-22 21:43:22,15.5,creative,False,False
CT003851,C0206,image,Sci-Fi,2025-08-20 05:15:14,63.4,animation,True,False
CT003852,C0408,mini,Documentary,2026-08-25 03:46:21,9.4,trending,True,False
CT003853,C0295,cine,Comedy,2025-12-11 10:23:41,51.4,"viral,creative",False,False
CT003854,C0300,mini,Animation,2025-09-10 03:02:30,15.8,viral,False,False
CT003855,C0084,cine,Horror,2025-11-28 00:53:59,99.1,ai,False,False
CT003856,C0187,cine,Sci-Fi,2026-05-06 15:00:41,14.2,experimental,False,False
CT003857,C0249,cine,Documentary,2026-08-14 01:33:46,79.4,"animation,character,visual",True,False
CT003858,C0205,mini,Documentary,2025-12-21 00:10:35,7.7,ai,False,False
CT003859,C0174,mini,Animation,2026-02-03 04:59:57,17.7,experimental,False,False
CT003860,C0492,mini,Drama,2025-10-16 07:04:18,9.3,"experimental,visual,ai",False,False
CT003861,C0183,cine,Fantasy,2026-04-14 20:44:08,40.7,"visual,trending",False,False
CT003862,C0298,mini,Animation,2026-04-10 01:45:45,10.7,character,True,False
CT003863,C0294,mini,Animation,2025-08-19 18:31:59,7.9,"animation,visual",False,False
CT003864,C0107,mini,Documentary,2026-02-06 07:47:51,25.9,experimental,True,True
CT003865,C0441,image,Fantasy,2026-08-29 18:28:29,48.9,"trending,visual",False,False
CT003866,C0074,mini,Documentary,2025-09-15 16:58:01,21.9,experimental,False,False
CT003867,C0414,mini,Fantasy,2026-01-13 22:37:01,6.6,"trending,experimental",False,False
CT003868,C0297,cine,Fantasy,2026-04-03 05:06:00,30.3,experimental,False,False
CT003869,C0176,cine,Animation,2025-07-05 07:19:34,20.2,cinematic,False,False
CT003870,C0139,mini,Animation,2026-01-24 18:58:38,7.3,"animation,visual",False,False
CT003871,C0366,image,Drama,2026-03-05 20:01:26,79.6,"animation,ai,cinematic",False,False
CT003872,C0225,mini,Animation,2026-02-04 06:06:47,7.4,"creative,experimental",False,False
CT003873,C0269,cine,Drama,2025-10-24 01:47:35,99.1,"character,trending,cinematic",False,False
CT003874,C0181,mini,Sci-Fi,2026-06-03 02:56:56,20.6,creative,False,False
CT003875,C0171,cine,Drama,2025-10-13 00:47:47,63.1,"ai,story",False,False
CT003876,C0136,cine,Documentary,2026-01-19 17:35:32,63.6,cinematic,False,False
CT003877,C0448,video,Romance,2025-10-23 13:27:04,34.6,character,False,False
CT003878,C0443,mini,Animation,2026-06-24 15:49:44,8.7,"story,creative",True,False
CT003879,C0081,mini,Action,2025-12-23 09:21:37,38.8,"creative,ai,visual",False,False
CT003880,C0068,mini,Action,2025-11-23 22:07:57,9.8,"trending,character",False,False
CT003881,C0403,cine,Action,2025-10-09 22:18:02,53.1,"character,trending",True,False
CT003882,C0182,mini,Sci-Fi,2026-01-31 10:44:56,11.4,"trending,cinematic,ai",False,False
CT003883,C0106,video,Fantasy,2026-05-22 01:50:53,84.3,character,False,False
CT003884,C0107,mini,Sci-Fi,2026-03-12 07:21:49,13.9,"experimental,viral,story",False,False
CT003885,C0440,video,Sci-Fi,2025-08-21 14:31:47,51.8,creative,False,False
CT003886,C0132,mini,Action,2025-06-10 02:28:39,11.2,creative,False,False
CT003887,C0358,cine,Horror,2025-08-04 17:23:00,44.5,"cinematic,experimental",False,False
CT003888,C0228,image,Drama,2026-07-12 11:24:30,50.7,"viral,animation",False,False
CT003889,C0230,mini,Documentary,2025-07-18 15:20:35,7.6,"cinematic,experimental,story",True,False
CT003890,C0164,mini,Horror,2025-08-21 00:08:45,12.8,"character,creative",False,True
CT003891,C0042,mini,Animation,2025-12-05 02:59:14,4.8,"creative,experimental,visual",False,True
CT003892,C0043,mini,Action,2025-08-25 00:09:19,14.4,cinematic,True,False
CT003893,C0091,image,Sci-Fi,2025-07-22 11:18:28,45.9,"experimental,animation,ai",False,False
CT003894,C0141,mini,Drama,2025-08-25 08:17:29,14.1,"creative,visual",False,True
CT003895,C0083,cine,Comedy,2025-06-12 10:14:25,16.0,"trending,story,creative",False,True
CT003896,C0142,mini,Animation,2026-01-22 00:33:49,11.2,"visual,creative",True,True
CT003897,C0383,video,Drama,2025-10-13 05:58:21,146.7,"story,ai,viral",False,False
CT003898,C0004,video,Romance,2025-10-10 16:32:46,23.5,"experimental,animation",False,False
CT003899,C0312,mini,Documentary,2026-08-21 21:26:46,15.7,viral,False,False
CT003900,C0261,image,Drama,2026-07-24 01:17:03,77.3,viral,True,False
CT003901,C0111,mini,Mystery,2025-06-05 23:28:36,7.5,"visual,animation",False,True
CT003902,C0144,cine,Comedy,2026-07-19 18:53:36,24.4,"character,trending,cinematic",False,False
CT003903,C0185,image,Fantasy,2025-06-30 02:58:40,76.0,"cinematic,character",True,False
CT003904,C0134,mini,Sci-Fi,2026-02-23 21:01:10,17.4,"character,animation",False,False
CT003905,C0155,image,Horror,2026-02-21 21:49:55,142.9,"trending,animation",True,False
CT003906,C0209,mini,Fantasy,2026-03-10 02:36:14,8.8,"creative,trending,character",False,False
CT003907,C0323,video,Drama,2026-01-14 00:47:12,98.3,creative,False,False
CT003908,C0318,mini,Drama,2026-04-01 01:38:56,56.2,"experimental,visual",False,False
CT003909,C0166,mini,Drama,2025-07-18 13:35:14,12.4,"experimental,trending",False,False
CT003910,C0146,mini,Sci-Fi,2025-12-23 02:42:50,19.2,"creative,animation",False,False
CT003911,C0385,cine,Horror,2026-07-13 23:52:07,42.7,creative,False,True
CT003912,C0383,image,Comedy,2026-02-11 21:11:28,57.1,story,True,False
CT003913,C0346,image,Animation,2026-04-04 12:58:46,37.1,"story,cinematic,creative",False,False
CT003914,C0340,cine,Romance,2025-07-01 08:10:36,18.1,trending,False,False
CT003915,C0125,mini,Romance,2026-01-12 13:49:44,18.0,"viral,creative,cinematic",False,False
CT003916,C0324,cine,Animation,2025-07-16 06:05:02,202.0,character,True,False
CT003917,C0164,mini,Horror,2026-02-03 22:36:08,9.8,"creative,story",False,False
CT003918,C0264,mini,Sci-Fi,2025-11-04 04:40:51,12.1,creative,False,False
CT003919,C0274,mini,Animation,2026-05-30 01:18:39,12.3,"trending,viral",False,False
CT003920,C0396,image,Mystery,2026-05-25 06:41:40,63.3,"trending,experimental,character",False,False
CT003921,C0447,mini,Horror,2025-07-15 17:23:21,20.0,experimental,False,False
CT003922,C0205,mini,Animation,2025-11-17 20:41:51,9.1,character,False,False
CT003923,C0056,video,Action,2026-07-31 12:34:44,108.2,"character,animation,ai",False,False
CT003924,C0006,mini,Fantasy,2025-06-07 18:47:29,25.7,"animation,story,character",False,False
CT003925,C0180,mini,Sci-Fi,2025-07-22 08:40:22,52.1,"visual,cinematic,story",False,False
CT003926,C0216,mini,Action,2026-08-01 00:37:36,15.4,story,False,False
CT003927,C0299,video,Drama,2025-12-27 02:20:57,88.1,"character,experimental,creative",False,False
CT003928,C0177,image,Comedy,2026-03-10 03:56:49,24.9,"experimental,creative,trending",False,False
CT003929,C0161,cine,Romance,2025-09-21 21:32:19,137.5,"story,cinematic,ai",False,False
CT003930,C0366,image,Romance,2025-12-07 19:55:39,58.7,"experimental,animation",False,False
CT003931,C0146,cine,Mystery,2026-03-31 08:05:04,26.4,experimental,False,False
CT003932,C0026,image,Mystery,2025-10-20 11:09:00,18.9,animation,False,False
CT003933,C0216,image,Fantasy,2026-06-18 23:05:58,43.3,ai,False,False
CT003934,C0310,mini,Horror,2026-07-28 02:11:52,31.4,"viral,ai,cinematic",False,False
CT003935,C0096,mini,Animation,2026-03-09 04:51:13,15.1,trending,False,True
CT003936,C0004,mini,Drama,2025-09-28 17:42:30,12.0,"creative,visual",False,True
CT003937,C0299,image,Horror,2025-09-11 03:12:48,94.7,"character,viral",True,False
CT003938,C0100,mini,Action,2025-06-11 16:19:15,6.8,"visual,experimental,ai",True,False
CT003939,C0438,cine,Animation,2026-05-22 09:31:21,57.8,"animation,viral,creative",False,False
CT003940,C0168,video,Mystery,2026-07-15 04:19:15,32.9,"trending,story",False,False
CT003941,C0456,cine,Sci-Fi,2026-08-04 20:29:24,58.2,"visual,trending,viral",False,False
CT003942,C0044,mini,Horror,2026-08-20 16:21:22,20.5,"trending,viral",True,False
CT003943,C0231,mini,Romance,2025-08-13 09:51:03,7.4,"experimental,viral,visual",False,False
CT003944,C0206,video,Documentary,2026-04-15 11:57:06,69.0,"story,animation,experimental",True,False
CT003945,C0145,image,Horror,2025-09-24 14:25:15,138.4,"experimental,character,creative",False,False
CT003946,C0178,image,Fantasy,2025-08-19 13:16:12,142.4,visual,False,True
CT003947,C0192,mini,Drama,2026-01-28 11:55:12,15.9,"ai,experimental,cinematic",False,False
CT003948,C0031,cine,Mystery,2026-04-05 06:38:54,35.7,creative,False,False
CT003949,C0114,cine,Fantasy,2026-05-04 08:04:10,92.0,"creative,animation,ai",False,False
CT003950,C0140,image,Mystery,2026-01-11 05:14:15,93.4,"ai,viral,visual",False,True
CT003951,C0294,cine,Romance,2025-07-28 21:44:19,54.9,"cinematic,animation",True,False
CT003952,C0149,mini,Comedy,2025-07-02 02:34:09,6.6,"experimental,animation",False,False
CT003953,C0070,cine,Drama,2025-06-24 02:19:21,56.0,trending,True,False
CT003954,C0341,image,Drama,2026-05-16 17:12:32,19.2,"experimental,animation,ai",False,False
CT003955,C0161,mini,Mystery,2026-02-14 12:47:48,23.3,"character,experimental",False,False
CT003956,C0009,cine,Documentary,2025-11-04 00:00:31,35.6,"ai,story",False,False
CT003957,C0086,mini,Animation,2026-05-30 12:50:47,19.4,trending,True,False
CT003958,C0274,video,Fantasy,2025-11-10 11:25:19,509.2,"creative,cinematic,visual",False,False
CT003959,C0103,mini,Fantasy,2025-10-14 17:15:06,4.5,"experimental,visual,trending",False,False
CT003960,C0464,cine,Documentary,2026-06-04 04:29:59,85.4,"trending,character,experimental",False,False
CT003961,C0330,cine,Drama,2026-02-21 20:11:02,26.0,"visual,ai",False,False
CT003962,C0150,image,Sci-Fi,2026-04-05 17:35:49,40.6,"viral,cinematic",True,False
CT003963,C0497,video,Comedy,2026-06-02 08:58:28,33.5,experimental,False,False
CT003964,C0360,mini,Action,2025-10-21 17:11:03,17.6,"ai,character",False,False
CT003965,C0333,mini,Action,2025-06-14 03:25:46,16.7,"cinematic,visual",False,False
CT003966,C0041,image,Comedy,2026-03-30 15:33:59,267.7,"character,creative,experimental",False,False
CT003967,C0123,cine,Romance,2025-11-01 06:58:45,54.8,"viral,creative",False,False
CT003968,C0303,cine,Documentary,2026-08-17 11:26:09,15.8,"trending,animation,character",True,False
CT003969,C0197,mini,Drama,2025-10-17 06:11:22,14.1,"trending,character,animation",True,False
CT003970,C0425,image,Sci-Fi,2026-05-30 15:41:13,30.4,"trending,viral,experimental",False,False
CT003971,C0310,image,Comedy,2026-04-26 17:08:38,58.6,"creative,character",False,False
CT003972,C0042,mini,Mystery,2026-04-19 17:06:45,21.1,visual,True,False
CT003973,C0433,mini,Horror,2026-03-31 19:06:03,7.5,"creative,experimental",False,True
CT003974,C0460,video,Animation,2025-07-05 04:10:48,51.0,"creative,story",False,False
CT003975,C0358,mini,Comedy,2026-06-13 00:34:44,26.0,"cinematic,character",True,False
CT003976,C0387,mini,Documentary,2025-10-01 14:58:01,13.4,"character,visual,experimental",False,False
CT003977,C0076,video,Sci-Fi,2026-02-06 04:21:44,53.1,"creative,trending,experimental",False,False
CT003978,C0370,image,Sci-Fi,2025-09-26 04:34:58,42.5,creative,False,False
CT003979,C0299,cine,Documentary,2025-09-12 22:01:41,54.4,experimental,False,True
CT003980,C0064,image,Action,2025-11-21 06:52:26,38.6,story,False,True
CT003981,C0099,mini,Mystery,2025-12-15 11:53:14,11.6,"viral,visual",False,False
CT003982,C0275,cine,Romance,2026-07-20 07:14:24,37.0,"visual,animation,experimental",False,False
CT003983,C0186,mini,Animation,2025-11-28 14:22:32,6.9,"story,creative,ai",False,False
CT003984,C0289,video,Romance,2026-08-06 19:18:32,71.9,viral,False,False
CT003985,C0482,mini,Fantasy,2026-04-01 11:50:07,51.7,story,False,False
CT003986,C0310,mini,Drama,2026-03-18 07:28:49,9.0,"character,creative,visual",False,False
CT003987,C0447,mini,Mystery,2026-08-09 23:44:02,21.9,character,True,False
CT003988,C0015,mini,Mystery,2026-08-27 16:11:03,11.3,"viral,experimental,story",False,False
CT003989,C0130,mini,Horror,2025-12-26 17:06:09,6.6,story,False,False
CT003990,C0442,cine,Documentary,2025-11-28 22:26:07,47.2,animation,False,False
CT003991,C0365,image,Comedy,2026-03-19 07:30:19,71.8,creative,False,False
CT003992,C0178,mini,Drama,2025-09-02 02:58:40,16.5,trending,False,False
CT003993,C0161,video,Animation,2025-08-21 00:41:35,39.3,animation,False,False
CT003994,C0375,video,Fantasy,2025-10-21 18:25:38,349.1,viral,False,False
CT003995,C0004,mini,Fantasy,2026-02-17 22:10:34,13.5,"cinematic,experimental,ai",True,False
CT003996,C0041,mini,Comedy,2026-08-30 03:32:24,7.5,"ai,trending,experimental",False,False
CT003997,C0424,cine,Fantasy,2026-04-29 03:45:11,42.0,animation,True,False
CT003998,C0380,mini,Romance,2025-10-19 06:20:58,11.4,"viral,ai",False,False
CT003999,C0411,cine,Animation,2026-05-15 06:25:49,46.7,animation,False,False
CT004000,C0238,cine,Action,2026-01-22 06:18:57,106.4,viral,False,False
CT004001,C0148,cine,Sci-Fi,2026-08-18 23:21:26,51.4,character,False,False
CT004002,C0195,image,Documentary,2026-03-07 18:36:24,41.7,"ai,visual,character",False,False
CT004003,C0387,video,Horror,2026-08-25 07:53:35,20.0,"experimental,visual,story",False,False
CT004004,C0119,cine,Drama,2026-05-21 15:06:54,113.0,"animation,character",False,False
CT004005,C0018,mini,Romance,2026-01-22 01:12:45,12.5,"animation,experimental,cinematic",False,False
CT004006,C0248,mini,Sci-Fi,2026-05-24 03:56:38,11.0,cinematic,False,False
CT004007,C0270,cine,Mystery,2026-06-28 10:22:39,35.9,"trending,viral,animation",False,False
CT004008,C0202,image,Horror,2025-09-03 20:37:02,99.7,"experimental,ai,trending",False,False
CT004009,C0490,image,Drama,2026-05-03 03:07:19,134.1,creative,False,False
CT004010,C0304,cine,Action,2026-08-26 23:43:34,32.2,"experimental,viral",True,False
CT004011,C0395,cine,Drama,2026-01-26 05:12:37,30.3,animation,False,False
CT004012,C0120,video,Animation,2025-12-24 18:44:11,258.0,animation,False,False
CT004013,C0283,mini,Horror,2025-06-14 17:04:08,27.9,"visual,animation,character",True,False
CT004014,C0176,mini,Documentary,2026-05-04 00:02:14,11.2,"character,ai,visual",False,False
CT004015,C0183,video,Horror,2026-08-20 12:28:15,21.2,experimental,False,False
CT004016,C0054,video,Action,2026-03-08 18:05:51,26.8,"creative,trending",False,False
CT004017,C0368,mini,Romance,2026-08-15 03:26:19,18.2,"creative,visual",False,False
CT004018,C0221,mini,Mystery,2025-08-01 23:04:08,19.6,character,False,False
CT004019,C0487,image,Documentary,2026-01-23 06:33:07,27.0,"ai,character,trending",False,False
CT004020,C0290,mini,Horror,2026-05-20 16:07:52,10.9,ai,False,True
CT004021,C0097,mini,Animation,2025-11-05 01:30:49,6.9,"creative,cinematic,ai",False,True
CT004022,C0360,mini,Comedy,2026-06-17 14:58:15,18.2,cinematic,False,False
CT004023,C0031,cine,Documentary,2025-07-21 23:22:20,29.1,"animation,visual",False,False
CT004024,C0374,mini,Action,2026-06-28 20:50:00,10.0,visual,False,False
CT004025,C0190,mini,Drama,2025-06-26 03:22:29,8.8,"trending,ai,story",True,False
CT004026,C0026,mini,Documentary,2025-07-12 17:58:26,16.2,"character,visual",False,False
CT004027,C0259,image,Animation,2026-06-02 08:28:27,139.5,"viral,story,animation",False,False
CT004028,C0241,image,Sci-Fi,2026-08-16 16:08:37,34.2,"ai,viral",False,False
CT004029,C0123,image,Mystery,2025-12-04 16:54:30,27.5,experimental,False,False
CT004030,C0051,mini,Comedy,2025-09-09 10:00:52,32.4,"visual,trending",False,False
CT004031,C0305,video,Fantasy,2026-02-12 15:37:14,178.6,creative,False,False
CT004032,C0222,video,Drama,2025-10-08 20:36:22,133.9,"viral,animation,experimental",False,False
CT004033,C0153,mini,Horror,2025-10-16 11:21:44,16.3,visual,False,False
CT004034,C0272,video,Fantasy,2025-06-01 20:39:36,83.2,animation,False,False
CT004035,C0490,mini,Romance,2026-03-07 23:34:03,16.5,"cinematic,experimental,story",False,False
CT004036,C0430,mini,Horror,2025-08-12 05:46:47,21.1,trending,False,False
CT004037,C0132,cine,Romance,2026-05-12 23:58:10,45.7,"trending,animation",True,False
CT004038,C0183,cine,Horror,2025-09-03 20:48:32,43.2,character,False,False
CT004039,C0402,video,Romance,2026-07-13 03:48:58,41.5,"experimental,animation,creative",False,False
CT004040,C0068,mini,Sci-Fi,2026-04-09 03:30:49,13.5,"animation,experimental,story",False,False
CT004041,C0482,image,Documentary,2026-01-13 05:08:48,22.3,creative,False,False
CT004042,C0202,image,Action,2025-12-10 11:17:35,41.8,"cinematic,creative,trending",False,False
CT004043,C0246,mini,Comedy,2025-10-15 21:13:25,5.3,experimental,False,False
CT004044,C0481,image,Sci-Fi,2025-07-02 19:48:03,155.5,"creative,story,animation",False,False
CT004045,C0105,cine,Mystery,2025-07-06 00:33:50,78.1,"character,creative,animation",False,False
CT004046,C0085,mini,Romance,2026-02-15 04:58:30,7.4,"viral,character,cinematic",False,False
CT004047,C0446,mini,Documentary,2026-06-25 10:19:16,18.7,"character,cinematic,visual",False,True
CT004048,C0360,video,Horror,2026-04-13 04:17:19,6.8,"creative,character,cinematic",False,False
CT004049,C0202,image,Comedy,2026-06-25 05:26:42,41.5,"creative,animation",False,True
CT004050,C0054,cine,Comedy,2026-05-04 01:01:59,60.0,"animation,visual,character",False,False
CT004051,C0270,mini,Fantasy,2025-11-09 03:26:02,7.9,"experimental,animation,story",False,False
CT004052,C0383,image,Romance,2026-08-01 00:40:28,37.8,experimental,True,False
CT004053,C0028,image,Animation,2025-09-03 12:15:27,9.6,character,True,False
CT004054,C0107,video,Sci-Fi,2025-10-03 20:33:26,20.6,"visual,story",True,False
CT004055,C0176,image,Fantasy,2026-04-04 01:34:57,25.3,character,False,False
CT004056,C0144,mini,Sci-Fi,2025-06-18 00:49:34,6.6,experimental,False,False
CT004057,C0276,video,Horror,2026-05-12 00:52:54,6.5,"cinematic,ai,animation",False,False
CT004058,C0492,image,Romance,2025-10-17 01:09:20,47.8,"cinematic,experimental",False,False
CT004059,C0342,mini,Romance,2026-04-26 03:37:10,10.5,"viral,ai,character",False,False
CT004060,C0255,image,Documentary,2026-05-04 06:13:53,72.8,"creative,cinematic",False,False
CT004061,C0468,mini,Mystery,2025-07-03 12:06:57,16.6,"viral,cinematic,character",False,False
CT004062,C0412,cine,Documentary,2025-10-28 18:32:37,97.3,"visual,ai,animation",False,False
CT004063,C0292,mini,Drama,2026-08-23 19:23:59,8.4,"viral,character,experimental",False,False
CT004064,C0027,image,Horror,2026-07-30 11:09:29,20.4,"trending,creative,viral",False,False
CT004065,C0138,mini,Animation,2026-02-04 07:13:48,16.0,experimental,False,True
CT004066,C0457,image,Comedy,2025-12-12 06:33:21,69.0,"visual,animation",False,False
CT004067,C0276,mini,Mystery,2026-03-05 09:44:06,19.5,"cinematic,animation",False,False
CT004068,C0462,mini,Sci-Fi,2026-04-29 21:08:45,13.9,"creative,experimental,character",False,False
CT004069,C0039,mini,Horror,2025-06-21 16:01:37,12.6,creative,False,False
CT004070,C0091,mini,Animation,2025-10-23 13:40:04,16.5,"ai,experimental",False,False
CT004071,C0074,image,Sci-Fi,2025-06-06 09:10:34,46.0,"visual,trending,ai",True,False
CT004072,C0052,cine,Mystery,2026-01-17 20:55:01,87.1,"character,story,animation",False,False
CT004073,C0176,cine,Sci-Fi,2025-07-28 14:35:34,149.1,animation,False,False
CT004074,C0500,video,Comedy,2026-07-15 03:31:30,27.2,"character,viral,experimental",True,True
CT004075,C0009,cine,Drama,2025-11-26 06:52:32,91.7,"story,viral,experimental",True,True
CT004076,C0467,cine,Action,2026-07-09 07:28:49,50.6,visual,False,True
CT004077,C0038,mini,Drama,2026-08-05 19:36:32,30.8,"experimental,animation,visual",False,False
CT004078,C0006,video,Romance,2025-10-03 02:08:40,35.6,"trending,experimental",False,False
CT004079,C0004,mini,Drama,2026-04-28 23:28:06,8.5,"animation,ai,cinematic",True,True
CT004080,C0387,mini,Drama,2025-06-23 00:21:59,5.8,"trending,ai,viral",False,False
CT004081,C0091,cine,Horror,2026-08-30 15:33:32,20.1,"cinematic,viral",False,False
CT004082,C0056,image,Comedy,2026-05-11 16:30:51,74.1,"animation,experimental",False,False
CT004083,C0413,mini,Romance,2026-04-07 00:32:48,14.4,experimental,False,False
CT004084,C0317,video,Horror,2026-02-20 16:11:49,68.8,"cinematic,creative,ai",False,False
CT004085,C0177,mini,Comedy,2025-07-16 11:45:55,18.2,"story,trending,experimental",False,False
CT004086,C0386,cine,Horror,2025-09-28 07:20:11,29.4,"ai,experimental,story",False,False
CT004087,C0449,mini,Horror,2026-04-13 16:34:04,12.9,experimental,True,False
CT004088,C0264,video,Horror,2025-09-06 08:18:58,59.5,creative,False,False
CT004089,C0441,mini,Action,2026-03-20 10:42:59,48.9,story,False,True
CT004090,C0173,mini,Comedy,2026-06-15 02:22:16,8.4,viral,False,False
CT004091,C0432,mini,Romance,2026-07-10 03:45:56,16.1,"character,trending",False,False
CT004092,C0312,mini,Horror,2025-07-01 00:18:25,50.5,"trending,animation,visual",True,False
CT004093,C0107,mini,Animation,2026-02-04 04:12:26,21.1,"story,viral",False,True
CT004094,C0305,mini,Action,2025-07-30 14:37:16,12.1,"creative,viral,cinematic",False,True
CT004095,C0171,cine,Comedy,2025-09-20 23:33:20,64.7,"ai,viral,creative",False,False
CT004096,C0036,cine,Comedy,2026-07-07 11:30:17,74.4,story,False,False
CT004097,C0232,cine,Drama,2026-05-01 02:51:20,51.7,"story,animation",True,False
CT004098,C0033,mini,Drama,2026-04-04 23:57:03,10.9,"viral,experimental",False,False
CT004099,C0214,mini,Romance,2026-05-10 13:15:05,11.7,"animation,trending",False,False
CT004100,C0441,video,Comedy,2025-07-25 03:32:40,35.6,"creative,viral,ai",False,True
CT004101,C0045,mini,Mystery,2026-01-21 11:28:07,10.4,"story,character",True,False
CT004102,C0338,image,Documentary,2025-09-13 16:23:45,100.5,trending,False,False
CT004103,C0123,mini,Action,2025-07-14 05:46:48,21.0,"visual,creative",False,False
CT004104,C0298,mini,Action,2026-07-23 04:32:12,13.9,experimental,True,True
CT004105,C0305,video,Comedy,2025-12-06 16:21:33,43.6,"viral,animation,cinematic",True,False
CT004106,C0380,cine,Romance,2025-09-01 09:01:31,36.0,"trending,experimental,visual",False,False
CT004107,C0339,image,Fantasy,2026-06-19 00:07:01,50.8,"visual,experimental",False,False
CT004108,C0124,mini,Sci-Fi,2026-04-19 00:31:38,6.2,"visual,character",False,False
CT004109,C0181,image,Romance,2025-10-17 10:55:50,36.8,"cinematic,character",False,False
CT004110,C0287,video,Fantasy,2026-06-08 20:21:38,25.2,"animation,trending",False,True
CT004111,C0147,mini,Mystery,2026-04-30 15:12:46,12.6,animation,True,False
CT004112,C0422,mini,Animation,2025-09-30 19:24:52,19.6,ai,False,False
CT004113,C0289,video,Action,2025-09-24 14:24:27,43.4,"ai,creative,viral",False,False
CT004114,C0338,mini,Documentary,2025-08-18 05:42:03,12.4,"story,ai,experimental",False,False
CT004115,C0328,mini,Horror,2025-10-28 21:23:12,19.4,experimental,False,False
CT004116,C0176,mini,Documentary,2025-10-10 00:25:37,17.6,"trending,cinematic",False,False
CT004117,C0358,mini,Fantasy,2025-11-01 16:38:26,5.6,"viral,animation",False,False
CT004118,C0317,mini,Documentary,2025-08-31 06:03:35,20.1,"character,experimental,story",False,False
CT004119,C0402,mini,Sci-Fi,2025-08-01 19:17:36,28.6,"animation,visual,cinematic",False,False
CT004120,C0168,mini,Sci-Fi,2026-04-20 21:02:43,22.4,viral,False,False
CT004121,C0294,mini,Animation,2025-11-08 03:08:38,6.6,"character,cinematic",False,False
CT004122,C0442,cine,Animation,2025-07-17 03:28:02,71.3,experimental,False,False
CT004123,C0187,image,Drama,2026-04-26 23:15:21,35.4,"visual,ai,story",False,False
CT004124,C0418,image,Sci-Fi,2025-09-13 15:04:24,98.2,animation,False,False
CT004125,C0175,mini,Comedy,2025-11-30 23:56:22,18.8,"visual,cinematic,animation",False,False
CT004126,C0065,mini,Horror,2026-06-19 19:44:51,8.2,"experimental,trending",False,False
CT004127,C0017,image,Comedy,2025-10-15 16:18:36,44.4,"viral,cinematic",False,False
CT004128,C0240,cine,Mystery,2025-08-23 20:29:54,54.9,"experimental,ai",False,False
CT004129,C0208,video,Documentary,2026-04-16 12:34:04,31.8,animation,True,False
CT004130,C0130,video,Horror,2025-07-07 10:26:01,38.6,"story,creative",False,False
CT004131,C0433,mini,Drama,2026-01-22 01:23:59,11.7,experimental,False,False
CT004132,C0418,mini,Sci-Fi,2026-06-09 09:48:30,15.3,"creative,viral,story",False,False
CT004133,C0311,mini,Sci-Fi,2025-12-16 18:06:30,9.2,"viral,creative",False,True
CT004134,C0386,mini,Fantasy,2025-08-11 21:27:05,17.0,viral,False,False
CT004135,C0296,image,Drama,2026-05-30 01:07:50,19.5,"ai,viral",True,False
CT004136,C0318,mini,Documentary,2026-04-29 01:56:18,9.7,character,False,False
CT004137,C0111,video,Animation,2025-11-22 04:00:17,62.1,experimental,False,False
CT004138,C0007,image,Fantasy,2025-08-09 00:29:24,44.0,"animation,ai,visual",False,False
CT004139,C0295,video,Horror,2026-02-04 05:20:32,100.1,"animation,ai",True,True
CT004140,C0058,cine,Drama,2026-05-22 01:18:15,23.2,"experimental,visual",False,True
CT004141,C0092,mini,Animation,2025-06-15 11:44:37,11.6,"story,cinematic,animation",False,False
CT004142,C0258,mini,Romance,2026-01-09 17:03:27,11.0,story,False,False
CT004143,C0170,image,Action,2025-11-02 18:34:13,55.9,creative,False,False
CT004144,C0192,mini,Fantasy,2025-11-12 19:32:41,21.2,"trending,creative",True,True
CT004145,C0289,video,Drama,2025-09-17 00:40:12,289.7,ai,False,False
CT004146,C0423,mini,Drama,2026-03-24 16:33:52,5.3,"animation,creative",False,False
CT004147,C0023,cine,Documentary,2026-07-09 21:38:43,30.3,"character,cinematic",False,True
CT004148,C0141,mini,Animation,2025-07-13 23:34:20,7.9,viral,False,False
CT004149,C0159,cine,Fantasy,2025-06-10 14:24:01,111.6,"animation,trending",True,True
CT004150,C0124,image,Sci-Fi,2025-11-27 06:39:44,21.2,viral,False,False
CT004151,C0048,mini,Animation,2026-04-16 05:17:48,9.0,"ai,experimental",False,False
CT004152,C0135,video,Drama,2025-07-06 05:44:36,24.1,"story,cinematic",True,False
CT004153,C0082,cine,Romance,2026-05-11 19:50:25,21.2,"cinematic,trending,character",True,False
CT004154,C0437,mini,Drama,2026-04-26 19:06:04,16.7,creative,False,False
CT004155,C0176,video,Drama,2025-10-30 14:53:37,34.3,"trending,cinematic",False,False
CT004156,C0171,image,Sci-Fi,2025-10-29 17:22:44,22.1,creative,False,False
CT004157,C0347,mini,Horror,2025-09-26 05:40:54,11.4,"story,experimental,animation",False,False
CT004158,C0295,mini,Animation,2026-04-20 22:16:55,20.1,"visual,animation",False,False
CT004159,C0131,video,Romance,2025-08-15 03:57:03,84.3,"ai,cinematic,story",False,True
CT004160,C0149,cine,Sci-Fi,2025-10-31 04:53:48,27.5,"ai,animation,creative",False,False
CT004161,C0008,cine,Comedy,2025-10-05 08:37:38,57.4,animation,True,False
CT004162,C0107,mini,Animation,2025-11-18 17:58:04,14.3,"animation,viral,trending",True,True
CT004163,C0200,cine,Action,2026-07-22 18:09:41,46.8,"experimental,animation",True,False
CT004164,C0207,mini,Mystery,2025-06-12 07:32:05,7.5,"trending,ai",False,False
CT004165,C0116,mini,Romance,2025-06-20 18:16:48,4.1,character,False,False
CT004166,C0431,mini,Mystery,2025-12-04 17:35:23,14.2,cinematic,True,False
CT004167,C0391,mini,Animation,2025-12-26 06:17:34,16.7,"visual,character,trending",False,False
CT004168,C0220,cine,Documentary,2026-08-28 16:31:11,25.0,"cinematic,character",False,False
CT004169,C0412,cine,Sci-Fi,2025-09-29 13:23:12,80.9,"trending,experimental",False,False
CT004170,C0158,image,Drama,2026-02-11 06:55:07,84.9,"viral,story,character",False,False
CT004171,C0332,mini,Drama,2026-04-14 07:36:41,14.7,trending,False,False
CT004172,C0393,mini,Sci-Fi,2026-04-15 06:35:37,13.4,"cinematic,story",False,False
CT004173,C0305,image,Romance,2025-10-31 06:13:45,122.9,"animation,story,ai",True,False
CT004174,C0157,cine,Fantasy,2026-06-23 20:41:50,27.9,"visual,cinematic",False,False
CT004175,C0367,mini,Animation,2025-11-05 18:12:01,9.9,"cinematic,experimental",True,False
CT004176,C0056,image,Comedy,2025-12-15 07:35:12,20.8,"story,cinematic",False,False
CT004177,C0189,mini,Drama,2025-06-27 13:58:33,16.7,"story,trending,character",False,False
CT004178,C0425,mini,Comedy,2026-08-29 08:55:14,9.0,"animation,character,experimental",True,False
CT004179,C0326,image,Drama,2026-07-21 04:28:26,76.7,"cinematic,trending",True,False
CT004180,C0177,mini,Horror,2025-09-21 01:40:22,7.6,"visual,trending",False,False
CT004181,C0210,cine,Documentary,2026-01-24 20:15:05,9.4,"ai,story",False,False
CT004182,C0203,video,Sci-Fi,2026-06-17 11:25:52,187.5,"animation,viral",False,False
CT004183,C0207,mini,Sci-Fi,2025-07-02 10:59:26,10.2,"experimental,viral,character",False,False
CT004184,C0116,cine,Drama,2026-04-04 08:18:14,69.9,"trending,ai,experimental",True,True
CT004185,C0393,mini,Animation,2026-05-09 18:51:53,10.3,trending,False,False
CT004186,C0048,video,Animation,2026-03-20 18:40:45,32.6,"cinematic,animation",False,False
CT004187,C0394,mini,Documentary,2026-05-22 16:41:17,6.0,"story,creative",False,True
CT004188,C0270,video,Action,2025-09-11 05:35:51,173.4,"animation,character",False,False
CT004189,C0200,mini,Comedy,2025-12-28 06:42:52,9.3,"ai,visual,creative",False,False
CT004190,C0398,image,Action,2026-03-17 03:16:42,47.1,trending,False,False
CT004191,C0469,image,Horror,2026-08-21 11:34:46,175.0,"cinematic,character",False,False
CT004192,C0207,mini,Action,2025-06-27 20:25:30,15.0,"visual,character,animation",False,False
CT004193,C0265,cine,Romance,2025-09-12 01:20:41,23.9,visual,False,False
CT004194,C0214,mini,Mystery,2025-10-27 19:49:56,23.4,"ai,viral,experimental",False,False
CT004195,C0244,mini,Animation,2026-06-20 23:04:40,11.5,animation,False,False
CT004196,C0176,mini,Mystery,2026-05-15 13:37:20,9.1,"viral,cinematic,creative",False,False
CT004197,C0251,image,Documentary,2026-06-21 23:20:37,44.6,viral,False,False
CT004198,C0011,mini,Horror,2026-03-22 04:34:31,12.3,"character,trending,visual",False,False
CT004199,C0389,cine,Drama,2026-01-24 16:18:09,31.7,"animation,cinematic",False,False
CT004200,C0048,image,Comedy,2025-11-30 13:56:11,38.0,"creative,character,experimental",False,False
CT004201,C0483,mini,Drama,2026-02-02 06:56:26,8.0,"cinematic,viral",False,True
CT004202,C0192,mini,Sci-Fi,2025-07-17 11:54:02,13.0,ai,False,False
CT004203,C0339,cine,Drama,2025-07-22 04:46:46,31.7,"story,creative,experimental",False,False
CT004204,C0017,mini,Documentary,2025-07-03 04:01:17,11.4,story,False,False
CT004205,C0166,mini,Sci-Fi,2025-07-31 17:52:52,24.5,story,True,False
CT004206,C0472,mini,Documentary,2025-10-29 10:20:02,10.9,"character,cinematic",False,False
CT004207,C0255,mini,Fantasy,2025-12-10 18:57:01,7.8,"viral,experimental,creative",False,True
CT004208,C0226,image,Sci-Fi,2026-08-26 00:13:44,17.4,visual,False,False
CT004209,C0154,mini,Documentary,2026-07-24 15:42:41,19.1,"animation,trending",False,False
CT004210,C0342,video,Romance,2026-05-18 12:23:26,62.7,"ai,trending,experimental",False,False
CT004211,C0322,image,Drama,2025-09-06 19:45:46,40.2,"creative,story,animation",False,False
CT004212,C0261,video,Sci-Fi,2026-01-27 19:45:00,107.9,viral,False,False
CT004213,C0500,image,Fantasy,2026-01-03 14:26:06,26.9,"visual,character,ai",False,False
CT004214,C0274,mini,Comedy,2026-03-13 06:52:54,26.0,"creative,ai,viral",False,False
CT004215,C0429,mini,Sci-Fi,2025-06-30 07:05:11,6.0,"trending,visual",False,True
CT004216,C0234,mini,Action,2025-06-29 06:09:30,5.2,"experimental,character,story",False,False
CT004217,C0234,image,Mystery,2025-10-15 10:48:43,157.8,"animation,experimental,cinematic",False,False
CT004218,C0286,cine,Comedy,2025-07-07 19:59:33,127.1,story,True,False
CT004219,C0170,mini,Fantasy,2025-11-17 15:13:30,7.4,"viral,cinematic,visual",False,False
CT004220,C0397,image,Mystery,2025-11-25 09:03:16,52.8,experimental,False,False
CT004221,C0227,mini,Action,2026-08-14 01:45:46,12.8,ai,False,False
CT004222,C0134,image,Drama,2026-04-04 23:49:45,25.4,"creative,story",False,False
CT004223,C0156,mini,Animation,2025-08-28 00:37:23,17.6,"creative,animation",False,False
CT004224,C0164,mini,Action,2026-02-24 03:40:13,6.7,"cinematic,trending",False,True
CT004225,C0494,cine,Animation,2025-07-16 22:15:38,40.9,trending,False,False
CT004226,C0160,video,Sci-Fi,2026-08-18 18:58:11,167.2,ai,True,False
CT004227,C0106,cine,Drama,2025-06-25 12:16:15,17.2,animation,False,False
CT004228,C0340,mini,Romance,2025-09-11 16:07:52,55.0,"trending,story",False,False
CT004229,C0406,cine,Action,2026-01-25 01:14:38,91.8,"cinematic,ai",False,False
CT004230,C0211,mini,Romance,2026-04-09 22:25:56,24.2,"ai,character",False,False
CT004231,C0207,mini,Comedy,2026-01-23 20:53:00,7.6,"character,ai",False,True
CT004232,C0304,image,Drama,2026-08-02 17:35:56,16.6,"ai,character",False,False
CT004233,C0318,mini,Horror,2025-08-29 07:22:46,18.3,trending,False,False
CT004234,C0055,cine,Fantasy,2026-08-30 18:01:24,31.1,"experimental,story,animation",True,False
CT004235,C0456,mini,Documentary,2025-09-21 20:50:13,12.5,experimental,False,True
CT004236,C0184,image,Action,2026-04-30 11:50:56,107.7,"visual,story",True,False
CT004237,C0295,mini,Action,2025-10-24 09:30:09,8.5,"experimental,trending,ai",True,False
CT004238,C0028,mini,Animation,2026-04-08 12:49:32,7.8,viral,False,False
CT004239,C0301,mini,Horror,2025-06-05 07:25:13,11.1,experimental,False,False
CT004240,C0055,image,Romance,2026-04-25 04:55:06,78.1,"story,ai",True,True
CT004241,C0019,video,Action,2026-06-08 13:51:29,62.1,"character,trending,experimental",False,False
CT004242,C0475,mini,Action,2025-11-03 05:18:29,11.4,"experimental,ai,trending",False,False
CT004243,C0064,mini,Animation,2026-05-19 09:13:00,6.3,"ai,experimental,visual",False,True
CT004244,C0375,cine,Fantasy,2026-01-29 22:14:10,31.5,ai,False,False
CT004245,C0267,mini,Mystery,2025-10-25 00:51:33,16.4,"cinematic,trending,ai",False,False
CT004246,C0121,mini,Romance,2026-02-21 18:40:49,17.1,"viral,cinematic,experimental",False,False
CT004247,C0185,mini,Animation,2026-02-17 21:07:10,8.0,"viral,experimental",False,False
CT004248,C0070,mini,Fantasy,2025-11-04 00:22:43,7.5,"animation,creative",True,False
CT004249,C0302,cine,Horror,2025-10-28 15:36:02,43.6,"animation,ai,experimental",False,False
CT004250,C0417,cine,Horror,2025-12-21 11:53:19,58.1,cinematic,False,False
CT004251,C0191,mini,Comedy,2025-06-13 05:12:32,16.2,"animation,cinematic",False,False
CT004252,C0465,mini,Documentary,2026-02-18 06:50:21,6.8,"visual,viral,story",False,False
CT004253,C0089,mini,Horror,2026-02-24 22:39:00,10.6,story,False,False
CT004254,C0468,video,Documentary,2026-02-01 16:34:14,38.8,story,False,False
CT004255,C0397,cine,Horror,2026-04-26 01:24:31,78.5,"character,viral,cinematic",True,True
CT004256,C0037,video,Romance,2026-01-12 06:01:33,43.0,"animation,viral,creative",False,False
CT004257,C0423,video,Romance,2025-10-31 05:39:06,75.9,"story,visual",False,False
CT004258,C0033,cine,Action,2026-06-02 15:20:46,42.8,"trending,experimental,cinematic",False,False
CT004259,C0481,video,Action,2025-09-19 01:34:25,75.5,"creative,cinematic",False,False
CT004260,C0330,mini,Documentary,2025-06-05 07:12:37,12.4,"cinematic,creative",False,False
CT004261,C0101,mini,Comedy,2025-09-29 11:43:17,16.8,"character,ai,creative",False,True
CT004262,C0454,image,Animation,2026-04-23 15:43:22,98.7,"experimental,animation,cinematic",False,False
CT004263,C0156,mini,Documentary,2025-11-07 04:30:28,7.4,"visual,character",False,False
CT004264,C0060,cine,Documentary,2025-08-16 09:12:22,33.1,"visual,cinematic,creative",False,False
CT004265,C0142,video,Horror,2025-12-31 04:58:14,54.1,cinematic,False,False
CT004266,C0426,video,Horror,2025-08-27 07:24:40,15.2,"visual,ai",True,False
CT004267,C0465,cine,Animation,2026-05-11 05:49:57,36.0,"animation,character,ai",False,False
CT004268,C0456,image,Romance,2025-07-18 01:08:43,33.9,"story,cinematic,visual",False,False
CT004269,C0297,cine,Fantasy,2025-08-30 17:57:10,44.5,"animation,viral",False,False
CT004270,C0092,mini,Animation,2026-05-23 14:27:50,16.6,animation,False,False
CT004271,C0460,mini,Animation,2026-04-19 02:16:02,7.0,"animation,experimental",True,False
CT004272,C0258,cine,Romance,2025-09-20 17:41:00,47.6,"experimental,trending",False,True
CT004273,C0446,mini,Romance,2026-08-14 20:00:33,8.7,viral,False,False
CT004274,C0050,image,Romance,2025-06-30 05:12:44,277.7,story,False,False
CT004275,C0121,mini,Horror,2025-08-22 04:55:05,9.3,character,False,True
CT004276,C0112,image,Action,2025-09-12 18:54:56,42.8,cinematic,False,False
CT004277,C0214,cine,Sci-Fi,2026-01-18 11:09:56,28.6,"visual,animation,ai",True,False
CT004278,C0425,mini,Comedy,2026-01-20 00:17:04,15.6,"viral,creative",False,False
CT004279,C0201,image,Documentary,2025-11-12 17:48:28,45.5,"animation,experimental",False,False
CT004280,C0301,cine,Documentary,2025-09-15 18:19:51,118.6,story,True,False
CT004281,C0241,image,Fantasy,2026-03-01 19:22:49,26.1,"cinematic,visual,ai",True,False
CT004282,C0475,mini,Sci-Fi,2025-12-01 10:48:32,7.5,"experimental,cinematic,ai",True,False
CT004283,C0499,mini,Sci-Fi,2026-07-07 15:59:03,7.1,viral,True,True
CT004284,C0430,video,Mystery,2025-07-05 11:03:02,105.1,"cinematic,ai,visual",False,False
CT004285,C0087,cine,Documentary,2026-07-10 04:08:03,41.2,"creative,character",False,False
CT004286,C0427,mini,Romance,2026-06-09 06:34:37,9.0,"visual,story",False,False
CT004287,C0387,cine,Action,2025-12-20 00:44:27,33.0,experimental,False,False
CT004288,C0177,mini,Action,2026-04-15 21:54:33,14.5,"trending,character,story",False,False
CT004289,C0113,video,Documentary,2026-05-12 08:26:21,51.7,experimental,False,False
CT004290,C0495,mini,Mystery,2026-07-09 11:20:10,6.0,"viral,cinematic",False,False
CT004291,C0370,cine,Mystery,2026-01-20 03:43:06,68.2,"viral,story",False,False
CT004292,C0131,mini,Drama,2025-07-08 01:17:21,15.8,character,False,False
CT004293,C0101,mini,Drama,2026-05-19 00:50:42,23.0,"story,cinematic",False,True
CT004294,C0289,image,Sci-Fi,2025-08-10 06:04:09,49.3,creative,False,False
CT004295,C0264,mini,Documentary,2026-07-09 06:26:55,26.4,"experimental,animation",False,True
CT004296,C0415,mini,Horror,2026-06-10 01:59:25,16.3,"character,ai,viral",False,False
CT004297,C0330,cine,Fantasy,2026-04-21 14:00:57,45.2,"ai,creative",True,False
CT004298,C0409,mini,Documentary,2025-11-06 19:50:34,14.2,trending,False,False
CT004299,C0209,video,Mystery,2025-06-28 16:55:16,48.1,animation,False,False
CT004300,C0483,image,Documentary,2025-12-14 05:39:29,91.4,"ai,creative,animation",False,False
CT004301,C0479,mini,Action,2025-09-20 20:30:03,22.0,"experimental,animation,story",False,False
CT004302,C0473,mini,Documentary,2026-08-18 14:25:26,7.5,"story,ai",True,True
CT004303,C0352,cine,Mystery,2026-05-25 07:33:55,69.3,animation,False,False
CT004304,C0185,mini,Romance,2025-08-25 06:48:22,11.4,visual,True,False
CT004305,C0078,mini,Romance,2025-06-09 22:59:20,8.5,"viral,trending",False,False
CT004306,C0280,video,Drama,2026-07-25 12:32:53,277.3,"experimental,cinematic,creative",False,False
CT004307,C0187,image,Action,2026-01-23 04:19:27,50.5,"viral,cinematic,animation",False,False
CT004308,C0085,mini,Mystery,2026-04-27 14:58:18,12.4,creative,False,False
CT004309,C0157,mini,Mystery,2026-03-06 08:25:55,11.7,"story,character",False,False
CT004310,C0404,image,Documentary,2025-10-21 08:16:20,286.0,"visual,story",False,True
CT004311,C0148,cine,Drama,2026-06-09 22:02:14,65.8,"trending,story",False,False
CT004312,C0048,mini,Animation,2025-09-09 06:37:14,27.2,"trending,ai,story",False,False
CT004313,C0106,cine,Drama,2026-06-03 19:36:46,52.6,"visual,story,trending",False,False
CT004314,C0090,video,Fantasy,2026-08-16 18:31:51,108.6,"animation,creative,viral",False,False
CT004315,C0099,mini,Documentary,2025-07-04 08:53:05,25.2,"viral,animation,creative",False,False
CT004316,C0214,image,Drama,2026-05-24 03:20:39,30.5,"trending,cinematic",False,False
CT004317,C0434,video,Mystery,2026-04-06 22:35:07,66.3,"trending,cinematic,visual",True,False
CT004318,C0185,cine,Romance,2026-05-16 15:55:26,135.1,"viral,experimental",False,False
CT004319,C0494,video,Action,2026-05-27 09:02:54,37.8,"experimental,story",False,False
CT004320,C0434,mini,Romance,2026-08-01 16:17:57,19.6,"trending,cinematic",False,False
CT004321,C0079,image,Horror,2025-07-19 01:55:59,70.1,"character,visual,cinematic",False,False
CT004322,C0301,mini,Mystery,2025-10-16 04:58:50,13.4,"ai,cinematic,animation",False,True
CT004323,C0397,mini,Sci-Fi,2026-01-08 08:21:54,6.5,"creative,trending",False,False
CT004324,C0356,cine,Sci-Fi,2026-07-10 14:00:39,31.1,"creative,experimental",False,False
CT004325,C0114,cine,Action,2026-03-24 02:34:36,111.3,"ai,trending",False,False
CT004326,C0354,mini,Mystery,2026-03-04 16:58:24,7.2,"ai,experimental",False,False
CT004327,C0261,mini,Documentary,2025-11-04 03:12:43,11.4,visual,False,False
CT004328,C0118,cine,Animation,2025-07-27 09:18:48,63.1,"visual,cinematic,experimental",False,False
CT004329,C0099,video,Sci-Fi,2025-11-16 23:06:19,58.1,"creative,ai",False,False
CT004330,C0186,image,Fantasy,2026-01-04 14:49:49,5.1,"trending,animation,story",False,False
CT004331,C0138,mini,Comedy,2025-07-17 21:53:19,9.8,"character,trending",True,False
CT004332,C0264,mini,Animation,2025-08-13 06:36:41,11.6,visual,False,False
CT004333,C0203,video,Sci-Fi,2026-05-20 02:39:23,80.3,"ai,character,creative",False,False
CT004334,C0060,image,Drama,2025-09-20 18:35:51,46.4,ai,False,False
CT004335,C0356,image,Drama,2025-09-17 03:01:48,16.9,"trending,creative,visual",True,True
CT004336,C0034,image,Sci-Fi,2025-07-17 18:58:12,81.1,ai,False,False
CT004337,C0235,mini,Romance,2025-12-16 07:46:57,10.4,"character,story",False,False
CT004338,C0031,mini,Comedy,2025-06-21 03:06:28,17.9,"viral,trending",True,False
CT004339,C0407,mini,Sci-Fi,2026-01-22 11:16:48,7.4,"animation,experimental",True,False
CT004340,C0162,cine,Horror,2025-07-04 01:16:09,65.2,"ai,animation,visual",False,True
CT004341,C0049,image,Horror,2025-07-10 18:51:44,223.5,"trending,ai,animation",True,False
CT004342,C0124,image,Comedy,2026-08-19 22:18:49,103.3,character,True,True
CT004343,C0283,video,Fantasy,2025-12-14 14:18:11,57.3,animation,False,False
CT004344,C0393,mini,Fantasy,2025-10-12 10:56:29,31.2,"trending,experimental",False,False
CT004345,C0051,image,Documentary,2025-08-09 11:28:18,46.9,"creative,experimental,trending",False,False
CT004346,C0160,video,Documentary,2025-12-22 18:19:29,38.9,animation,False,False
CT004347,C0059,mini,Action,2025-09-15 00:43:57,41.2,"creative,viral,visual",False,False
CT004348,C0120,mini,Comedy,2025-09-10 21:35:56,8.3,"cinematic,creative",True,True
CT004349,C0155,video,Action,2025-11-10 11:12:06,48.6,"animation,viral,cinematic",True,False
CT004350,C0286,mini,Mystery,2025-07-31 20:15:43,8.2,"character,story,animation",True,False
CT004351,C0057,image,Documentary,2026-01-10 07:36:37,28.9,story,False,False
CT004352,C0301,mini,Animation,2025-12-04 10:31:23,12.1,"ai,visual",True,True
CT004353,C0389,mini,Sci-Fi,2025-12-15 23:56:20,8.4,"ai,story",False,True
CT004354,C0472,video,Horror,2026-05-23 14:10:45,63.0,experimental,True,False
CT004355,C0246,mini,Mystery,2025-07-03 15:21:57,8.5,"viral,visual,character",False,False
CT004356,C0239,mini,Animation,2025-10-01 14:27:02,7.4,"experimental,creative,story",False,False
CT004357,C0321,mini,Fantasy,2025-11-07 18:26:35,5.0,"trending,ai",False,False
CT004358,C0500,mini,Documentary,2025-11-22 21:42:35,17.6,"visual,trending",False,False
CT004359,C0032,mini,Horror,2025-06-18 21:13:52,21.3,"experimental,animation",False,False
CT004360,C0090,image,Sci-Fi,2025-09-24 17:11:04,79.2,"story,visual",False,False
CT004361,C0112,mini,Fantasy,2025-09-23 08:36:44,4.3,"experimental,trending,story",False,False
CT004362,C0094,mini,Horror,2026-07-22 18:24:56,14.6,"character,experimental",False,False
CT004363,C0255,mini,Mystery,2025-07-09 19:26:35,13.2,viral,True,True
CT004364,C0029,image,Action,2026-01-14 03:05:58,45.4,"animation,cinematic",False,False
CT004365,C0042,mini,Horror,2025-08-16 07:53:21,11.8,"character,animation,trending",False,False
CT004366,C0335,video,Romance,2026-08-19 14:27:42,109.4,"creative,trending",False,False
CT004367,C0084,video,Comedy,2026-01-16 03:15:21,131.3,"experimental,ai,character",False,True
CT004368,C0164,mini,Fantasy,2025-10-27 08:43:29,11.3,"character,experimental,visual",False,False
CT004369,C0011,mini,Horror,2026-07-28 20:29:05,23.7,"character,visual",False,False
CT004370,C0384,image,Sci-Fi,2026-03-22 00:49:40,24.0,"trending,visual,animation",False,False
CT004371,C0447,mini,Mystery,2025-08-28 19:30:18,12.7,visual,False,False
CT004372,C0339,image,Comedy,2026-04-21 18:03:48,88.7,"ai,viral",False,False
CT004373,C0214,video,Comedy,2026-04-30 05:56:46,47.8,"story,character",False,False
CT004374,C0198,cine,Horror,2026-01-18 17:24:29,14.5,"visual,animation,ai",True,False
CT004375,C0027,mini,Drama,2025-06-20 22:16:21,19.2,"character,story,ai",True,False
CT004376,C0127,mini,Action,2026-05-04 02:50:18,20.5,story,False,False
CT004377,C0231,mini,Fantasy,2025-11-01 03:32:01,20.8,"trending,animation",True,False
CT004378,C0031,mini,Mystery,2025-07-19 01:32:16,10.8,"visual,creative,animation",False,True
CT004379,C0441,image,Comedy,2025-12-01 00:45:25,64.0,experimental,False,False
CT004380,C0308,cine,Action,2026-01-12 08:46:38,19.4,"character,cinematic",True,False
CT004381,C0102,cine,Documentary,2025-07-20 09:48:06,42.0,"trending,ai",False,True
CT004382,C0436,cine,Fantasy,2025-09-08 05:24:50,26.4,"character,experimental",False,False
CT004383,C0118,mini,Horror,2026-03-18 08:50:48,9.8,"visual,animation",False,False
CT004384,C0328,image,Romance,2026-04-02 18:15:37,93.9,"trending,cinematic",True,False
CT004385,C0486,image,Fantasy,2025-08-06 10:14:55,59.0,"animation,cinematic,viral",False,False
CT004386,C0181,cine,Action,2025-09-19 23:10:32,56.5,trending,False,False
CT004387,C0427,cine,Documentary,2026-06-01 02:37:03,166.7,character,True,False
CT004388,C0456,mini,Sci-Fi,2025-07-11 16:12:02,10.2,viral,False,False
CT004389,C0271,image,Documentary,2026-02-25 17:39:11,121.0,trending,False,True
CT004390,C0321,video,Horror,2025-12-08 04:48:19,44.9,trending,False,False
CT004391,C0093,image,Mystery,2026-05-05 00:42:38,320.1,"character,story",False,False
CT004392,C0419,mini,Comedy,2025-06-17 07:47:41,21.4,trending,False,False
CT004393,C0107,mini,Fantasy,2025-08-14 21:22:02,40.2,"ai,cinematic,visual",False,False
CT004394,C0148,video,Action,2026-06-10 12:36:16,42.4,"ai,story",False,False
CT004395,C0428,image,Horror,2025-10-23 14:20:32,22.7,"trending,animation",False,False
CT004396,C0103,mini,Action,2025-11-20 00:36:15,11.2,"cinematic,animation",False,False
CT004397,C0334,cine,Documentary,2026-04-18 16:43:06,33.5,"cinematic,animation",False,False
CT004398,C0184,mini,Documentary,2026-01-01 05:56:35,9.8,"story,cinematic,visual",True,False
CT004399,C0177,video,Sci-Fi,2025-12-24 17:24:34,107.3,"visual,story,viral",False,False
CT004400,C0449,mini,Fantasy,2025-06-27 14:05:07,12.8,"animation,trending",False,False
CT004401,C0012,mini,Drama,2026-03-16 08:20:43,42.3,visual,False,False
CT004402,C0372,mini,Sci-Fi,2025-08-03 07:35:10,9.9,"cinematic,story",False,False
CT004403,C0068,mini,Mystery,2025-12-06 12:53:20,25.9,"creative,ai,story",False,False
CT004404,C0404,cine,Romance,2025-11-07 15:35:33,55.3,"cinematic,character,trending",False,False
CT004405,C0365,image,Fantasy,2026-04-03 12:41:06,61.5,"character,cinematic",False,False
CT004406,C0309,image,Romance,2026-04-05 12:57:09,7.1,"character,creative,trending",False,False
CT004407,C0321,mini,Animation,2026-03-20 12:52:45,18.9,"animation,cinematic",True,False
CT004408,C0009,image,Animation,2026-03-09 00:33:05,122.0,viral,False,False
CT004409,C0178,image,Mystery,2025-10-15 13:47:24,15.9,character,False,False
CT004410,C0367,cine,Action,2025-11-06 12:05:26,96.8,character,False,False
CT004411,C0296,cine,Action,2026-07-08 01:06:30,46.9,story,True,False
CT004412,C0099,mini,Fantasy,2026-04-20 20:40:29,9.4,viral,False,False
CT004413,C0376,video,Documentary,2026-04-30 23:15:34,69.6,"story,ai,viral",False,False
CT004414,C0148,mini,Animation,2026-07-02 17:10:23,14.4,trending,False,False
CT004415,C0314,image,Animation,2025-07-02 02:36:36,141.8,"animation,experimental",True,False
CT004416,C0308,mini,Mystery,2025-06-01 19:24:08,11.5,"cinematic,animation,visual",False,False
CT004417,C0125,mini,Documentary,2025-06-18 04:37:56,7.0,"viral,cinematic,character",False,False
CT004418,C0029,mini,Horror,2026-01-14 23:03:23,21.8,creative,False,False
CT004419,C0474,video,Action,2026-04-23 13:14:57,73.9,cinematic,False,False
CT004420,C0378,cine,Documentary,2026-08-08 09:52:57,42.7,"trending,character,creative",False,True
CT004421,C0011,mini,Fantasy,2026-03-16 04:57:17,11.1,"viral,ai",False,False
CT004422,C0097,video,Sci-Fi,2026-05-01 15:16:58,105.7,"visual,cinematic,ai",False,False
CT004423,C0279,cine,Drama,2026-07-27 13:14:48,52.9,viral,False,False
CT004424,C0437,image,Action,2025-08-17 14:10:30,43.4,"character,creative",False,False
CT004425,C0113,video,Documentary,2026-04-05 00:19:55,109.6,creative,False,False
CT004426,C0263,image,Drama,2026-03-31 11:50:44,155.8,"ai,story",False,False
CT004427,C0355,mini,Comedy,2025-09-03 22:27:26,20.4,experimental,True,True
CT004428,C0437,video,Sci-Fi,2025-12-31 05:06:16,172.4,character,False,False
CT004429,C0275,cine,Drama,2025-06-20 04:05:56,31.6,"story,experimental",False,True
CT004430,C0207,mini,Fantasy,2026-01-06 05:34:23,6.6,story,False,False
CT004431,C0101,image,Romance,2026-01-29 18:39:36,99.8,"animation,character",False,False
CT004432,C0272,mini,Documentary,2025-11-19 23:44:45,12.7,"cinematic,animation",False,False
CT004433,C0251,mini,Horror,2026-01-13 07:28:16,9.4,trending,False,False
CT004434,C0443,image,Horror,2026-03-17 01:50:54,40.4,visual,False,False
CT004435,C0260,cine,Documentary,2026-08-02 10:40:42,65.8,"character,creative",False,True
CT004436,C0388,cine,Fantasy,2025-11-28 02:19:32,54.6,"creative,cinematic,character",False,False
CT004437,C0209,image,Mystery,2026-04-20 00:24:46,9.7,"creative,character",False,False
CT004438,C0246,video,Comedy,2025-12-17 21:20:48,41.4,"experimental,story",False,False
CT004439,C0022,mini,Sci-Fi,2026-07-16 10:09:46,24.8,"creative,trending,cinematic",True,False
CT004440,C0246,mini,Romance,2026-02-12 12:44:24,18.8,"viral,character,ai",False,False
CT004441,C0103,mini,Fantasy,2026-05-11 23:51:55,7.0,trending,False,False
CT004442,C0161,video,Horror,2025-10-11 05:53:21,63.0,"ai,trending,story",True,False
CT004443,C0484,mini,Animation,2026-03-29 05:50:02,15.5,"experimental,trending",False,False
CT004444,C0338,mini,Action,2025-09-24 13:47:33,19.6,story,False,False
CT004445,C0097,video,Fantasy,2026-02-12 18:55:02,37.1,viral,False,False
CT004446,C0273,image,Animation,2025-08-28 04:10:24,68.3,"visual,cinematic",False,False
CT004447,C0228,mini,Comedy,2026-02-20 11:54:29,8.9,story,False,False
CT004448,C0375,video,Sci-Fi,2025-08-21 16:08:43,51.6,story,False,False
CT004449,C0150,mini,Drama,2026-01-18 09:36:30,11.7,"ai,cinematic",False,False
CT004450,C0318,cine,Horror,2026-01-07 16:52:18,40.8,character,False,False
CT004451,C0379,mini,Comedy,2026-06-18 13:40:58,14.4,cinematic,True,False
CT004452,C0359,cine,Romance,2025-07-18 14:46:55,28.8,"visual,ai,creative",False,True
CT004453,C0286,mini,Action,2025-09-15 23:48:43,24.2,"creative,character",False,False
CT004454,C0010,image,Fantasy,2026-04-20 18:32:07,42.1,"trending,viral,character",False,False
CT004455,C0358,cine,Comedy,2026-07-23 07:50:53,227.6,"visual,ai,animation",False,False
CT004456,C0481,mini,Drama,2026-06-04 03:48:06,21.2,"experimental,visual",False,False
CT004457,C0316,video,Action,2026-02-11 03:05:26,76.5,"character,cinematic,trending",False,False
CT004458,C0294,image,Comedy,2025-09-30 22:23:08,29.2,story,False,False
CT004459,C0248,cine,Action,2025-12-17 11:15:30,9.3,creative,True,False
CT004460,C0044,cine,Animation,2026-06-26 13:25:56,35.1,"visual,story",False,False
CT004461,C0475,cine,Fantasy,2025-09-05 05:28:30,17.2,"creative,viral,character",False,False
CT004462,C0187,cine,Action,2026-08-24 06:32:34,62.6,viral,True,False
CT004463,C0354,video,Drama,2025-10-04 21:14:04,65.0,"experimental,ai,visual",False,False
CT004464,C0270,mini,Comedy,2026-01-07 08:52:21,21.2,"character,story",False,False
CT004465,C0338,mini,Fantasy,2026-02-22 08:59:15,22.4,experimental,False,False
CT004466,C0041,image,Horror,2025-10-13 14:34:01,28.8,"cinematic,animation",True,False
CT004467,C0339,video,Animation,2025-08-09 04:28:15,32.1,story,False,False
CT004468,C0273,mini,Sci-Fi,2025-10-20 11:06:32,7.5,animation,False,False
CT004469,C0229,mini,Fantasy,2025-06-02 12:13:41,22.7,"trending,visual,ai",False,True
CT004470,C0374,image,Sci-Fi,2026-03-18 16:08:39,63.5,"story,creative,trending",False,False
CT004471,C0317,video,Documentary,2025-09-27 04:58:01,69.2,"ai,trending,creative",True,False
CT004472,C0381,image,Comedy,2025-12-20 01:44:47,202.6,"visual,trending,ai",False,False
CT004473,C0302,cine,Documentary,2025-10-17 16:07:02,53.0,"creative,character,cinematic",False,False
CT004474,C0392,mini,Sci-Fi,2025-08-31 12:35:43,29.9,"cinematic,ai",False,False
CT004475,C0445,video,Romance,2026-08-04 05:45:00,69.8,"cinematic,creative",False,False
CT004476,C0409,image,Horror,2025-11-03 19:31:21,171.1,"animation,viral,ai",False,False
CT004477,C0489,image,Mystery,2026-02-21 07:29:02,100.8,"character,animation",False,False
CT004478,C0267,video,Comedy,2025-11-02 20:39:27,62.6,viral,False,False
CT004479,C0239,video,Drama,2025-12-03 00:41:36,14.1,"story,character,creative",False,True
CT004480,C0036,mini,Horror,2025-09-22 08:31:58,22.6,"character,trending",False,False
CT004481,C0301,mini,Drama,2026-08-23 05:57:07,10.0,animation,False,False
CT004482,C0335,mini,Sci-Fi,2026-03-02 19:03:03,10.8,"story,experimental,cinematic",False,True
CT004483,C0146,video,Sci-Fi,2025-11-15 12:52:27,51.0,animation,False,False
CT004484,C0025,cine,Romance,2026-02-08 20:10:48,107.9,cinematic,True,False
CT004485,C0423,cine,Animation,2026-08-11 21:52:21,22.6,creative,True,True
CT004486,C0065,mini,Sci-Fi,2026-03-11 00:29:01,8.1,"trending,viral,cinematic",False,True
CT004487,C0356,mini,Horror,2026-08-04 07:24:02,9.5,character,False,False
CT004488,C0487,mini,Animation,2026-03-30 17:25:40,10.1,"trending,visual",False,False
CT004489,C0461,video,Mystery,2026-04-11 14:13:39,123.1,"animation,creative,ai",False,False
CT004490,C0107,mini,Sci-Fi,2025-11-18 09:14:51,12.8,cinematic,False,False
CT004491,C0299,image,Documentary,2026-01-26 12:10:04,50.0,animation,False,False
CT004492,C0468,mini,Drama,2026-03-03 13:40:13,11.1,"visual,character,experimental",False,False
CT004493,C0355,mini,Romance,2026-06-10 17:10:35,12.9,cinematic,False,True
CT004494,C0143,mini,Fantasy,2026-05-05 06:26:59,7.7,character,False,False
CT004495,C0048,mini,Horror,2025-10-26 16:52:26,4.1,ai,False,False
CT004496,C0256,image,Comedy,2025-12-13 21:09:53,132.5,"animation,cinematic",True,True
CT004497,C0302,mini,Comedy,2025-11-15 17:50:37,8.6,"ai,creative",True,True
CT004498,C0095,cine,Documentary,2026-08-24 05:54:07,122.3,"creative,ai,visual",False,True
CT004499,C0186,mini,Sci-Fi,2025-09-03 08:08:39,9.2,"ai,creative",False,False
CT004500,C0208,video,Comedy,2026-02-20 17:51:28,251.7,"experimental,creative",True,False
CT004501,C0251,mini,Comedy,2025-09-25 11:06:40,11.5,"trending,character,story",False,False
CT004502,C0031,image,Animation,2025-07-30 23:25:35,169.3,"story,visual,experimental",False,False
CT004503,C0159,video,Romance,2025-08-02 05:23:27,29.9,"experimental,animation,viral",False,False
CT004504,C0420,video,Horror,2025-06-10 06:02:34,80.0,"story,creative,cinematic",False,False
CT004505,C0144,image,Sci-Fi,2026-06-23 21:51:09,114.8,"ai,visual",False,False
CT004506,C0401,cine,Drama,2026-06-16 03:59:14,55.3,"creative,viral,character",True,True
CT004507,C0413,cine,Documentary,2025-06-01 13:39:34,14.0,"visual,viral",False,False
CT004508,C0431,image,Horror,2025-10-01 00:31:37,60.0,"trending,animation",False,False
CT004509,C0272,video,Mystery,2025-12-11 13:27:48,39.3,viral,False,False
CT004510,C0178,cine,Fantasy,2025-08-10 07:46:27,102.7,"ai,trending",True,False
CT004511,C0127,image,Comedy,2025-11-14 01:59:47,29.3,"character,viral",False,False
CT004512,C0268,video,Sci-Fi,2026-07-27 14:57:17,37.3,story,False,False
CT004513,C0386,mini,Action,2025-11-24 18:42:31,6.5,"visual,viral",False,False
CT004514,C0415,cine,Sci-Fi,2026-01-19 02:08:49,43.9,"character,trending",False,False
CT004515,C0038,mini,Horror,2026-06-20 18:07:44,31.8,visual,True,False
CT004516,C0459,mini,Fantasy,2025-06-01 21:59:36,9.9,"experimental,viral,character",False,False
CT004517,C0147,image,Romance,2026-06-10 09:42:07,77.1,"animation,trending",False,True
CT004518,C0129,mini,Sci-Fi,2025-12-25 10:24:46,13.6,creative,False,False
CT004519,C0169,mini,Animation,2026-03-30 12:13:00,19.0,"experimental,trending",True,False
CT004520,C0183,image,Horror,2026-08-12 01:25:03,36.2,"ai,cinematic",False,False
CT004521,C0090,mini,Action,2026-04-11 05:36:47,12.0,cinematic,False,False
CT004522,C0161,cine,Sci-Fi,2025-10-16 10:40:33,29.8,"cinematic,experimental,viral",True,True
CT004523,C0422,mini,Action,2026-06-02 09:51:58,14.5,"viral,trending",False,False
CT004524,C0012,video,Fantasy,2025-09-17 21:28:28,135.4,"story,visual",False,False
CT004525,C0333,mini,Sci-Fi,2025-11-23 13:55:55,14.4,animation,False,False
CT004526,C0437,image,Documentary,2026-03-23 00:47:28,25.2,visual,False,False
CT004527,C0332,mini,Comedy,2025-12-23 10:39:24,20.0,"visual,animation",False,False
CT004528,C0238,mini,Animation,2026-06-24 19:53:12,9.0,"viral,visual,creative",True,False
CT004529,C0294,mini,Documentary,2025-09-20 14:20:45,15.4,"cinematic,character,ai",False,False
CT004530,C0268,mini,Sci-Fi,2026-03-19 23:27:33,8.3,"animation,story,visual",True,False
CT004531,C0186,video,Mystery,2025-09-17 13:15:10,38.6,"story,experimental",False,False
CT004532,C0423,image,Documentary,2026-02-26 01:28:37,44.4,"visual,ai,character",False,False
CT004533,C0330,mini,Romance,2026-08-01 04:27:27,3.2,"trending,ai,story",False,False
CT004534,C0028,cine,Drama,2026-08-18 03:43:55,75.5,cinematic,True,False
CT004535,C0367,cine,Comedy,2026-05-13 20:32:32,56.4,"character,story",False,False
CT004536,C0121,image,Comedy,2026-03-17 09:39:06,69.3,"cinematic,trending,ai",False,True
CT004537,C0267,image,Romance,2025-12-24 13:30:21,55.7,"character,cinematic,creative",True,False
CT004538,C0084,cine,Sci-Fi,2025-10-22 08:04:05,62.1,"character,ai",False,False
CT004539,C0233,video,Horror,2025-06-18 18:44:55,170.0,animation,False,False
CT004540,C0076,cine,Romance,2026-01-18 14:22:30,80.2,"ai,visual,experimental",True,False
CT004541,C0111,mini,Action,2026-05-05 17:12:47,12.1,"visual,ai",False,False
CT004542,C0434,mini,Fantasy,2026-06-17 00:47:47,5.3,"story,character",False,False
CT004543,C0042,video,Drama,2026-08-07 12:33:25,123.5,"trending,creative",True,False
CT004544,C0150,mini,Sci-Fi,2025-08-23 04:11:11,11.5,animation,False,False
CT004545,C0021,mini,Documentary,2026-07-28 14:13:44,8.9,"viral,experimental,animation",False,True
CT004546,C0097,image,Documentary,2025-10-05 13:04:17,83.2,"story,animation",False,False
CT004547,C0355,mini,Mystery,2026-04-22 15:47:39,6.3,"story,viral,cinematic",True,False
CT004548,C0274,mini,Mystery,2026-05-06 23:40:32,12.4,trending,False,True
CT004549,C0176,image,Mystery,2026-03-23 08:50:47,74.1,creative,False,False
CT004550,C0047,mini,Drama,2025-12-09 05:23:24,6.5,"trending,experimental",False,False
CT004551,C0349,image,Mystery,2025-07-26 02:28:23,38.1,"animation,cinematic",False,True
CT004552,C0131,mini,Fantasy,2026-01-15 07:42:42,13.0,"experimental,animation,story",True,False
CT004553,C0246,image,Sci-Fi,2025-07-10 01:29:47,45.8,ai,False,False
CT004554,C0065,image,Comedy,2026-03-14 00:50:37,61.7,"creative,story,cinematic",True,False
CT004555,C0216,mini,Comedy,2025-09-29 22:22:52,7.3,cinematic,False,False
CT004556,C0430,image,Animation,2025-08-28 09:04:27,93.7,"animation,experimental,story",False,False
CT004557,C0311,cine,Animation,2026-02-13 01:36:12,175.2,"cinematic,experimental,viral",False,True
CT004558,C0234,video,Sci-Fi,2025-09-22 07:11:22,62.1,trending,True,False
CT004559,C0092,mini,Horror,2026-07-22 10:12:46,12.8,creative,False,False
CT004560,C0134,image,Fantasy,2025-07-16 05:44:48,31.8,"creative,ai,trending",False,False
CT004561,C0490,video,Mystery,2026-07-03 05:16:56,60.1,"creative,cinematic,ai",False,True
CT004562,C0468,image,Animation,2026-05-19 14:45:48,151.1,"experimental,visual,animation",False,False
CT004563,C0165,video,Sci-Fi,2025-10-18 13:33:00,86.3,"cinematic,creative,visual",False,False
CT004564,C0318,mini,Animation,2026-02-15 08:15:39,14.3,character,False,False
CT004565,C0388,image,Drama,2025-11-15 00:09:11,34.6,"cinematic,trending,experimental",False,False
CT004566,C0198,cine,Comedy,2025-09-17 21:20:43,44.5,story,False,False
CT004567,C0123,mini,Action,2025-10-20 12:24:17,8.2,"ai,character,viral",False,False
CT004568,C0166,cine,Comedy,2025-11-03 18:32:39,45.1,"cinematic,trending,animation",True,False
CT004569,C0234,mini,Horror,2026-01-28 18:11:40,25.6,creative,False,False
CT004570,C0180,video,Documentary,2026-02-20 10:36:32,32.2,ai,False,False
CT004571,C0250,image,Drama,2026-06-04 20:52:35,51.8,trending,False,False
CT004572,C0078,video,Sci-Fi,2026-02-16 11:03:44,63.2,ai,False,True
CT004573,C0153,cine,Romance,2026-05-24 02:26:25,27.6,"story,visual,animation",True,False
CT004574,C0090,image,Sci-Fi,2026-07-25 18:20:25,68.4,ai,False,True
CT004575,C0175,mini,Documentary,2026-07-10 03:44:18,15.9,visual,True,False
CT004576,C0140,image,Animation,2025-12-04 04:42:28,63.1,creative,False,False
CT004577,C0219,mini,Horror,2026-01-24 21:42:11,12.0,"visual,character,creative",False,False
CT004578,C0500,cine,Romance,2026-06-03 14:41:29,20.9,"animation,visual",True,False
CT004579,C0418,mini,Fantasy,2026-03-28 02:50:58,16.1,"creative,ai,experimental",False,False
CT004580,C0301,image,Action,2025-07-30 12:31:54,36.4,visual,False,False
CT004581,C0251,mini,Animation,2026-08-09 23:32:21,18.5,visual,False,False
CT004582,C0165,video,Mystery,2026-05-16 18:32:34,192.7,"character,viral,experimental",False,False
CT004583,C0047,video,Animation,2026-04-05 01:14:58,34.0,"story,ai",False,False
CT004584,C0310,cine,Comedy,2026-08-26 05:59:05,34.7,ai,False,False
CT004585,C0106,mini,Romance,2025-08-16 04:18:31,23.7,creative,False,False
CT004586,C0020,cine,Drama,2026-07-09 18:10:12,22.4,"character,viral,animation",True,True
CT004587,C0492,image,Action,2025-10-28 01:05:12,58.5,"story,viral,visual",False,False
CT004588,C0105,cine,Documentary,2026-06-06 14:31:20,44.6,ai,False,False
CT004589,C0047,cine,Drama,2025-07-05 12:24:01,51.6,"animation,cinematic,experimental",False,False
CT004590,C0294,video,Animation,2026-02-09 14:29:30,13.3,"experimental,story",False,False
CT004591,C0314,mini,Sci-Fi,2025-07-21 09:16:21,22.5,"visual,creative",False,True
CT004592,C0137,cine,Animation,2026-08-07 14:43:16,305.0,ai,False,False
CT004593,C0107,video,Animation,2026-01-11 06:38:28,40.9,cinematic,False,False
CT004594,C0070,mini,Animation,2026-06-25 20:02:17,16.2,character,False,True
CT004595,C0214,video,Drama,2026-05-03 18:54:28,95.6,"story,creative",False,False
CT004596,C0202,cine,Animation,2026-01-07 05:43:54,29.7,creative,False,False
CT004597,C0178,mini,Mystery,2025-08-26 03:47:16,38.3,"ai,story",False,False
CT004598,C0460,video,Fantasy,2025-12-31 04:50:38,33.2,"story,animation,viral",False,False
CT004599,C0487,mini,Mystery,2025-10-24 22:14:54,7.8,ai,True,False
CT004600,C0433,mini,Drama,2025-09-24 20:40:07,7.9,character,False,False
CT004601,C0273,mini,Drama,2025-11-01 11:12:59,11.4,ai,False,False
CT004602,C0477,video,Sci-Fi,2025-09-13 19:45:25,17.8,animation,False,False
CT004603,C0125,mini,Sci-Fi,2026-06-19 02:18:09,10.3,cinematic,True,False
CT004604,C0371,mini,Romance,2026-07-20 13:39:20,8.3,experimental,False,False
CT004605,C0297,mini,Animation,2025-08-23 22:05:09,3.9,"cinematic,visual,ai",False,False
CT004606,C0303,cine,Animation,2025-09-05 19:18:39,53.1,"trending,viral",False,False
CT004607,C0039,mini,Animation,2025-06-16 12:30:42,8.6,"animation,creative",False,True
CT004608,C0073,mini,Animation,2025-12-08 18:36:29,14.3,creative,False,False
CT004609,C0463,cine,Fantasy,2026-03-12 11:19:13,81.7,"cinematic,animation,character",False,False
CT004610,C0132,cine,Horror,2025-09-29 06:44:02,196.9,experimental,False,False
CT004611,C0175,cine,Romance,2026-01-27 05:51:48,26.8,"animation,cinematic",False,False
CT004612,C0342,cine,Fantasy,2025-11-01 02:15:00,67.4,"visual,creative",False,False
CT004613,C0439,image,Comedy,2025-06-02 05:39:12,35.1,"viral,cinematic,character",False,False
CT004614,C0193,video,Comedy,2025-09-17 12:05:40,43.1,experimental,False,False
CT004615,C0403,image,Fantasy,2026-05-15 16:47:27,72.8,"visual,animation,character",True,False
CT004616,C0308,image,Horror,2026-07-08 10:54:08,15.9,viral,False,True
CT004617,C0092,mini,Horror,2025-12-11 06:45:29,12.3,creative,False,False
CT004618,C0276,video,Romance,2026-02-20 18:23:53,56.1,"creative,viral,trending",False,True
CT004619,C0481,image,Sci-Fi,2026-02-05 19:21:38,16.0,"visual,creative",True,False
CT004620,C0491,cine,Mystery,2025-10-17 03:53:02,42.2,"experimental,story",False,False
CT004621,C0496,mini,Comedy,2026-04-02 21:22:49,6.6,"animation,story,character",False,False
CT004622,C0040,mini,Action,2025-12-03 16:37:26,11.1,"cinematic,ai",False,False
CT004623,C0403,video,Romance,2025-06-24 09:55:24,104.1,"viral,trending",False,False
CT004624,C0238,mini,Fantasy,2025-11-23 19:50:21,8.0,"ai,trending,animation",False,False
CT004625,C0216,cine,Comedy,2025-08-18 16:19:16,46.9,trending,False,False
CT004626,C0209,mini,Action,2026-01-04 22:28:53,8.7,"character,trending,creative",False,False
CT004627,C0334,mini,Drama,2025-12-29 04:37:29,18.3,"cinematic,viral,experimental",True,False
CT004628,C0252,mini,Drama,2025-12-31 10:10:24,10.5,"cinematic,trending,character",True,False
CT004629,C0040,cine,Animation,2025-08-18 09:16:45,32.2,"story,animation,viral",False,False
CT004630,C0197,mini,Animation,2026-08-06 22:16:29,19.8,"animation,character,ai",False,False
CT004631,C0453,mini,Documentary,2025-07-24 03:52:48,10.5,animation,False,False
CT004632,C0066,cine,Horror,2025-10-12 15:12:22,139.6,"character,trending",False,False
CT004633,C0110,image,Horror,2025-10-27 04:24:30,37.0,"visual,story",False,False
CT004634,C0059,image,Action,2025-12-25 13:23:57,92.3,"story,trending,character",False,False
CT004635,C0359,video,Romance,2025-12-12 13:22:57,65.3,animation,False,False
CT004636,C0406,mini,Drama,2026-08-25 05:57:15,20.2,viral,True,False
CT004637,C0401,cine,Drama,2026-06-23 12:59:16,66.9,"trending,cinematic",False,False
CT004638,C0039,mini,Mystery,2025-06-26 01:43:05,13.6,"ai,trending",False,False
CT004639,C0485,mini,Documentary,2026-02-27 06:59:59,21.4,"ai,story",False,False
CT004640,C0443,video,Drama,2026-01-22 01:18:24,29.5,"cinematic,animation,experimental",False,True
CT004641,C0412,mini,Fantasy,2026-07-29 19:19:13,4.1,character,False,False
CT004642,C0430,cine,Mystery,2025-11-03 15:52:25,44.3,"viral,character",False,False
CT004643,C0412,mini,Fantasy,2025-12-26 11:33:32,16.2,"experimental,character,creative",False,False
CT004644,C0019,mini,Comedy,2026-07-29 10:54:28,7.4,"visual,cinematic,story",False,False
CT004645,C0355,image,Fantasy,2026-01-02 10:08:24,97.6,"ai,character,trending",False,False
CT004646,C0454,image,Animation,2026-03-04 14:42:10,77.6,"animation,visual",False,False
CT004647,C0286,image,Sci-Fi,2025-10-21 00:30:03,43.1,"visual,animation",False,False
CT004648,C0454,mini,Drama,2026-05-24 00:52:28,21.9,"story,trending,animation",False,False
CT004649,C0027,mini,Action,2025-07-08 04:36:21,16.5,animation,False,False
CT004650,C0300,image,Fantasy,2026-08-20 05:16:53,61.3,"character,experimental,trending",False,False
CT004651,C0482,mini,Mystery,2025-08-18 10:27:20,14.9,"cinematic,story",True,True
CT004652,C0277,mini,Animation,2026-02-18 21:58:19,11.1,"cinematic,viral",True,False
CT004653,C0218,image,Action,2025-07-01 20:59:46,45.5,"viral,creative,story",True,False
CT004654,C0145,mini,Romance,2025-07-15 00:23:04,6.9,"ai,character,creative",False,False
CT004655,C0397,cine,Comedy,2026-04-17 18:32:50,34.1,"trending,creative,visual",True,True
CT004656,C0472,video,Romance,2026-05-25 14:39:52,90.9,"creative,ai",False,False
CT004657,C0187,video,Documentary,2025-11-07 03:27:49,23.8,"cinematic,character",False,False
CT004658,C0245,mini,Romance,2025-06-26 16:45:10,9.9,"creative,character",False,False
CT004659,C0228,video,Drama,2025-06-15 08:55:25,37.4,"trending,cinematic",False,False
CT004660,C0317,cine,Comedy,2026-08-01 04:43:40,66.0,animation,False,False
CT004661,C0229,image,Romance,2026-05-10 00:04:04,28.6,"creative,viral,experimental",False,False
CT004662,C0365,mini,Documentary,2025-11-24 03:30:34,7.7,"experimental,animation,character",False,False
CT004663,C0494,video,Horror,2025-09-25 04:59:13,29.9,"cinematic,story",False,True
CT004664,C0154,image,Action,2026-04-17 01:34:25,66.9,creative,False,False
CT004665,C0106,mini,Romance,2026-07-13 10:41:53,21.1,character,False,True
CT004666,C0276,mini,Horror,2026-03-28 01:45:40,12.4,"trending,creative",False,True
CT004667,C0251,mini,Sci-Fi,2026-06-11 07:49:32,12.2,"viral,visual",False,True
CT004668,C0213,mini,Drama,2026-06-23 20:33:04,7.2,"character,visual,animation",False,False
CT004669,C0075,mini,Mystery,2025-10-17 12:20:33,10.5,"ai,animation",False,False
CT004670,C0058,mini,Documentary,2026-05-01 00:04:36,6.3,"cinematic,story,ai",False,False
CT004671,C0244,cine,Drama,2025-09-16 11:40:57,16.6,"story,experimental,viral",False,False
CT004672,C0363,cine,Romance,2025-09-10 17:15:22,14.6,"trending,story",False,False
CT004673,C0273,mini,Action,2026-08-27 20:16:06,5.7,"cinematic,trending,creative",False,False
CT004674,C0393,mini,Documentary,2025-10-28 04:03:53,12.5,"trending,character",False,False
CT004675,C0069,mini,Fantasy,2026-06-09 18:12:27,11.6,"creative,story",False,False
CT004676,C0468,mini,Drama,2025-11-05 10:32:55,22.2,"animation,creative,character",False,False
CT004677,C0350,cine,Horror,2026-07-28 12:58:51,38.7,"story,creative,viral",False,False
CT004678,C0328,mini,Romance,2025-10-05 19:50:06,8.3,trending,False,False
CT004679,C0415,mini,Animation,2025-06-08 18:27:14,13.9,story,False,False
CT004680,C0469,mini,Drama,2025-12-29 04:29:27,9.5,"story,character",True,False
CT004681,C0409,cine,Action,2026-02-28 20:07:32,55.5,animation,False,False
CT004682,C0242,video,Documentary,2025-11-23 05:08:03,38.8,cinematic,False,False
CT004683,C0366,video,Drama,2025-09-30 14:07:54,51.4,"visual,trending",False,False
CT004684,C0211,mini,Romance,2026-06-13 12:34:54,21.5,experimental,True,False
CT004685,C0070,cine,Action,2025-11-18 21:02:53,108.7,"character,ai",False,True
CT004686,C0491,cine,Documentary,2026-04-16 08:23:14,162.7,cinematic,False,False
CT004687,C0303,mini,Animation,2025-07-12 12:43:45,17.0,"experimental,cinematic,character",False,False
CT004688,C0394,video,Horror,2026-07-04 12:00:26,68.8,character,False,False
CT004689,C0347,mini,Sci-Fi,2026-05-08 06:06:47,13.2,"visual,experimental,cinematic",False,False
CT004690,C0166,mini,Sci-Fi,2025-08-16 19:26:43,21.5,"visual,character,trending",False,False
CT004691,C0381,video,Fantasy,2026-01-26 16:38:54,52.4,"creative,experimental",False,False
CT004692,C0162,mini,Horror,2026-05-08 22:25:07,10.7,"cinematic,creative",False,False
CT004693,C0354,cine,Horror,2026-05-28 03:53:59,46.2,animation,False,False
CT004694,C0410,video,Comedy,2025-12-09 18:54:53,132.2,"trending,cinematic",False,False
CT004695,C0304,mini,Horror,2025-07-24 02:49:31,6.4,viral,False,False
CT004696,C0235,video,Action,2025-06-28 03:23:19,73.4,viral,False,False
CT004697,C0364,mini,Fantasy,2026-08-29 18:09:25,14.7,"viral,trending,story",True,False
CT004698,C0041,image,Comedy,2025-07-20 12:13:01,24.8,"visual,trending,cinematic",True,False
CT004699,C0426,mini,Action,2025-11-06 22:35:56,10.3,ai,False,False
CT004700,C0251,cine,Comedy,2026-06-26 10:52:51,38.0,"visual,animation,character",False,False
CT004701,C0285,mini,Romance,2026-08-08 20:35:50,10.6,visual,False,False
CT004702,C0103,cine,Animation,2026-01-02 02:54:06,43.1,"ai,trending,creative",False,False
CT004703,C0074,cine,Drama,2026-04-05 11:08:12,42.7,visual,False,False
CT004704,C0183,mini,Sci-Fi,2026-01-20 11:35:02,19.5,"creative,viral,character",False,False
CT004705,C0406,video,Comedy,2025-07-20 15:04:44,52.0,"experimental,visual,ai",False,False
CT004706,C0007,video,Action,2026-01-10 22:18:23,79.2,"character,animation",True,False
CT004707,C0328,image,Comedy,2026-05-23 14:05:19,56.9,"character,trending,experimental",False,False
CT004708,C0494,image,Mystery,2026-03-13 09:22:49,255.3,"cinematic,viral",True,False
CT004709,C0338,mini,Sci-Fi,2026-02-11 15:54:02,7.1,viral,False,True
CT004710,C0148,mini,Horror,2026-06-15 15:02:40,6.9,"story,animation,character",False,True
CT004711,C0145,mini,Mystery,2025-08-26 01:09:59,13.5,"visual,creative,cinematic",False,False
CT004712,C0168,mini,Animation,2026-02-14 19:26:59,18.5,ai,False,False
CT004713,C0071,mini,Fantasy,2025-08-25 09:07:07,23.2,cinematic,False,False
CT004714,C0296,mini,Comedy,2025-06-29 10:23:34,11.9,"creative,cinematic",False,False
CT004715,C0391,cine,Fantasy,2026-08-09 15:19:31,45.6,"viral,animation",False,False
CT004716,C0256,mini,Mystery,2026-05-21 20:47:25,11.6,cinematic,False,False
CT004717,C0025,mini,Animation,2026-08-30 08:16:23,19.8,"character,viral",False,False
CT004718,C0432,image,Comedy,2025-12-27 01:43:23,86.7,"ai,experimental",False,False
CT004719,C0200,mini,Horror,2026-02-18 17:00:37,21.9,"experimental,visual",False,False
CT004720,C0254,cine,Horror,2025-06-29 01:09:35,26.9,animation,False,False
CT004721,C0249,image,Documentary,2025-08-25 08:12:23,35.1,"cinematic,viral",False,False
CT004722,C0308,mini,Sci-Fi,2025-07-09 09:23:20,12.6,"creative,animation,viral",False,True
CT004723,C0007,mini,Romance,2025-11-03 03:47:31,14.0,"visual,cinematic,trending",False,False
CT004724,C0121,image,Animation,2025-12-03 17:10:44,66.8,animation,False,False
CT004725,C0297,image,Documentary,2025-09-05 15:40:14,68.6,story,True,False
CT004726,C0193,cine,Drama,2026-05-21 17:20:13,18.4,"animation,ai",False,True
CT004727,C0063,cine,Drama,2026-03-05 00:22:56,38.8,"ai,visual,experimental",False,True
CT004728,C0454,image,Action,2025-12-16 03:16:53,31.0,"animation,story,viral",False,True
CT004729,C0123,mini,Romance,2025-11-30 12:38:29,9.5,ai,True,False
CT004730,C0114,mini,Mystery,2026-02-14 06:09:24,21.2,"animation,story",True,False
CT004731,C0497,cine,Comedy,2025-11-20 09:34:37,209.1,story,False,False
CT004732,C0114,mini,Drama,2026-05-19 10:06:39,9.3,story,False,False
CT004733,C0281,cine,Horror,2026-06-01 10:43:09,9.1,"animation,story,creative",False,False
CT004734,C0254,video,Romance,2025-08-23 22:31:46,34.9,experimental,True,True
CT004735,C0485,cine,Sci-Fi,2026-08-14 09:17:29,74.6,"creative,visual,cinematic",False,False
CT004736,C0477,mini,Sci-Fi,2025-12-26 08:04:50,7.7,"trending,cinematic,viral",False,False
CT004737,C0242,image,Horror,2025-08-29 20:15:01,45.1,"creative,trending",False,False
CT004738,C0023,video,Fantasy,2026-06-23 15:17:20,268.5,"visual,experimental",False,False
CT004739,C0403,mini,Horror,2025-12-06 23:27:14,22.5,visual,False,False
CT004740,C0311,cine,Sci-Fi,2025-08-07 18:02:53,25.6,"character,visual,experimental",False,False
CT004741,C0023,mini,Fantasy,2026-01-31 15:47:00,9.6,animation,False,False
CT004742,C0071,image,Horror,2025-12-04 21:45:17,20.5,animation,False,False
CT004743,C0144,mini,Fantasy,2025-09-21 02:49:46,6.1,viral,False,True
CT004744,C0422,cine,Action,2026-04-28 11:23:32,82.2,"creative,visual,animation",False,False
CT004745,C0144,cine,Romance,2025-12-01 06:23:39,196.0,"creative,trending",False,False
CT004746,C0442,mini,Sci-Fi,2026-01-27 14:45:20,56.7,"creative,visual,viral",False,False
CT004747,C0037,video,Animation,2025-06-26 10:38:22,46.3,"cinematic,experimental",True,False
CT004748,C0255,video,Comedy,2025-11-16 05:24:19,53.5,"ai,experimental",False,False
CT004749,C0472,mini,Action,2025-06-19 19:07:38,11.1,"creative,ai,story",False,False
CT004750,C0320,mini,Mystery,2025-10-07 14:37:09,10.1,"animation,character",False,False
CT004751,C0252,image,Animation,2026-05-25 13:55:47,47.0,"cinematic,creative",False,False
CT004752,C0195,mini,Drama,2026-07-27 23:00:37,11.1,"ai,creative",False,False
CT004753,C0297,mini,Horror,2025-11-02 15:02:25,8.9,ai,False,False
CT004754,C0127,mini,Drama,2026-04-15 16:56:09,13.9,"ai,story",False,False
CT004755,C0258,mini,Drama,2026-04-19 14:03:18,7.8,"creative,visual,story",True,False
CT004756,C0028,image,Documentary,2026-05-23 12:13:25,34.1,character,False,False
CT004757,C0127,mini,Action,2025-07-08 19:24:38,31.8,"character,cinematic,animation",True,True
CT004758,C0366,mini,Romance,2025-10-14 14:31:00,11.5,"viral,story,animation",True,False
CT004759,C0462,video,Comedy,2026-04-02 19:46:41,35.5,"trending,character,visual",False,False
CT004760,C0205,mini,Romance,2025-10-13 13:20:08,11.7,viral,False,False
CT004761,C0330,mini,Action,2026-03-25 22:28:54,17.9,"experimental,trending",True,False
CT004762,C0228,cine,Animation,2026-07-15 11:47:53,65.7,"experimental,trending",False,False
CT004763,C0062,image,Fantasy,2026-06-10 14:00:08,27.8,"viral,visual",False,True
CT004764,C0481,video,Documentary,2026-01-10 08:58:42,179.8,"viral,creative,trending",False,False
CT004765,C0228,mini,Romance,2025-09-02 07:13:27,7.4,"animation,visual",False,False
CT004766,C0059,image,Drama,2025-10-24 20:12:53,79.7,character,False,False
CT004767,C0001,cine,Animation,2026-02-07 07:25:38,91.4,trending,False,False
CT004768,C0102,cine,Romance,2026-05-06 17:25:24,24.7,"ai,trending",False,False
CT004769,C0338,mini,Drama,2026-07-16 22:32:46,6.0,"character,visual",False,False
CT004770,C0165,mini,Mystery,2026-06-20 22:44:50,10.8,"visual,trending,cinematic",False,False
CT004771,C0259,image,Mystery,2025-09-09 06:24:03,20.2,"viral,trending",False,False
CT004772,C0080,cine,Mystery,2025-07-21 13:26:05,41.9,"viral,ai,character",False,False
CT004773,C0445,mini,Fantasy,2025-07-27 22:31:09,12.5,"creative,viral,animation",False,True
CT004774,C0482,image,Mystery,2025-09-09 03:45:54,58.8,story,False,False
CT004775,C0472,mini,Comedy,2025-11-05 05:06:33,9.8,"visual,character,experimental",False,False
CT004776,C0305,image,Drama,2025-06-19 17:41:07,152.1,experimental,False,False
CT004777,C0050,mini,Action,2026-08-15 04:44:50,14.8,"character,experimental",False,False
CT004778,C0062,mini,Horror,2025-11-06 10:36:44,8.6,creative,True,False
CT004779,C0044,cine,Documentary,2025-08-11 18:29:01,41.4,ai,False,False
CT004780,C0247,mini,Action,2026-01-29 14:58:50,11.8,animation,False,False
CT004781,C0442,mini,Sci-Fi,2025-07-25 09:59:50,9.1,"story,ai",True,False
CT004782,C0399,mini,Sci-Fi,2026-06-24 16:55:55,7.5,viral,False,False
CT004783,C0257,image,Fantasy,2026-08-29 23:20:43,63.1,"animation,creative,visual",False,False
CT004784,C0375,video,Drama,2026-07-22 15:43:01,97.4,creative,False,False
CT004785,C0235,cine,Horror,2025-11-27 06:42:11,34.8,story,False,False
CT004786,C0307,image,Documentary,2026-03-18 03:16:28,19.6,cinematic,True,False
CT004787,C0275,image,Drama,2025-08-08 01:22:43,87.3,ai,False,False
CT004788,C0297,image,Fantasy,2025-06-21 20:40:24,60.6,experimental,False,False
CT004789,C0233,mini,Romance,2026-02-10 17:31:55,9.5,"trending,ai",False,False
CT004790,C0370,mini,Horror,2026-05-07 10:28:37,26.9,viral,False,False
CT004791,C0300,cine,Documentary,2025-06-07 07:39:22,69.1,"experimental,character,viral",False,False
CT004792,C0136,video,Fantasy,2026-08-28 02:12:04,97.6,"animation,story,character",True,False
CT004793,C0472,video,Comedy,2025-12-12 01:29:32,111.6,"viral,visual,story",False,False
CT004794,C0244,mini,Action,2026-03-09 22:34:44,10.5,character,False,False
CT004795,C0298,video,Fantasy,2025-06-17 12:22:40,35.9,"story,ai",False,False
CT004796,C0266,mini,Romance,2026-07-10 01:44:11,11.1,creative,True,False
CT004797,C0162,cine,Action,2026-02-13 19:03:55,71.5,"cinematic,experimental",True,False
CT004798,C0044,video,Fantasy,2026-01-05 16:10:48,66.8,ai,True,False
CT004799,C0106,mini,Romance,2026-03-12 21:29:00,11.5,experimental,False,False
CT004800,C0479,image,Mystery,2026-06-15 18:01:35,64.9,"story,ai,character",True,False
CT004801,C0478,mini,Romance,2025-06-02 14:36:25,11.5,"story,character,creative",False,False
CT004802,C0080,video,Sci-Fi,2025-06-23 14:04:47,28.3,"visual,viral,character",False,False
CT004803,C0286,mini,Animation,2026-01-20 19:02:44,8.3,"trending,experimental",True,False
CT004804,C0128,cine,Fantasy,2026-05-22 16:38:45,45.7,"experimental,creative,trending",False,False
CT004805,C0284,mini,Documentary,2026-08-05 21:34:34,4.0,"cinematic,trending",False,False
CT004806,C0319,mini,Mystery,2025-07-13 07:46:52,14.7,"trending,story",False,False
CT004807,C0018,mini,Sci-Fi,2025-11-29 12:41:16,5.9,"story,trending",False,False
CT004808,C0475,mini,Comedy,2026-05-22 16:50:52,13.3,"story,viral,ai",True,False
CT004809,C0460,mini,Documentary,2026-08-10 06:04:44,23.8,"viral,visual",True,False
CT004810,C0473,mini,Animation,2025-09-25 07:12:41,7.8,story,True,False
CT004811,C0235,video,Romance,2026-08-14 08:13:40,261.2,creative,False,False
CT004812,C0359,mini,Action,2026-06-03 18:09:38,21.4,"animation,story",True,False
CT004813,C0500,cine,Documentary,2025-09-18 13:17:40,23.4,"trending,viral,character",False,False
CT004814,C0096,image,Animation,2026-06-07 19:39:19,46.2,"animation,character",True,False
CT004815,C0086,image,Romance,2026-02-19 06:50:03,22.5,"ai,creative",False,False
CT004816,C0402,mini,Drama,2026-06-21 00:01:36,22.8,creative,False,False
CT004817,C0164,mini,Documentary,2026-06-14 14:56:21,38.1,character,False,False
CT004818,C0086,mini,Romance,2025-09-01 02:17:54,8.4,character,True,False
CT004819,C0105,mini,Documentary,2026-04-20 09:01:03,16.8,"creative,ai,visual",False,False
CT004820,C0342,cine,Documentary,2025-12-26 22:14:54,67.4,"animation,character,cinematic",False,False
CT004821,C0188,cine,Drama,2026-05-13 14:51:11,137.8,viral,False,False
CT004822,C0150,image,Animation,2025-08-02 14:14:44,14.7,"story,trending",True,False
CT004823,C0486,image,Action,2025-09-27 23:36:18,21.2,ai,False,False
CT004824,C0483,image,Comedy,2025-09-13 20:04:47,56.8,character,False,False
CT004825,C0208,mini,Romance,2026-07-24 16:55:44,15.0,character,False,True
CT004826,C0116,image,Mystery,2025-11-15 06:47:32,48.6,"visual,creative,experimental",False,False
CT004827,C0414,mini,Romance,2025-09-16 10:53:22,22.4,"viral,cinematic,character",False,False
CT004828,C0374,video,Action,2026-05-01 21:44:09,41.9,"creative,story,character",False,False
CT004829,C0379,cine,Sci-Fi,2026-03-22 00:46:28,75.2,"creative,character,visual",False,False
CT004830,C0107,cine,Drama,2026-03-18 02:08:35,79.1,character,False,False
CT004831,C0149,cine,Fantasy,2026-07-09 10:17:05,31.3,"viral,cinematic,creative",False,False
CT004832,C0041,cine,Drama,2026-07-18 19:32:53,26.1,"animation,trending,creative",True,False
CT004833,C0289,cine,Drama,2025-11-11 22:18:15,109.6,"viral,creative,cinematic",False,False
CT004834,C0023,video,Sci-Fi,2026-08-13 09:36:19,56.5,cinematic,False,False
CT004835,C0426,mini,Horror,2026-02-07 18:32:49,6.2,"animation,character",True,False
CT004836,C0158,image,Romance,2026-07-11 07:55:27,53.3,"trending,cinematic",False,False
CT004837,C0303,mini,Romance,2026-04-11 20:58:11,17.7,"trending,creative",False,False
CT004838,C0079,mini,Drama,2025-07-07 19:26:36,14.3,"trending,viral,creative",False,False
CT004839,C0133,mini,Romance,2026-07-29 09:22:09,10.8,"character,viral,visual",True,False
CT004840,C0134,mini,Romance,2026-02-19 11:50:07,9.5,experimental,False,True
CT004841,C0430,mini,Sci-Fi,2025-12-22 07:18:46,6.1,"creative,animation,visual",False,False
CT004842,C0490,mini,Horror,2025-11-03 11:15:03,8.8,cinematic,False,True
CT004843,C0275,image,Documentary,2026-03-03 01:27:44,83.8,"ai,experimental",True,False
CT004844,C0053,cine,Animation,2026-07-26 04:42:51,66.5,ai,True,True
CT004845,C0486,mini,Animation,2025-08-04 15:47:40,13.6,"viral,ai,story",False,False
CT004846,C0142,cine,Comedy,2025-09-11 06:20:41,118.3,animation,False,False
CT004847,C0319,video,Documentary,2025-06-30 17:47:53,39.2,"experimental,trending,character",False,True
CT004848,C0112,mini,Horror,2025-08-29 21:22:28,5.8,ai,False,False
CT004849,C0218,mini,Documentary,2025-06-10 18:34:46,16.3,"viral,cinematic",True,False
CT004850,C0023,video,Sci-Fi,2025-09-05 01:09:53,14.3,"character,ai",False,True
CT004851,C0216,mini,Documentary,2026-01-04 07:44:03,9.4,trending,False,False
CT004852,C0338,video,Comedy,2026-06-13 11:58:37,81.9,"creative,cinematic",False,False
CT004853,C0439,video,Action,2026-02-04 20:20:59,41.5,animation,False,False
CT004854,C0468,mini,Fantasy,2025-09-11 17:22:00,13.0,"animation,story",False,False
CT004855,C0483,cine,Horror,2025-07-10 09:05:38,53.9,"experimental,ai",False,False
CT004856,C0485,video,Animation,2026-07-10 06:20:25,127.3,"story,cinematic,ai",True,False
CT004857,C0196,mini,Action,2025-08-22 13:55:18,8.8,viral,True,False
CT004858,C0130,mini,Drama,2026-05-16 21:17:38,18.0,ai,False,False
CT004859,C0078,mini,Comedy,2025-09-30 10:23:51,19.7,visual,False,False
CT004860,C0083,image,Comedy,2026-03-15 13:06:56,27.4,"cinematic,story",True,False
CT004861,C0020,image,Mystery,2026-07-12 10:06:37,29.4,animation,False,False
CT004862,C0355,video,Drama,2026-07-21 13:29:03,60.6,experimental,False,False
CT004863,C0161,mini,Action,2025-07-16 06:18:17,10.3,"cinematic,story",False,False
CT004864,C0253,cine,Fantasy,2026-01-20 01:11:09,47.6,creative,False,False
CT004865,C0174,image,Romance,2026-01-10 07:10:24,38.2,ai,False,False
CT004866,C0270,mini,Action,2026-07-07 05:52:08,15.1,"ai,cinematic",False,False
CT004867,C0213,video,Romance,2026-05-26 19:33:10,22.8,"story,creative",False,False
CT004868,C0284,mini,Documentary,2025-08-05 20:18:03,19.7,"visual,creative,character",False,False
CT004869,C0073,mini,Action,2026-07-02 19:10:36,20.5,"creative,viral,ai",False,False
CT004870,C0448,mini,Comedy,2025-11-13 13:19:06,16.6,"story,visual",False,False
CT004871,C0244,image,Action,2026-04-13 01:40:27,11.9,"cinematic,experimental,ai",False,True
CT004872,C0342,image,Comedy,2025-08-21 09:17:16,53.1,"ai,animation,viral",True,False
CT004873,C0467,video,Fantasy,2025-09-30 02:12:01,35.5,"ai,cinematic,trending",False,False
CT004874,C0047,cine,Mystery,2025-07-03 19:54:17,66.3,"visual,viral",False,False
CT004875,C0118,video,Horror,2025-07-26 08:48:12,469.3,"experimental,trending",False,False
CT004876,C0271,cine,Horror,2026-07-30 22:56:10,61.6,"ai,visual",False,False
CT004877,C0338,video,Mystery,2025-08-12 00:02:16,75.6,"animation,character",False,False
CT004878,C0236,video,Action,2026-03-12 13:42:17,31.5,character,False,False
CT004879,C0019,cine,Animation,2026-05-18 05:53:29,61.7,"cinematic,creative",True,False
CT004880,C0341,mini,Documentary,2025-07-06 01:22:45,16.8,"character,creative,visual",False,False
CT004881,C0318,video,Sci-Fi,2025-10-14 05:15:34,30.6,ai,False,True
CT004882,C0007,cine,Sci-Fi,2026-01-05 22:38:25,28.9,"experimental,animation",False,False
CT004883,C0465,image,Horror,2025-11-02 01:40:16,76.1,viral,False,False
CT004884,C0445,cine,Fantasy,2026-07-07 13:02:53,34.1,experimental,False,False
CT004885,C0135,mini,Horror,2025-08-20 00:55:58,18.6,"cinematic,creative",False,False
CT004886,C0302,mini,Romance,2026-04-27 12:25:18,6.4,"story,creative",False,False
CT004887,C0410,mini,Mystery,2025-12-16 04:45:25,16.3,"trending,cinematic",False,False
CT004888,C0222,cine,Sci-Fi,2025-11-24 23:43:01,28.5,"cinematic,visual,animation",True,False
CT004889,C0043,image,Mystery,2025-10-31 13:13:39,114.4,"cinematic,viral,animation",True,False
CT004890,C0203,cine,Comedy,2026-04-05 09:23:59,17.3,"animation,ai,viral",False,False
CT004891,C0179,cine,Fantasy,2025-11-10 19:11:33,28.0,"ai,character,trending",False,False
CT004892,C0408,mini,Documentary,2026-03-14 12:24:15,11.3,"trending,animation",False,False
CT004893,C0003,cine,Comedy,2025-06-16 09:48:01,38.4,"ai,creative",False,False
CT004894,C0473,mini,Comedy,2025-10-04 03:27:43,23.3,trending,False,False
CT004895,C0179,image,Fantasy,2025-12-28 22:21:33,22.6,"trending,animation,viral",False,False
CT004896,C0188,image,Romance,2025-09-08 23:14:45,40.2,trending,False,False
CT004897,C0157,mini,Sci-Fi,2025-07-22 00:32:14,13.1,character,False,False
CT004898,C0009,cine,Action,2025-09-09 13:32:50,64.2,"experimental,cinematic,animation",False,False
CT004899,C0341,mini,Horror,2026-01-31 06:26:53,34.3,experimental,False,False
CT004900,C0371,video,Comedy,2026-08-11 11:23:03,144.2,cinematic,True,False
CT004901,C0148,mini,Action,2026-04-02 03:32:45,18.1,"animation,story,viral",True,False
CT004902,C0063,video,Sci-Fi,2026-07-18 12:15:47,120.4,character,False,True
CT004903,C0413,image,Documentary,2026-02-05 00:35:23,120.8,experimental,False,False
CT004904,C0341,video,Action,2025-06-14 18:01:10,37.4,"viral,experimental",False,False
CT004905,C0141,image,Fantasy,2025-08-06 18:58:11,42.1,"story,character",True,False
CT004906,C0332,cine,Mystery,2026-05-13 08:11:49,68.6,"character,ai,experimental",False,False
CT004907,C0111,cine,Comedy,2026-03-09 02:55:25,110.2,viral,True,False
CT004908,C0318,cine,Mystery,2026-06-19 13:22:35,12.9,character,False,False
CT004909,C0244,mini,Action,2025-12-06 05:39:54,15.6,animation,False,False
CT004910,C0096,video,Mystery,2026-07-31 13:54:13,73.9,story,False,False
CT004911,C0327,cine,Horror,2025-11-11 21:11:50,57.2,trending,False,False
CT004912,C0091,cine,Animation,2026-06-19 01:58:36,55.4,"experimental,viral,creative",False,False
CT004913,C0437,mini,Drama,2025-08-07 20:12:31,17.1,"ai,animation,creative",False,True
CT004914,C0053,mini,Action,2025-12-23 21:46:09,6.6,"creative,character",False,False
CT004915,C0407,mini,Sci-Fi,2026-08-28 09:57:24,8.1,"cinematic,character,story",False,False
CT004916,C0144,mini,Sci-Fi,2026-05-29 16:06:27,12.6,"creative,viral,character",False,True
CT004917,C0261,cine,Animation,2025-11-27 01:24:20,118.6,"visual,cinematic",False,False
CT004918,C0427,mini,Fantasy,2026-07-15 06:33:44,9.0,"animation,trending,creative",True,False
CT004919,C0488,image,Comedy,2025-12-26 02:31:11,29.9,"story,viral,character",True,False
CT004920,C0250,mini,Horror,2026-08-05 05:48:34,29.9,"creative,trending",False,False
CT004921,C0150,mini,Action,2025-07-14 00:55:14,3.4,"story,creative,animation",False,True
CT004922,C0373,image,Romance,2026-06-12 23:46:33,61.1,story,False,False
CT004923,C0500,image,Mystery,2026-04-05 00:22:39,49.8,"cinematic,trending",False,False
CT004924,C0145,mini,Animation,2025-08-20 21:38:24,21.7,"character,viral,visual",False,False
CT004925,C0188,video,Comedy,2025-10-07 21:24:54,30.3,visual,False,False
CT004926,C0415,mini,Animation,2026-06-08 18:26:22,25.3,"creative,cinematic,animation",False,False
CT004927,C0130,image,Animation,2026-05-04 12:22:00,43.2,"cinematic,ai,experimental",False,False
CT004928,C0275,image,Documentary,2025-08-26 18:10:18,18.9,viral,False,False
CT004929,C0189,mini,Documentary,2025-07-01 14:38:20,10.9,ai,False,False
CT004930,C0249,cine,Action,2025-10-23 10:35:29,34.1,cinematic,False,False
CT004931,C0293,mini,Action,2025-10-14 08:35:16,11.6,"ai,character,trending",True,False
CT004932,C0256,mini,Horror,2026-03-13 06:04:50,22.1,"animation,cinematic,story",False,False
CT004933,C0235,mini,Drama,2026-05-07 00:26:42,15.4,"visual,story,viral",False,False
CT004934,C0187,image,Mystery,2025-10-04 22:49:47,20.4,"creative,viral",False,False
CT004935,C0029,mini,Comedy,2025-11-28 13:54:16,12.5,"cinematic,creative",False,False
CT004936,C0389,mini,Documentary,2025-08-24 23:57:59,5.5,"viral,experimental",False,False
CT004937,C0181,mini,Animation,2025-06-16 15:13:17,4.6,"trending,visual",False,False
CT004938,C0037,image,Action,2026-07-22 15:09:24,22.6,"creative,animation,cinematic",False,False
CT004939,C0245,mini,Drama,2026-05-27 00:45:05,8.3,character,False,False
CT004940,C0409,cine,Animation,2026-05-27 05:04:24,53.7,"experimental,trending",True,False
CT004941,C0332,mini,Documentary,2026-08-15 07:29:56,10.5,creative,False,False
CT004942,C0294,mini,Romance,2025-06-19 07:09:37,13.0,viral,True,False
CT004943,C0475,image,Documentary,2025-11-19 16:34:06,67.6,"cinematic,trending,experimental",True,False
CT004944,C0333,image,Romance,2026-05-05 14:16:37,117.5,"experimental,animation,viral",True,True
CT004945,C0477,image,Documentary,2026-03-11 10:44:07,28.4,"animation,viral",False,False
CT004946,C0446,video,Horror,2026-05-25 03:07:44,35.7,animation,False,False
CT004947,C0256,video,Documentary,2025-11-17 22:17:34,45.4,character,True,False
CT004948,C0039,image,Fantasy,2025-07-13 01:31:04,43.5,experimental,False,True
CT004949,C0281,mini,Mystery,2026-02-09 01:43:43,13.4,"character,ai,experimental",False,False
CT004950,C0474,mini,Action,2026-05-04 10:22:04,8.5,"character,animation",False,False
CT004951,C0346,video,Mystery,2026-05-03 18:50:23,123.9,"experimental,trending,cinematic",False,False
CT004952,C0107,cine,Mystery,2025-08-19 21:36:50,51.9,character,True,False
CT004953,C0418,cine,Horror,2026-03-16 14:35:41,29.0,viral,False,False
CT004954,C0420,cine,Action,2026-03-16 08:06:03,24.9,"trending,ai",False,False
CT004955,C0375,image,Comedy,2025-10-22 12:11:35,297.2,"visual,story",True,False
CT004956,C0076,cine,Mystery,2025-09-27 14:12:17,40.1,story,False,False
CT004957,C0359,mini,Sci-Fi,2025-08-29 00:08:36,9.4,viral,True,True
CT004958,C0428,mini,Sci-Fi,2025-07-21 01:57:12,9.5,"story,trending,cinematic",True,False
CT004959,C0224,mini,Drama,2026-02-04 05:11:37,17.8,"experimental,visual",False,True
CT004960,C0341,video,Horror,2025-10-22 06:56:01,116.0,"creative,cinematic",True,False
CT004961,C0433,mini,Comedy,2026-03-28 17:32:42,19.7,visual,False,True
CT004962,C0366,video,Mystery,2026-02-24 13:44:52,30.6,"trending,visual",True,False
CT004963,C0327,cine,Documentary,2026-02-17 23:17:14,70.1,"creative,viral",True,False
CT004964,C0209,video,Comedy,2026-08-14 12:14:06,34.4,"creative,character",False,False
CT004965,C0077,video,Documentary,2025-07-29 10:22:22,79.8,"animation,trending",False,False
CT004966,C0140,mini,Drama,2025-06-17 23:10:18,23.8,visual,False,False
CT004967,C0300,cine,Horror,2025-11-09 21:37:34,50.8,"visual,story",False,False
CT004968,C0367,image,Mystery,2025-06-12 04:16:41,85.9,viral,False,False
CT004969,C0154,mini,Documentary,2026-05-06 13:26:05,14.4,"visual,trending",False,False
CT004970,C0187,mini,Drama,2025-11-17 06:30:18,10.6,trending,True,True
CT004971,C0100,image,Action,2025-08-06 22:01:00,40.2,"experimental,trending,character",False,False
CT004972,C0176,video,Documentary,2025-07-08 18:57:08,27.2,"experimental,creative",False,False
CT004973,C0325,mini,Romance,2026-07-08 19:43:37,40.7,"viral,character",False,False
CT004974,C0001,mini,Comedy,2025-11-19 15:16:15,9.2,"story,viral,cinematic",True,False
CT004975,C0320,video,Documentary,2025-12-30 17:44:02,54.8,"character,visual,story",False,False
CT004976,C0033,mini,Drama,2025-08-17 00:19:59,8.0,"animation,experimental,story",False,False
CT004977,C0477,video,Documentary,2026-05-27 18:28:54,31.5,visual,False,False
CT004978,C0368,mini,Romance,2026-05-03 12:03:56,17.5,"character,animation,experimental",False,False
CT004979,C0487,mini,Animation,2025-11-03 09:46:36,6.2,"viral,visual",False,False
CT004980,C0185,mini,Documentary,2026-06-23 23:19:08,7.4,"visual,trending",False,False
CT004981,C0200,mini,Romance,2025-11-11 19:15:19,15.8,creative,False,True
CT004982,C0241,mini,Drama,2026-07-18 01:10:57,4.1,"trending,ai",True,False
CT004983,C0090,image,Drama,2026-08-15 23:09:31,95.8,"trending,visual",True,False
CT004984,C0363,mini,Fantasy,2025-12-29 00:10:14,11.9,animation,False,False
CT004985,C0074,video,Horror,2026-02-14 17:04:44,20.3,"character,trending,ai",False,False
CT004986,C0423,mini,Comedy,2026-06-18 01:42:38,10.3,"animation,experimental",False,False
CT004987,C0482,cine,Action,2025-07-17 11:16:03,70.6,"character,experimental,cinematic",False,False
CT004988,C0132,image,Action,2026-01-04 16:00:31,56.1,"story,trending,creative",False,False
CT004989,C0198,mini,Mystery,2026-08-11 16:41:41,26.0,"trending,creative",True,False
CT004990,C0018,image,Sci-Fi,2025-08-31 16:43:31,162.1,"cinematic,visual",False,False
CT004991,C0168,mini,Animation,2025-11-18 22:21:54,8.1,"viral,creative",False,False
CT004992,C0106,image,Comedy,2026-06-24 06:41:42,35.0,"viral,cinematic,story",False,False
CT004993,C0307,cine,Animation,2026-04-20 20:41:19,147.7,"experimental,cinematic,ai",False,False
CT004994,C0394,mini,Documentary,2026-01-10 05:05:22,19.4,story,True,False
CT004995,C0033,image,Comedy,2025-07-29 14:58:44,47.4,visual,False,False
CT004996,C0080,mini,Mystery,2025-08-22 17:06:28,9.3,"visual,ai",False,False
CT004997,C0324,video,Horror,2026-06-26 00:39:07,75.9,"visual,character",False,False
CT004998,C0228,cine,Action,2026-01-19 10:46:29,47.6,"visual,ai,creative",False,False
CT004999,C0438,mini,Animation,2026-08-12 08:05:32,8.0,experimental,True,False
CT005000,C0392,mini,Action,2025-07-17 07:05:09,14.7,"viral,animation,ai",False,False
CT005001,C0364,mini,Documentary,2025-11-22 13:53:32,9.5,"trending,animation",False,False
CT005002,C0481,image,Fantasy,2025-07-13 18:00:34,41.0,"cinematic,ai,story",False,False
CT005003,C0198,cine,Romance,2025-08-05 23:46:50,46.4,"character,cinematic",False,False
CT005004,C0318,cine,Animation,2025-06-05 19:06:12,30.3,"character,story",False,False
CT005005,C0062,mini,Fantasy,2026-02-10 06:53:07,9.7,character,False,False
CT005006,C0048,video,Horror,2025-09-16 20:50:20,29.6,ai,False,False
CT005007,C0118,cine,Documentary,2025-08-13 18:35:56,46.4,"visual,story",False,False
CT005008,C0149,cine,Drama,2026-07-07 09:30:30,22.6,"experimental,ai,visual",False,False
CT005009,C0132,mini,Fantasy,2025-12-19 14:46:33,13.4,"cinematic,character,ai",False,False
CT005010,C0331,mini,Drama,2026-02-02 12:48:28,5.3,"story,visual,ai",False,False
CT005011,C0191,mini,Romance,2026-03-11 22:21:45,8.8,"visual,character,creative",False,True
CT005012,C0352,image,Fantasy,2025-12-15 23:25:55,64.8,"creative,visual,experimental",False,False
CT005013,C0064,cine,Horror,2025-08-03 12:29:09,48.3,"viral,character",False,False
CT005014,C0179,mini,Action,2026-01-10 02:37:55,30.0,"creative,viral",True,False
CT005015,C0288,cine,Mystery,2026-08-07 07:06:58,10.7,"character,ai",False,False
CT005016,C0496,mini,Action,2026-04-09 19:15:45,11.6,story,False,False
CT005017,C0181,mini,Sci-Fi,2026-04-18 17:57:58,8.0,character,False,False
CT005018,C0280,image,Mystery,2026-02-15 08:24:57,56.0,creative,False,False
CT005019,C0247,mini,Action,2025-11-12 17:51:04,10.5,"experimental,animation,story",False,False
CT005020,C0006,cine,Documentary,2025-12-31 07:23:17,33.9,ai,False,False
CT005021,C0142,image,Drama,2025-12-07 13:17:12,65.7,trending,True,False
CT005022,C0144,mini,Fantasy,2026-02-21 13:24:58,6.6,character,False,False
CT005023,C0227,image,Horror,2026-06-22 17:48:18,32.6,"character,visual",False,True
CT005024,C0092,mini,Drama,2025-06-07 15:13:09,10.0,"creative,visual,cinematic",False,False
CT005025,C0359,image,Horror,2026-01-04 01:23:24,92.6,"visual,ai",False,False
CT005026,C0235,mini,Mystery,2025-09-30 12:17:29,3.1,"character,visual",True,False
CT005027,C0045,mini,Drama,2026-08-25 02:36:37,20.9,"cinematic,viral",False,False
CT005028,C0175,mini,Comedy,2025-08-06 13:51:39,6.8,"trending,animation,viral",False,False
CT005029,C0254,mini,Documentary,2025-06-29 08:26:06,8.5,ai,False,False
CT005030,C0111,mini,Documentary,2026-04-17 11:04:16,13.4,"animation,story",False,False
CT005031,C0305,cine,Animation,2025-10-02 17:30:40,61.0,cinematic,True,False
CT005032,C0383,image,Sci-Fi,2025-09-08 19:51:57,319.7,"creative,ai,cinematic",False,False
CT005033,C0329,mini,Documentary,2026-01-23 09:53:04,5.1,story,False,False
CT005034,C0336,mini,Fantasy,2026-07-29 15:47:18,10.1,"character,creative",False,False
CT005035,C0451,mini,Documentary,2025-08-01 22:41:09,18.0,"creative,character",False,False
CT005036,C0261,cine,Animation,2026-02-01 20:02:02,169.3,experimental,False,False
CT005037,C0394,cine,Horror,2025-11-10 10:33:29,57.2,"visual,creative",False,False
CT005038,C0168,image,Sci-Fi,2025-08-25 00:19:10,300.7,"animation,trending,story",False,False
CT005039,C0368,image,Fantasy,2026-01-24 02:38:05,30.7,ai,False,False
CT005040,C0291,image,Fantasy,2026-08-13 13:33:13,22.0,animation,True,False
CT005041,C0431,mini,Comedy,2025-09-28 00:17:09,16.9,"story,ai",False,False
CT005042,C0039,image,Horror,2025-09-08 16:15:41,64.7,visual,True,False
CT005043,C0450,mini,Drama,2025-08-15 01:27:44,11.0,"ai,experimental,visual",False,False
CT005044,C0115,image,Action,2026-03-09 22:58:16,23.1,"cinematic,character,experimental",False,True
CT005045,C0419,image,Sci-Fi,2025-10-01 08:46:24,22.9,visual,False,False
CT005046,C0189,mini,Animation,2026-02-26 01:55:45,16.1,"experimental,viral,story",False,False
CT005047,C0299,mini,Sci-Fi,2025-07-08 15:39:56,15.9,trending,True,True
CT005048,C0167,mini,Horror,2026-04-17 16:57:55,11.3,"cinematic,trending",False,False
CT005049,C0417,image,Fantasy,2025-08-29 08:18:38,14.7,"creative,viral,trending",True,False
CT005050,C0363,mini,Mystery,2025-07-10 18:58:05,23.6,"character,story,ai",True,False
CT005051,C0165,mini,Horror,2025-06-28 19:45:01,14.3,"cinematic,story",False,True
CT005052,C0067,cine,Drama,2026-05-28 13:35:17,29.2,"experimental,trending",False,False
CT005053,C0476,image,Sci-Fi,2026-08-09 08:30:05,78.0,story,True,False
CT005054,C0486,image,Comedy,2025-12-08 00:40:57,61.0,"visual,ai,animation",False,False
CT005055,C0080,image,Comedy,2025-08-13 10:08:18,138.4,"animation,experimental,ai",True,False
CT005056,C0159,video,Fantasy,2026-06-11 23:21:57,198.9,creative,False,False
CT005057,C0116,mini,Horror,2025-06-01 13:52:41,44.6,"ai,animation",False,False
CT005058,C0114,mini,Sci-Fi,2025-10-24 13:05:23,3.7,experimental,False,False
CT005059,C0080,cine,Sci-Fi,2026-08-11 13:36:01,82.2,"animation,cinematic,ai",True,False
CT005060,C0365,mini,Fantasy,2025-11-26 07:46:38,3.6,"experimental,trending,creative",False,False
CT005061,C0387,cine,Fantasy,2026-05-12 21:55:16,20.4,experimental,True,False
CT005062,C0303,video,Documentary,2025-11-12 11:58:17,36.7,animation,False,False
CT005063,C0209,cine,Animation,2025-09-30 18:16:41,20.8,animation,True,False
CT005064,C0490,mini,Action,2025-10-24 11:14:22,28.7,trending,True,False
CT005065,C0370,video,Documentary,2026-07-06 18:52:44,41.6,cinematic,False,False
CT005066,C0032,mini,Horror,2025-12-22 13:01:24,10.7,"story,viral",True,False
CT005067,C0256,mini,Drama,2026-07-03 11:03:51,28.1,experimental,True,False
CT005068,C0086,mini,Horror,2026-08-26 22:19:05,9.6,cinematic,False,True
CT005069,C0200,mini,Horror,2026-05-04 21:26:22,7.6,"viral,visual,story",False,False
CT005070,C0191,mini,Sci-Fi,2025-10-14 09:34:44,9.8,story,True,False
CT005071,C0446,mini,Comedy,2026-02-26 01:17:20,5.5,"character,cinematic",False,False
CT005072,C0413,cine,Horror,2025-11-17 08:47:34,70.2,"experimental,animation",False,False
CT005073,C0215,cine,Horror,2026-02-22 15:07:52,21.5,"visual,creative",False,False
CT005074,C0384,image,Drama,2026-04-18 14:50:52,31.3,"story,viral",True,True
CT005075,C0310,cine,Fantasy,2026-08-16 19:40:09,29.7,"animation,trending,creative",False,False
CT005076,C0275,video,Comedy,2026-05-23 21:25:22,147.1,"ai,cinematic,trending",False,False
CT005077,C0429,video,Horror,2025-12-30 02:34:40,38.4,visual,True,False
CT005078,C0312,mini,Comedy,2026-07-01 20:49:44,9.0,"trending,viral",False,False
CT005079,C0107,mini,Horror,2026-06-04 16:54:58,7.6,"trending,animation,visual",False,False
CT005080,C0192,image,Drama,2025-10-11 04:03:13,36.5,"animation,cinematic,creative",False,False
CT005081,C0196,mini,Drama,2025-07-22 07:06:12,15.2,"cinematic,character",False,False
CT005082,C0421,mini,Mystery,2025-12-08 23:22:57,29.1,creative,False,False
CT005083,C0075,mini,Documentary,2026-04-16 13:51:31,15.2,experimental,False,False
CT005084,C0235,cine,Animation,2025-09-20 03:30:32,44.5,"visual,character,animation",False,False
CT005085,C0272,mini,Horror,2026-08-26 05:48:03,5.7,"story,creative",False,False
CT005086,C0477,image,Documentary,2026-08-17 13:52:59,92.1,"trending,character",False,False
CT005087,C0393,cine,Sci-Fi,2025-06-05 13:11:59,97.1,"visual,trending",True,False
CT005088,C0131,mini,Sci-Fi,2025-11-30 06:24:48,14.3,"viral,ai",False,False
CT005089,C0030,cine,Animation,2025-09-26 14:28:39,126.9,viral,False,False
CT005090,C0064,cine,Mystery,2026-07-02 16:32:01,53.7,"character,creative",False,False
CT005091,C0031,mini,Sci-Fi,2026-05-24 22:26:54,25.4,"visual,cinematic,animation",False,False
CT005092,C0204,image,Horror,2026-04-02 22:50:28,103.3,story,False,False
CT005093,C0369,cine,Fantasy,2026-05-01 14:49:57,71.8,"animation,cinematic",False,False
CT005094,C0328,cine,Mystery,2026-05-30 18:41:24,67.1,animation,True,False
CT005095,C0352,mini,Drama,2026-05-01 19:02:18,13.8,"character,creative,ai",False,False
CT005096,C0265,mini,Documentary,2026-04-02 03:08:17,17.2,"character,experimental,animation",False,False
CT005097,C0202,cine,Animation,2026-08-23 00:05:00,32.7,story,False,False
CT005098,C0414,image,Sci-Fi,2026-02-06 05:41:11,47.1,creative,False,False
CT005099,C0180,mini,Mystery,2025-07-14 17:02:22,15.7,"experimental,ai,viral",False,False
CT005100,C0287,video,Mystery,2025-12-11 23:43:53,64.8,"story,character",False,False
CT005101,C0142,image,Action,2026-04-04 20:13:39,160.2,"character,viral",True,False
CT005102,C0183,cine,Mystery,2026-07-04 20:17:36,48.3,"visual,story,experimental",True,False
CT005103,C0033,cine,Documentary,2026-03-20 09:08:52,94.6,"experimental,viral",False,False
CT005104,C0301,cine,Romance,2025-10-06 18:47:12,59.9,experimental,False,False
CT005105,C0254,mini,Romance,2025-09-02 19:51:18,18.0,"trending,experimental",False,False
CT005106,C0158,mini,Mystery,2026-06-18 17:27:42,15.0,"story,trending",False,False
CT005107,C0304,image,Sci-Fi,2025-09-06 02:15:15,38.2,"experimental,cinematic",False,False
CT005108,C0067,cine,Horror,2025-06-13 07:27:37,16.5,"animation,story",False,True
CT005109,C0432,image,Romance,2026-03-24 11:55:20,22.8,visual,False,True
CT005110,C0019,mini,Fantasy,2026-01-24 11:26:42,7.6,"trending,character,story",False,False
CT005111,C0270,mini,Animation,2026-03-26 11:03:39,16.4,"experimental,story,creative",True,False
CT005112,C0135,mini,Action,2025-12-28 07:23:56,6.5,"animation,character",False,False
CT005113,C0077,mini,Fantasy,2026-03-01 15:10:48,18.9,"story,character",False,False
CT005114,C0084,image,Documentary,2025-11-07 20:58:42,43.7,"trending,ai,animation",False,True
CT005115,C0156,mini,Horror,2025-12-28 14:57:15,22.9,ai,False,False
CT005116,C0309,image,Sci-Fi,2025-08-17 00:16:24,44.5,"trending,creative,cinematic",False,False
CT005117,C0392,image,Fantasy,2026-04-10 08:43:42,132.4,animation,False,False
CT005118,C0464,mini,Comedy,2026-02-26 02:53:34,21.3,"viral,visual,cinematic",False,False
CT005119,C0305,cine,Drama,2025-10-25 18:45:32,133.8,animation,True,False
CT005120,C0246,video,Horror,2026-02-16 12:43:37,81.0,"story,cinematic,trending",False,True
CT005121,C0389,mini,Romance,2025-09-16 12:37:25,17.6,"cinematic,creative,trending",True,False
CT005122,C0404,mini,Action,2026-05-01 19:44:13,5.8,"trending,ai,experimental",False,False
CT005123,C0206,mini,Animation,2026-02-27 12:18:10,18.7,animation,False,False
CT005124,C0208,video,Horror,2026-03-26 03:36:23,88.9,"experimental,visual",False,False
CT005125,C0037,video,Drama,2026-03-09 11:31:14,58.3,story,False,False
CT005126,C0008,image,Animation,2026-06-19 09:44:58,33.3,ai,True,False
CT005127,C0447,mini,Sci-Fi,2026-06-06 09:21:50,5.6,"cinematic,trending,experimental",False,True
CT005128,C0431,video,Mystery,2025-10-03 21:44:39,51.9,ai,False,False
CT005129,C0174,cine,Horror,2025-12-07 17:31:15,132.2,"cinematic,animation,viral",False,False
CT005130,C0469,cine,Action,2026-02-04 16:48:43,128.9,creative,True,False
CT005131,C0042,video,Sci-Fi,2026-05-15 10:33:28,82.2,visual,False,False
CT005132,C0474,mini,Fantasy,2025-06-19 03:04:55,13.3,cinematic,False,False
CT005133,C0294,video,Fantasy,2026-07-24 11:26:08,77.1,"creative,visual",False,False
CT005134,C0258,mini,Drama,2025-10-22 20:11:43,11.6,experimental,True,False
CT005135,C0372,video,Animation,2025-12-12 02:26:48,35.1,animation,True,True
CT005136,C0114,cine,Mystery,2025-09-29 03:26:09,65.2,"creative,experimental",True,False
CT005137,C0239,mini,Action,2026-02-03 09:59:11,11.3,"character,animation,ai",False,False
CT005138,C0115,image,Horror,2025-10-03 00:23:12,70.6,"ai,experimental",True,False
CT005139,C0307,mini,Romance,2026-07-21 01:54:33,17.0,"animation,visual,experimental",False,True
CT005140,C0201,mini,Sci-Fi,2025-10-24 01:37:55,6.6,"animation,story",False,False
CT005141,C0201,mini,Sci-Fi,2025-10-15 21:56:14,9.9,trending,False,False
CT005142,C0372,image,Documentary,2025-06-09 19:37:48,60.0,creative,False,True
CT005143,C0406,video,Mystery,2026-04-26 12:45:19,91.9,"cinematic,viral",False,False
CT005144,C0430,cine,Documentary,2026-07-23 23:04:31,55.8,"viral,story,trending",False,False
CT005145,C0392,mini,Documentary,2026-02-19 05:06:03,20.2,"animation,cinematic,character",False,False
CT005146,C0090,mini,Animation,2026-07-20 06:38:57,8.4,trending,True,False
CT005147,C0359,mini,Documentary,2025-12-06 18:48:20,15.1,"trending,character",False,True
CT005148,C0352,mini,Fantasy,2026-04-13 02:25:21,13.1,"ai,creative",False,True
CT005149,C0010,image,Fantasy,2026-06-30 01:46:33,20.8,"story,trending,character",True,False
CT005150,C0097,mini,Documentary,2026-05-04 08:57:09,11.8,experimental,True,False
CT005151,C0251,mini,Fantasy,2025-08-11 11:14:00,8.2,"character,experimental",False,False
CT005152,C0153,mini,Comedy,2026-08-17 15:15:26,8.8,"story,visual,viral",False,False
CT005153,C0392,video,Horror,2025-06-17 03:25:27,250.1,"creative,character,viral",False,False
CT005154,C0380,mini,Romance,2025-07-24 07:51:34,9.3,"visual,animation,trending",True,False
CT005155,C0121,cine,Comedy,2025-09-03 10:57:57,234.3,"story,animation",False,False
CT005156,C0009,mini,Documentary,2026-04-25 09:17:24,9.7,animation,False,False
CT005157,C0130,cine,Drama,2026-07-05 13:53:23,45.5,story,True,False
CT005158,C0449,image,Animation,2026-02-02 00:32:30,74.4,"ai,experimental",True,False
CT005159,C0448,mini,Animation,2025-11-04 16:21:38,16.2,"cinematic,experimental",False,False
CT005160,C0253,mini,Fantasy,2025-12-27 10:49:51,12.8,"animation,experimental,creative",False,True
CT005161,C0420,mini,Mystery,2026-04-08 21:21:05,9.1,"animation,character",False,True
CT005162,C0278,video,Comedy,2025-09-07 22:27:06,86.3,"trending,character",False,False
CT005163,C0492,image,Action,2025-09-14 06:18:24,18.8,"creative,character",True,True
CT005164,C0074,video,Action,2025-10-12 16:42:05,85.6,story,False,False
CT005165,C0246,mini,Fantasy,2026-01-10 20:20:12,14.3,"story,animation",False,False
CT005166,C0091,cine,Mystery,2026-05-02 09:31:52,98.2,"trending,animation",False,False
CT005167,C0066,cine,Fantasy,2026-01-25 10:08:32,120.7,character,False,False
CT005168,C0076,mini,Horror,2025-07-14 12:54:17,13.1,"visual,cinematic",True,False
CT005169,C0004,mini,Comedy,2025-09-20 21:22:55,14.6,"cinematic,viral",False,False
CT005170,C0466,mini,Comedy,2025-06-21 10:06:43,12.2,trending,True,False
CT005171,C0354,mini,Fantasy,2025-11-24 15:44:26,9.8,"visual,viral,trending",False,False
CT005172,C0248,video,Sci-Fi,2026-01-17 19:04:38,39.9,"cinematic,visual,ai",False,False
CT005173,C0409,video,Sci-Fi,2025-09-28 08:49:38,20.0,"visual,viral",False,False
CT005174,C0278,image,Action,2025-06-21 07:27:31,54.0,"character,animation",False,False
CT005175,C0207,mini,Fantasy,2025-07-16 21:47:16,17.0,"ai,story,creative",False,False
CT005176,C0241,mini,Romance,2026-04-11 17:29:54,11.7,"experimental,visual,cinematic",False,True
CT005177,C0208,mini,Comedy,2025-12-14 20:00:34,12.3,"animation,ai",False,False
CT005178,C0203,video,Fantasy,2026-08-17 07:18:40,72.7,"animation,visual",False,False
CT005179,C0421,mini,Fantasy,2026-02-13 00:20:08,18.2,experimental,False,False
CT005180,C0483,mini,Documentary,2025-10-18 02:35:58,16.9,story,False,False
CT005181,C0099,image,Mystery,2025-07-12 01:36:10,70.5,"experimental,trending,visual",False,False
CT005182,C0367,cine,Action,2026-05-02 21:15:51,50.4,"animation,visual,character",False,False
CT005183,C0034,image,Romance,2025-11-11 04:46:56,49.4,"character,creative,experimental",True,False
CT005184,C0397,cine,Comedy,2026-02-27 20:49:40,88.6,experimental,False,False
CT005185,C0483,cine,Documentary,2025-12-28 23:46:30,29.3,visual,False,False
CT005186,C0359,video,Horror,2025-07-08 06:32:55,98.0,"visual,trending,experimental",False,True
CT005187,C0272,mini,Action,2026-07-31 05:34:00,12.3,"story,trending",False,False
CT005188,C0468,mini,Animation,2025-07-25 03:28:25,9.2,visual,True,True
CT005189,C0386,mini,Horror,2026-03-06 07:21:54,11.1,"visual,character",True,False
CT005190,C0391,cine,Drama,2025-08-05 12:21:24,19.9,"visual,cinematic",True,False
CT005191,C0478,cine,Horror,2026-08-04 16:09:16,38.7,"trending,visual,character",False,False
CT005192,C0268,cine,Documentary,2025-10-08 07:23:49,70.6,"creative,story,experimental",False,False
CT005193,C0408,cine,Animation,2026-01-26 02:50:48,50.4,"experimental,trending,visual",False,False
CT005194,C0444,cine,Action,2025-07-06 16:34:43,52.7,animation,True,True
CT005195,C0234,video,Drama,2026-06-02 06:51:17,50.6,"visual,trending",False,False
CT005196,C0365,mini,Drama,2025-09-11 08:39:39,9.3,story,False,False
CT005197,C0316,video,Romance,2025-07-14 21:22:46,52.5,"experimental,animation",False,True
CT005198,C0494,cine,Fantasy,2025-10-08 01:27:31,31.0,"trending,animation",False,True
CT005199,C0312,mini,Sci-Fi,2026-02-13 08:59:23,17.7,story,False,False
CT005200,C0364,mini,Romance,2025-10-28 04:22:53,19.9,ai,False,False
CT005201,C0459,cine,Animation,2025-11-08 22:31:22,145.3,visual,False,False
CT005202,C0004,image,Drama,2025-07-05 11:35:52,31.9,visual,True,False
CT005203,C0071,cine,Drama,2026-04-29 03:56:23,91.3,"trending,experimental,visual",False,False
CT005204,C0164,mini,Animation,2025-11-04 11:43:32,18.7,ai,False,False
CT005205,C0348,mini,Sci-Fi,2026-07-06 04:24:04,14.3,"cinematic,trending,character",False,False
CT005206,C0216,cine,Fantasy,2025-12-01 01:23:27,34.2,"viral,trending,ai",False,False
CT005207,C0429,video,Animation,2026-04-21 18:57:49,139.1,"character,trending",False,False
CT005208,C0040,mini,Horror,2025-10-22 14:30:36,21.6,story,False,False
CT005209,C0180,image,Fantasy,2025-07-11 06:10:29,30.9,"story,creative,visual",False,True
CT005210,C0074,mini,Action,2026-03-19 16:00:20,13.1,"creative,viral,character",False,False
CT005211,C0352,mini,Mystery,2026-03-11 04:49:37,17.0,"creative,story,cinematic",False,False
CT005212,C0136,image,Drama,2026-08-21 00:19:24,46.3,ai,False,False
CT005213,C0124,image,Action,2026-05-06 07:27:09,154.2,viral,False,False
CT005214,C0301,cine,Animation,2026-03-15 10:37:11,40.7,"story,viral,animation",False,False
CT005215,C0047,cine,Animation,2025-06-14 14:35:06,238.0,"cinematic,viral",False,False
CT005216,C0465,mini,Horror,2026-06-12 19:24:36,6.5,"trending,ai",False,False
CT005217,C0012,mini,Fantasy,2025-08-17 09:30:13,16.1,"experimental,trending,animation",True,False
CT005218,C0170,image,Sci-Fi,2026-04-30 13:39:45,38.7,creative,True,True
CT005219,C0266,image,Romance,2026-04-07 05:03:36,62.6,ai,False,False
CT005220,C0005,mini,Romance,2026-06-02 22:43:56,12.5,creative,False,False
CT005221,C0028,video,Fantasy,2025-10-22 14:25:56,24.2,"cinematic,story,experimental",True,False
CT005222,C0490,video,Comedy,2026-01-13 13:24:42,32.7,creative,False,True
CT005223,C0294,mini,Drama,2025-06-29 08:32:23,17.5,visual,False,True
CT005224,C0017,mini,Documentary,2025-11-10 13:14:34,19.4,cinematic,False,False
CT005225,C0188,mini,Animation,2026-07-11 13:48:39,43.2,cinematic,True,False
CT005226,C0165,video,Documentary,2025-08-31 21:32:56,43.9,ai,False,False
CT005227,C0004,mini,Comedy,2026-08-09 04:36:24,20.4,cinematic,True,False
CT005228,C0282,mini,Documentary,2025-06-24 06:30:54,8.1,"story,cinematic",False,False
CT005229,C0114,video,Action,2025-11-18 07:17:01,19.6,"experimental,visual",False,True
CT005230,C0322,mini,Fantasy,2025-11-20 09:34:12,8.1,creative,True,False
CT005231,C0370,video,Romance,2026-08-27 18:02:29,94.0,"animation,visual",False,False
CT005232,C0208,image,Comedy,2026-02-03 16:48:09,163.6,"experimental,character",False,False
CT005233,C0190,mini,Mystery,2026-06-26 14:24:12,20.5,"animation,ai,experimental",False,True
CT005234,C0319,image,Horror,2026-06-23 11:05:54,92.2,creative,False,False
CT005235,C0364,image,Horror,2026-02-09 11:18:19,123.5,"creative,animation",False,False
CT005236,C0195,cine,Mystery,2026-04-26 11:42:00,49.0,"story,cinematic,trending",False,False
CT005237,C0406,image,Drama,2026-05-07 17:45:17,21.4,"creative,cinematic,story",False,True
CT005238,C0147,cine,Action,2026-01-16 15:08:40,94.1,visual,True,False
CT005239,C0399,image,Documentary,2026-08-01 22:14:16,33.1,"visual,ai",False,False
CT005240,C0184,image,Romance,2025-12-14 09:47:53,51.3,story,True,False
CT005241,C0331,video,Horror,2026-04-28 15:47:44,26.9,character,False,False
CT005242,C0498,image,Drama,2025-11-08 11:07:04,122.4,"visual,story",True,False
CT005243,C0376,video,Comedy,2025-11-01 21:25:21,99.0,"visual,animation,creative",False,False
CT005244,C0159,mini,Documentary,2025-11-12 11:29:39,15.8,"visual,trending",False,False
CT005245,C0279,mini,Horror,2025-08-28 00:27:11,14.1,"experimental,story,character",False,False
CT005246,C0101,cine,Drama,2026-06-04 23:50:12,113.1,experimental,True,True
CT005247,C0231,mini,Horror,2025-12-14 21:05:51,14.8,"ai,creative",False,False
CT005248,C0308,video,Fantasy,2026-04-03 03:01:54,54.0,viral,False,False
CT005249,C0032,mini,Comedy,2025-08-25 02:52:50,17.8,viral,False,False
CT005250,C0201,cine,Mystery,2026-04-09 10:22:17,45.4,"experimental,animation",True,False
CT005251,C0482,cine,Animation,2025-06-10 19:33:12,51.4,"visual,cinematic",False,False
CT005252,C0497,video,Documentary,2026-03-23 13:58:49,94.6,"visual,creative",False,False
CT005253,C0422,mini,Documentary,2025-12-25 21:51:48,3.9,experimental,False,False
CT005254,C0352,video,Fantasy,2025-07-25 23:22:10,33.8,"trending,creative",False,False
CT005255,C0334,mini,Horror,2025-10-29 03:22:18,10.4,"experimental,viral",False,False
CT005256,C0263,mini,Sci-Fi,2025-06-19 16:37:08,21.9,"trending,visual,viral",False,False
CT005257,C0314,mini,Fantasy,2025-07-14 10:44:55,19.7,animation,True,True
CT005258,C0120,video,Comedy,2026-06-06 20:19:14,113.9,"viral,story",False,False
CT005259,C0289,mini,Sci-Fi,2026-07-03 09:16:10,26.1,"ai,story",False,False
CT005260,C0279,mini,Mystery,2026-06-12 18:26:29,4.7,creative,True,False
CT005261,C0049,mini,Romance,2025-07-27 01:31:31,15.4,"character,cinematic,creative",False,False
CT005262,C0140,cine,Mystery,2026-02-22 16:10:35,143.1,"creative,animation,cinematic",True,False
CT005263,C0159,mini,Comedy,2026-03-15 11:04:41,7.3,experimental,False,False
CT005264,C0341,mini,Romance,2025-11-05 08:22:42,35.0,"animation,viral,story",False,False
CT005265,C0170,mini,Drama,2026-02-15 14:35:30,13.2,"character,viral,visual",False,False
CT005266,C0106,image,Romance,2025-10-02 19:37:54,56.9,"story,cinematic",False,False
CT005267,C0397,mini,Romance,2026-08-21 10:04:25,21.9,"viral,character",False,True
CT005268,C0248,cine,Fantasy,2025-09-21 15:30:23,17.3,"animation,visual,trending",False,False
CT005269,C0300,video,Action,2025-09-24 18:00:49,73.0,"ai,story,creative",False,False
CT005270,C0168,image,Comedy,2026-05-16 19:07:43,53.6,character,False,False
CT005271,C0194,image,Sci-Fi,2025-09-16 09:20:10,63.1,animation,False,False
CT005272,C0290,mini,Mystery,2026-07-16 21:48:05,7.8,character,False,False
CT005273,C0164,cine,Action,2026-03-14 00:04:11,49.4,"cinematic,visual",False,False
CT005274,C0478,mini,Fantasy,2026-07-18 07:07:06,8.9,"character,creative,story",True,True
CT005275,C0427,cine,Sci-Fi,2026-02-10 13:32:40,90.4,animation,False,False
CT005276,C0484,mini,Fantasy,2026-08-14 13:56:54,6.7,"trending,character,viral",False,False
CT005277,C0393,cine,Romance,2026-06-06 04:26:10,78.5,"experimental,creative,character",True,False
CT005278,C0043,cine,Action,2026-06-03 14:46:42,81.5,"visual,cinematic,ai",False,False
CT005279,C0407,cine,Action,2025-08-18 22:01:55,115.4,"cinematic,creative",False,True
CT005280,C0124,mini,Fantasy,2026-06-01 17:58:14,17.2,character,False,False
CT005281,C0192,mini,Comedy,2025-10-16 01:57:38,3.3,"trending,ai,cinematic",False,False
CT005282,C0210,mini,Sci-Fi,2026-06-15 12:48:49,13.9,character,False,False
CT005283,C0234,cine,Documentary,2025-06-03 06:45:18,236.7,"cinematic,viral,story",False,False
CT005284,C0401,mini,Sci-Fi,2025-06-28 10:04:37,15.8,"ai,character,trending",False,False
CT005285,C0284,image,Animation,2026-04-26 01:00:01,126.7,"ai,creative",False,True
CT005286,C0263,cine,Comedy,2025-06-30 15:54:53,350.8,ai,False,False
CT005287,C0095,mini,Documentary,2025-10-27 09:54:21,31.4,story,False,False
CT005288,C0403,mini,Drama,2025-12-29 11:07:33,32.2,"cinematic,experimental,story",True,False
CT005289,C0181,cine,Drama,2025-09-16 15:45:35,88.1,"trending,visual",True,False
CT005290,C0330,cine,Romance,2026-05-03 21:18:43,27.5,"ai,creative,viral",False,True
CT005291,C0243,mini,Mystery,2026-03-03 20:22:31,12.2,"viral,cinematic,visual",False,False
CT005292,C0322,mini,Horror,2026-03-26 12:02:07,17.8,"character,visual,creative",False,False
CT005293,C0332,video,Horror,2025-09-23 18:38:54,86.7,"animation,visual,viral",False,True
CT005294,C0270,mini,Drama,2025-06-11 00:00:30,11.8,"story,ai,trending",False,False
CT005295,C0222,mini,Drama,2025-06-26 21:04:18,8.1,"animation,viral,cinematic",False,False
CT005296,C0359,image,Mystery,2025-09-23 06:13:08,208.9,"cinematic,story,experimental",True,True
CT005297,C0074,mini,Action,2025-09-16 17:34:26,31.2,"experimental,character",False,False
CT005298,C0485,mini,Mystery,2026-03-07 19:37:02,22.7,viral,False,False
CT005299,C0213,image,Documentary,2026-06-23 11:20:38,93.8,"story,trending,viral",True,False
CT005300,C0491,video,Horror,2025-10-07 20:41:34,115.1,"animation,visual,cinematic",False,False
CT005301,C0264,cine,Documentary,2026-02-27 11:40:45,46.6,"ai,viral,animation",False,False
CT005302,C0065,cine,Sci-Fi,2026-07-24 17:08:27,51.9,"visual,viral",False,False
CT005303,C0324,mini,Comedy,2026-01-01 20:24:44,11.6,"creative,visual,ai",True,False
CT005304,C0258,cine,Horror,2025-09-02 14:48:41,51.3,"story,trending,character",True,False
CT005305,C0426,image,Sci-Fi,2026-01-11 02:00:25,86.1,animation,False,False
CT005306,C0418,image,Fantasy,2025-06-30 00:29:18,134.8,"visual,experimental,story",False,False
CT005307,C0117,mini,Horror,2026-08-29 14:46:06,14.0,"trending,creative,experimental",False,False
CT005308,C0384,mini,Fantasy,2026-07-22 10:14:16,3.3,"trending,character",False,False
CT005309,C0273,image,Mystery,2025-06-15 08:38:11,54.5,ai,False,False
CT005310,C0223,cine,Romance,2025-09-30 00:58:35,109.5,"story,visual",False,False
CT005311,C0200,video,Mystery,2025-08-13 12:20:38,57.0,"ai,viral,visual",False,False
CT005312,C0339,mini,Action,2026-07-05 00:23:46,7.3,"character,visual",True,False
CT005313,C0344,video,Comedy,2026-06-30 16:06:30,95.2,character,False,False
CT005314,C0437,mini,Action,2025-11-04 03:35:59,12.8,"cinematic,character,creative",False,True
CT005315,C0436,mini,Fantasy,2026-01-30 21:12:09,8.5,viral,False,True
CT005316,C0122,video,Romance,2026-03-23 15:18:32,182.1,"character,experimental",False,False
CT005317,C0239,cine,Animation,2026-08-28 17:57:28,89.5,"creative,visual,character",False,False
CT005318,C0495,mini,Horror,2026-06-10 17:08:47,13.5,"trending,story,experimental",False,False
CT005319,C0421,cine,Comedy,2026-04-08 20:51:14,155.3,"viral,animation",False,False
CT005320,C0223,mini,Mystery,2025-12-25 09:39:02,28.1,cinematic,False,False
CT005321,C0001,video,Comedy,2026-04-26 21:09:54,69.4,"ai,viral,visual",False,False
CT005322,C0115,image,Comedy,2026-03-21 17:11:52,48.2,"ai,cinematic,visual",False,False
CT005323,C0454,image,Animation,2026-02-20 08:58:00,94.6,experimental,False,False
CT005324,C0355,mini,Comedy,2025-09-05 13:25:18,9.4,"cinematic,story",False,True
CT005325,C0393,mini,Comedy,2025-06-08 21:53:25,11.4,animation,False,False
CT005326,C0387,image,Sci-Fi,2026-01-23 05:24:55,55.9,character,False,False
CT005327,C0067,mini,Animation,2026-07-20 01:15:41,28.2,cinematic,False,False
CT005328,C0293,mini,Sci-Fi,2026-08-28 08:42:38,9.3,"ai,character,trending",False,False
CT005329,C0333,cine,Mystery,2026-01-25 11:44:52,29.2,"character,ai,story",False,True
CT005330,C0048,image,Sci-Fi,2026-08-15 22:38:49,52.2,"character,experimental,ai",True,False
CT005331,C0254,mini,Sci-Fi,2025-06-05 03:04:38,15.7,"cinematic,story",False,False
CT005332,C0135,cine,Mystery,2026-06-10 17:13:56,24.4,"viral,visual,experimental",False,True
CT005333,C0481,video,Romance,2025-09-04 17:04:33,32.3,creative,False,False
CT005334,C0126,mini,Animation,2025-11-10 19:01:30,9.1,"creative,ai,cinematic",True,False
CT005335,C0153,mini,Animation,2025-11-07 18:33:28,9.3,"experimental,visual",False,False
CT005336,C0437,mini,Comedy,2025-09-11 11:58:45,15.5,trending,False,False
CT005337,C0302,mini,Romance,2025-10-09 12:02:03,12.6,"story,creative",False,False
CT005338,C0470,image,Horror,2026-02-05 01:05:21,73.2,"viral,creative",False,False
CT005339,C0259,mini,Mystery,2025-06-13 15:50:01,16.9,"ai,viral",False,True
CT005340,C0091,cine,Documentary,2025-09-07 18:56:18,32.3,cinematic,True,False
CT005341,C0111,cine,Fantasy,2025-10-06 18:54:37,71.4,"character,story,creative",False,False
CT005342,C0083,cine,Action,2025-07-10 16:17:08,45.7,"animation,ai",False,False
CT005343,C0407,mini,Mystery,2026-07-14 17:10:29,16.9,"creative,visual,cinematic",False,True
CT005344,C0013,mini,Horror,2025-12-17 18:44:02,18.5,ai,False,False
CT005345,C0370,mini,Romance,2026-02-24 12:14:08,4.6,"cinematic,story,trending",False,False
CT005346,C0219,mini,Animation,2026-02-21 13:05:41,11.8,"ai,character",False,False
CT005347,C0269,mini,Comedy,2025-10-28 02:19:43,5.7,cinematic,True,False
CT005348,C0415,mini,Comedy,2025-10-02 02:17:07,5.1,story,True,False
CT005349,C0467,cine,Action,2025-07-11 04:17:00,27.8,"character,visual",False,False
CT005350,C0143,cine,Mystery,2026-06-10 08:29:33,30.3,"character,creative",True,False
CT005351,C0463,mini,Action,2026-05-09 14:10:06,5.6,"creative,experimental,character",False,False
CT005352,C0454,mini,Animation,2026-03-26 17:29:42,14.0,"viral,story",False,False
CT005353,C0408,mini,Fantasy,2026-04-24 13:41:28,7.9,"trending,visual,creative",False,False
CT005354,C0063,image,Fantasy,2026-06-03 19:18:11,55.9,"creative,cinematic",False,False
CT005355,C0075,cine,Documentary,2025-06-02 01:54:54,53.1,animation,False,False
CT005356,C0017,image,Animation,2026-04-03 06:06:41,35.5,"trending,experimental,character",True,False
CT005357,C0448,mini,Fantasy,2026-08-27 23:53:08,6.9,animation,False,False
CT005358,C0477,mini,Drama,2026-06-13 15:53:20,12.1,"animation,story,viral",False,False
CT005359,C0153,image,Comedy,2025-09-30 03:20:17,42.5,cinematic,True,False
CT005360,C0260,mini,Action,2026-02-24 19:42:39,10.2,"character,creative",False,True
CT005361,C0282,mini,Romance,2025-09-28 15:43:02,12.4,trending,False,False
CT005362,C0192,cine,Fantasy,2025-07-30 03:49:28,56.2,character,False,False
CT005363,C0486,image,Animation,2025-10-16 06:30:31,35.8,"story,experimental,creative",False,False
CT005364,C0467,cine,Sci-Fi,2025-11-05 15:37:30,107.7,visual,True,False
CT005365,C0116,image,Action,2026-08-13 13:01:54,24.7,"creative,ai",True,False
CT005366,C0273,cine,Documentary,2025-12-31 12:22:23,60.6,ai,False,False
CT005367,C0100,image,Action,2026-06-19 13:04:37,28.9,"trending,ai",False,False
CT005368,C0044,mini,Mystery,2026-08-10 05:12:38,4.4,"animation,trending",False,False
CT005369,C0426,cine,Horror,2026-03-18 14:29:12,34.2,"character,creative,visual",False,False
CT005370,C0431,mini,Comedy,2026-01-11 07:00:54,31.9,"experimental,character,trending",True,False
CT005371,C0006,cine,Romance,2026-01-12 09:13:26,79.5,"animation,story",False,False
CT005372,C0271,mini,Animation,2026-05-25 02:06:07,13.2,creative,False,False
CT005373,C0086,image,Horror,2025-10-28 02:56:42,12.8,"cinematic,character",True,True
CT005374,C0280,image,Fantasy,2025-12-25 06:21:18,13.6,"experimental,visual,creative",True,False
CT005375,C0164,mini,Comedy,2025-10-31 18:57:32,15.0,"character,ai",False,False
CT005376,C0264,cine,Romance,2025-09-27 00:02:47,75.8,"creative,animation,trending",True,False
CT005377,C0370,image,Drama,2025-10-27 12:03:12,61.7,experimental,False,False
CT005378,C0046,image,Mystery,2025-07-16 03:31:26,40.5,"experimental,ai",False,False
CT005379,C0241,mini,Documentary,2026-06-29 08:17:27,8.1,"trending,visual",False,False
CT005380,C0172,cine,Action,2026-07-02 12:03:01,15.0,"cinematic,ai",False,False
CT005381,C0198,video,Drama,2026-04-07 16:17:47,13.3,"experimental,animation",True,False
CT005382,C0465,mini,Sci-Fi,2026-05-10 14:49:36,13.2,"experimental,story",True,False
CT005383,C0454,cine,Animation,2025-12-03 12:04:33,48.1,"cinematic,viral",False,False
CT005384,C0322,mini,Mystery,2026-01-27 14:02:15,14.9,"character,trending",False,False
CT005385,C0378,image,Action,2026-08-28 01:24:38,27.0,"trending,ai,animation",False,False
CT005386,C0192,image,Fantasy,2025-06-26 14:03:17,29.2,"trending,animation",True,False
CT005387,C0308,video,Comedy,2025-08-20 22:22:34,84.9,"creative,experimental",True,False
CT005388,C0236,image,Romance,2026-06-12 06:47:22,40.8,trending,True,False
CT005389,C0168,cine,Sci-Fi,2025-07-05 23:09:32,62.0,"experimental,creative,animation",False,True
CT005390,C0394,cine,Romance,2026-05-21 04:22:20,58.5,animation,True,False
CT005391,C0428,image,Sci-Fi,2025-11-15 20:56:45,22.8,"viral,cinematic,ai",True,True
CT005392,C0175,image,Horror,2026-04-19 16:14:41,191.7,"animation,cinematic",False,False
CT005393,C0127,mini,Horror,2026-08-22 17:18:12,18.4,"creative,trending",False,False
CT005394,C0200,mini,Action,2026-02-17 21:12:27,29.8,"creative,character,story",False,False
CT005395,C0467,image,Comedy,2025-06-11 22:51:44,80.0,"animation,ai",False,False
CT005396,C0387,mini,Romance,2026-01-27 01:53:31,22.9,"creative,experimental,animation",False,False
CT005397,C0132,image,Comedy,2025-07-07 22:28:30,19.2,"creative,experimental,ai",False,False
CT005398,C0311,video,Horror,2026-08-04 13:04:12,69.4,creative,True,False
CT005399,C0413,mini,Documentary,2025-11-03 16:49:35,18.5,"creative,story",False,False
CT005400,C0179,mini,Fantasy,2026-08-10 23:00:11,8.3,"character,visual,cinematic",True,False
CT005401,C0458,video,Horror,2026-08-25 06:23:03,21.9,"ai,story,viral",False,False
CT005402,C0463,cine,Mystery,2025-10-25 03:39:08,100.8,trending,False,False
CT005403,C0114,image,Drama,2025-11-04 14:42:24,104.0,cinematic,False,False
CT005404,C0302,mini,Horror,2026-07-02 14:58:34,14.2,trending,False,False
CT005405,C0116,mini,Sci-Fi,2026-04-06 04:53:24,8.2,"trending,creative,story",False,False
CT005406,C0331,mini,Sci-Fi,2026-01-16 06:23:29,19.6,"trending,character,viral",False,False
CT005407,C0040,mini,Horror,2026-06-29 23:56:44,12.3,"animation,character,story",False,False
CT005408,C0316,video,Romance,2025-09-26 05:56:35,60.4,"visual,ai,animation",True,False
CT005409,C0173,cine,Comedy,2026-04-02 18:35:19,51.9,"cinematic,animation",True,False
CT005410,C0255,mini,Romance,2025-11-06 04:04:09,10.5,"creative,trending",False,False
CT005411,C0244,mini,Fantasy,2025-07-11 22:58:15,8.6,"story,trending",True,False
CT005412,C0497,image,Romance,2025-11-09 12:32:36,44.4,"animation,creative,trending",False,False
CT005413,C0043,mini,Documentary,2025-08-07 17:33:33,5.7,trending,False,False
CT005414,C0291,mini,Animation,2026-08-28 05:57:31,17.5,experimental,False,False
CT005415,C0070,image,Romance,2025-09-27 00:50:20,159.1,cinematic,False,False
CT005416,C0325,mini,Mystery,2026-07-31 02:09:03,4.9,visual,False,False
CT005417,C0211,cine,Documentary,2026-05-29 23:06:54,86.3,"trending,viral",False,False
CT005418,C0081,mini,Fantasy,2025-11-16 02:26:26,14.3,"story,character,visual",True,False
CT005419,C0091,mini,Animation,2026-06-01 15:52:38,8.9,story,True,False
CT005420,C0064,mini,Animation,2025-06-24 02:19:18,6.8,story,False,False
CT005421,C0387,mini,Fantasy,2025-08-17 15:13:20,14.4,"cinematic,visual",False,False
CT005422,C0457,mini,Horror,2026-06-01 05:15:04,9.6,"character,experimental,visual",True,False
CT005423,C0160,video,Action,2025-11-20 20:56:50,301.2,"ai,character",False,False
CT005424,C0187,mini,Action,2025-08-09 17:09:45,9.1,"ai,experimental",True,False
CT005425,C0027,image,Sci-Fi,2025-08-03 18:02:39,35.8,"cinematic,animation",False,False
CT005426,C0084,mini,Comedy,2026-06-03 00:33:53,21.2,"character,ai",False,False
CT005427,C0079,mini,Fantasy,2026-01-02 17:30:14,7.3,"trending,ai,creative",False,False
CT005428,C0473,cine,Romance,2025-12-19 14:51:10,57.4,"cinematic,story,ai",False,False
CT005429,C0154,image,Fantasy,2025-11-14 02:47:43,65.3,"character,experimental,creative",False,False
CT005430,C0391,mini,Action,2025-07-14 02:51:51,13.7,"viral,cinematic,character",True,False
CT005431,C0073,mini,Documentary,2026-08-27 09:33:10,31.7,"story,cinematic,creative",True,False
CT005432,C0084,image,Animation,2025-09-07 19:34:42,127.8,"ai,cinematic",True,False
CT005433,C0106,mini,Romance,2025-11-25 06:02:19,7.9,experimental,False,False
CT005434,C0097,video,Action,2026-06-12 09:58:43,33.5,"experimental,trending,visual",False,False
CT005435,C0107,mini,Animation,2025-06-23 19:31:48,15.0,"trending,ai",False,False
CT005436,C0144,image,Animation,2026-02-23 19:22:10,108.2,"animation,story",False,False
CT005437,C0210,cine,Action,2026-01-24 08:13:18,258.9,"cinematic,creative",False,False
CT005438,C0093,mini,Mystery,2026-04-25 14:47:20,13.4,story,False,False
CT005439,C0263,mini,Sci-Fi,2026-07-19 16:12:11,19.0,"viral,cinematic,character",False,False
CT005440,C0181,video,Horror,2025-07-15 20:41:28,49.2,"visual,experimental",False,True
CT005441,C0309,mini,Action,2025-11-16 11:40:50,14.5,viral,False,False
CT005442,C0293,mini,Documentary,2025-11-13 21:03:45,22.2,"viral,creative,experimental",True,True
CT005443,C0455,mini,Sci-Fi,2026-06-09 05:37:47,11.1,"experimental,cinematic",False,False
CT005444,C0308,mini,Drama,2025-12-24 12:01:22,10.1,"trending,animation,creative",True,False
CT005445,C0339,cine,Fantasy,2025-12-08 00:42:51,138.4,"trending,visual,animation",False,False
CT005446,C0418,cine,Drama,2025-10-02 20:40:11,37.5,"trending,character",False,False
CT005447,C0100,video,Drama,2026-02-15 04:09:09,49.3,"creative,story,experimental",False,False
CT005448,C0436,mini,Drama,2026-03-11 05:49:55,11.0,story,False,False
CT005449,C0224,image,Fantasy,2026-01-16 01:38:22,35.5,story,False,False
CT005450,C0326,video,Romance,2026-03-08 12:58:07,31.3,"trending,creative,story",False,False
CT005451,C0365,mini,Animation,2026-07-04 14:51:15,16.1,animation,False,False
CT005452,C0108,image,Comedy,2026-06-29 02:47:16,80.7,creative,False,False
CT005453,C0274,mini,Action,2026-02-15 00:43:09,28.8,"trending,viral",True,False
CT005454,C0143,mini,Drama,2026-08-07 01:48:21,14.3,"creative,experimental,animation",False,False
CT005455,C0084,mini,Action,2025-11-20 20:32:12,2.9,"viral,visual,character",False,False
CT005456,C0437,mini,Horror,2025-06-10 22:15:51,9.9,"ai,character,story",True,False
CT005457,C0393,mini,Mystery,2026-05-16 17:59:46,8.5,trending,False,False
CT005458,C0092,mini,Animation,2026-05-17 17:15:26,9.6,"visual,experimental",False,False
CT005459,C0104,mini,Drama,2025-06-23 22:54:36,12.0,"creative,visual",True,False
CT005460,C0044,video,Horror,2025-10-29 07:47:23,31.6,"story,creative,ai",False,False
CT005461,C0171,video,Romance,2025-10-03 06:30:26,94.3,story,False,False
CT005462,C0125,image,Sci-Fi,2026-01-26 21:08:22,27.9,visual,True,False
CT005463,C0367,mini,Drama,2025-10-09 14:43:03,27.2,"experimental,visual,ai",False,False
CT005464,C0200,video,Comedy,2026-05-06 02:40:05,92.6,"viral,cinematic",False,True
CT005465,C0484,video,Sci-Fi,2026-02-15 10:23:26,87.4,"story,animation",False,True
CT005466,C0281,image,Comedy,2026-07-01 14:35:02,64.5,"creative,experimental",False,False
CT005467,C0446,image,Documentary,2026-06-16 09:10:50,73.1,"creative,story,visual",False,True
CT005468,C0048,mini,Documentary,2025-10-15 17:21:56,11.8,character,False,False
CT005469,C0484,video,Romance,2026-02-08 12:57:54,30.3,"character,viral",False,False
CT005470,C0161,cine,Action,2026-03-09 07:30:11,40.0,"cinematic,story",False,False
CT005471,C0197,cine,Action,2025-12-26 23:58:18,21.8,experimental,False,False
CT005472,C0299,mini,Action,2026-08-14 02:20:53,9.0,experimental,False,False
CT005473,C0209,mini,Comedy,2025-06-30 18:45:18,15.1,"ai,animation,character",False,False
CT005474,C0158,video,Romance,2026-07-23 18:17:18,86.2,"experimental,character,ai",True,True
CT005475,C0082,cine,Documentary,2026-08-17 08:15:02,87.9,creative,False,False
CT005476,C0205,image,Fantasy,2025-11-14 23:39:39,65.5,"story,ai",True,False
CT005477,C0233,mini,Romance,2025-10-13 18:24:42,10.4,visual,False,False
CT005478,C0068,mini,Sci-Fi,2025-06-19 13:20:12,5.5,"viral,cinematic",True,False
CT005479,C0388,mini,Fantasy,2025-07-30 03:04:18,33.7,creative,True,False
CT005480,C0086,image,Action,2025-09-15 14:18:13,28.6,visual,False,False
CT005481,C0035,cine,Drama,2026-06-15 18:54:48,54.2,"creative,trending,character",False,False
CT005482,C0159,mini,Romance,2026-05-19 08:15:34,8.3,ai,False,False
CT005483,C0160,mini,Horror,2026-07-11 23:56:12,10.0,"character,experimental",False,False
CT005484,C0149,mini,Romance,2025-10-23 15:23:01,14.2,"animation,visual,trending",True,False
CT005485,C0457,mini,Drama,2025-10-15 03:47:52,15.1,"animation,cinematic",False,False
CT005486,C0299,image,Romance,2026-06-09 16:53:14,47.5,"experimental,viral,trending",True,False
CT005487,C0093,image,Sci-Fi,2026-02-06 03:39:00,20.3,creative,False,False
CT005488,C0258,mini,Comedy,2025-06-27 14:07:48,17.2,"cinematic,creative",False,False
CT005489,C0148,mini,Drama,2026-05-24 06:07:13,16.0,"character,animation",False,False
CT005490,C0468,video,Romance,2025-07-14 17:51:21,56.1,viral,False,False
CT005491,C0463,mini,Fantasy,2025-06-10 21:30:22,10.9,experimental,True,False
CT005492,C0294,cine,Documentary,2026-07-27 23:22:36,89.3,visual,False,False
CT005493,C0173,mini,Comedy,2026-08-25 00:52:51,9.5,"creative,story,cinematic",True,False
CT005494,C0068,mini,Documentary,2026-04-19 19:47:46,15.1,"animation,cinematic,viral",False,False
CT005495,C0416,mini,Action,2025-10-26 17:19:58,14.9,"story,experimental,creative",False,False
CT005496,C0012,mini,Drama,2025-08-15 02:43:42,17.0,story,False,False
CT005497,C0147,mini,Romance,2026-01-05 18:34:34,25.4,ai,False,False
CT005498,C0271,cine,Comedy,2026-01-23 10:10:51,45.8,"trending,viral",False,True
CT005499,C0132,mini,Drama,2025-06-24 01:25:03,4.8,"cinematic,experimental",False,False
CT005500,C0364,image,Documentary,2026-03-30 02:05:16,49.3,"viral,trending,story",False,False
CT005501,C0100,mini,Mystery,2025-06-22 09:41:36,25.5,"character,creative,story",False,False
CT005502,C0426,mini,Horror,2026-01-11 05:46:18,25.1,"story,cinematic",True,False
CT005503,C0036,mini,Fantasy,2025-07-21 21:56:18,13.5,"character,viral",False,False
CT005504,C0168,mini,Horror,2025-06-23 04:19:01,10.6,"trending,creative",False,False
CT005505,C0201,mini,Action,2025-10-25 10:20:47,13.9,creative,False,True
CT005506,C0492,mini,Romance,2026-02-24 07:23:12,21.3,"trending,cinematic,animation",False,False
CT005507,C0357,image,Action,2026-07-26 05:14:14,16.8,"experimental,ai",False,False
CT005508,C0492,mini,Sci-Fi,2025-06-26 16:26:51,9.2,"creative,animation",False,False
CT005509,C0252,mini,Romance,2026-01-22 00:55:00,12.8,"experimental,viral",True,False
CT005510,C0469,cine,Horror,2026-05-15 00:04:42,38.7,"character,cinematic",False,False
CT005511,C0196,mini,Comedy,2025-10-27 12:56:52,18.5,"cinematic,character,trending",False,False
CT005512,C0015,image,Mystery,2026-06-03 17:03:55,40.2,"cinematic,animation",False,False
CT005513,C0103,video,Romance,2025-12-23 17:18:01,15.7,"visual,story,trending",False,False
CT005514,C0188,mini,Drama,2025-06-04 08:05:53,12.1,story,False,False
CT005515,C0340,mini,Horror,2025-09-29 20:41:12,16.7,story,False,True
CT005516,C0103,image,Action,2025-12-08 08:16:51,40.0,"animation,story",False,False
CT005517,C0125,cine,Sci-Fi,2026-03-12 13:16:00,28.0,"visual,cinematic,viral",False,False
CT005518,C0318,image,Mystery,2025-08-08 12:17:05,48.2,"cinematic,viral,story",False,False
CT005519,C0019,cine,Comedy,2026-01-18 06:30:27,49.3,experimental,False,False
CT005520,C0441,mini,Sci-Fi,2026-05-25 23:26:51,8.3,ai,False,False
CT005521,C0481,image,Horror,2025-11-20 14:49:29,25.8,"character,visual,trending",False,False
CT005522,C0403,mini,Mystery,2025-08-29 11:23:55,6.4,"animation,viral",True,False
CT005523,C0470,mini,Drama,2026-04-09 20:56:31,9.8,"experimental,animation",False,False
CT005524,C0083,video,Romance,2026-03-17 21:26:59,16.0,"character,creative,visual",False,False
CT005525,C0106,cine,Sci-Fi,2025-11-26 14:35:21,95.9,story,False,False
CT005526,C0434,mini,Horror,2026-06-12 21:03:48,17.0,animation,False,False
CT005527,C0120,mini,Comedy,2026-06-03 18:49:57,33.3,"story,character,visual",False,False
CT005528,C0350,mini,Fantasy,2025-07-17 19:43:39,5.3,ai,True,False
CT005529,C0286,cine,Romance,2026-02-28 21:03:38,30.1,"ai,creative,visual",True,True
CT005530,C0148,video,Romance,2026-03-15 04:35:40,49.9,animation,False,False
CT005531,C0206,image,Animation,2025-09-01 04:17:39,55.8,visual,False,False
CT005532,C0216,image,Mystery,2025-08-23 09:26:46,133.3,visual,False,False
CT005533,C0439,cine,Animation,2025-08-14 09:57:02,44.7,ai,False,True
CT005534,C0265,mini,Documentary,2025-10-28 15:21:18,17.2,character,False,False
CT005535,C0206,mini,Romance,2025-09-25 17:11:08,13.4,"story,animation",False,False
CT005536,C0331,mini,Mystery,2026-04-18 04:33:07,10.3,story,False,False
CT005537,C0068,mini,Fantasy,2026-07-24 17:13:18,20.2,"trending,ai,cinematic",False,False
CT005538,C0162,mini,Animation,2025-12-27 12:10:57,37.3,character,False,False
CT005539,C0274,video,Comedy,2026-06-11 11:25:55,107.5,creative,False,False
CT005540,C0305,mini,Mystery,2026-01-19 01:52:33,16.3,creative,False,False
CT005541,C0057,cine,Animation,2026-08-18 07:56:30,9.0,experimental,False,False
CT005542,C0155,video,Sci-Fi,2025-11-24 07:26:32,49.8,experimental,False,False
CT005543,C0222,image,Comedy,2026-05-06 09:52:15,131.3,animation,False,False
CT005544,C0002,mini,Fantasy,2026-06-21 00:01:42,24.8,story,True,False
CT005545,C0289,cine,Action,2026-07-22 23:38:42,81.3,creative,False,False
CT005546,C0424,image,Comedy,2025-11-28 13:56:30,37.1,"experimental,viral,trending",False,True
CT005547,C0468,mini,Action,2025-11-10 00:59:17,11.6,"creative,story",False,False
CT005548,C0312,mini,Fantasy,2025-06-07 12:06:56,11.7,"trending,animation",True,False
CT005549,C0146,cine,Romance,2026-03-10 16:03:28,165.0,"cinematic,experimental",False,False
CT005550,C0354,mini,Comedy,2026-02-10 19:59:20,20.2,"viral,experimental",False,False
CT005551,C0322,cine,Drama,2025-11-26 12:37:05,50.3,"character,story,ai",False,False
CT005552,C0017,mini,Horror,2025-09-07 23:32:34,11.9,"visual,viral",True,False
CT005553,C0001,video,Fantasy,2026-06-30 09:06:27,15.6,"animation,character",False,False
CT005554,C0499,video,Drama,2026-08-30 15:00:29,34.9,"character,viral",False,False
CT005555,C0436,mini,Animation,2026-08-29 14:52:51,23.1,"character,story,visual",False,False
CT005556,C0200,mini,Drama,2025-12-23 12:20:43,12.7,experimental,False,False
CT005557,C0158,mini,Comedy,2026-05-06 22:58:19,35.2,"cinematic,story,viral",False,False
CT005558,C0047,cine,Horror,2026-06-14 10:59:03,50.2,"animation,character,experimental",True,False
CT005559,C0120,mini,Comedy,2026-05-23 09:07:49,17.3,"cinematic,animation",False,False
CT005560,C0047,cine,Documentary,2025-11-09 20:26:13,104.6,creative,False,False
CT005561,C0052,video,Sci-Fi,2026-07-07 17:03:11,30.6,"character,ai,creative",False,False
CT005562,C0428,mini,Horror,2026-03-27 22:25:18,20.4,"visual,ai,viral",False,False
CT005563,C0391,mini,Animation,2025-07-14 11:17:12,22.1,visual,True,False
CT005564,C0395,mini,Drama,2025-08-14 07:02:25,13.9,creative,False,True
CT005565,C0032,mini,Mystery,2026-01-06 16:46:22,16.1,"animation,ai,cinematic",False,False
CT005566,C0185,video,Mystery,2026-08-04 01:35:29,33.9,"creative,experimental",False,False
CT005567,C0305,mini,Horror,2026-05-01 00:26:51,13.6,trending,False,False
CT005568,C0275,cine,Animation,2026-03-22 10:15:54,98.6,"visual,experimental,trending",False,False
CT005569,C0158,mini,Drama,2026-03-03 21:32:41,12.4,"visual,trending",False,True
CT005570,C0204,mini,Mystery,2026-07-25 12:11:41,20.1,"animation,character,story",False,False
CT005571,C0355,mini,Romance,2026-02-02 09:19:44,11.9,"viral,trending,character",False,False
CT005572,C0423,image,Action,2025-12-03 14:44:00,20.7,"visual,story",False,False
CT005573,C0482,image,Drama,2025-11-23 22:21:49,113.7,"visual,character",False,True
CT005574,C0352,mini,Horror,2026-01-25 10:50:36,10.6,"cinematic,ai,story",False,False
CT005575,C0133,cine,Drama,2025-09-09 12:36:22,20.9,"story,creative,experimental",False,False
CT005576,C0454,mini,Comedy,2026-08-12 05:46:54,9.2,"ai,experimental",False,False
CT005577,C0310,mini,Mystery,2026-07-26 14:47:57,21.4,"experimental,trending,character",False,False
CT005578,C0386,mini,Drama,2025-11-22 12:52:30,10.6,story,False,False
CT005579,C0183,mini,Mystery,2026-05-01 18:17:40,26.7,"story,character",False,False
CT005580,C0277,image,Fantasy,2026-05-19 17:12:09,73.3,visual,False,False
CT005581,C0253,mini,Action,2026-03-07 18:31:17,15.9,cinematic,True,True
CT005582,C0364,image,Documentary,2025-07-21 18:21:31,58.7,"ai,character,story",False,False
CT005583,C0044,video,Fantasy,2025-07-09 22:17:54,30.5,story,False,False
CT005584,C0268,mini,Fantasy,2026-04-23 06:50:54,16.7,creative,False,False
CT005585,C0106,cine,Drama,2025-07-21 22:08:12,83.3,visual,False,True
CT005586,C0081,video,Drama,2026-06-10 06:10:57,78.6,"visual,cinematic,ai",False,False
CT005587,C0400,mini,Sci-Fi,2025-12-15 03:37:04,5.7,visual,False,True
CT005588,C0271,mini,Romance,2026-06-02 08:02:03,12.0,"ai,creative,cinematic",True,False
CT005589,C0168,cine,Romance,2025-07-28 07:57:34,161.8,trending,True,False
CT005590,C0329,cine,Documentary,2025-11-27 04:30:18,180.8,ai,False,False
CT005591,C0001,video,Drama,2025-08-07 21:45:12,121.2,experimental,False,False
CT005592,C0453,cine,Animation,2026-01-09 22:19:34,85.0,ai,False,True
CT005593,C0161,mini,Horror,2025-07-08 01:57:03,8.1,"cinematic,story,trending",False,False
CT005594,C0060,cine,Animation,2025-10-04 12:11:17,133.9,"experimental,cinematic",False,False
CT005595,C0330,mini,Mystery,2025-10-13 02:08:09,11.6,"animation,character,trending",False,False
CT005596,C0424,video,Horror,2026-01-19 06:45:03,26.7,ai,True,False
CT005597,C0481,cine,Mystery,2025-06-06 01:36:23,89.5,ai,True,False
CT005598,C0380,image,Romance,2025-10-21 18:34:25,38.2,viral,False,False
CT005599,C0425,mini,Comedy,2026-04-30 21:57:01,17.4,"animation,experimental",False,False
CT005600,C0157,video,Documentary,2025-12-04 09:20:57,121.6,creative,True,True
CT005601,C0378,video,Action,2026-03-01 07:12:06,78.6,"creative,visual,cinematic",True,False
CT005602,C0005,video,Romance,2026-06-28 01:41:16,30.4,"experimental,viral,cinematic",False,False
CT005603,C0464,video,Documentary,2026-01-18 11:46:37,84.1,ai,False,False
CT005604,C0401,image,Action,2026-07-06 11:31:13,80.9,animation,False,False
CT005605,C0330,image,Mystery,2026-08-25 00:28:55,33.4,"experimental,visual,character",False,False
CT005606,C0465,mini,Fantasy,2026-01-27 20:24:14,4.5,"creative,cinematic,visual",True,False
CT005607,C0258,mini,Animation,2026-01-06 17:47:41,27.8,"character,ai,cinematic",False,False
CT005608,C0160,image,Horror,2025-10-23 08:58:58,174.1,experimental,True,False
CT005609,C0270,mini,Fantasy,2026-07-02 13:30:22,7.2,viral,False,False
CT005610,C0028,cine,Drama,2026-05-23 14:54:24,13.3,"animation,trending,experimental",True,False
CT005611,C0466,cine,Action,2025-08-26 08:28:38,154.1,story,False,False
CT005612,C0254,cine,Fantasy,2026-03-24 23:35:06,240.8,"visual,creative",False,False
CT005613,C0001,mini,Horror,2025-09-29 18:02:34,27.6,character,False,False
CT005614,C0302,video,Action,2026-08-26 09:47:12,42.6,ai,False,False
CT005615,C0256,mini,Comedy,2025-10-28 19:25:16,6.8,animation,False,False
CT005616,C0492,image,Documentary,2025-07-09 13:54:46,28.6,"experimental,character,visual",False,False
CT005617,C0385,mini,Documentary,2026-08-26 14:17:33,8.5,creative,False,False
CT005618,C0135,image,Action,2026-03-05 03:37:36,36.3,experimental,False,True
CT005619,C0020,image,Action,2026-07-19 20:53:24,35.0,cinematic,False,False
CT005620,C0220,video,Comedy,2026-07-12 16:36:00,51.4,"animation,ai,creative",False,False
CT005621,C0413,mini,Mystery,2025-12-22 13:26:42,11.5,"visual,experimental,animation",False,False
CT005622,C0365,image,Horror,2025-12-19 09:33:18,91.3,"viral,character,experimental",False,True
CT005623,C0422,mini,Fantasy,2026-06-21 01:43:29,8.7,experimental,True,True
CT005624,C0417,mini,Drama,2025-11-20 21:44:49,13.3,"ai,experimental",False,False
CT005625,C0259,mini,Animation,2025-09-15 08:09:50,15.5,"viral,cinematic",False,False
CT005626,C0404,image,Romance,2026-02-14 06:05:56,42.7,"cinematic,trending",False,False
CT005627,C0415,video,Romance,2026-02-26 05:31:00,27.6,"creative,animation,visual",False,True
CT005628,C0052,image,Action,2026-06-10 19:20:44,43.9,"ai,story",True,False
CT005629,C0069,mini,Drama,2025-08-13 19:22:48,14.8,"cinematic,creative",False,False
CT005630,C0123,mini,Comedy,2026-01-08 19:00:10,10.6,"viral,visual,trending",False,False
CT005631,C0470,mini,Documentary,2026-02-18 07:04:06,10.1,story,False,True
CT005632,C0429,mini,Horror,2026-08-12 23:44:57,14.7,"visual,creative",False,True
CT005633,C0027,image,Animation,2025-09-10 08:23:20,103.0,"cinematic,experimental",False,False
CT005634,C0463,mini,Action,2026-03-10 20:47:24,51.9,"cinematic,story",False,False
CT005635,C0023,cine,Romance,2026-02-23 02:30:15,29.9,cinematic,False,True
CT005636,C0385,mini,Romance,2026-08-10 00:42:33,9.2,"story,experimental,trending",False,False
CT005637,C0259,mini,Mystery,2025-12-13 11:24:34,15.8,"creative,character",False,False
CT005638,C0314,mini,Romance,2025-08-22 12:26:03,17.5,experimental,False,False
CT005639,C0368,mini,Animation,2026-02-10 19:10:13,8.0,"experimental,visual,viral",False,False
CT005640,C0436,cine,Comedy,2026-06-26 02:01:59,126.5,"viral,creative,experimental",False,False
CT005641,C0347,image,Horror,2025-08-13 12:06:17,84.2,"viral,experimental",True,False
CT005642,C0268,video,Romance,2026-04-23 18:18:46,24.3,"visual,ai,cinematic",True,False
CT005643,C0272,mini,Fantasy,2026-01-17 23:00:05,6.7,"animation,visual",False,False
CT005644,C0483,mini,Mystery,2026-05-29 19:28:50,18.9,"trending,ai",False,False
CT005645,C0395,cine,Action,2025-10-23 06:20:21,111.6,animation,False,False
CT005646,C0313,image,Sci-Fi,2026-06-25 05:00:24,135.8,"animation,character",False,False
CT005647,C0297,cine,Horror,2025-08-05 15:17:37,54.9,"cinematic,animation,visual",True,False
CT005648,C0151,video,Mystery,2026-01-28 09:11:36,103.2,"creative,viral",False,False
CT005649,C0424,mini,Romance,2026-01-15 04:18:47,8.3,"creative,trending",True,False
CT005650,C0360,image,Comedy,2025-10-06 12:52:21,68.8,"experimental,viral",False,True
CT005651,C0056,image,Fantasy,2025-08-03 02:58:08,114.6,"visual,trending,animation",False,False
CT005652,C0400,mini,Horror,2026-08-05 11:22:36,8.7,experimental,False,False
CT005653,C0491,mini,Documentary,2025-12-12 20:25:22,18.3,"cinematic,ai,experimental",False,False
CT005654,C0364,mini,Comedy,2026-07-29 05:04:07,10.5,trending,False,False
CT005655,C0437,mini,Documentary,2025-10-26 08:28:52,23.3,viral,False,False
CT005656,C0392,mini,Romance,2026-03-21 03:57:10,7.6,trending,False,False
CT005657,C0446,image,Animation,2026-02-03 14:45:26,18.2,creative,True,False
CT005658,C0289,mini,Mystery,2025-12-01 20:03:06,13.5,"trending,creative,ai",False,False
CT005659,C0183,image,Animation,2026-01-07 14:43:40,42.6,"visual,cinematic",False,False
CT005660,C0231,cine,Action,2025-09-25 04:42:29,49.1,"story,animation,character",True,False
CT005661,C0466,mini,Sci-Fi,2025-08-01 08:48:51,11.7,trending,False,True
CT005662,C0343,image,Animation,2026-04-01 22:01:49,30.9,"ai,viral,story",True,False
CT005663,C0069,mini,Romance,2025-10-06 05:31:50,10.7,"character,trending",True,True
CT005664,C0194,mini,Comedy,2026-01-28 21:15:24,4.1,creative,False,True
CT005665,C0043,cine,Animation,2026-02-09 20:58:17,106.3,animation,False,False
CT005666,C0450,mini,Mystery,2026-08-29 18:54:17,8.8,viral,True,False
CT005667,C0200,mini,Action,2026-06-16 06:25:00,15.1,trending,False,False
CT005668,C0037,cine,Documentary,2025-08-24 12:13:37,58.7,cinematic,False,False
CT005669,C0459,cine,Romance,2025-06-28 00:04:52,57.6,"trending,cinematic,character",False,True
CT005670,C0425,image,Documentary,2026-08-15 23:37:52,51.6,"animation,creative,character",False,False
CT005671,C0479,cine,Drama,2025-07-12 10:26:03,55.2,"trending,viral",False,False
CT005672,C0174,cine,Fantasy,2026-04-22 18:51:35,107.1,"character,creative",False,False
CT005673,C0247,cine,Action,2026-05-30 09:33:31,16.7,trending,False,False
CT005674,C0254,video,Drama,2026-06-30 20:20:22,210.0,visual,False,False
CT005675,C0380,mini,Fantasy,2025-11-02 23:05:31,12.1,creative,False,False
CT005676,C0416,image,Romance,2025-11-07 04:39:44,281.3,"trending,creative",False,False
CT005677,C0265,mini,Fantasy,2025-09-26 03:03:42,14.1,"story,trending,creative",True,True
CT005678,C0264,mini,Romance,2025-08-16 23:05:20,22.5,"animation,viral,cinematic",False,False
CT005679,C0056,image,Horror,2025-09-13 17:03:44,90.1,"visual,ai,character",False,False
CT005680,C0091,mini,Comedy,2025-09-01 07:07:47,12.3,"character,trending,cinematic",False,True
CT005681,C0327,mini,Romance,2026-08-17 15:25:29,10.0,animation,False,False
CT005682,C0227,cine,Horror,2026-01-08 08:56:40,50.5,"story,viral",False,False
CT005683,C0077,mini,Drama,2026-01-19 21:35:54,21.4,"ai,viral,character",False,False
CT005684,C0055,video,Fantasy,2026-03-13 10:11:52,119.7,"trending,ai",False,True
CT005685,C0319,video,Action,2025-08-13 08:49:39,61.4,"visual,story",True,False
CT005686,C0447,mini,Fantasy,2026-08-25 16:13:06,11.4,"cinematic,story",False,False
CT005687,C0120,image,Mystery,2025-12-03 03:20:47,8.9,"character,viral",True,False
CT005688,C0269,cine,Documentary,2026-01-18 15:06:42,206.0,"viral,story,animation",False,False
CT005689,C0130,cine,Sci-Fi,2025-09-27 20:30:15,43.6,"trending,experimental",False,False
CT005690,C0412,mini,Drama,2025-10-15 08:43:49,18.8,"viral,experimental",True,False
CT005691,C0332,image,Horror,2025-08-16 22:10:51,134.6,"animation,viral",True,False
CT005692,C0175,cine,Romance,2026-01-16 16:55:22,23.1,"cinematic,visual",False,False
CT005693,C0233,video,Mystery,2026-08-21 05:37:04,159.8,"story,character",False,False
CT005694,C0262,image,Fantasy,2025-06-09 16:37:52,98.5,"animation,viral,experimental",False,False
CT005695,C0416,cine,Mystery,2025-12-20 23:09:58,201.2,"character,experimental",False,False
CT005696,C0243,video,Action,2025-11-26 05:16:23,61.3,"character,story,creative",True,False
CT005697,C0336,mini,Horror,2026-04-12 05:00:00,14.6,creative,False,False
CT005698,C0233,video,Drama,2026-05-04 14:42:42,34.6,"viral,creative",False,False
CT005699,C0148,mini,Animation,2026-07-15 17:52:25,23.7,"cinematic,visual,trending",False,False
CT005700,C0303,mini,Fantasy,2025-09-25 13:38:44,13.2,"cinematic,experimental,character",True,False
CT005701,C0389,video,Sci-Fi,2025-09-02 18:20:07,87.4,trending,False,False
CT005702,C0488,mini,Documentary,2026-01-05 18:00:34,26.3,"character,animation",True,False
CT005703,C0036,video,Documentary,2025-07-29 09:01:44,28.6,"experimental,trending,animation",False,False
CT005704,C0488,mini,Horror,2026-01-06 15:34:02,12.9,trending,False,False
CT005705,C0368,image,Mystery,2025-09-27 16:15:28,68.0,"creative,experimental",False,False
CT005706,C0135,cine,Drama,2025-10-21 21:51:44,12.9,"experimental,story",True,False
CT005707,C0190,mini,Drama,2026-04-21 22:18:37,14.0,"visual,ai,cinematic",False,False
CT005708,C0332,image,Sci-Fi,2025-08-08 08:05:24,48.3,story,False,True
CT005709,C0151,mini,Comedy,2025-11-22 04:27:10,4.2,cinematic,False,False
CT005710,C0170,video,Comedy,2026-04-05 06:55:51,160.4,"creative,trending",False,False
CT005711,C0260,video,Sci-Fi,2026-01-10 00:35:08,28.8,"experimental,story",True,True
CT005712,C0350,image,Mystery,2026-06-26 09:29:21,31.4,"animation,character,story",True,False
CT005713,C0447,video,Horror,2025-06-10 05:40:56,11.6,ai,False,False
CT005714,C0424,cine,Mystery,2025-12-04 01:08:20,54.7,"character,visual,ai",False,False
CT005715,C0130,video,Drama,2025-06-02 22:31:39,123.5,"character,story,animation",False,False
CT005716,C0103,image,Documentary,2025-06-29 10:12:06,13.1,"cinematic,trending,viral",False,False
CT005717,C0500,image,Horror,2025-12-03 15:03:08,27.8,"experimental,ai,animation",False,False
CT005718,C0465,video,Comedy,2025-09-23 12:16:15,64.2,character,False,True
CT005719,C0286,cine,Romance,2025-08-08 13:34:05,41.4,character,False,False
CT005720,C0349,cine,Comedy,2026-08-12 17:08:51,41.7,"story,ai",False,False
CT005721,C0126,video,Documentary,2026-05-27 17:48:01,63.7,"creative,character",False,False
CT005722,C0307,image,Drama,2025-12-15 23:42:26,206.9,"cinematic,animation,trending",False,False
CT005723,C0346,mini,Documentary,2026-08-08 18:51:50,8.6,"story,character,ai",False,False
CT005724,C0151,mini,Animation,2025-07-09 14:15:42,4.4,character,False,False
CT005725,C0368,cine,Horror,2026-07-28 02:51:21,80.2,story,False,False
CT005726,C0189,mini,Horror,2026-07-05 17:19:00,10.1,character,True,False
CT005727,C0265,cine,Animation,2025-12-30 06:57:18,71.8,animation,True,False
CT005728,C0025,mini,Fantasy,2026-04-21 17:53:39,23.3,"character,cinematic,viral",False,False
CT005729,C0065,mini,Romance,2025-10-09 19:20:51,19.6,"story,animation,experimental",False,True
CT005730,C0315,video,Animation,2026-08-15 03:48:21,123.1,"story,creative",False,False
CT005731,C0410,mini,Animation,2026-01-07 14:48:10,8.1,"visual,animation,cinematic",False,False
CT005732,C0279,video,Documentary,2025-09-08 03:45:22,121.4,"character,experimental",False,False
CT005733,C0403,cine,Animation,2025-07-18 10:31:24,17.1,"animation,visual,creative",False,False
CT005734,C0400,video,Horror,2026-04-15 10:24:06,69.4,"visual,story",False,False
CT005735,C0383,image,Documentary,2026-08-05 10:22:42,70.2,"visual,story",False,True
CT005736,C0412,mini,Sci-Fi,2026-04-12 01:59:25,19.1,visual,False,False
CT005737,C0378,mini,Sci-Fi,2026-04-03 02:43:40,17.0,"ai,trending",False,False
CT005738,C0414,video,Fantasy,2026-05-26 06:42:22,7.1,"viral,experimental",False,False
CT005739,C0186,image,Animation,2025-10-09 15:59:06,64.4,"trending,character",False,False
CT005740,C0193,mini,Drama,2025-11-01 23:24:27,5.7,trending,False,False
CT005741,C0244,video,Comedy,2026-05-13 05:15:28,42.3,"trending,experimental",False,False
CT005742,C0269,cine,Sci-Fi,2026-03-23 12:56:48,64.1,story,False,False
CT005743,C0327,mini,Action,2025-09-20 17:19:14,44.5,experimental,False,True
CT005744,C0269,mini,Horror,2025-06-27 22:45:31,33.0,"character,animation,ai",False,False
CT005745,C0083,video,Mystery,2026-05-09 15:56:12,25.1,creative,False,False
CT005746,C0198,mini,Action,2026-06-28 06:41:57,14.8,cinematic,False,False
CT005747,C0300,image,Romance,2025-12-01 05:32:28,65.2,"character,experimental,viral",False,False
CT005748,C0015,mini,Sci-Fi,2026-06-14 22:41:57,13.6,"story,character,creative",False,False
CT005749,C0056,mini,Documentary,2026-06-29 22:48:28,9.5,visual,False,False
CT005750,C0467,mini,Drama,2026-04-16 11:52:53,11.3,"cinematic,character",False,False
CT005751,C0424,video,Documentary,2026-08-26 08:15:45,30.5,"trending,experimental,ai",False,False
CT005752,C0291,mini,Fantasy,2026-08-19 09:05:14,14.7,"trending,animation,ai",False,False
CT005753,C0062,video,Animation,2025-10-25 00:19:39,38.7,"trending,animation,story",False,True
CT005754,C0128,mini,Animation,2026-07-16 00:42:55,15.7,"viral,character,experimental",False,False
CT005755,C0387,video,Fantasy,2026-02-07 08:02:48,15.0,"viral,story",False,False
CT005756,C0366,mini,Animation,2025-11-22 11:29:11,6.3,"ai,trending,story",False,False
CT005757,C0111,cine,Fantasy,2025-09-17 11:55:31,46.3,"experimental,trending,story",False,False
CT005758,C0036,mini,Romance,2026-04-11 19:04:05,10.5,animation,False,False
CT005759,C0465,mini,Mystery,2026-05-31 23:10:50,9.4,"story,trending",False,False
CT005760,C0361,video,Drama,2025-09-01 15:57:45,50.6,experimental,False,False
CT005761,C0325,mini,Action,2026-01-11 07:53:12,12.6,"experimental,creative",False,False
CT005762,C0437,video,Sci-Fi,2026-07-12 07:27:15,38.1,"animation,story,visual",False,False
CT005763,C0216,cine,Romance,2026-08-23 14:39:25,109.6,"character,animation,viral",False,False
CT005764,C0057,image,Horror,2025-12-18 15:12:48,101.3,"cinematic,experimental,trending",False,False
CT005765,C0022,mini,Fantasy,2026-07-10 10:10:03,13.9,"trending,cinematic",False,False
CT005766,C0490,video,Documentary,2026-06-25 15:59:03,88.9,"experimental,ai,animation",False,False
CT005767,C0301,image,Sci-Fi,2025-10-03 08:20:43,123.3,creative,False,False
CT005768,C0374,video,Fantasy,2025-12-25 09:04:39,119.1,"animation,character",False,True
CT005769,C0187,mini,Action,2025-07-25 11:47:41,16.1,cinematic,False,False
CT005770,C0056,mini,Documentary,2025-06-03 13:09:07,46.3,"story,cinematic",True,True
CT005771,C0400,image,Comedy,2026-03-10 15:40:56,21.2,cinematic,True,False
CT005772,C0396,image,Action,2025-06-02 03:44:41,126.5,"character,cinematic,viral",False,False
CT005773,C0400,mini,Drama,2025-10-24 00:44:26,6.3,"visual,animation,story",True,False
CT005774,C0251,cine,Animation,2025-08-19 23:06:17,49.0,character,False,False
CT005775,C0341,mini,Documentary,2025-09-24 16:30:55,4.1,character,False,False
CT005776,C0156,cine,Romance,2025-09-19 04:24:39,27.3,viral,False,False
CT005777,C0135,cine,Drama,2026-02-04 13:47:11,54.6,creative,False,False
CT005778,C0017,cine,Drama,2026-05-19 15:50:39,18.2,"viral,trending",True,False
CT005779,C0089,mini,Romance,2026-02-01 10:05:10,6.1,"experimental,creative,viral",False,False
CT005780,C0216,mini,Sci-Fi,2026-05-12 04:57:23,10.6,animation,False,False
CT005781,C0247,mini,Fantasy,2026-02-01 03:30:31,13.7,"character,trending",True,True
CT005782,C0224,mini,Action,2026-04-10 21:14:09,6.9,viral,False,False
CT005783,C0221,image,Horror,2025-10-13 04:08:48,87.0,"animation,visual",False,False
CT005784,C0107,video,Romance,2025-10-28 16:44:08,36.7,experimental,False,False
CT005785,C0327,mini,Animation,2025-08-10 20:20:52,15.3,viral,False,True
CT005786,C0224,video,Horror,2026-01-24 04:55:52,39.8,animation,True,False
CT005787,C0261,cine,Comedy,2025-08-23 18:00:07,42.8,experimental,False,False
CT005788,C0290,video,Fantasy,2026-03-13 01:08:27,24.4,"ai,story",False,False
CT005789,C0245,mini,Romance,2026-04-25 09:15:04,10.0,"trending,character,experimental",False,True
CT005790,C0276,image,Romance,2026-07-09 09:51:27,13.8,"cinematic,ai",False,False
CT005791,C0242,cine,Romance,2025-12-31 10:18:17,239.7,"story,viral,trending",False,False
CT005792,C0190,video,Fantasy,2026-08-27 06:56:15,127.3,"trending,ai",False,True
CT005793,C0253,mini,Documentary,2026-01-01 00:45:55,17.8,"creative,visual,experimental",False,False
CT005794,C0336,mini,Mystery,2026-04-22 12:56:03,10.1,animation,False,False
CT005795,C0437,video,Drama,2026-08-20 09:31:30,68.2,"creative,ai",False,False
CT005796,C0051,mini,Fantasy,2026-01-28 10:38:48,22.7,"animation,character",False,False
CT005797,C0086,video,Documentary,2026-07-24 14:00:53,113.8,ai,True,False
CT005798,C0064,mini,Action,2026-02-18 16:54:20,22.9,experimental,False,False
CT005799,C0006,mini,Horror,2025-06-30 14:51:34,12.7,"experimental,story",False,False
CT005800,C0414,mini,Sci-Fi,2026-01-12 10:49:43,16.5,story,False,False
CT005801,C0111,image,Fantasy,2026-05-30 17:40:43,61.3,"creative,experimental,ai",False,False
CT005802,C0146,cine,Comedy,2026-03-23 16:56:50,52.5,"story,creative,viral",False,False
CT005803,C0154,video,Fantasy,2025-09-22 01:13:57,81.0,character,False,False
CT005804,C0429,cine,Sci-Fi,2025-10-10 00:08:09,76.5,"trending,story,creative",False,False
CT005805,C0303,cine,Mystery,2026-04-26 08:50:35,27.5,"ai,animation,experimental",False,False
CT005806,C0053,cine,Action,2026-05-31 02:05:56,108.7,"ai,creative",False,False
CT005807,C0418,mini,Fantasy,2025-08-19 01:05:15,9.7,"character,visual,viral",False,False
CT005808,C0492,cine,Animation,2025-12-25 07:55:30,77.5,"visual,animation",False,False
CT005809,C0352,video,Animation,2025-08-06 06:57:05,67.7,viral,True,False
CT005810,C0238,video,Sci-Fi,2025-10-13 05:10:48,32.6,ai,False,False
CT005811,C0500,mini,Mystery,2026-08-03 06:37:48,14.6,"visual,character,animation",False,False
CT005812,C0027,cine,Sci-Fi,2025-06-14 08:19:28,14.6,"character,animation",False,False
CT005813,C0001,cine,Documentary,2026-02-10 14:05:19,66.5,"viral,ai",False,False
CT005814,C0391,image,Drama,2025-12-23 19:11:44,63.1,"animation,creative",False,False
CT005815,C0097,mini,Horror,2025-11-07 10:28:31,22.7,trending,True,False
CT005816,C0030,video,Horror,2026-07-15 08:39:20,87.2,"trending,character",True,False
CT005817,C0044,mini,Comedy,2026-07-12 08:24:16,17.7,"story,visual",True,False
CT005818,C0218,mini,Documentary,2025-06-10 13:12:06,13.8,"trending,animation",False,False
CT005819,C0327,image,Sci-Fi,2025-10-11 03:54:35,170.3,"viral,trending,cinematic",True,False
CT005820,C0216,cine,Action,2025-09-16 19:55:10,49.0,character,False,False
CT005821,C0206,video,Drama,2025-06-30 03:14:49,25.1,"trending,animation",True,False
CT005822,C0076,mini,Mystery,2026-01-16 13:04:42,21.5,trending,False,False
CT005823,C0157,mini,Horror,2025-11-28 00:42:45,13.8,character,True,True
CT005824,C0468,video,Documentary,2025-11-29 18:13:27,30.2,"creative,cinematic,ai",False,False
CT005825,C0156,mini,Horror,2026-04-19 12:29:58,13.6,creative,False,False
CT005826,C0172,mini,Animation,2026-08-18 06:56:53,22.2,"trending,viral,animation",False,False
CT005827,C0445,image,Action,2026-03-29 21:22:52,34.7,creative,True,False
CT005828,C0034,video,Drama,2026-03-09 17:52:27,91.5,trending,False,False
CT005829,C0042,video,Animation,2026-01-03 00:16:33,42.7,"animation,cinematic",False,False
CT005830,C0444,video,Drama,2025-12-01 20:50:02,69.8,"experimental,cinematic,visual",True,False
CT005831,C0159,mini,Sci-Fi,2026-01-19 15:15:53,8.9,"creative,experimental,character",False,False
CT005832,C0118,video,Action,2025-09-30 05:28:46,28.1,creative,False,False
CT005833,C0248,mini,Drama,2026-01-28 10:30:05,7.9,"animation,experimental",False,False
CT005834,C0023,mini,Animation,2025-11-20 15:23:36,8.3,visual,False,False
CT005835,C0200,mini,Animation,2025-11-18 18:44:14,4.3,"cinematic,character,creative",True,False
CT005836,C0006,mini,Animation,2026-07-01 21:01:21,21.9,visual,False,False
CT005837,C0339,mini,Documentary,2025-07-08 19:57:42,9.4,"cinematic,viral",False,False
CT005838,C0426,video,Animation,2026-06-08 22:42:13,19.7,"animation,trending,ai",False,False
CT005839,C0298,video,Documentary,2025-08-11 23:06:05,30.3,viral,False,False
CT005840,C0090,mini,Mystery,2025-11-20 17:52:22,16.2,"story,character,trending",False,True
CT005841,C0398,mini,Mystery,2026-04-27 06:26:27,24.3,cinematic,False,False
CT005842,C0332,mini,Fantasy,2026-07-22 10:52:44,15.8,"character,viral,animation",False,False
CT005843,C0423,cine,Animation,2026-06-05 09:14:11,81.3,"viral,trending,experimental",True,False
CT005844,C0455,video,Documentary,2026-04-28 04:25:51,49.9,trending,False,False
CT005845,C0196,image,Mystery,2025-11-28 08:30:25,62.1,visual,False,False
CT005846,C0486,mini,Comedy,2025-11-12 21:31:18,16.8,"viral,creative",False,False
CT005847,C0431,video,Mystery,2025-10-29 03:33:18,158.6,"story,visual,character",False,False
CT005848,C0294,cine,Mystery,2026-06-16 02:27:56,40.3,"ai,trending,visual",True,False
CT005849,C0311,image,Action,2026-03-05 02:31:51,35.5,character,False,True
CT005850,C0221,cine,Drama,2025-06-30 08:03:58,95.6,"viral,animation,cinematic",True,False
CT005851,C0429,image,Animation,2025-06-10 22:16:26,131.4,"story,viral",False,False
CT005852,C0031,mini,Sci-Fi,2025-07-26 08:43:43,14.8,"trending,ai,cinematic",False,False
CT005853,C0232,mini,Drama,2026-02-15 16:53:53,23.1,story,True,False
CT005854,C0051,cine,Romance,2026-08-22 08:43:26,47.1,cinematic,False,False
CT005855,C0013,mini,Documentary,2025-12-31 21:08:25,4.4,"animation,story",True,False
CT005856,C0466,cine,Horror,2025-09-21 09:33:43,41.4,ai,True,True
CT005857,C0326,image,Action,2025-12-19 12:28:15,51.6,"visual,animation",True,False
CT005858,C0228,cine,Romance,2026-04-19 20:30:21,86.8,experimental,False,True
CT005859,C0478,mini,Documentary,2025-06-01 15:47:32,16.2,animation,False,False
CT005860,C0049,image,Documentary,2026-03-27 12:43:57,28.8,"animation,viral,character",True,False
CT005861,C0466,mini,Comedy,2026-08-04 22:44:07,2.7,"cinematic,ai",True,False
CT005862,C0243,mini,Horror,2026-07-31 14:35:09,34.1,ai,False,False
CT005863,C0071,mini,Drama,2025-08-19 01:32:59,16.5,"animation,story,cinematic",False,False
CT005864,C0148,mini,Action,2026-08-22 09:28:08,7.8,"viral,story",False,True
CT005865,C0240,mini,Fantasy,2025-07-22 12:37:01,10.4,trending,True,False
CT005866,C0408,image,Comedy,2026-01-01 11:50:42,49.5,"experimental,character",False,False
CT005867,C0435,image,Mystery,2025-11-23 22:34:10,74.5,"character,viral,animation",False,False
CT005868,C0066,cine,Animation,2026-04-02 06:27:49,25.8,"ai,experimental",True,False
CT005869,C0207,mini,Documentary,2026-05-22 02:52:05,7.4,"cinematic,viral",False,False
CT005870,C0203,video,Action,2026-03-05 21:18:12,45.5,"creative,ai,trending",False,False
CT005871,C0257,image,Animation,2026-05-15 20:09:32,564.3,"animation,cinematic,ai",True,False
CT005872,C0279,mini,Horror,2026-08-22 19:09:14,5.0,creative,False,False
CT005873,C0498,cine,Horror,2026-01-20 09:14:32,60.8,"ai,viral,character",False,False
CT005874,C0132,video,Horror,2026-02-19 07:13:05,72.7,visual,True,False
CT005875,C0241,video,Fantasy,2026-02-06 10:21:57,55.8,"experimental,cinematic",False,False
CT005876,C0135,mini,Drama,2025-10-01 05:49:26,27.6,viral,True,True
CT005877,C0097,cine,Mystery,2025-12-25 13:48:40,80.6,"animation,ai,viral",True,False
CT005878,C0198,cine,Animation,2026-02-11 01:03:40,28.9,"animation,experimental",True,True
CT005879,C0023,image,Drama,2025-06-12 12:49:35,71.2,"animation,story,experimental",False,True
CT005880,C0393,video,Sci-Fi,2025-11-27 00:52:30,36.3,creative,False,False
CT005881,C0229,cine,Comedy,2025-10-05 16:53:42,109.6,"visual,trending,cinematic",True,False
CT005882,C0223,mini,Action,2026-03-31 18:57:46,23.6,"story,trending,ai",True,False
CT005883,C0258,image,Documentary,2025-11-25 08:38:08,50.6,"experimental,visual,character",False,False
CT005884,C0251,video,Drama,2025-08-02 00:30:11,25.0,character,False,False
CT005885,C0459,video,Comedy,2026-02-08 19:55:18,97.4,visual,False,False
CT005886,C0293,mini,Horror,2025-12-28 09:48:04,11.3,animation,False,False
CT005887,C0397,video,Sci-Fi,2026-03-28 12:21:17,8.7,"creative,story,visual",False,False
CT005888,C0410,mini,Horror,2026-05-05 14:52:11,10.8,viral,False,False
CT005889,C0032,video,Horror,2026-08-25 08:42:02,104.8,viral,False,False
CT005890,C0402,image,Drama,2026-03-09 19:55:17,49.7,"character,viral,creative",False,False
CT005891,C0410,mini,Horror,2026-01-18 08:39:13,11.0,"viral,trending",True,False
CT005892,C0314,mini,Romance,2025-10-06 19:42:50,7.6,ai,True,True
CT005893,C0037,mini,Documentary,2026-04-03 09:20:09,6.0,trending,False,False
CT005894,C0004,mini,Animation,2025-12-06 02:04:56,10.1,"animation,character,trending",False,False
CT005895,C0008,mini,Mystery,2026-08-13 01:17:01,7.9,"animation,ai,story",False,False
CT005896,C0349,video,Romance,2026-04-09 12:16:26,40.1,"viral,animation",False,False
CT005897,C0270,mini,Comedy,2025-10-06 01:57:48,7.1,"cinematic,creative",False,False
CT005898,C0184,video,Fantasy,2026-08-03 03:11:46,66.0,"trending,animation",False,False
CT005899,C0263,mini,Comedy,2025-12-24 21:39:04,25.2,cinematic,False,False
CT005900,C0225,cine,Drama,2026-03-10 17:52:52,104.2,cinematic,False,False
CT005901,C0157,image,Horror,2026-04-25 18:23:14,37.5,"story,animation",False,False
CT005902,C0382,mini,Romance,2026-03-26 04:56:28,17.7,"trending,viral,cinematic",False,False
CT005903,C0231,cine,Horror,2026-02-13 17:11:32,32.5,"cinematic,ai",False,False
CT005904,C0270,image,Drama,2026-05-01 06:56:36,96.1,"viral,character",False,False
CT005905,C0461,mini,Documentary,2026-07-13 06:50:14,12.9,ai,False,False
CT005906,C0447,mini,Action,2025-08-14 13:41:09,19.3,"creative,visual,experimental",False,False
CT005907,C0334,image,Fantasy,2026-02-14 03:10:37,29.4,"creative,viral,cinematic",False,False
CT005908,C0449,mini,Romance,2026-03-04 18:32:24,5.8,"creative,story",True,False
CT005909,C0172,mini,Sci-Fi,2026-07-26 14:18:40,6.4,"viral,character,visual",False,False
CT005910,C0184,mini,Animation,2026-02-18 14:45:24,5.7,"character,viral",False,False
CT005911,C0460,image,Comedy,2025-08-07 17:49:40,66.4,"cinematic,creative,trending",False,False
CT005912,C0444,video,Romance,2026-05-14 19:05:24,160.1,"character,story",True,False
CT005913,C0082,mini,Fantasy,2026-06-02 09:48:17,7.8,"ai,cinematic,creative",True,True
CT005914,C0004,cine,Mystery,2026-06-18 13:56:04,28.6,"ai,cinematic",False,False
CT005915,C0083,mini,Fantasy,2025-09-06 06:01:12,8.1,trending,False,False
CT005916,C0377,video,Action,2025-08-08 16:40:44,20.5,"character,creative",False,True
CT005917,C0121,video,Romance,2025-06-23 09:34:24,58.9,trending,False,False
CT005918,C0493,mini,Fantasy,2025-12-13 04:57:35,10.1,"story,experimental",True,False
CT005919,C0121,mini,Documentary,2025-07-21 21:54:21,20.3,story,False,False
CT005920,C0084,cine,Horror,2026-05-16 00:35:30,32.9,"story,experimental,creative",False,False
CT005921,C0040,cine,Documentary,2026-02-20 19:14:04,103.1,cinematic,False,True
CT005922,C0472,cine,Horror,2025-10-22 19:19:39,48.4,"viral,story,creative",False,False
CT005923,C0155,mini,Sci-Fi,2025-10-11 14:56:39,13.5,"animation,creative,experimental",False,True
CT005924,C0413,mini,Comedy,2025-12-22 22:43:04,15.3,"cinematic,viral",False,False
CT005925,C0265,mini,Sci-Fi,2025-08-05 15:28:53,11.9,"creative,ai",False,False
CT005926,C0079,image,Horror,2025-12-07 22:44:41,36.4,"cinematic,trending,visual",False,False
CT005927,C0111,cine,Action,2026-03-14 20:45:55,167.4,"visual,story",False,False
CT005928,C0045,mini,Romance,2025-12-28 08:08:13,9.0,creative,False,False
CT005929,C0059,video,Drama,2026-01-09 12:12:36,59.7,"trending,animation,experimental",False,False
CT005930,C0403,video,Drama,2026-06-13 11:52:12,59.2,visual,False,False
CT005931,C0323,image,Romance,2025-11-21 12:35:12,37.1,"character,trending",False,False
CT005932,C0077,cine,Comedy,2025-07-27 20:02:27,22.5,cinematic,True,False
CT005933,C0210,cine,Animation,2026-01-31 06:48:47,214.7,"experimental,visual,trending",False,False
CT005934,C0112,cine,Drama,2025-08-19 07:12:37,23.9,"trending,experimental",False,False
CT005935,C0327,mini,Documentary,2026-06-28 19:19:53,3.5,visual,False,False
CT005936,C0063,image,Comedy,2025-08-11 02:40:10,183.2,"viral,character,story",False,False
CT005937,C0123,cine,Sci-Fi,2026-04-27 11:00:54,33.1,"visual,experimental,story",False,False
CT005938,C0333,cine,Mystery,2025-12-24 01:39:00,84.2,"cinematic,character",False,False
CT005939,C0378,image,Fantasy,2026-01-12 19:18:21,88.5,story,False,False
CT005940,C0484,mini,Fantasy,2026-07-10 01:20:42,10.8,character,True,False
CT005941,C0487,image,Comedy,2026-06-11 02:22:53,35.1,"experimental,trending,ai",False,False
CT005942,C0356,mini,Sci-Fi,2025-08-18 03:11:22,12.0,"animation,ai",False,False
CT005943,C0131,video,Romance,2026-06-29 07:47:01,95.9,"trending,visual",False,False
CT005944,C0415,video,Documentary,2025-10-25 10:33:12,17.3,visual,False,False
CT005945,C0318,cine,Fantasy,2025-11-19 14:03:38,13.5,experimental,False,False
CT005946,C0482,mini,Romance,2026-06-14 10:16:25,14.6,"animation,visual",False,False
CT005947,C0381,mini,Drama,2025-08-08 07:15:36,19.0,"animation,visual",False,False
CT005948,C0404,video,Animation,2025-12-05 14:12:06,61.0,story,False,False
CT005949,C0265,mini,Drama,2025-07-23 11:02:44,13.3,story,False,False
CT005950,C0406,image,Drama,2026-02-13 10:53:09,94.6,trending,False,True
CT005951,C0145,mini,Sci-Fi,2026-03-19 07:37:54,25.5,"visual,creative",False,False
CT005952,C0047,video,Fantasy,2026-02-21 09:14:19,61.2,"visual,creative,story",False,True
CT005953,C0108,mini,Mystery,2026-08-01 22:48:44,18.7,creative,False,False
CT005954,C0280,cine,Horror,2026-04-21 02:21:12,113.2,"trending,experimental,visual",True,False
CT005955,C0316,mini,Documentary,2025-06-18 13:51:04,6.0,story,False,False
CT005956,C0244,video,Mystery,2025-09-03 07:34:53,22.6,"animation,experimental,visual",False,False
CT005957,C0238,cine,Romance,2026-01-13 17:58:07,92.9,character,False,False
CT005958,C0101,cine,Romance,2025-12-26 12:43:11,24.8,visual,False,False
CT005959,C0415,mini,Documentary,2025-08-28 13:50:48,10.9,"cinematic,experimental,visual",True,False
CT005960,C0120,image,Animation,2026-01-27 17:20:48,59.9,"story,experimental,trending",False,False
CT005961,C0048,mini,Comedy,2026-01-29 08:52:51,8.3,"visual,viral,creative",True,False
CT005962,C0078,mini,Mystery,2025-12-25 03:09:11,14.1,"story,character",False,False
CT005963,C0017,cine,Documentary,2026-06-26 15:18:20,137.7,"character,animation,experimental",False,False
CT005964,C0498,cine,Fantasy,2025-11-21 08:30:37,39.8,"visual,story,animation",False,False
CT005965,C0185,image,Action,2026-05-25 20:15:02,29.8,experimental,False,False
CT005966,C0396,mini,Fantasy,2026-04-15 13:49:21,22.4,"animation,trending,character",False,False
CT005967,C0238,video,Comedy,2026-08-17 21:47:43,59.0,animation,False,True
CT005968,C0457,mini,Action,2026-03-18 03:14:35,5.5,"cinematic,experimental",False,False
CT005969,C0317,cine,Action,2026-01-07 22:41:28,303.0,"trending,cinematic",False,False
CT005970,C0124,image,Comedy,2025-06-01 10:45:37,83.9,animation,False,False
CT005971,C0059,video,Romance,2026-03-30 12:13:52,16.5,"viral,story,ai",False,False
CT005972,C0088,mini,Fantasy,2026-01-27 16:50:01,23.1,viral,True,False
CT005973,C0294,image,Horror,2026-07-15 17:18:46,30.2,character,False,False
CT005974,C0017,image,Comedy,2026-02-27 19:00:18,21.8,"creative,experimental,story",False,False
CT005975,C0406,image,Mystery,2026-04-15 02:43:35,112.7,"cinematic,trending,creative",False,False
CT005976,C0144,video,Animation,2026-07-21 18:32:55,98.4,story,False,False
CT005977,C0455,mini,Drama,2026-08-14 16:10:23,7.3,creative,False,False
CT005978,C0060,image,Horror,2025-09-09 15:48:02,35.3,"ai,viral,story",False,False
CT005979,C0445,video,Mystery,2025-09-20 23:17:24,258.9,"viral,ai",False,True
CT005980,C0436,cine,Documentary,2026-05-24 11:29:13,103.7,"cinematic,ai",False,False
CT005981,C0249,image,Documentary,2025-08-01 13:07:20,28.1,viral,False,False
CT005982,C0239,mini,Romance,2026-06-09 17:23:46,11.6,ai,True,True
CT005983,C0442,mini,Horror,2025-08-08 00:01:45,5.7,"animation,experimental",False,False
CT005984,C0410,mini,Action,2025-11-14 01:33:56,17.2,"story,creative",False,False
CT005985,C0269,mini,Animation,2026-06-24 16:47:01,9.0,"story,cinematic",False,False
CT005986,C0161,cine,Sci-Fi,2025-08-02 18:57:41,5.8,"cinematic,creative,trending",False,False
CT005987,C0039,video,Sci-Fi,2025-06-25 02:15:44,93.3,"cinematic,visual",True,False
CT005988,C0465,mini,Horror,2026-05-13 02:04:38,17.1,cinematic,True,False
CT005989,C0487,mini,Romance,2026-06-05 07:44:49,6.6,character,False,False
CT005990,C0434,mini,Sci-Fi,2026-05-10 22:41:30,14.7,"animation,trending,ai",False,False
CT005991,C0002,image,Fantasy,2025-12-29 15:10:10,29.8,"animation,visual,character",False,False
CT005992,C0213,mini,Romance,2026-05-15 04:40:43,8.6,"trending,animation,ai",False,False
CT005993,C0144,image,Sci-Fi,2026-04-12 04:50:21,30.3,experimental,False,False
CT005994,C0213,mini,Sci-Fi,2025-11-20 08:41:57,14.7,"viral,cinematic,creative",False,True
CT005995,C0023,cine,Drama,2026-05-06 23:18:59,57.1,story,False,True
CT005996,C0265,image,Mystery,2025-08-28 03:19:42,36.4,animation,False,False
CT005997,C0267,image,Fantasy,2025-12-11 12:36:35,13.9,"trending,character",True,False
CT005998,C0124,image,Horror,2026-06-13 06:36:35,23.1,"creative,visual,viral",False,False
CT005999,C0274,video,Documentary,2025-08-06 14:44:28,61.4,"viral,ai",False,False
CT006000,C0268,mini,Fantasy,2025-12-09 20:02:24,10.3,viral,False,False
CT006001,C0315,cine,Documentary,2026-03-09 08:13:39,144.6,"cinematic,ai",False,False
CT006002,C0117,mini,Animation,2026-02-28 14:23:39,11.1,"visual,cinematic",False,True
CT006003,C0071,video,Fantasy,2026-08-11 04:12:13,74.3,trending,False,False
CT006004,C0162,cine,Horror,2026-03-29 10:12:04,33.3,"visual,character,experimental",False,False
CT006005,C0006,image,Fantasy,2025-06-12 15:35:09,37.3,story,False,False
CT006006,C0349,video,Drama,2026-08-28 21:53:57,74.2,"experimental,creative,story",False,False
CT006007,C0130,mini,Mystery,2025-09-12 11:52:28,7.7,"ai,trending",False,False
CT006008,C0159,mini,Documentary,2026-02-27 01:54:36,4.6,"cinematic,animation,creative",False,False
CT006009,C0026,mini,Fantasy,2026-07-04 17:30:18,5.8,"trending,animation,cinematic",False,False
CT006010,C0261,mini,Documentary,2026-03-04 22:06:19,8.4,"experimental,trending",False,False
CT006011,C0023,cine,Mystery,2025-07-02 19:34:29,45.6,"ai,cinematic",False,False
CT006012,C0238,mini,Action,2025-11-08 02:53:36,10.9,experimental,False,False
CT006013,C0132,mini,Romance,2025-06-05 14:53:38,14.4,"ai,viral,trending",False,True
CT006014,C0310,mini,Action,2025-12-10 04:35:46,8.6,"ai,cinematic",False,False
CT006015,C0500,mini,Romance,2026-07-06 06:40:56,14.8,"trending,experimental,animation",False,False
CT006016,C0279,mini,Comedy,2025-09-26 12:36:22,5.5,"creative,character,ai",False,False
CT006017,C0400,cine,Fantasy,2026-05-17 06:15:40,27.3,"cinematic,creative",True,False
CT006018,C0105,mini,Fantasy,2025-06-20 10:03:37,16.3,"animation,trending",False,False
CT006019,C0180,video,Drama,2025-09-24 18:27:37,28.7,trending,False,False
CT006020,C0410,mini,Animation,2026-02-17 07:50:14,27.9,"creative,visual,viral",False,False
CT006021,C0189,mini,Documentary,2026-08-15 16:55:58,4.7,"cinematic,trending,viral",False,False
CT006022,C0460,mini,Comedy,2026-03-10 04:18:05,17.1,"visual,character",False,True
CT006023,C0464,mini,Drama,2026-04-21 20:45:45,18.3,"cinematic,experimental",False,False
CT006024,C0372,video,Fantasy,2026-05-19 06:01:25,42.6,"trending,experimental,viral",False,False
CT006025,C0322,image,Mystery,2025-07-25 07:26:45,44.3,viral,False,False
CT006026,C0172,mini,Sci-Fi,2026-08-12 13:17:59,7.8,"cinematic,experimental",False,False
CT006027,C0420,video,Romance,2025-12-27 23:57:42,35.8,trending,False,False
CT006028,C0493,cine,Fantasy,2025-10-19 19:19:08,74.0,"creative,visual,viral",False,False
CT006029,C0433,image,Documentary,2026-06-30 11:15:32,43.4,"visual,trending",False,True
CT006030,C0176,mini,Documentary,2026-01-10 16:22:07,9.0,character,False,False
CT006031,C0086,mini,Animation,2026-04-01 11:43:53,9.0,"trending,visual",False,False
CT006032,C0451,mini,Sci-Fi,2025-11-16 16:38:55,8.2,trending,False,False
CT006033,C0008,mini,Horror,2026-02-23 03:02:18,16.6,ai,False,True
CT006034,C0396,video,Mystery,2025-08-09 16:06:18,33.8,"animation,experimental",False,False
CT006035,C0133,mini,Documentary,2025-12-08 03:38:45,37.6,"creative,experimental,ai",False,False
CT006036,C0386,mini,Sci-Fi,2025-12-24 01:04:04,19.2,"trending,ai",False,True
CT006037,C0296,cine,Documentary,2025-09-22 02:35:43,42.6,ai,False,True
CT006038,C0058,cine,Horror,2026-07-22 00:01:02,102.5,"trending,cinematic,viral",False,True
CT006039,C0451,cine,Mystery,2026-03-07 19:13:18,114.1,viral,False,False
CT006040,C0468,mini,Horror,2026-07-02 22:45:39,10.2,"visual,experimental,ai",False,False
CT006041,C0150,mini,Fantasy,2025-08-10 03:37:11,32.3,"creative,visual,ai",False,False
CT006042,C0079,mini,Horror,2025-12-11 03:53:37,19.7,"visual,creative",False,False
CT006043,C0426,image,Documentary,2026-06-05 07:41:41,14.3,"creative,ai",False,True
CT006044,C0209,mini,Documentary,2025-08-14 08:02:47,19.6,"creative,character,animation",False,False
CT006045,C0326,video,Action,2025-09-04 13:35:36,179.0,"trending,viral",False,False
CT006046,C0413,cine,Documentary,2026-07-27 01:51:39,57.5,trending,False,False
CT006047,C0317,video,Animation,2025-07-25 23:27:06,141.2,ai,True,False
CT006048,C0238,video,Romance,2025-12-26 21:37:54,27.7,trending,False,False
CT006049,C0358,cine,Mystery,2025-07-03 20:17:16,150.9,story,False,False
CT006050,C0043,image,Comedy,2025-11-02 22:27:43,87.6,ai,True,False
CT006051,C0256,mini,Fantasy,2026-06-07 14:22:46,20.9,creative,False,True
CT006052,C0302,mini,Mystery,2025-11-13 21:02:44,8.5,"trending,creative",False,False
CT006053,C0336,image,Animation,2025-12-31 07:35:33,36.7,"character,animation,creative",False,False
CT006054,C0111,mini,Animation,2026-07-23 18:37:12,22.9,trending,False,False
CT006055,C0400,image,Drama,2025-11-29 18:57:20,30.2,cinematic,False,False
CT006056,C0165,mini,Romance,2026-03-01 22:42:58,27.2,cinematic,True,False
CT006057,C0292,mini,Action,2026-01-24 15:53:26,11.2,"character,visual",False,True
CT006058,C0350,mini,Action,2026-04-24 13:37:28,14.8,character,True,False
CT006059,C0023,video,Comedy,2026-02-23 19:32:24,16.2,"character,viral,experimental",False,False
CT006060,C0478,image,Drama,2026-06-15 00:32:44,268.4,"creative,trending",False,False
CT006061,C0256,image,Comedy,2026-07-07 14:37:21,23.5,"cinematic,character",True,False
CT006062,C0005,image,Horror,2026-08-24 22:51:18,112.5,animation,False,False
CT006063,C0299,image,Action,2025-11-04 18:31:08,16.7,trending,False,False
CT006064,C0126,mini,Comedy,2025-08-21 01:23:32,9.2,"creative,trending,animation",False,False
CT006065,C0431,video,Drama,2025-08-25 07:38:18,42.5,trending,False,False
CT006066,C0083,mini,Drama,2026-05-26 04:20:28,16.0,ai,False,False
CT006067,C0003,cine,Comedy,2026-07-02 06:55:51,68.8,animation,False,False
CT006068,C0365,image,Documentary,2025-09-19 02:58:13,25.8,"animation,experimental,story",False,False
CT006069,C0028,video,Fantasy,2026-01-06 03:26:50,46.0,"viral,creative,story",False,False
CT006070,C0104,cine,Romance,2025-06-09 20:04:20,125.3,animation,False,False
CT006071,C0183,cine,Sci-Fi,2026-02-20 06:04:40,113.9,"character,cinematic,ai",False,False
CT006072,C0434,mini,Horror,2026-04-16 21:28:48,10.7,"cinematic,experimental,viral",False,False
CT006073,C0402,mini,Action,2025-08-12 02:52:53,7.6,cinematic,False,False
CT006074,C0301,cine,Horror,2026-07-28 12:54:11,34.8,viral,False,False
CT006075,C0243,image,Horror,2026-06-29 03:15:04,87.8,"trending,creative,visual",False,False
CT006076,C0336,cine,Romance,2026-08-11 14:57:23,16.0,"ai,creative",False,False
CT006077,C0153,mini,Fantasy,2026-08-02 21:32:04,23.7,"cinematic,ai",False,False
CT006078,C0437,cine,Mystery,2025-07-08 15:40:11,23.3,"viral,ai",False,False
CT006079,C0344,mini,Drama,2025-12-22 02:17:33,14.7,viral,True,False
CT006080,C0289,cine,Fantasy,2025-12-12 01:27:00,78.1,"cinematic,character",False,False
CT006081,C0244,image,Drama,2025-06-10 04:30:38,52.2,experimental,False,False
CT006082,C0316,mini,Drama,2026-08-01 16:09:42,12.2,animation,False,False
CT006083,C0283,video,Comedy,2025-06-13 08:05:58,128.7,"visual,character",False,False
CT006084,C0338,image,Action,2026-04-14 05:40:08,743.5,"experimental,ai",False,False
CT006085,C0207,mini,Sci-Fi,2025-10-16 20:22:51,17.7,"animation,ai",False,False
CT006086,C0149,mini,Drama,2026-02-28 10:04:31,6.5,"animation,creative",False,False
CT006087,C0363,mini,Fantasy,2026-01-11 06:32:30,22.1,"character,ai",False,True
CT006088,C0150,video,Comedy,2025-09-09 10:07:36,102.1,"story,viral",False,False
CT006089,C0007,mini,Action,2025-12-15 08:39:33,8.0,"trending,character,viral",True,False
CT006090,C0039,cine,Comedy,2026-04-19 18:08:07,34.0,"story,cinematic",False,True
CT006091,C0001,image,Animation,2026-02-15 09:46:21,36.9,"story,visual",False,False
CT006092,C0259,mini,Romance,2025-09-11 13:50:34,25.1,"ai,animation,creative",False,False
CT006093,C0339,mini,Comedy,2025-09-26 08:49:57,17.4,"trending,ai,visual",False,False
CT006094,C0145,mini,Comedy,2026-04-14 08:17:48,22.0,"animation,visual",False,False
CT006095,C0013,image,Drama,2025-09-04 15:25:22,21.3,trending,False,False
CT006096,C0317,video,Romance,2026-02-27 14:34:04,50.9,trending,False,False
CT006097,C0169,video,Documentary,2026-08-19 04:51:56,68.3,"trending,character",False,False
CT006098,C0400,mini,Comedy,2026-02-18 10:05:03,11.4,"cinematic,animation,experimental",False,True
CT006099,C0181,image,Mystery,2025-10-06 22:47:00,38.6,"viral,visual,story",False,False
CT006100,C0322,cine,Action,2026-04-02 04:35:56,18.5,"visual,ai",False,False
CT006101,C0307,video,Romance,2026-08-06 14:46:14,128.1,"creative,experimental,viral",False,False
CT006102,C0141,cine,Drama,2026-03-23 21:22:58,15.8,"ai,animation,visual",True,False
CT006103,C0386,cine,Drama,2026-02-16 14:39:52,59.3,"ai,story",False,False
CT006104,C0409,mini,Animation,2026-03-07 21:56:13,13.2,"ai,creative,viral",True,True
CT006105,C0410,video,Mystery,2025-07-02 21:58:30,58.2,"character,creative,visual",False,False
CT006106,C0161,image,Romance,2025-06-11 18:13:07,133.6,"character,experimental,visual",True,False
CT006107,C0139,mini,Fantasy,2026-02-27 07:48:14,4.5,trending,False,False
CT006108,C0148,video,Romance,2026-01-04 23:45:54,20.6,"animation,experimental,visual",False,False
CT006109,C0082,image,Comedy,2026-08-24 09:48:54,136.7,cinematic,False,False
CT006110,C0438,mini,Animation,2026-01-04 09:34:57,7.0,"character,trending,story",False,False
CT006111,C0491,cine,Romance,2026-06-18 21:24:08,40.4,character,False,False
CT006112,C0413,mini,Sci-Fi,2026-03-28 12:37:56,15.1,"cinematic,character,animation",False,False
CT006113,C0025,cine,Comedy,2025-10-17 09:59:49,28.1,character,False,False
CT006114,C0473,cine,Mystery,2026-06-29 14:06:33,105.4,"experimental,story,ai",True,False
CT006115,C0407,video,Mystery,2025-07-14 13:13:07,73.3,creative,False,False
CT006116,C0037,mini,Drama,2026-04-14 08:10:25,11.5,"creative,character,animation",False,True
CT006117,C0009,cine,Romance,2025-12-27 23:03:02,121.9,"cinematic,story,ai",True,False
CT006118,C0124,mini,Drama,2026-04-26 17:05:34,10.5,"creative,viral",True,True
CT006119,C0237,mini,Documentary,2025-07-16 00:07:52,9.1,"creative,experimental",False,False
CT006120,C0176,image,Documentary,2025-09-01 06:08:13,32.7,"character,viral,cinematic",False,False
CT006121,C0317,image,Drama,2025-10-14 17:42:44,45.8,creative,False,False
CT006122,C0342,video,Comedy,2026-02-13 21:16:56,29.0,viral,False,False
CT006123,C0239,cine,Sci-Fi,2026-07-24 15:49:34,44.0,"visual,cinematic,creative",False,True
CT006124,C0190,mini,Animation,2026-07-19 20:43:31,18.8,"story,visual",False,False
CT006125,C0281,mini,Mystery,2026-03-26 00:29:23,14.2,"visual,viral,trending",False,False
CT006126,C0053,cine,Romance,2025-07-22 21:29:44,142.2,"viral,visual",False,True
CT006127,C0013,cine,Horror,2026-05-24 05:56:18,21.4,"creative,trending",False,False
CT006128,C0397,mini,Drama,2026-06-23 07:51:47,11.9,"creative,animation,cinematic",False,False
CT006129,C0079,video,Animation,2026-02-02 12:09:42,32.9,"viral,character,animation",False,False
CT006130,C0486,video,Fantasy,2025-07-01 05:02:46,142.0,"animation,cinematic",False,False
CT006131,C0269,image,Drama,2025-08-16 15:58:59,28.3,"viral,visual",False,False
CT006132,C0264,mini,Action,2026-06-03 21:25:03,19.0,experimental,False,False
CT006133,C0412,mini,Sci-Fi,2025-08-08 13:56:05,11.9,"ai,character",False,False
CT006134,C0103,image,Drama,2025-11-02 12:32:19,78.9,viral,False,False
CT006135,C0272,mini,Action,2026-05-16 04:30:14,7.7,"trending,creative,character",True,False
CT006136,C0229,mini,Drama,2025-08-09 06:13:04,9.9,"story,creative",False,False
CT006137,C0246,image,Comedy,2025-12-13 18:21:32,107.1,"character,viral",False,False
CT006138,C0461,mini,Animation,2026-04-08 23:56:58,7.3,character,False,False
CT006139,C0493,mini,Mystery,2026-01-14 23:59:31,5.0,cinematic,False,False
CT006140,C0203,mini,Comedy,2026-07-05 20:20:34,10.7,"visual,viral",True,False
CT006141,C0189,mini,Comedy,2025-08-21 14:01:34,9.6,experimental,False,False
CT006142,C0134,cine,Comedy,2026-02-16 22:28:59,130.1,creative,False,False
CT006143,C0189,image,Comedy,2025-11-12 22:08:35,107.8,viral,False,False
CT006144,C0217,mini,Mystery,2026-02-11 04:31:36,17.4,"creative,cinematic,experimental",True,False
CT006145,C0041,mini,Animation,2025-07-31 07:06:36,10.0,"trending,animation,cinematic",False,False
CT006146,C0117,mini,Documentary,2026-04-10 04:00:16,6.6,"visual,animation",False,False
CT006147,C0392,cine,Drama,2025-09-02 06:18:45,22.8,experimental,True,False
CT006148,C0359,mini,Sci-Fi,2026-06-04 22:03:48,9.1,"cinematic,viral,trending",False,True
CT006149,C0034,mini,Sci-Fi,2026-07-11 07:58:24,16.8,cinematic,False,False
CT006150,C0442,image,Mystery,2025-11-03 05:00:49,71.0,"viral,cinematic",False,False
CT006151,C0070,video,Comedy,2026-04-23 19:25:55,78.3,"character,experimental",True,False
CT006152,C0084,mini,Sci-Fi,2026-02-05 03:54:28,14.2,animation,False,True
CT006153,C0029,mini,Action,2026-06-24 11:34:28,13.0,"visual,story",False,True
CT006154,C0078,image,Drama,2026-07-28 06:51:32,98.7,"trending,story,viral",False,False
CT006155,C0097,image,Sci-Fi,2026-07-04 14:57:14,23.2,"visual,animation,cinematic",False,False
CT006156,C0441,mini,Drama,2025-09-27 11:02:12,5.2,"story,cinematic",False,True
CT006157,C0218,video,Action,2026-02-24 20:32:32,35.5,"trending,character,ai",False,False
CT006158,C0103,cine,Drama,2025-07-13 11:17:30,19.9,"trending,character",False,False
CT006159,C0023,video,Mystery,2025-10-17 17:14:52,108.5,"viral,trending",False,False
CT006160,C0124,video,Horror,2025-11-13 11:10:23,75.6,story,False,False
CT006161,C0204,video,Sci-Fi,2026-01-11 14:27:07,29.1,"character,cinematic",False,False
CT006162,C0221,mini,Documentary,2026-06-15 13:11:51,19.9,story,True,False
CT006163,C0234,mini,Comedy,2025-06-09 14:24:10,10.6,"experimental,visual",False,False
CT006164,C0102,mini,Drama,2026-01-11 20:55:43,5.8,"character,trending,creative",False,False
CT006165,C0056,image,Drama,2026-06-08 16:59:13,20.7,"cinematic,story,creative",False,False
CT006166,C0238,mini,Horror,2025-09-14 03:34:54,14.6,viral,False,False
CT006167,C0028,mini,Romance,2026-06-02 00:00:05,13.3,"creative,animation",False,False
CT006168,C0440,mini,Romance,2025-07-06 02:20:19,9.5,"ai,character",True,False
CT006169,C0160,mini,Action,2026-01-18 19:10:20,14.4,"experimental,animation,visual",False,False
CT006170,C0327,image,Comedy,2026-08-24 19:31:14,94.4,"cinematic,ai,viral",False,False
CT006171,C0323,video,Mystery,2025-11-20 03:53:08,35.9,"character,ai,visual",False,False
CT006172,C0020,mini,Horror,2026-03-19 21:19:02,10.6,character,True,False
CT006173,C0298,mini,Mystery,2025-08-18 16:56:59,13.3,"animation,story,ai",False,True
CT006174,C0311,image,Fantasy,2025-12-10 08:42:55,50.2,"story,ai",False,False
CT006175,C0066,cine,Drama,2025-07-05 11:11:44,20.4,character,False,False
CT006176,C0283,mini,Documentary,2025-07-23 18:22:37,13.5,"cinematic,visual,character",False,False
CT006177,C0047,mini,Comedy,2025-10-27 04:28:20,14.7,experimental,True,False
CT006178,C0232,cine,Action,2026-08-22 11:55:22,115.5,experimental,False,False
CT006179,C0094,mini,Comedy,2026-08-02 11:43:18,15.5,"cinematic,character",False,False
CT006180,C0165,cine,Documentary,2025-06-27 16:42:19,78.5,"visual,trending,animation",True,False
CT006181,C0432,video,Action,2025-07-02 08:27:39,94.2,"visual,ai",False,True
CT006182,C0447,video,Horror,2026-04-10 13:15:32,25.9,"creative,character,viral",False,False
CT006183,C0466,image,Comedy,2026-08-07 19:22:41,74.9,viral,False,False
CT006184,C0479,mini,Mystery,2026-01-17 18:12:30,20.1,"creative,story,animation",False,False
CT006185,C0260,video,Documentary,2026-01-28 01:52:12,69.8,viral,False,False
CT006186,C0430,image,Horror,2026-03-02 08:12:11,50.2,creative,False,False
CT006187,C0447,cine,Horror,2025-12-19 00:58:28,12.3,"ai,story",True,False
CT006188,C0138,mini,Animation,2026-05-06 14:19:58,11.9,"ai,character,creative",False,False
CT006189,C0066,image,Fantasy,2025-07-27 01:39:20,48.6,"story,ai,trending",False,False
CT006190,C0195,image,Animation,2025-06-28 00:35:39,43.3,ai,False,False
CT006191,C0319,cine,Animation,2025-07-03 13:08:25,17.3,character,False,False
CT006192,C0059,mini,Animation,2025-09-10 11:56:50,9.3,"character,experimental",False,True
CT006193,C0320,mini,Horror,2026-02-04 06:35:21,5.8,"trending,character,story",False,False
CT006194,C0161,cine,Horror,2025-09-28 17:06:57,13.3,"cinematic,visual,ai",False,False
CT006195,C0224,mini,Mystery,2026-02-28 23:13:30,6.9,"story,cinematic,viral",False,False
CT006196,C0189,cine,Action,2025-06-09 14:26:57,73.6,cinematic,False,False
CT006197,C0371,mini,Animation,2025-12-15 22:45:08,34.2,"character,cinematic",False,False
CT006198,C0161,image,Horror,2025-08-07 03:40:25,44.4,character,False,False
CT006199,C0235,mini,Romance,2025-10-10 00:32:31,9.8,story,False,True
CT006200,C0314,mini,Drama,2026-03-22 20:09:23,6.0,"experimental,creative,cinematic",False,False
CT006201,C0428,video,Sci-Fi,2025-06-07 00:48:58,74.0,"cinematic,viral",False,False
CT006202,C0227,mini,Documentary,2026-05-18 04:03:33,8.9,"experimental,trending,visual",True,False
CT006203,C0067,cine,Romance,2025-09-30 14:30:46,34.9,"story,visual",False,False
CT006204,C0280,mini,Romance,2026-06-28 17:17:02,10.4,ai,False,False
CT006205,C0009,image,Action,2026-04-22 23:00:50,103.5,"ai,viral",False,True
CT006206,C0332,mini,Action,2026-07-18 10:27:24,7.9,"ai,creative,experimental",False,False
CT006207,C0188,cine,Documentary,2026-03-04 08:13:29,92.1,"story,visual,ai",False,False
CT006208,C0319,cine,Animation,2025-12-04 19:03:32,121.4,"viral,trending",False,False
CT006209,C0063,image,Documentary,2025-08-12 02:11:48,28.5,"story,trending",False,False
CT006210,C0242,cine,Animation,2025-07-04 01:36:47,42.9,"character,experimental",False,False
CT006211,C0090,mini,Mystery,2026-05-28 19:23:16,10.4,"character,animation,viral",True,False
CT006212,C0275,image,Sci-Fi,2026-03-22 00:55:39,13.9,"ai,experimental,character",False,False
CT006213,C0028,cine,Animation,2025-08-07 17:03:12,35.9,"animation,character",False,True
CT006214,C0258,image,Sci-Fi,2025-07-14 13:00:03,61.5,animation,False,False
CT006215,C0215,cine,Horror,2026-05-29 17:32:23,113.7,"animation,story",False,False
CT006216,C0066,video,Fantasy,2025-06-28 04:13:07,78.5,ai,False,False
CT006217,C0368,cine,Horror,2026-01-20 18:07:55,35.2,"trending,visual",True,False
CT006218,C0419,image,Drama,2025-10-27 02:29:36,106.7,"story,trending,visual",False,False
CT006219,C0275,cine,Horror,2026-04-23 22:09:19,67.7,"experimental,creative",False,False
CT006220,C0259,mini,Documentary,2025-06-27 10:01:27,19.7,viral,False,False
CT006221,C0178,cine,Drama,2025-07-08 20:34:43,63.2,"trending,creative",False,False
CT006222,C0133,cine,Sci-Fi,2025-08-03 19:14:39,96.6,"story,visual",False,True
CT006223,C0006,mini,Sci-Fi,2026-05-04 21:22:10,5.4,cinematic,False,False
CT006224,C0236,image,Documentary,2026-04-21 20:26:48,24.5,animation,True,False
CT006225,C0253,mini,Comedy,2026-04-25 23:38:33,8.0,"experimental,visual",False,True
CT006226,C0018,image,Drama,2026-02-18 10:44:16,238.1,visual,False,False
CT006227,C0160,mini,Action,2025-08-19 21:58:19,11.7,ai,True,False
CT006228,C0275,cine,Documentary,2025-09-12 17:01:17,58.3,"trending,character,viral",False,False
CT006229,C0116,mini,Fantasy,2025-08-02 17:14:01,13.1,"ai,animation",False,False
CT006230,C0289,mini,Animation,2025-07-28 05:48:36,26.7,"trending,animation,visual",False,False
CT006231,C0224,image,Drama,2026-05-08 09:43:45,97.5,"ai,animation",False,False
CT006232,C0464,mini,Romance,2025-12-26 06:48:58,7.3,viral,False,True
CT006233,C0085,mini,Sci-Fi,2025-12-07 18:25:02,8.8,"creative,character",False,False
CT006234,C0018,mini,Sci-Fi,2025-08-07 01:55:15,16.7,trending,False,False
CT006235,C0161,mini,Action,2026-03-23 08:16:39,17.1,"viral,experimental",False,False
CT006236,C0401,mini,Action,2026-06-15 04:25:51,6.4,"animation,ai",True,False
CT006237,C0457,image,Drama,2025-06-05 03:03:12,10.4,creative,False,False
CT006238,C0315,mini,Drama,2026-07-30 21:20:48,14.1,"visual,story",False,False
CT006239,C0300,cine,Romance,2025-08-23 17:51:11,57.6,creative,False,False
CT006240,C0363,cine,Horror,2026-07-21 12:34:02,90.4,visual,False,True
CT006241,C0494,mini,Documentary,2026-05-07 03:23:48,6.0,viral,False,False
CT006242,C0472,mini,Comedy,2026-07-11 22:51:15,20.1,"visual,animation,character",False,False
CT006243,C0309,mini,Romance,2025-08-30 16:23:23,5.1,creative,False,False
CT006244,C0178,mini,Action,2026-02-13 04:44:50,16.0,"trending,experimental",False,False
CT006245,C0049,mini,Comedy,2025-07-07 14:36:22,4.1,"story,cinematic,animation",False,False
CT006246,C0084,image,Sci-Fi,2025-12-22 04:56:56,65.3,"character,experimental,visual",False,False
CT006247,C0326,mini,Romance,2025-08-19 20:17:09,10.2,"character,visual",False,False
CT006248,C0039,cine,Drama,2025-07-03 09:21:46,168.1,trending,False,True
CT006249,C0433,mini,Mystery,2026-06-15 13:48:09,25.0,"experimental,animation",False,False
CT006250,C0237,video,Comedy,2026-05-11 17:27:56,59.3,ai,False,False
CT006251,C0451,mini,Romance,2025-11-06 00:25:51,11.2,cinematic,False,False
CT006252,C0428,mini,Horror,2025-12-06 21:38:30,10.7,"cinematic,visual,viral",True,True
CT006253,C0275,mini,Drama,2026-01-28 17:08:47,8.3,"story,cinematic,character",False,False
CT006254,C0213,video,Romance,2026-03-04 15:45:58,113.3,"trending,character,creative",False,True
CT006255,C0063,cine,Animation,2026-02-19 08:06:54,202.1,"ai,visual,experimental",True,False
CT006256,C0479,mini,Comedy,2025-10-18 04:43:56,30.8,"cinematic,character",True,False
CT006257,C0319,mini,Action,2025-11-17 22:09:27,8.1,animation,False,False
CT006258,C0209,image,Documentary,2026-08-26 01:34:37,48.6,"creative,character,animation",False,True
CT006259,C0073,image,Mystery,2025-07-13 17:25:51,42.8,"character,trending,experimental",False,False
CT006260,C0426,mini,Action,2025-12-02 11:20:15,8.2,animation,False,False
CT006261,C0030,mini,Sci-Fi,2025-09-26 02:27:58,11.1,"viral,character",False,False
CT006262,C0332,mini,Documentary,2025-09-20 05:27:20,28.0,cinematic,True,False
CT006263,C0104,mini,Mystery,2025-08-11 23:05:17,23.2,"animation,trending",False,False
CT006264,C0308,mini,Mystery,2025-07-16 01:39:26,12.3,"viral,story,creative",False,False
CT006265,C0049,mini,Action,2026-07-20 17:47:16,6.2,viral,False,False
CT006266,C0402,mini,Sci-Fi,2026-07-02 21:09:10,14.3,"creative,ai",False,False
CT006267,C0220,image,Action,2026-05-04 11:31:07,56.5,cinematic,False,False
CT006268,C0217,mini,Sci-Fi,2026-07-28 23:44:25,7.5,"creative,experimental",False,False
CT006269,C0472,mini,Animation,2026-06-11 07:28:54,16.8,character,False,False
CT006270,C0091,video,Fantasy,2025-07-29 13:23:00,27.9,"viral,trending",True,True
CT006271,C0331,mini,Sci-Fi,2026-06-06 09:15:11,12.8,trending,False,False
CT006272,C0285,mini,Action,2026-06-04 10:43:59,15.2,"visual,trending,story",False,False
CT006273,C0340,mini,Comedy,2025-06-01 23:48:02,16.9,"trending,animation",False,False
CT006274,C0328,cine,Fantasy,2026-07-06 19:00:38,58.6,"character,viral",False,False
CT006275,C0400,cine,Sci-Fi,2026-05-08 13:08:11,60.0,"experimental,ai,cinematic",False,False
CT006276,C0177,cine,Drama,2026-08-28 05:38:16,22.8,"ai,animation,creative",False,False
CT006277,C0125,mini,Horror,2026-01-06 19:37:04,12.0,"visual,ai,trending",False,False
CT006278,C0336,cine,Animation,2026-05-05 09:43:35,91.0,"animation,character",True,False
CT006279,C0284,video,Romance,2026-05-20 05:36:49,45.5,ai,False,False
CT006280,C0455,mini,Horror,2026-03-31 21:17:14,10.0,visual,True,False
CT006281,C0357,cine,Mystery,2026-08-12 16:31:31,42.7,character,False,False
CT006282,C0116,image,Animation,2025-08-05 01:46:47,23.3,creative,True,False
CT006283,C0153,mini,Horror,2025-11-11 02:51:01,10.1,"experimental,animation,character",False,False
CT006284,C0341,mini,Mystery,2025-07-14 17:14:28,24.8,"story,visual,animation",False,False
CT006285,C0193,mini,Animation,2026-03-03 18:46:18,9.9,visual,True,False
CT006286,C0457,cine,Drama,2025-06-12 04:51:25,58.6,"character,creative",False,True
CT006287,C0354,video,Horror,2025-10-17 21:34:13,42.8,visual,False,False
CT006288,C0184,video,Fantasy,2026-05-04 06:51:02,29.9,story,False,True
CT006289,C0405,image,Animation,2026-07-13 13:49:19,75.3,"cinematic,experimental,viral",False,False
CT006290,C0347,mini,Action,2025-09-10 08:16:38,9.8,"visual,cinematic",False,False
CT006291,C0180,mini,Sci-Fi,2025-09-24 20:01:38,18.9,"viral,ai",False,False
CT006292,C0206,mini,Sci-Fi,2025-06-13 03:39:30,12.4,"trending,creative,cinematic",True,False
CT006293,C0312,mini,Sci-Fi,2025-11-08 04:05:22,16.8,"cinematic,viral,experimental",False,False
CT006294,C0124,video,Sci-Fi,2026-04-17 14:26:20,65.6,story,False,False
CT006295,C0333,mini,Drama,2026-07-10 21:40:34,5.4,"viral,cinematic",False,False
CT006296,C0166,cine,Animation,2025-12-09 19:49:31,72.9,"animation,story",False,False
CT006297,C0459,mini,Mystery,2025-07-16 23:42:19,14.3,"creative,character",False,False
CT006298,C0284,image,Horror,2025-10-25 09:04:02,24.4,"cinematic,character",False,False
CT006299,C0394,cine,Romance,2026-01-12 06:30:12,198.3,"creative,cinematic,animation",True,False
CT006300,C0273,mini,Romance,2026-03-04 06:18:33,11.1,ai,True,False
CT006301,C0098,image,Action,2026-02-21 01:35:20,72.9,cinematic,True,False
CT006302,C0336,cine,Action,2026-05-31 23:59:22,95.4,"trending,visual,experimental",False,False
CT006303,C0308,cine,Fantasy,2026-02-20 00:46:29,42.0,"visual,animation,character",True,False
CT006304,C0075,mini,Romance,2025-12-01 22:46:24,5.8,"trending,experimental",False,False
CT006305,C0475,cine,Drama,2025-07-25 18:05:14,21.0,ai,False,False
CT006306,C0044,cine,Documentary,2026-08-01 22:25:17,27.0,story,False,False
CT006307,C0190,mini,Mystery,2025-06-19 00:11:08,11.4,"animation,experimental",False,False
CT006308,C0064,cine,Drama,2025-10-28 23:35:05,32.0,"animation,visual",False,False
CT006309,C0384,video,Romance,2025-12-07 23:43:47,22.2,"animation,viral,trending",False,False
CT006310,C0215,mini,Comedy,2026-07-11 21:01:51,14.0,story,False,False
CT006311,C0267,mini,Fantasy,2025-12-24 23:02:00,6.2,cinematic,False,True
CT006312,C0445,mini,Sci-Fi,2025-12-06 09:44:24,19.0,"ai,animation",False,False
CT006313,C0219,cine,Documentary,2026-08-04 20:31:00,16.5,creative,True,False
CT006314,C0247,image,Drama,2025-11-14 08:55:37,56.9,"ai,character,creative",False,False
CT006315,C0283,image,Sci-Fi,2026-05-11 13:58:52,157.6,ai,True,False
CT006316,C0457,cine,Comedy,2025-06-15 19:25:51,21.5,experimental,False,False
CT006317,C0212,video,Action,2026-02-28 23:28:03,21.9,"visual,character",False,False
CT006318,C0124,mini,Horror,2026-04-29 03:01:21,16.1,trending,True,False
CT006319,C0159,image,Sci-Fi,2025-09-04 19:28:59,65.4,"ai,cinematic",True,False
CT006320,C0272,image,Horror,2026-05-13 06:01:12,27.1,"cinematic,trending",False,False
CT006321,C0381,mini,Documentary,2026-07-17 01:27:17,8.5,animation,True,False
CT006322,C0427,mini,Horror,2025-06-25 08:58:38,15.3,"cinematic,animation",False,False
CT006323,C0262,video,Mystery,2025-08-28 05:58:09,155.5,"story,cinematic",False,False
CT006324,C0233,mini,Drama,2025-08-05 18:44:07,9.0,story,False,False
CT006325,C0468,image,Comedy,2026-08-07 00:04:27,18.0,"ai,animation,visual",False,False
CT006326,C0332,mini,Romance,2025-10-11 21:21:38,32.8,"visual,ai,animation",False,False
CT006327,C0005,image,Documentary,2026-08-06 08:19:02,121.2,"experimental,animation",False,False
CT006328,C0324,mini,Documentary,2025-11-21 06:25:10,17.2,"character,trending",False,False
CT006329,C0385,cine,Mystery,2026-08-20 22:03:06,41.9,"creative,cinematic",True,False
CT006330,C0386,mini,Fantasy,2026-02-12 07:40:17,7.4,"animation,story,visual",False,False
CT006331,C0077,mini,Animation,2025-10-08 01:21:24,18.6,"trending,viral,experimental",False,False
CT006332,C0253,image,Fantasy,2026-01-18 21:00:31,67.2,"ai,story,trending",False,False
CT006333,C0377,cine,Animation,2025-08-02 16:38:32,33.9,"experimental,character,visual",False,True
CT006334,C0460,image,Comedy,2025-08-30 23:12:03,28.3,trending,True,False
CT006335,C0435,mini,Animation,2026-03-14 17:20:37,16.7,"story,trending",False,False
CT006336,C0393,mini,Drama,2026-05-10 10:53:25,8.0,trending,False,False
CT006337,C0392,video,Fantasy,2025-12-10 19:29:13,239.8,"creative,animation,ai",False,False
CT006338,C0177,cine,Action,2026-06-25 19:16:20,25.1,experimental,False,True
CT006339,C0297,image,Drama,2025-11-25 03:44:14,52.4,character,False,False
CT006340,C0018,mini,Sci-Fi,2025-11-18 15:14:00,14.1,trending,True,False
CT006341,C0064,cine,Drama,2026-02-09 16:14:21,70.5,visual,False,False
CT006342,C0127,image,Sci-Fi,2025-11-27 17:13:27,47.2,"creative,experimental",False,False
CT006343,C0479,mini,Comedy,2026-04-11 09:29:44,7.2,viral,False,True
CT006344,C0125,mini,Horror,2026-07-17 07:14:41,13.0,"viral,visual,experimental",False,True
CT006345,C0162,mini,Horror,2025-10-30 10:46:14,17.7,"ai,viral",False,False
CT006346,C0406,video,Drama,2026-01-09 10:21:00,133.4,"animation,story",False,True
CT006347,C0014,video,Comedy,2025-10-31 19:29:53,102.5,"character,ai",False,False
CT006348,C0088,mini,Documentary,2026-02-25 08:58:51,6.8,visual,True,False
CT006349,C0001,image,Romance,2026-03-06 07:46:42,101.7,"ai,creative,experimental",False,False
CT006350,C0298,cine,Comedy,2025-12-23 17:37:57,58.5,"character,experimental",False,False
CT006351,C0367,video,Horror,2025-07-03 12:25:02,83.8,"visual,ai",True,False
CT006352,C0466,cine,Mystery,2026-07-28 10:58:28,28.9,"experimental,viral",True,False
CT006353,C0415,mini,Fantasy,2026-04-16 04:12:53,4.8,"creative,character",False,False
CT006354,C0363,video,Mystery,2026-04-25 22:30:48,120.9,story,False,False
CT006355,C0402,video,Sci-Fi,2026-05-31 08:22:56,226.1,"creative,story,character",True,False
CT006356,C0453,cine,Comedy,2025-06-13 01:04:53,68.7,visual,False,False
CT006357,C0280,mini,Romance,2026-07-07 04:00:29,8.8,"visual,experimental",False,False
CT006358,C0064,image,Comedy,2025-07-10 06:04:13,70.0,"animation,ai,visual",False,False
CT006359,C0313,mini,Mystery,2026-05-10 17:56:51,7.6,creative,False,False
CT006360,C0156,image,Animation,2026-08-10 05:36:31,44.1,cinematic,False,False
CT006361,C0450,video,Romance,2026-01-18 01:48:04,27.0,"creative,experimental",True,False
CT006362,C0263,mini,Drama,2026-04-23 04:35:38,18.8,experimental,True,False
CT006363,C0332,mini,Mystery,2026-07-04 11:01:28,11.8,"visual,character,viral",False,True
CT006364,C0258,mini,Drama,2026-02-14 05:32:20,24.3,"story,visual,character",False,False
CT006365,C0177,video,Mystery,2026-01-10 21:22:15,17.0,"creative,trending,ai",False,False
CT006366,C0457,image,Mystery,2026-06-04 10:38:50,17.2,"trending,cinematic",False,False
CT006367,C0475,mini,Action,2026-05-25 21:52:01,11.3,"viral,cinematic",True,False
CT006368,C0441,video,Action,2025-07-08 18:51:46,23.0,viral,False,False
CT006369,C0478,video,Romance,2025-06-30 00:09:59,188.3,"creative,ai",False,True
CT006370,C0009,video,Mystery,2026-04-21 22:32:57,220.5,story,False,False
CT006371,C0311,cine,Romance,2026-04-20 07:41:40,26.3,"cinematic,animation",False,True
CT006372,C0211,image,Mystery,2026-06-06 12:49:09,33.7,"ai,viral",True,False
CT006373,C0274,mini,Comedy,2025-07-09 08:24:01,40.9,"animation,character",False,False
CT006374,C0218,mini,Horror,2025-08-11 02:19:44,5.0,"animation,trending",False,False
CT006375,C0463,cine,Sci-Fi,2025-06-13 15:11:05,61.5,"creative,viral,animation",True,False
CT006376,C0410,mini,Fantasy,2025-10-08 03:06:36,8.0,"trending,ai,character",False,False
CT006377,C0389,mini,Comedy,2026-01-16 00:32:28,16.4,trending,False,False
CT006378,C0327,mini,Mystery,2025-11-12 15:58:51,21.9,"story,trending",False,False
CT006379,C0061,cine,Drama,2025-07-25 11:14:10,37.5,character,False,True
CT006380,C0092,cine,Documentary,2026-02-08 07:56:59,128.2,"viral,character,cinematic",True,False
CT006381,C0475,video,Comedy,2025-10-27 06:05:29,33.6,animation,True,False
CT006382,C0026,mini,Action,2025-10-09 22:58:37,10.8,"character,ai",False,False
CT006383,C0361,cine,Sci-Fi,2026-05-20 01:18:11,93.1,"experimental,character,visual",False,False
CT006384,C0289,image,Horror,2025-10-24 05:40:44,55.0,story,False,True
CT006385,C0370,image,Animation,2026-02-06 22:18:10,46.6,viral,False,False
CT006386,C0492,mini,Documentary,2025-07-01 12:14:35,11.0,"ai,trending,visual",False,False
CT006387,C0198,image,Drama,2026-05-01 10:05:22,29.7,"creative,trending,ai",False,False
CT006388,C0293,video,Romance,2026-02-03 11:00:28,93.9,"visual,cinematic,trending",False,False
CT006389,C0005,image,Romance,2026-05-24 07:12:01,49.8,"story,ai",False,False
CT006390,C0175,mini,Horror,2025-10-16 13:23:27,19.9,animation,False,False
CT006391,C0140,image,Drama,2026-01-05 23:54:17,25.4,trending,True,False
CT006392,C0412,image,Mystery,2025-12-13 08:21:01,213.5,"story,experimental",False,False
CT006393,C0166,mini,Horror,2026-08-24 10:51:30,7.6,ai,False,False
CT006394,C0155,image,Animation,2025-07-17 07:37:11,19.6,"character,cinematic,animation",False,False
CT006395,C0222,mini,Horror,2025-09-01 03:44:02,13.5,"experimental,trending,viral",False,False
CT006396,C0291,mini,Romance,2026-08-17 07:27:41,13.1,"cinematic,ai",True,False
CT006397,C0347,mini,Romance,2025-07-09 17:14:41,5.9,character,False,False
CT006398,C0483,mini,Sci-Fi,2025-10-05 21:59:14,6.4,"experimental,cinematic,character",False,False
CT006399,C0219,mini,Comedy,2025-10-24 05:30:03,13.0,"story,trending,experimental",False,False
CT006400,C0304,video,Action,2026-05-25 19:12:48,49.4,animation,True,False
CT006401,C0184,mini,Mystery,2026-05-14 16:54:27,8.2,ai,False,False
CT006402,C0295,mini,Action,2026-07-01 21:58:23,6.0,story,False,False
CT006403,C0126,image,Action,2025-07-14 21:15:05,105.3,cinematic,False,False
CT006404,C0118,cine,Mystery,2025-09-07 04:51:15,275.4,animation,False,False
CT006405,C0387,cine,Action,2025-12-30 20:00:47,45.4,"visual,ai",False,False
CT006406,C0330,video,Documentary,2026-04-30 01:07:20,40.6,trending,False,False
CT006407,C0394,image,Drama,2026-02-16 12:46:40,58.8,"viral,creative",False,False
CT006408,C0361,image,Documentary,2026-01-25 01:45:29,89.4,"viral,experimental,story",False,False
CT006409,C0182,cine,Documentary,2026-06-04 10:21:03,117.7,cinematic,False,True
CT006410,C0392,cine,Documentary,2025-08-30 07:33:43,27.2,"trending,creative,experimental",True,False
CT006411,C0109,image,Drama,2026-06-21 17:28:00,298.1,"ai,creative,animation",False,False
CT006412,C0003,mini,Animation,2026-03-28 09:06:44,18.9,"creative,trending",False,False
CT006413,C0110,mini,Documentary,2025-09-17 22:53:56,11.1,"creative,cinematic,viral",False,False
CT006414,C0340,mini,Romance,2025-12-17 14:40:41,10.6,"trending,viral,visual",False,True
CT006415,C0327,mini,Comedy,2025-10-03 23:41:38,22.5,viral,False,False
CT006416,C0370,mini,Sci-Fi,2025-10-19 20:59:48,8.1,viral,False,False
CT006417,C0386,image,Documentary,2026-04-08 21:18:19,16.1,"creative,viral,visual",True,False
CT006418,C0111,image,Sci-Fi,2025-10-17 17:30:23,30.6,"story,experimental,viral",False,False
CT006419,C0393,mini,Mystery,2026-06-28 01:25:17,8.5,"animation,viral,character",False,False
CT006420,C0230,cine,Romance,2025-07-15 14:30:00,60.3,"cinematic,story",False,False
CT006421,C0430,mini,Comedy,2025-08-16 18:30:55,24.9,"cinematic,visual",False,False
CT006422,C0011,cine,Comedy,2026-07-22 10:47:04,33.6,"character,creative,cinematic",False,False
CT006423,C0376,mini,Fantasy,2026-04-26 12:34:00,6.0,"story,visual,experimental",True,False
CT006424,C0342,video,Romance,2025-12-18 12:51:00,104.4,story,False,False
CT006425,C0239,mini,Documentary,2025-09-17 09:04:29,8.2,"trending,experimental",False,False
CT006426,C0432,image,Animation,2025-09-25 05:12:23,54.4,story,False,True
CT006427,C0130,mini,Romance,2025-08-22 09:12:59,14.1,"viral,cinematic,visual",False,False
CT006428,C0185,image,Romance,2026-07-15 02:33:47,17.6,"creative,trending",True,False
CT006429,C0185,mini,Comedy,2025-11-01 22:11:56,14.6,"experimental,cinematic",True,False
CT006430,C0241,image,Documentary,2026-08-02 03:11:51,144.7,visual,False,False
CT006431,C0142,video,Romance,2026-05-29 08:42:55,145.1,creative,False,False
CT006432,C0339,video,Documentary,2025-11-11 10:37:35,130.8,"cinematic,trending,ai",False,False
CT006433,C0050,video,Mystery,2026-05-05 14:28:47,70.8,"creative,visual",True,False
CT006434,C0019,mini,Documentary,2026-01-04 12:46:27,7.6,experimental,False,False
CT006435,C0075,mini,Mystery,2026-01-05 06:53:56,24.7,"cinematic,experimental,viral",False,False
CT006436,C0220,video,Animation,2026-05-17 19:57:38,42.1,viral,False,False
CT006437,C0007,video,Drama,2026-04-22 16:03:59,13.2,"ai,trending,creative",False,False
CT006438,C0311,cine,Comedy,2025-09-08 18:16:55,63.2,"experimental,viral",False,False
CT006439,C0098,mini,Action,2025-12-03 01:34:16,9.2,"experimental,cinematic",False,False
CT006440,C0378,mini,Comedy,2026-08-01 08:21:06,17.9,"creative,trending,animation",False,False
CT006441,C0415,mini,Romance,2025-09-04 23:48:51,12.0,"animation,experimental",True,False
CT006442,C0423,cine,Action,2026-04-22 03:20:25,129.0,"character,visual",True,False
CT006443,C0269,image,Comedy,2026-06-20 09:56:52,24.9,visual,False,False
CT006444,C0264,mini,Sci-Fi,2026-03-01 22:10:52,9.5,visual,False,False
CT006445,C0193,mini,Sci-Fi,2025-06-25 12:40:51,8.6,ai,False,True
CT006446,C0067,mini,Action,2026-06-24 02:30:45,18.3,ai,True,True
CT006447,C0119,mini,Sci-Fi,2026-07-16 20:46:41,12.7,"visual,character,creative",False,True
CT006448,C0124,image,Animation,2026-03-21 11:00:47,150.7,cinematic,False,False
CT006449,C0294,mini,Fantasy,2026-05-26 17:27:51,9.9,experimental,True,False
CT006450,C0006,video,Animation,2025-06-21 12:32:21,44.5,"ai,trending",False,False
CT006451,C0487,mini,Action,2026-04-26 22:52:00,8.6,ai,False,False
CT006452,C0059,image,Comedy,2026-06-02 20:06:10,55.0,creative,False,False
CT006453,C0175,mini,Comedy,2026-02-15 12:29:24,9.4,"experimental,animation,ai",False,False
CT006454,C0170,cine,Romance,2026-01-25 23:20:56,57.6,"story,experimental",False,False
CT006455,C0424,image,Romance,2026-06-05 08:47:14,58.1,"trending,ai",False,False
CT006456,C0311,mini,Documentary,2026-03-29 19:10:41,9.3,creative,False,False
CT006457,C0464,cine,Animation,2025-06-13 20:50:16,21.6,animation,False,False
CT006458,C0447,image,Romance,2025-08-24 00:24:29,61.8,"experimental,animation,trending",False,False
CT006459,C0394,mini,Fantasy,2026-02-25 12:02:52,7.1,visual,False,False
CT006460,C0075,cine,Mystery,2026-03-04 02:25:01,106.2,"trending,cinematic",True,False
CT006461,C0294,cine,Horror,2025-09-28 00:49:28,98.3,visual,True,False
CT006462,C0293,image,Documentary,2025-08-03 09:09:22,175.7,"viral,creative",False,False
CT006463,C0150,mini,Comedy,2026-03-19 12:09:20,19.0,creative,False,True
CT006464,C0019,cine,Drama,2025-10-20 07:46:19,53.0,viral,False,False
CT006465,C0017,video,Action,2026-04-04 16:10:51,19.5,"character,animation",False,True
CT006466,C0192,image,Animation,2026-03-29 04:52:43,37.0,"character,viral",False,False
CT006467,C0368,mini,Sci-Fi,2025-09-06 22:07:50,18.2,"trending,visual",True,False
CT006468,C0084,mini,Animation,2026-05-16 20:22:50,16.3,"cinematic,viral,ai",True,False
CT006469,C0472,mini,Romance,2025-08-10 14:12:08,9.6,"viral,ai",False,False
CT006470,C0145,mini,Documentary,2025-11-30 07:12:14,10.2,experimental,False,True
CT006471,C0338,mini,Romance,2026-02-23 21:08:02,9.7,"creative,cinematic",False,False
CT006472,C0025,mini,Romance,2026-07-10 05:15:25,8.5,"trending,ai,viral",True,False
CT006473,C0019,video,Action,2026-08-03 21:40:20,136.7,viral,False,False
CT006474,C0252,image,Romance,2026-04-13 07:54:42,65.2,character,True,False
CT006475,C0071,mini,Sci-Fi,2026-03-30 12:44:39,9.7,experimental,False,False
CT006476,C0316,mini,Drama,2026-01-15 03:42:57,8.5,"character,visual",False,False
CT006477,C0196,image,Mystery,2026-01-07 18:38:12,27.0,animation,False,False
CT006478,C0118,mini,Comedy,2026-02-09 22:59:10,23.0,"visual,cinematic,creative",False,False
CT006479,C0495,mini,Horror,2026-08-01 13:59:41,12.9,"viral,trending,cinematic",False,False
CT006480,C0198,video,Comedy,2026-03-24 18:58:52,45.7,"animation,character,cinematic",False,True
CT006481,C0043,image,Horror,2026-06-09 10:13:12,142.8,"ai,animation",False,False
CT006482,C0074,video,Animation,2026-02-07 20:09:09,62.3,"cinematic,creative",False,False
CT006483,C0157,image,Animation,2026-05-01 03:45:11,16.3,trending,False,False
CT006484,C0250,image,Sci-Fi,2026-06-23 16:49:44,41.7,viral,False,False
CT006485,C0271,image,Mystery,2025-12-17 10:49:14,65.8,visual,False,False
CT006486,C0224,cine,Action,2026-03-22 03:28:25,66.9,"character,visual,experimental",False,False
CT006487,C0060,mini,Action,2026-01-11 01:48:56,6.7,animation,False,False
CT006488,C0132,mini,Animation,2026-01-19 23:46:14,25.7,"ai,character,creative",False,False
CT006489,C0060,cine,Action,2025-09-29 15:59:57,82.3,experimental,False,False
CT006490,C0259,mini,Documentary,2026-06-17 12:51:16,38.4,"viral,cinematic,creative",False,False
CT006491,C0035,image,Action,2026-06-08 11:58:02,64.5,character,False,False
CT006492,C0388,cine,Mystery,2026-07-26 02:12:55,49.5,trending,True,False
CT006493,C0248,video,Action,2025-10-08 19:21:57,56.8,viral,False,False
CT006494,C0143,mini,Documentary,2026-08-30 08:53:53,11.3,creative,False,True
CT006495,C0144,mini,Romance,2026-04-17 21:50:46,8.0,visual,False,True
CT006496,C0023,mini,Drama,2025-11-03 12:14:01,35.2,"ai,visual",True,False
CT006497,C0020,mini,Romance,2026-07-04 23:33:47,8.1,visual,False,False
CT006498,C0325,cine,Sci-Fi,2026-02-10 17:59:51,41.1,"creative,ai",False,True
CT006499,C0249,mini,Horror,2026-02-07 18:53:44,25.7,cinematic,True,False
CT006500,C0064,image,Animation,2026-05-12 05:04:50,68.2,"cinematic,creative,ai",False,False
CT006501,C0364,mini,Animation,2025-08-11 08:50:01,11.2,"character,animation",False,False
CT006502,C0484,video,Drama,2025-12-30 03:11:03,44.1,"creative,animation,trending",False,False
CT006503,C0325,mini,Horror,2025-06-12 08:17:08,10.4,"trending,character",False,False
CT006504,C0439,cine,Romance,2025-12-12 09:34:05,34.2,experimental,False,False
CT006505,C0339,video,Sci-Fi,2026-04-03 23:55:40,19.9,"story,animation",False,False
CT006506,C0463,image,Action,2026-08-25 09:38:16,164.3,viral,True,False
CT006507,C0270,mini,Horror,2025-09-11 10:24:14,10.1,"visual,ai,animation",False,True
CT006508,C0407,mini,Animation,2026-07-05 07:42:55,18.0,"character,visual,animation",False,False
CT006509,C0392,mini,Action,2025-06-18 19:32:57,11.3,"cinematic,creative,character",False,False
CT006510,C0168,cine,Sci-Fi,2025-06-07 02:27:36,47.0,trending,False,False
CT006511,C0033,image,Romance,2025-11-04 12:52:54,78.8,"creative,experimental",False,True
CT006512,C0203,video,Drama,2025-10-10 20:40:56,59.6,"ai,visual,creative",False,False
CT006513,C0097,mini,Action,2026-02-21 10:45:02,9.7,"viral,cinematic",False,False
CT006514,C0429,mini,Action,2025-08-28 06:09:23,16.3,visual,False,False
CT006515,C0350,mini,Drama,2026-02-07 11:58:22,24.6,creative,False,False
CT006516,C0447,video,Action,2026-08-25 07:22:34,25.5,"story,creative",False,False
CT006517,C0165,video,Sci-Fi,2025-08-16 08:08:28,99.9,animation,False,False
CT006518,C0268,mini,Drama,2025-12-14 18:08:22,14.5,"visual,animation,cinematic",False,False
CT006519,C0119,cine,Animation,2026-03-03 10:01:15,14.0,cinematic,False,False
CT006520,C0236,image,Romance,2025-12-13 20:47:25,107.6,"ai,trending,cinematic",False,False
CT006521,C0014,cine,Fantasy,2025-12-05 07:30:12,62.5,"trending,cinematic,animation",True,False
CT006522,C0179,video,Horror,2025-06-18 05:33:38,21.4,"viral,trending",False,True
CT006523,C0433,image,Comedy,2026-01-04 19:10:23,88.7,"experimental,visual",False,False
CT006524,C0308,image,Documentary,2026-07-28 17:32:12,43.4,"experimental,visual",False,False
CT006525,C0419,cine,Mystery,2026-07-04 17:42:53,199.8,cinematic,False,True
CT006526,C0384,mini,Fantasy,2026-05-31 01:11:56,13.6,character,False,False
CT006527,C0034,mini,Drama,2025-07-06 19:25:43,9.5,"trending,viral",False,False
CT006528,C0234,video,Romance,2025-07-28 03:28:34,99.3,"viral,cinematic,visual",False,False
CT006529,C0155,mini,Drama,2026-01-27 17:01:12,13.7,character,False,False
CT006530,C0060,mini,Animation,2025-10-14 14:56:24,9.1,"ai,character",False,False
CT006531,C0105,image,Sci-Fi,2025-08-19 04:08:31,65.6,"viral,experimental,ai",True,False
CT006532,C0004,mini,Documentary,2025-08-24 08:03:11,7.4,"creative,trending",False,True
CT006533,C0103,image,Comedy,2025-08-23 08:16:06,53.9,"trending,viral,character",True,False
CT006534,C0333,cine,Comedy,2025-07-12 20:36:23,48.1,cinematic,False,False
CT006535,C0128,mini,Drama,2026-03-06 08:54:38,13.4,visual,False,False
CT006536,C0363,mini,Mystery,2025-12-06 14:20:24,13.3,"creative,experimental",False,False
CT006537,C0149,mini,Comedy,2026-04-02 09:17:45,9.5,"character,visual,creative",False,False
CT006538,C0030,mini,Comedy,2025-09-06 22:12:15,17.8,"viral,experimental",False,False
CT006539,C0350,mini,Comedy,2026-03-04 10:31:43,11.1,"story,viral",False,False
CT006540,C0077,video,Sci-Fi,2025-08-24 01:14:04,22.7,"ai,cinematic",False,False
CT006541,C0485,video,Mystery,2026-07-27 02:42:56,37.4,animation,False,True
CT006542,C0206,mini,Action,2025-08-18 09:34:31,7.2,"cinematic,experimental,character",False,False
CT006543,C0023,cine,Romance,2026-05-29 08:46:45,88.1,"visual,story",False,False
CT006544,C0120,mini,Sci-Fi,2026-04-09 15:17:41,15.1,"character,animation,cinematic",False,True
CT006545,C0159,mini,Fantasy,2025-08-30 13:35:23,7.4,viral,False,False
CT006546,C0242,video,Drama,2025-07-12 05:27:17,55.6,creative,False,False
CT006547,C0329,mini,Mystery,2026-03-17 22:53:44,6.2,experimental,False,False
CT006548,C0162,video,Romance,2025-06-20 14:57:22,118.3,"character,ai,visual",False,False
CT006549,C0153,mini,Documentary,2026-03-10 21:00:07,22.1,"character,experimental",False,False
CT006550,C0463,cine,Drama,2026-04-06 09:14:47,68.2,"animation,experimental,creative",False,False
CT006551,C0096,video,Sci-Fi,2026-03-22 19:34:03,26.0,"experimental,ai,creative",False,True
CT006552,C0367,cine,Comedy,2026-08-20 01:26:10,36.3,creative,True,False
CT006553,C0084,image,Comedy,2025-12-13 15:51:15,35.9,"viral,animation",True,False
CT006554,C0134,mini,Action,2026-01-15 17:02:28,10.5,"cinematic,character,animation",False,False
CT006555,C0299,cine,Sci-Fi,2026-08-07 02:45:41,63.1,"creative,story",False,False
CT006556,C0049,mini,Mystery,2026-06-28 08:37:19,19.0,"viral,ai",False,True
CT006557,C0078,mini,Action,2025-12-29 11:04:10,16.1,trending,False,False
CT006558,C0425,mini,Horror,2025-12-10 16:33:07,16.1,"experimental,viral",False,False
CT006559,C0049,cine,Action,2026-05-26 22:41:28,89.6,"experimental,creative,viral",False,False
CT006560,C0075,cine,Animation,2026-02-13 17:29:01,21.6,"viral,experimental,creative",False,False
CT006561,C0377,mini,Animation,2026-01-06 11:26:17,12.9,visual,False,False
CT006562,C0236,image,Fantasy,2026-06-07 23:11:45,40.9,character,False,False
CT006563,C0172,mini,Romance,2026-05-26 01:35:38,13.0,"experimental,trending,animation",False,False
CT006564,C0413,cine,Drama,2025-12-06 22:40:59,80.3,"creative,trending",False,True
CT006565,C0444,video,Drama,2025-11-28 09:53:35,62.6,"cinematic,viral",False,False
CT006566,C0061,mini,Action,2026-04-01 21:39:37,34.6,"cinematic,experimental",False,False
CT006567,C0240,cine,Comedy,2025-06-01 08:55:23,35.9,"story,character",False,False
CT006568,C0462,video,Comedy,2026-05-23 15:55:48,79.4,"viral,creative,animation",False,False
CT006569,C0069,cine,Action,2026-01-14 22:27:34,62.9,"cinematic,viral",False,False
CT006570,C0206,video,Fantasy,2026-07-04 14:59:24,198.4,"creative,ai,viral",False,False
CT006571,C0099,mini,Drama,2026-02-05 21:17:16,6.0,cinematic,True,True
CT006572,C0074,mini,Animation,2025-11-24 17:07:27,6.8,ai,False,True
CT006573,C0436,image,Horror,2025-07-23 17:16:35,41.8,"cinematic,creative,ai",True,False
CT006574,C0314,cine,Comedy,2025-06-01 14:38:24,30.4,ai,False,True
CT006575,C0065,mini,Comedy,2026-03-31 07:46:34,9.4,"visual,character",False,True
CT006576,C0167,mini,Horror,2025-08-30 15:48:29,11.9,"animation,viral",False,False
CT006577,C0158,image,Animation,2026-06-25 07:16:38,20.3,viral,False,False
CT006578,C0459,image,Fantasy,2026-01-12 12:19:31,21.6,"animation,cinematic,trending",False,False
CT006579,C0152,cine,Action,2026-07-01 23:07:07,70.7,trending,False,False
CT006580,C0060,video,Animation,2025-12-30 09:00:23,34.2,"animation,cinematic,story",False,True
CT006581,C0494,cine,Comedy,2025-11-19 20:44:48,19.0,"creative,visual",False,False
CT006582,C0033,image,Action,2025-08-04 04:46:55,210.0,experimental,False,False
CT006583,C0486,mini,Horror,2025-12-04 23:08:27,18.8,"experimental,animation,visual",False,False
CT006584,C0162,video,Fantasy,2026-06-10 06:54:56,41.0,"story,animation",False,False
CT006585,C0347,video,Animation,2026-06-27 10:10:13,169.9,"experimental,character,trending",True,False
CT006586,C0269,video,Animation,2026-01-04 22:59:32,56.9,"ai,creative,viral",True,False
CT006587,C0118,video,Action,2026-08-30 05:42:45,306.0,"animation,creative,viral",False,False
CT006588,C0268,image,Fantasy,2025-06-17 10:06:11,94.4,animation,False,False
CT006589,C0091,mini,Horror,2025-06-24 23:43:04,13.5,"story,experimental,creative",True,False
CT006590,C0248,video,Sci-Fi,2025-06-28 19:40:15,92.3,"experimental,character,creative",False,True
CT006591,C0033,mini,Action,2025-06-29 04:07:29,15.4,creative,False,False
CT006592,C0120,video,Horror,2025-06-03 04:01:54,45.7,"viral,cinematic,ai",False,False
CT006593,C0034,cine,Action,2025-06-25 17:48:49,27.0,"viral,creative",False,False
CT006594,C0313,mini,Documentary,2026-05-30 11:44:17,9.3,"experimental,trending,character",False,False
CT006595,C0468,mini,Fantasy,2025-12-28 21:23:40,15.6,"creative,ai,animation",False,False
CT006596,C0022,mini,Comedy,2026-05-23 01:56:42,20.4,"character,story",False,False
CT006597,C0300,image,Romance,2026-05-24 18:07:17,14.1,"ai,viral",False,False
CT006598,C0251,image,Mystery,2026-04-12 06:46:01,72.8,"story,character",False,False
CT006599,C0104,mini,Fantasy,2025-07-13 17:15:17,14.3,"creative,animation,ai",True,False
CT006600,C0339,mini,Documentary,2025-07-26 11:33:38,10.6,"creative,animation",False,False
CT006601,C0390,mini,Animation,2026-04-11 03:50:30,15.7,experimental,False,False
CT006602,C0465,mini,Sci-Fi,2026-08-10 05:40:45,5.4,"animation,ai,viral",False,False
CT006603,C0039,image,Documentary,2025-08-18 01:10:59,90.0,experimental,False,False
CT006604,C0090,cine,Romance,2026-03-17 09:15:10,78.4,"character,trending",False,False
CT006605,C0259,mini,Fantasy,2025-06-16 00:43:52,16.1,"animation,experimental,creative",False,True
CT006606,C0386,image,Fantasy,2025-08-30 16:25:02,52.4,"visual,experimental,ai",False,False
CT006607,C0099,video,Drama,2026-02-27 14:05:25,102.7,visual,False,False
CT006608,C0178,image,Romance,2026-03-26 04:48:42,37.1,"animation,creative,character",True,True
CT006609,C0224,mini,Animation,2026-02-26 19:12:15,14.2,"character,trending,story",False,True
CT006610,C0327,image,Fantasy,2025-12-24 05:45:32,34.0,"trending,character,ai",False,False
CT006611,C0115,mini,Action,2025-10-08 04:22:42,6.6,"trending,animation",False,True
CT006612,C0148,mini,Action,2026-05-31 12:14:00,13.8,"animation,character,viral",False,False
CT006613,C0068,mini,Drama,2025-10-25 22:33:27,7.9,"viral,story,experimental",True,False
CT006614,C0106,cine,Comedy,2026-04-21 14:27:42,93.9,"ai,creative,viral",False,False
CT006615,C0460,image,Comedy,2025-11-09 10:03:21,83.6,"trending,story",False,False
CT006616,C0375,image,Horror,2026-01-22 16:00:53,28.9,animation,True,True
CT006617,C0460,mini,Comedy,2026-07-29 17:30:29,8.8,viral,False,False
CT006618,C0466,cine,Romance,2025-11-29 02:47:13,29.6,ai,False,False
CT006619,C0247,mini,Sci-Fi,2026-07-01 01:00:10,8.5,experimental,False,False
CT006620,C0086,video,Animation,2025-06-28 13:11:28,27.1,"cinematic,ai",True,False
CT006621,C0394,mini,Mystery,2026-01-27 13:03:14,18.7,"visual,viral",False,False
CT006622,C0493,mini,Comedy,2026-01-20 12:25:13,12.0,character,True,True
CT006623,C0101,video,Action,2026-08-14 08:04:18,30.2,animation,False,False
CT006624,C0387,mini,Animation,2025-09-29 13:38:37,6.8,viral,False,False
CT006625,C0197,mini,Romance,2026-02-21 06:20:36,23.2,"animation,story",False,False
CT006626,C0462,video,Drama,2026-02-23 15:01:18,91.2,"viral,visual,ai",False,True
CT006627,C0116,mini,Mystery,2025-07-17 07:10:08,10.9,"viral,creative,experimental",False,False
CT006628,C0329,mini,Action,2026-08-28 16:37:12,10.8,"character,experimental",False,True
CT006629,C0046,cine,Drama,2026-01-09 03:29:29,45.4,ai,False,False
CT006630,C0462,mini,Comedy,2025-12-16 23:35:31,9.6,"trending,story",False,False
CT006631,C0212,video,Documentary,2026-07-13 21:37:54,102.9,"creative,story",True,True
CT006632,C0239,image,Animation,2025-07-01 21:41:55,51.7,"creative,trending,ai",False,False
CT006633,C0374,cine,Documentary,2026-03-30 04:07:20,101.8,"ai,animation,story",True,False
CT006634,C0118,mini,Animation,2025-06-09 21:59:41,7.5,"ai,viral",False,True
CT006635,C0373,mini,Sci-Fi,2026-08-09 09:58:58,13.4,"cinematic,viral,animation",False,False
CT006636,C0058,video,Animation,2026-06-05 12:42:00,25.8,"character,visual",False,False
CT006637,C0223,mini,Mystery,2026-01-29 01:59:26,10.0,"visual,character,creative",True,False
CT006638,C0167,mini,Fantasy,2025-11-26 22:14:26,9.3,"visual,animation,experimental",False,True
CT006639,C0224,mini,Animation,2026-07-21 19:15:23,26.4,"experimental,trending",False,False
CT006640,C0284,image,Animation,2025-09-20 17:17:28,92.4,"animation,character",False,False
CT006641,C0299,video,Drama,2026-05-16 13:32:24,87.8,"animation,viral,cinematic",False,False
CT006642,C0102,mini,Documentary,2025-12-06 14:51:05,12.9,"viral,creative",False,False
CT006643,C0467,mini,Horror,2026-06-11 03:47:56,12.4,"viral,animation",True,False
CT006644,C0327,image,Horror,2026-05-08 04:00:15,58.1,"experimental,visual,viral",False,False
CT006645,C0076,mini,Fantasy,2026-08-27 02:29:18,16.2,"visual,cinematic,story",True,False
CT006646,C0079,mini,Drama,2026-03-03 13:13:34,45.4,"cinematic,trending,creative",False,False
CT006647,C0196,mini,Animation,2025-10-16 19:44:12,18.0,"visual,experimental,character",False,False
CT006648,C0486,mini,Romance,2026-07-10 14:07:44,8.8,"viral,ai,character",True,False
CT006649,C0451,mini,Drama,2026-03-14 09:27:23,22.7,"experimental,creative,ai",False,True
CT006650,C0120,image,Animation,2026-04-17 20:38:39,40.7,visual,True,False
CT006651,C0270,mini,Drama,2025-09-25 22:37:06,26.1,"viral,story,character",False,True
CT006652,C0167,mini,Drama,2026-01-29 00:11:51,8.7,creative,False,True
CT006653,C0397,cine,Romance,2026-06-25 09:03:27,22.5,"character,viral",False,False
CT006654,C0374,image,Fantasy,2025-11-15 09:23:44,11.8,"viral,cinematic,animation",False,False
CT006655,C0230,cine,Romance,2026-02-23 03:49:12,26.5,"cinematic,visual,viral",True,False
CT006656,C0176,mini,Animation,2025-09-03 04:29:46,8.9,animation,False,False
CT006657,C0453,mini,Comedy,2025-08-20 04:20:16,16.3,"cinematic,experimental",False,False
CT006658,C0207,cine,Romance,2026-05-18 14:03:39,53.3,"animation,visual",False,False
CT006659,C0441,cine,Fantasy,2025-12-10 02:06:43,81.7,"experimental,trending",False,True
CT006660,C0014,mini,Documentary,2025-09-02 17:06:34,10.2,"character,viral",False,False
CT006661,C0214,cine,Animation,2025-08-22 20:59:44,106.4,"character,story",False,True
CT006662,C0265,image,Animation,2025-07-27 22:20:15,92.8,"cinematic,story,trending",True,True
CT006663,C0003,mini,Horror,2025-12-26 19:49:11,8.4,viral,True,True
CT006664,C0032,image,Romance,2025-10-20 16:08:43,58.1,character,False,False
CT006665,C0275,cine,Animation,2025-07-06 09:06:36,47.0,animation,False,False
CT006666,C0376,mini,Drama,2026-01-06 12:40:59,10.6,viral,False,True
CT006667,C0102,image,Drama,2026-08-15 04:02:03,46.1,"viral,animation,cinematic",False,False
CT006668,C0450,image,Drama,2026-08-21 08:38:18,17.7,"animation,character",False,False
CT006669,C0120,image,Drama,2026-02-28 01:22:50,75.2,"trending,viral",True,False
CT006670,C0029,mini,Action,2026-02-19 13:25:26,8.9,"story,creative,trending",False,True
CT006671,C0215,cine,Mystery,2026-08-26 17:48:22,15.0,creative,False,False
CT006672,C0056,cine,Comedy,2026-05-12 08:05:04,183.0,"character,experimental",False,True
CT006673,C0216,mini,Comedy,2025-08-19 05:42:14,16.2,"animation,viral",True,False
CT006674,C0019,mini,Fantasy,2026-01-26 19:08:09,15.2,"viral,story,ai",False,False
CT006675,C0429,video,Drama,2025-11-23 07:02:35,25.3,story,False,False
CT006676,C0311,mini,Animation,2025-08-06 04:43:38,10.1,story,False,False
CT006677,C0016,cine,Drama,2026-07-30 15:28:51,59.8,"cinematic,ai",False,False
CT006678,C0459,mini,Fantasy,2026-02-24 13:44:17,8.3,story,False,False
CT006679,C0149,image,Sci-Fi,2026-04-12 12:51:46,77.0,animation,False,False
CT006680,C0252,cine,Comedy,2026-05-28 01:50:31,82.3,"ai,visual,story",False,True
CT006681,C0308,mini,Comedy,2025-07-02 22:29:38,11.4,"character,experimental,visual",True,False
CT006682,C0195,mini,Documentary,2025-10-23 02:28:11,8.3,trending,False,False
CT006683,C0311,mini,Mystery,2026-07-08 17:34:34,8.9,"trending,experimental,creative",False,False
CT006684,C0076,cine,Horror,2025-09-01 16:27:00,46.3,experimental,False,False
CT006685,C0157,cine,Fantasy,2025-08-26 02:36:46,85.9,"cinematic,trending,character",False,False
CT006686,C0333,image,Mystery,2026-03-09 00:09:59,116.0,visual,False,False
CT006687,C0086,mini,Animation,2025-09-28 09:15:33,14.6,"visual,viral,character",False,False
CT006688,C0159,image,Documentary,2026-06-14 23:05:48,53.3,"trending,visual,creative",False,True
CT006689,C0137,mini,Sci-Fi,2026-04-30 16:19:26,27.3,"ai,character,viral",False,False
CT006690,C0063,video,Sci-Fi,2026-05-17 20:37:03,40.6,story,False,True
CT006691,C0443,mini,Sci-Fi,2026-04-21 01:48:18,12.6,creative,False,False
CT006692,C0487,image,Mystery,2025-08-08 00:26:45,72.9,trending,False,False
CT006693,C0131,mini,Animation,2026-03-29 05:32:54,18.7,"creative,viral",False,False
CT006694,C0423,image,Documentary,2025-08-18 06:14:55,73.2,"ai,visual",False,False
CT006695,C0239,cine,Action,2025-06-03 11:09:52,271.1,"animation,creative",False,False
CT006696,C0119,cine,Drama,2026-08-20 06:08:18,134.8,"cinematic,visual",False,True
CT006697,C0466,video,Drama,2025-09-22 17:13:49,32.2,"character,ai,story",False,False
CT006698,C0067,cine,Fantasy,2026-04-14 20:33:01,73.5,"creative,trending,viral",False,False
CT006699,C0061,mini,Comedy,2025-11-05 06:32:32,38.4,"animation,experimental",False,False
CT006700,C0205,mini,Action,2026-04-16 12:43:20,6.2,"visual,character",False,False
CT006701,C0433,mini,Horror,2025-11-30 13:15:13,3.9,"character,visual",False,True
CT006702,C0150,mini,Romance,2025-12-18 16:44:24,28.8,"cinematic,story,experimental",False,False
CT006703,C0368,mini,Documentary,2025-07-04 17:08:34,17.5,"viral,visual",True,False
CT006704,C0436,cine,Sci-Fi,2025-12-29 16:03:39,18.4,"viral,experimental,visual",False,False
CT006705,C0244,video,Animation,2026-04-04 23:20:16,112.6,"viral,cinematic",False,False
CT006706,C0065,mini,Mystery,2026-04-22 10:42:28,8.7,ai,False,False
CT006707,C0475,image,Documentary,2026-07-12 09:50:16,16.5,character,True,False
CT006708,C0404,video,Sci-Fi,2026-02-24 20:34:14,35.2,"character,trending",False,False
CT006709,C0038,cine,Comedy,2026-08-26 06:58:19,45.0,"ai,trending",False,False
CT006710,C0287,image,Action,2026-03-14 01:49:41,100.8,"animation,character",False,False
CT006711,C0428,image,Horror,2026-05-30 21:05:50,54.9,"character,experimental",False,False
CT006712,C0274,mini,Action,2025-08-07 17:10:06,9.1,"story,experimental,visual",False,True
CT006713,C0098,video,Action,2025-09-01 09:15:10,57.7,"ai,experimental",False,False
CT006714,C0466,mini,Sci-Fi,2026-02-24 00:54:18,14.7,"ai,experimental",False,False
CT006715,C0179,mini,Documentary,2026-01-20 03:30:41,16.1,"visual,animation",True,True
CT006716,C0001,image,Sci-Fi,2026-01-12 02:33:11,170.4,"experimental,cinematic,ai",False,True
CT006717,C0062,mini,Action,2026-07-23 13:48:20,3.4,viral,False,False
CT006718,C0230,mini,Mystery,2026-01-04 07:43:29,7.3,story,False,False
CT006719,C0242,mini,Fantasy,2025-07-01 08:49:29,7.4,story,False,False
CT006720,C0307,mini,Horror,2026-01-25 17:47:29,22.2,"trending,story",False,False
CT006721,C0079,mini,Horror,2025-09-13 02:50:15,8.0,"viral,story,cinematic",False,False
CT006722,C0051,mini,Horror,2025-06-16 13:52:01,4.7,"visual,viral",False,False
CT006723,C0126,mini,Documentary,2025-09-29 17:15:43,17.2,"ai,visual,creative",False,False
CT006724,C0031,cine,Fantasy,2025-06-01 06:51:12,34.4,viral,False,False
CT006725,C0033,mini,Animation,2026-03-05 23:11:43,42.8,"ai,story",False,False
CT006726,C0319,image,Fantasy,2025-12-29 21:19:28,16.3,"story,animation,ai",False,False
CT006727,C0153,image,Mystery,2026-08-08 21:26:01,29.4,creative,False,False
CT006728,C0079,image,Mystery,2025-06-29 13:23:16,16.6,cinematic,False,True
CT006729,C0085,mini,Animation,2026-01-07 01:27:49,7.3,creative,True,False
CT006730,C0400,cine,Documentary,2026-07-23 06:39:35,70.6,"viral,character",True,False
CT006731,C0338,mini,Sci-Fi,2026-02-13 03:17:36,7.0,"story,character,viral",True,False
CT006732,C0026,video,Sci-Fi,2025-11-12 07:57:11,75.6,trending,False,False
CT006733,C0316,mini,Comedy,2026-03-19 18:38:55,12.6,trending,False,False
CT006734,C0304,mini,Drama,2025-10-02 20:14:16,12.0,"trending,viral",False,False
CT006735,C0333,mini,Drama,2026-06-24 07:10:59,23.0,experimental,False,False
CT006736,C0395,video,Sci-Fi,2026-03-31 04:45:47,82.0,"animation,trending,visual",False,False
CT006737,C0334,mini,Sci-Fi,2025-10-09 13:36:04,18.5,visual,False,False
CT006738,C0354,mini,Documentary,2025-07-05 14:20:07,13.2,creative,False,False
CT006739,C0054,mini,Action,2026-03-13 13:40:07,14.2,ai,False,False
CT006740,C0460,video,Documentary,2026-07-15 06:53:49,67.6,trending,False,False
CT006741,C0107,mini,Drama,2026-07-27 22:29:08,6.9,experimental,False,False
CT006742,C0380,video,Documentary,2026-03-30 19:52:23,268.2,experimental,True,False
CT006743,C0369,video,Sci-Fi,2026-08-03 03:41:44,132.1,creative,True,False
CT006744,C0242,image,Animation,2026-06-07 22:20:43,135.8,"animation,story,visual",False,False
CT006745,C0242,mini,Comedy,2025-11-22 11:38:32,6.0,"character,animation",False,False
CT006746,C0450,video,Romance,2026-06-22 02:27:32,80.0,"story,trending",True,False
CT006747,C0307,mini,Mystery,2025-07-21 23:28:33,25.0,creative,False,False
CT006748,C0130,cine,Fantasy,2026-07-11 14:11:50,75.3,"creative,character,cinematic",False,False
CT006749,C0029,cine,Animation,2026-07-27 12:32:30,38.7,visual,True,False
CT006750,C0070,image,Romance,2026-02-13 00:28:02,46.4,trending,False,False
CT006751,C0194,video,Drama,2026-07-25 23:02:45,99.4,animation,True,False
CT006752,C0324,video,Mystery,2025-07-31 17:46:10,36.8,"cinematic,experimental,story",True,False
CT006753,C0212,mini,Animation,2025-07-15 08:14:16,21.1,trending,False,False
CT006754,C0386,mini,Documentary,2025-11-04 09:44:25,23.8,"cinematic,story",True,False
CT006755,C0340,video,Mystery,2025-07-08 02:13:19,30.8,trending,False,False
CT006756,C0358,mini,Documentary,2025-09-17 19:49:42,9.4,"viral,creative,story",True,True
CT006757,C0449,cine,Animation,2025-08-24 10:09:13,51.5,character,False,False
CT006758,C0044,mini,Sci-Fi,2025-12-26 06:01:58,11.6,character,False,False
CT006759,C0286,mini,Drama,2026-03-22 23:06:52,2.7,"experimental,animation,cinematic",False,True
CT006760,C0168,cine,Drama,2025-08-30 23:21:56,34.3,"animation,viral,visual",False,True
CT006761,C0386,image,Sci-Fi,2025-10-16 23:53:14,16.9,story,False,False
CT006762,C0402,video,Comedy,2026-05-03 09:29:26,133.7,animation,False,False
CT006763,C0317,video,Animation,2025-09-18 12:44:32,11.3,"experimental,cinematic",False,False
CT006764,C0374,cine,Romance,2025-10-31 02:37:31,72.6,"ai,trending",False,False
CT006765,C0455,mini,Fantasy,2026-05-31 15:09:11,17.9,"trending,animation",False,False
CT006766,C0274,cine,Action,2025-11-28 07:51:53,65.6,"character,cinematic,ai",False,False
CT006767,C0407,mini,Comedy,2025-09-20 05:06:19,8.4,"cinematic,ai,character",False,False
CT006768,C0053,cine,Fantasy,2026-06-01 19:22:47,46.2,story,False,True
CT006769,C0124,video,Fantasy,2026-08-12 22:48:22,51.5,"cinematic,experimental,viral",True,False
CT006770,C0454,cine,Fantasy,2026-07-17 08:55:32,68.9,"animation,viral,cinematic",False,False
CT006771,C0111,mini,Comedy,2025-12-17 22:16:02,14.4,animation,True,False
CT006772,C0003,image,Action,2025-06-11 07:57:04,7.8,character,False,False
CT006773,C0450,mini,Drama,2025-12-10 16:52:06,11.1,animation,False,False
CT006774,C0177,mini,Documentary,2026-05-16 03:44:30,16.6,"ai,character",True,False
CT006775,C0299,image,Drama,2026-08-05 07:08:32,32.9,"experimental,story,character",False,False
CT006776,C0385,mini,Fantasy,2025-07-02 09:29:46,5.8,"cinematic,trending",False,False
CT006777,C0216,cine,Sci-Fi,2025-07-25 18:42:08,111.6,visual,False,False
CT006778,C0008,image,Comedy,2025-10-10 00:48:21,58.3,"character,story",False,False
CT006779,C0342,mini,Action,2025-07-23 09:56:01,6.7,"cinematic,creative,viral",False,False
CT006780,C0318,cine,Romance,2025-08-20 16:39:16,21.1,"viral,trending",False,False
CT006781,C0140,cine,Mystery,2025-12-15 17:01:19,51.2,"trending,visual",False,False
CT006782,C0326,cine,Sci-Fi,2025-09-24 00:29:10,77.4,"story,animation",False,False
CT006783,C0406,video,Sci-Fi,2026-02-23 16:51:34,40.2,"animation,creative,ai",False,True
CT006784,C0492,video,Romance,2026-08-07 03:07:23,41.7,viral,True,False
CT006785,C0263,mini,Animation,2026-01-18 16:15:57,9.0,"story,character,cinematic",False,True
CT006786,C0039,cine,Horror,2026-01-18 07:45:42,70.0,"visual,trending,ai",False,False
CT006787,C0436,mini,Sci-Fi,2026-08-10 10:33:56,6.3,"ai,trending",False,False
CT006788,C0216,mini,Horror,2026-03-04 08:03:07,14.5,"story,animation,character",False,False
CT006789,C0322,mini,Action,2026-08-27 21:10:26,15.5,viral,False,False
CT006790,C0444,mini,Horror,2026-07-27 09:03:14,11.7,"visual,ai",False,False
CT006791,C0134,cine,Sci-Fi,2025-06-19 15:13:22,45.2,"experimental,story,trending",False,False
CT006792,C0002,cine,Fantasy,2026-08-02 20:08:21,212.2,"viral,story",False,False
CT006793,C0479,mini,Documentary,2025-08-15 11:01:30,14.4,visual,False,False
CT006794,C0077,video,Drama,2025-10-01 10:02:20,68.6,viral,False,False
CT006795,C0202,image,Fantasy,2026-02-08 10:55:24,30.4,"trending,cinematic,viral",False,False
CT006796,C0394,image,Horror,2026-05-19 00:48:19,160.7,"trending,creative,cinematic",True,False
CT006797,C0383,mini,Comedy,2026-08-08 06:13:16,9.0,"cinematic,ai,animation",False,True
CT006798,C0085,mini,Comedy,2025-12-28 03:38:47,6.4,"viral,trending,animation",True,False
CT006799,C0127,mini,Action,2025-10-06 15:18:56,31.0,visual,True,False
CT006800,C0341,mini,Action,2025-11-23 16:41:39,10.4,"visual,viral",True,False
CT006801,C0203,video,Action,2025-11-15 09:15:15,46.6,animation,False,False
CT006802,C0248,mini,Documentary,2025-10-12 14:03:42,6.9,"viral,character,animation",False,False
CT006803,C0370,mini,Horror,2025-09-14 08:43:10,33.9,"experimental,creative",False,False
CT006804,C0428,cine,Animation,2026-04-20 03:25:55,61.7,"visual,trending,story",False,False
CT006805,C0349,cine,Comedy,2026-08-16 03:30:03,35.2,"experimental,ai,creative",False,False
CT006806,C0088,video,Action,2026-02-27 20:13:00,61.0,"creative,animation",False,False
CT006807,C0464,mini,Action,2025-08-10 03:48:24,11.0,"trending,cinematic",False,False
CT006808,C0280,image,Drama,2026-04-01 17:47:31,56.9,"creative,viral",False,False
CT006809,C0401,mini,Mystery,2026-02-13 10:34:52,6.2,experimental,False,False
CT006810,C0304,mini,Mystery,2025-11-30 19:53:14,18.7,"animation,experimental,visual",True,False
CT006811,C0164,cine,Action,2025-06-11 11:12:33,230.7,"cinematic,creative",False,False
CT006812,C0323,cine,Sci-Fi,2026-05-20 19:36:26,623.2,"experimental,animation,creative",False,False
CT006813,C0431,mini,Sci-Fi,2026-03-02 08:42:23,6.3,ai,False,False
CT006814,C0414,mini,Action,2025-09-15 23:58:23,13.3,"experimental,character,animation",False,False
CT006815,C0457,cine,Mystery,2025-11-26 23:00:13,102.3,story,False,False
CT006816,C0031,image,Sci-Fi,2026-01-27 13:47:31,93.6,"cinematic,ai",True,False
CT006817,C0475,cine,Animation,2026-02-13 22:28:47,32.0,"story,viral,trending",False,False
CT006818,C0164,mini,Romance,2026-03-27 10:46:26,22.0,"cinematic,experimental",True,False
CT006819,C0444,cine,Romance,2025-07-07 14:17:49,39.1,"animation,character",True,False
CT006820,C0263,video,Sci-Fi,2026-01-30 22:07:43,40.5,"creative,character,story",True,False
CT006821,C0347,video,Sci-Fi,2025-07-12 12:40:06,23.1,story,False,False
CT006822,C0391,mini,Horror,2025-08-15 04:57:45,7.5,cinematic,True,False
CT006823,C0396,mini,Comedy,2025-07-13 01:29:58,5.0,viral,False,False
CT006824,C0159,image,Action,2026-03-11 04:25:47,161.0,"experimental,viral",False,False
CT006825,C0324,mini,Horror,2026-06-16 20:16:05,10.7,trending,False,False
CT006826,C0283,image,Action,2026-08-16 02:39:59,301.4,"story,animation,character",True,False
CT006827,C0158,mini,Romance,2026-04-27 05:23:35,10.0,"viral,trending",True,False
CT006828,C0019,mini,Mystery,2026-05-23 17:43:24,8.5,"cinematic,creative,viral",True,False
CT006829,C0406,image,Drama,2025-07-29 12:55:46,14.6,"cinematic,trending,creative",False,False
CT006830,C0205,mini,Drama,2025-06-03 18:01:33,28.6,trending,False,False
CT006831,C0114,mini,Action,2025-10-23 02:48:41,6.7,"character,creative,story",False,False
CT006832,C0167,image,Romance,2025-11-13 02:43:44,39.0,"experimental,ai,trending",False,False
CT006833,C0210,mini,Sci-Fi,2025-12-17 00:18:54,10.8,"visual,animation",False,False
CT006834,C0497,mini,Comedy,2026-03-31 05:58:31,8.5,"animation,visual,cinematic",False,False
CT006835,C0174,mini,Documentary,2025-07-15 23:28:07,22.0,"cinematic,visual",False,False
CT006836,C0068,mini,Fantasy,2025-07-18 10:10:27,15.7,"character,visual,viral",False,True
CT006837,C0087,mini,Sci-Fi,2026-06-19 00:40:25,31.4,"ai,visual,cinematic",False,False
CT006838,C0457,mini,Animation,2026-02-20 01:14:56,20.9,"ai,story",False,False
CT006839,C0403,mini,Mystery,2025-11-13 11:58:30,12.8,"character,story",False,False
CT006840,C0002,video,Documentary,2026-06-15 23:05:18,25.8,"ai,visual,creative",False,False
CT006841,C0237,image,Animation,2026-04-02 17:50:58,10.2,"story,ai",False,False
CT006842,C0135,image,Comedy,2026-06-18 00:12:26,94.5,"animation,trending,experimental",False,False
CT006843,C0262,image,Animation,2026-03-20 17:46:51,103.8,experimental,False,False
CT006844,C0298,image,Drama,2026-01-17 04:38:42,18.3,"story,cinematic,experimental",False,False
CT006845,C0252,cine,Drama,2026-07-22 22:06:49,21.1,"trending,viral,creative",False,True
CT006846,C0244,video,Comedy,2026-08-26 15:54:25,84.2,"story,experimental,character",True,False
CT006847,C0341,cine,Drama,2026-05-05 07:44:11,12.6,"experimental,cinematic,story",False,False
CT006848,C0354,cine,Action,2026-03-14 23:31:18,18.6,"creative,character,visual",False,False
CT006849,C0091,mini,Documentary,2025-06-16 16:47:43,8.4,"viral,experimental",False,False
CT006850,C0344,image,Action,2026-07-02 13:54:43,33.7,"cinematic,creative",False,False
CT006851,C0243,mini,Documentary,2025-08-10 17:04:45,12.0,story,False,False
CT006852,C0200,image,Comedy,2025-06-15 18:15:18,21.4,visual,False,False
CT006853,C0131,image,Romance,2025-12-20 20:47:02,109.1,viral,True,False
CT006854,C0270,mini,Action,2025-07-06 04:40:52,8.4,"animation,character",False,False
CT006855,C0481,mini,Drama,2025-07-13 10:00:34,6.6,"story,experimental",False,False
CT006856,C0235,video,Animation,2025-12-29 06:47:19,33.6,"cinematic,story",False,False
CT006857,C0033,mini,Romance,2025-11-26 16:11:17,9.7,"character,trending",False,False
CT006858,C0124,image,Comedy,2025-07-29 04:01:19,44.6,cinematic,False,False
CT006859,C0465,mini,Animation,2026-08-20 16:50:31,10.7,trending,False,False
CT006860,C0401,cine,Fantasy,2025-09-03 07:10:57,33.6,trending,False,False
CT006861,C0032,video,Animation,2025-09-02 16:38:32,26.6,"character,ai",False,False
CT006862,C0403,cine,Sci-Fi,2026-06-03 22:19:14,19.8,"trending,creative,cinematic",False,False
CT006863,C0056,mini,Horror,2026-04-18 08:34:18,10.9,ai,False,False
CT006864,C0150,image,Animation,2025-11-10 04:27:33,67.3,character,False,False
CT006865,C0447,mini,Animation,2025-09-27 12:46:16,5.5,"character,ai",False,True
CT006866,C0325,mini,Drama,2026-07-22 11:09:06,30.1,"visual,viral",True,False
CT006867,C0316,cine,Action,2025-06-16 13:51:54,28.7,"character,story,animation",False,False
CT006868,C0107,video,Fantasy,2026-03-19 23:07:44,87.0,"character,visual",False,True
CT006869,C0162,image,Documentary,2025-07-15 20:58:33,7.7,animation,False,False
CT006870,C0048,cine,Comedy,2025-06-02 17:42:49,39.3,"trending,animation,ai",False,False
CT006871,C0287,mini,Documentary,2025-07-18 09:01:33,17.9,"trending,character",False,False
CT006872,C0242,mini,Romance,2026-02-12 10:05:49,18.7,"character,story,viral",False,False
CT006873,C0079,mini,Horror,2025-10-15 08:24:38,8.2,story,False,False
CT006874,C0147,video,Drama,2026-04-12 04:16:18,59.3,"cinematic,experimental,visual",True,False
CT006875,C0033,cine,Animation,2026-08-13 00:15:50,28.2,animation,False,True
CT006876,C0034,image,Drama,2025-06-18 23:00:22,49.8,"trending,cinematic,visual",True,False
CT006877,C0027,mini,Action,2026-03-11 00:30:45,9.0,"trending,viral,character",False,False
CT006878,C0162,cine,Fantasy,2026-07-21 04:57:22,30.9,"visual,animation,cinematic",False,False
CT006879,C0133,mini,Action,2025-07-27 02:04:38,9.6,animation,False,False
CT006880,C0092,video,Sci-Fi,2025-12-08 20:50:27,53.2,animation,False,False
CT006881,C0091,mini,Comedy,2025-07-03 00:53:02,11.3,visual,False,False
CT006882,C0468,mini,Animation,2025-07-20 02:58:37,15.3,"experimental,ai,animation",False,False
CT006883,C0202,mini,Animation,2026-08-17 16:09:30,10.0,story,False,False
CT006884,C0256,mini,Sci-Fi,2025-09-23 02:25:37,16.8,"trending,animation,cinematic",True,False
CT006885,C0432,mini,Sci-Fi,2025-08-18 03:23:05,19.0,experimental,False,False
CT006886,C0499,video,Sci-Fi,2026-07-14 02:07:23,74.8,trending,False,False
CT006887,C0186,video,Sci-Fi,2025-10-02 07:54:01,11.7,story,False,False
CT006888,C0387,cine,Comedy,2025-10-05 21:25:14,12.1,"animation,visual,ai",False,False
CT006889,C0200,image,Drama,2026-06-19 19:24:20,67.4,"story,visual,trending",True,False
CT006890,C0134,mini,Romance,2026-05-12 18:35:18,14.2,viral,False,False
CT006891,C0064,video,Animation,2026-02-09 00:45:39,59.7,"animation,visual,trending",False,True
CT006892,C0175,mini,Fantasy,2026-06-22 17:16:15,10.8,"visual,animation,creative",False,True
CT006893,C0492,mini,Horror,2025-09-12 08:42:40,17.0,"animation,trending,character",False,False
CT006894,C0085,mini,Fantasy,2026-05-30 08:05:58,13.3,"ai,viral,story",True,True
CT006895,C0074,video,Action,2026-03-30 23:49:34,13.0,visual,False,False
CT006896,C0129,mini,Mystery,2026-02-16 09:13:18,21.1,"trending,animation",False,False
CT006897,C0167,mini,Mystery,2025-11-17 10:00:42,20.7,"trending,ai,visual",True,False
CT006898,C0188,mini,Fantasy,2025-07-25 18:52:12,12.3,"character,story,viral",False,False
CT006899,C0472,cine,Animation,2026-02-21 04:42:02,78.6,"ai,cinematic",False,False
CT006900,C0466,cine,Animation,2026-06-02 03:42:26,245.6,"character,creative",False,True
CT006901,C0221,image,Documentary,2025-07-15 03:05:07,111.0,"character,trending",True,False
CT006902,C0439,image,Fantasy,2025-08-13 04:06:59,52.5,"cinematic,viral,creative",False,True
CT006903,C0170,image,Sci-Fi,2026-07-07 08:54:16,22.0,"visual,ai,cinematic",True,False
CT006904,C0198,cine,Drama,2026-06-29 22:31:12,126.4,"animation,trending",False,True
CT006905,C0355,cine,Fantasy,2026-02-27 12:53:35,128.8,"ai,creative,viral",False,False
CT006906,C0434,video,Drama,2025-12-27 00:06:50,59.9,"trending,character",False,False
CT006907,C0017,mini,Comedy,2025-06-02 23:26:33,36.6,"animation,cinematic,story",False,False
CT006908,C0295,mini,Documentary,2026-07-21 18:28:03,3.0,"creative,story",False,False
CT006909,C0162,cine,Documentary,2026-02-10 22:31:52,57.2,"experimental,ai,visual",True,False
CT006910,C0192,image,Comedy,2025-07-07 10:23:37,126.5,"animation,trending,cinematic",False,False
CT006911,C0289,video,Animation,2025-11-13 02:31:09,77.2,"ai,viral,visual",False,False
CT006912,C0257,mini,Fantasy,2026-06-16 17:10:17,8.4,visual,False,False
CT006913,C0496,cine,Drama,2026-07-18 22:03:35,12.1,trending,False,False
CT006914,C0221,cine,Mystery,2026-03-18 09:34:40,70.2,"cinematic,trending,animation",False,False
CT006915,C0478,image,Mystery,2025-08-03 04:17:19,38.5,"trending,viral,creative",False,True
CT006916,C0333,mini,Drama,2025-08-13 03:03:37,14.9,ai,False,True
CT006917,C0311,video,Action,2025-10-31 04:09:50,46.2,animation,False,False
CT006918,C0266,mini,Fantasy,2026-05-14 17:20:07,19.8,"animation,cinematic",True,True
CT006919,C0169,mini,Documentary,2026-05-15 15:09:04,13.1,"cinematic,creative",False,False
CT006920,C0291,image,Comedy,2026-05-08 12:44:18,23.4,"trending,experimental,story",False,False
CT006921,C0270,mini,Fantasy,2025-09-11 16:57:22,14.1,"animation,cinematic",False,False
CT006922,C0052,mini,Romance,2025-10-21 08:26:46,10.7,"viral,animation,cinematic",True,False
CT006923,C0463,video,Documentary,2025-10-21 19:10:00,138.4,"trending,story",True,False
CT006924,C0442,cine,Action,2026-04-29 07:34:06,37.6,"viral,character",False,False
CT006925,C0331,video,Horror,2026-05-18 16:28:13,45.1,"trending,experimental",True,False
CT006926,C0326,mini,Comedy,2025-06-14 13:28:30,13.0,animation,False,True
CT006927,C0076,mini,Fantasy,2026-04-21 19:45:09,13.5,"story,creative,character",False,False
CT006928,C0298,mini,Fantasy,2025-11-25 02:01:40,16.2,"visual,viral,story",False,False
CT006929,C0483,mini,Fantasy,2025-11-12 00:21:55,5.0,"creative,cinematic,story",False,False
CT006930,C0066,mini,Drama,2026-01-18 16:59:59,6.0,"trending,character,cinematic",False,False
CT006931,C0448,video,Romance,2025-12-31 03:22:57,31.4,"viral,character,animation",False,False
CT006932,C0176,mini,Fantasy,2026-08-21 16:08:24,7.6,"viral,story,creative",False,False
CT006933,C0112,image,Romance,2026-02-07 20:56:01,18.6,creative,False,False
CT006934,C0451,cine,Animation,2026-06-12 09:11:09,27.5,viral,True,False
CT006935,C0329,mini,Sci-Fi,2026-07-10 21:48:46,40.7,trending,False,False
CT006936,C0401,mini,Horror,2026-08-22 22:15:18,11.2,"character,cinematic,creative",True,False
CT006937,C0438,cine,Drama,2026-03-29 15:31:18,53.8,"animation,trending",False,False
CT006938,C0006,mini,Animation,2026-08-06 22:09:26,13.5,visual,False,False
CT006939,C0111,cine,Drama,2026-02-26 04:18:26,55.9,trending,False,False
CT006940,C0118,image,Animation,2025-11-16 09:37:32,57.5,experimental,False,False
CT006941,C0462,mini,Fantasy,2026-06-05 18:54:22,15.4,cinematic,False,False
CT006942,C0264,mini,Mystery,2026-07-08 04:40:55,8.4,"creative,trending",False,False
CT006943,C0091,image,Mystery,2025-10-17 18:33:27,42.1,"ai,experimental,trending",False,False
CT006944,C0350,mini,Action,2026-08-13 23:39:59,8.0,animation,False,True
CT006945,C0178,cine,Documentary,2025-12-20 10:51:15,105.1,ai,True,True
CT006946,C0284,mini,Animation,2025-09-13 23:38:20,11.0,trending,False,False
CT006947,C0470,image,Comedy,2026-04-10 02:44:30,65.3,"trending,story,ai",False,False
CT006948,C0133,cine,Sci-Fi,2025-09-19 22:02:11,55.5,"ai,trending",False,False
CT006949,C0472,video,Documentary,2025-12-02 04:01:47,24.4,"story,cinematic,animation",False,False
CT006950,C0372,image,Fantasy,2026-01-30 07:13:44,40.6,"viral,character",False,False
CT006951,C0012,cine,Action,2026-01-05 11:02:54,38.9,"creative,viral,cinematic",False,False
CT006952,C0192,cine,Fantasy,2025-07-24 01:37:24,38.5,"experimental,animation,visual",False,False
CT006953,C0429,mini,Sci-Fi,2025-08-13 03:14:24,26.2,"story,character,animation",False,False
CT006954,C0426,mini,Drama,2025-07-07 11:26:23,12.8,"trending,cinematic",False,False
CT006955,C0341,image,Animation,2026-03-06 04:05:03,69.6,character,False,True
CT006956,C0346,cine,Fantasy,2026-08-27 09:22:01,86.4,"character,creative,story",False,False
CT006957,C0435,video,Fantasy,2026-03-19 22:43:45,52.1,"animation,character",False,True
CT006958,C0074,cine,Comedy,2026-02-10 17:49:05,40.0,"cinematic,visual",False,False
CT006959,C0231,mini,Horror,2026-06-26 10:05:45,11.8,"experimental,trending",True,False
CT006960,C0179,mini,Comedy,2025-06-12 07:45:42,14.0,"animation,creative",False,False
CT006961,C0486,mini,Animation,2025-07-09 22:44:07,35.5,"character,story",False,False
CT006962,C0384,video,Horror,2026-08-26 13:38:14,50.5,creative,False,False
CT006963,C0375,mini,Documentary,2026-07-16 04:59:52,9.3,"creative,character,cinematic",False,False
CT006964,C0051,image,Documentary,2026-02-09 02:24:38,30.9,"visual,ai",False,False
CT006965,C0376,mini,Comedy,2025-07-10 04:24:24,12.5,visual,False,False
CT006966,C0415,video,Animation,2025-08-26 13:28:46,24.0,"visual,ai,animation",False,False
CT006967,C0212,cine,Action,2026-05-06 20:32:36,95.4,"cinematic,experimental",False,False
CT006968,C0428,video,Action,2025-09-14 04:28:01,172.8,"trending,story",False,False
CT006969,C0194,image,Documentary,2026-02-24 14:11:44,24.8,"viral,experimental",False,False
CT006970,C0325,mini,Sci-Fi,2026-05-12 10:12:35,21.2,"creative,ai,trending",False,False
CT006971,C0102,cine,Documentary,2025-12-03 03:57:27,84.6,experimental,False,False
CT006972,C0256,mini,Romance,2026-01-01 17:42:46,10.8,"story,trending,character",True,False
CT006973,C0030,mini,Fantasy,2026-07-27 02:32:06,12.2,visual,False,False
CT006974,C0060,mini,Drama,2026-08-22 01:27:59,11.8,"story,creative",True,False
CT006975,C0448,mini,Fantasy,2025-12-26 04:41:31,23.1,trending,False,False
CT006976,C0352,cine,Drama,2025-09-02 01:14:20,127.2,"visual,experimental",False,False
CT006977,C0293,cine,Sci-Fi,2025-06-12 06:50:06,42.1,visual,True,False
CT006978,C0194,video,Action,2025-08-22 05:19:19,28.3,"experimental,viral",False,False
CT006979,C0276,cine,Fantasy,2026-01-24 09:19:15,54.5,"visual,cinematic,animation",False,False
CT006980,C0354,image,Fantasy,2026-08-21 18:16:46,59.4,ai,False,False
CT006981,C0171,cine,Documentary,2026-01-29 19:13:25,47.0,"trending,character",False,False
CT006982,C0162,mini,Horror,2026-08-23 07:40:05,6.5,"viral,cinematic,ai",False,False
CT006983,C0368,mini,Fantasy,2026-05-06 10:26:05,14.2,trending,False,False
CT006984,C0264,video,Animation,2025-07-07 20:23:34,89.9,cinematic,False,False
CT006985,C0198,mini,Mystery,2025-11-11 08:40:27,11.5,"trending,cinematic",False,False
CT006986,C0223,mini,Drama,2026-02-21 04:48:00,9.2,"cinematic,creative,animation",False,False
CT006987,C0403,image,Drama,2025-07-04 17:09:18,44.3,"character,trending",True,False
CT006988,C0254,mini,Romance,2025-06-09 18:14:18,5.1,ai,True,False
CT006989,C0042,mini,Fantasy,2025-11-07 08:34:02,27.1,"trending,ai",False,False
CT006990,C0415,mini,Mystery,2026-07-13 13:59:13,11.0,"visual,creative,animation",False,False
CT006991,C0123,mini,Drama,2026-03-02 18:58:39,13.6,cinematic,False,False
CT006992,C0042,mini,Comedy,2026-01-25 13:41:16,18.7,"creative,ai,cinematic",True,False
CT006993,C0144,mini,Animation,2026-02-04 09:46:25,24.4,visual,False,False
CT006994,C0063,video,Drama,2026-02-04 15:05:53,29.8,"viral,ai",False,False
CT006995,C0012,image,Sci-Fi,2026-06-22 05:29:27,18.1,"character,visual",False,False
CT006996,C0350,mini,Horror,2025-10-24 16:37:57,12.1,"story,character,viral",True,False
CT006997,C0327,mini,Mystery,2025-10-02 05:05:42,11.4,"experimental,viral,character",False,False
CT006998,C0154,video,Horror,2025-10-08 04:47:57,75.0,"cinematic,ai,trending",False,False
CT006999,C0344,image,Sci-Fi,2026-02-15 14:01:02,270.4,"cinematic,experimental",False,False
CT007000,C0023,cine,Comedy,2025-10-01 06:53:39,28.3,"visual,animation,character",False,False
CT007001,C0207,cine,Documentary,2026-08-19 20:50:33,75.7,"visual,character",False,False
CT007002,C0286,mini,Animation,2026-04-11 12:19:07,29.2,animation,False,False
CT007003,C0401,mini,Fantasy,2025-10-22 00:43:53,8.3,"ai,visual,experimental",True,False
CT007004,C0134,mini,Comedy,2025-09-27 18:36:13,29.4,"creative,visual",False,False
CT007005,C0475,mini,Animation,2025-12-16 20:40:46,7.0,experimental,False,False
CT007006,C0187,video,Drama,2026-06-28 03:30:10,58.7,"trending,creative",False,False
CT007007,C0369,mini,Horror,2026-08-28 08:47:25,20.5,experimental,False,False
CT007008,C0092,mini,Documentary,2026-01-29 17:17:07,16.1,"story,visual",False,False
CT007009,C0327,video,Animation,2025-08-05 20:23:58,38.9,trending,False,True
CT007010,C0275,video,Action,2025-06-20 12:10:13,75.2,"story,cinematic",False,False
CT007011,C0224,mini,Action,2026-02-17 13:21:17,11.1,"story,ai,animation",False,False
CT007012,C0126,mini,Comedy,2026-03-12 01:31:38,11.0,"experimental,viral",False,False
CT007013,C0273,cine,Sci-Fi,2025-11-16 21:06:01,132.3,"visual,animation",False,False
CT007014,C0206,mini,Documentary,2026-07-11 12:41:06,10.9,"ai,character,creative",False,False
CT007015,C0148,video,Fantasy,2025-06-22 00:58:56,60.0,"character,experimental,visual",True,True
CT007016,C0261,mini,Action,2025-10-19 00:18:20,10.7,experimental,False,False
CT007017,C0121,mini,Horror,2026-05-13 22:00:26,14.6,"creative,ai,visual",False,False
CT007018,C0324,cine,Fantasy,2025-09-20 01:43:05,157.9,visual,False,False
CT007019,C0013,image,Romance,2025-08-30 16:00:54,27.3,trending,False,False
CT007020,C0122,video,Sci-Fi,2026-04-30 00:17:03,40.1,trending,False,False
CT007021,C0241,cine,Documentary,2026-07-12 18:39:29,20.3,cinematic,False,False
CT007022,C0062,mini,Comedy,2025-08-24 03:12:44,11.0,"character,cinematic",False,False
CT007023,C0111,image,Comedy,2025-12-08 12:56:10,48.7,"trending,cinematic,ai",False,False
CT007024,C0213,mini,Action,2026-08-19 13:11:39,6.2,"creative,cinematic",False,False
CT007025,C0228,mini,Drama,2025-08-05 22:46:46,9.9,"cinematic,creative",True,False
CT007026,C0165,mini,Drama,2025-08-03 03:48:55,36.1,"creative,experimental",False,False
CT007027,C0408,mini,Drama,2025-09-21 04:23:05,5.0,"animation,viral",False,False
CT007028,C0254,mini,Romance,2026-01-05 17:13:34,7.0,"creative,experimental",True,False
CT007029,C0184,image,Animation,2026-06-15 18:57:09,55.5,"viral,experimental,cinematic",False,False
CT007030,C0254,mini,Animation,2025-12-16 09:22:06,5.5,"visual,trending,creative",False,False
CT007031,C0160,cine,Sci-Fi,2025-11-18 11:44:12,148.3,"story,visual,animation",False,False
CT007032,C0026,mini,Horror,2026-06-23 08:11:12,28.1,"viral,creative",True,False
CT007033,C0216,cine,Romance,2025-09-25 20:35:14,186.6,"animation,creative",False,False
CT007034,C0180,cine,Mystery,2025-11-14 22:50:22,24.1,"character,visual",False,False
CT007035,C0244,mini,Romance,2025-09-22 12:28:02,5.4,"ai,animation",False,False
CT007036,C0254,video,Documentary,2025-07-21 06:01:08,118.7,story,True,True
CT007037,C0135,cine,Romance,2026-02-21 22:25:52,26.9,story,True,False
CT007038,C0228,video,Romance,2026-08-16 17:46:18,169.7,"trending,ai,viral",False,False
CT007039,C0298,video,Romance,2025-09-26 02:41:09,38.2,"ai,character,visual",False,False
CT007040,C0125,mini,Fantasy,2025-07-03 20:23:58,11.4,"character,creative,story",False,True
CT007041,C0015,video,Horror,2026-08-01 12:17:03,42.1,"visual,experimental",False,False
CT007042,C0099,image,Mystery,2025-07-19 10:54:56,55.1,creative,False,False
CT007043,C0239,mini,Mystery,2025-06-23 12:16:42,3.7,"ai,story",True,False
CT007044,C0341,image,Sci-Fi,2026-05-02 22:48:53,137.4,"ai,animation,character",False,False
CT007045,C0316,mini,Horror,2025-08-11 01:40:34,16.5,"experimental,viral,animation",False,True
CT007046,C0388,cine,Documentary,2026-08-29 04:10:17,269.7,"visual,animation,creative",True,False
CT007047,C0231,mini,Documentary,2025-12-13 14:30:12,13.7,"character,cinematic,visual",False,False
CT007048,C0438,image,Action,2026-04-02 13:04:36,26.9,"animation,viral,character",False,False
CT007049,C0486,video,Romance,2025-09-03 23:22:31,61.2,"viral,trending,character",False,False
CT007050,C0007,mini,Documentary,2025-09-05 13:34:39,12.5,character,False,False
CT007051,C0077,cine,Action,2026-05-22 01:14:13,19.5,"story,animation",False,False
CT007052,C0200,mini,Animation,2026-01-19 12:43:04,23.6,"creative,ai,experimental",False,True
CT007053,C0227,video,Documentary,2026-07-23 22:38:26,26.3,"experimental,visual,creative",False,False
CT007054,C0103,mini,Comedy,2026-07-26 03:17:04,15.0,"animation,trending",False,False
CT007055,C0146,mini,Mystery,2026-03-01 16:25:40,13.6,"animation,character,cinematic",False,False
CT007056,C0023,image,Drama,2026-05-23 01:53:58,76.1,trending,True,False
CT007057,C0452,image,Sci-Fi,2026-06-25 10:23:13,57.5,"visual,cinematic,creative",False,False
CT007058,C0393,mini,Comedy,2026-02-21 09:15:18,9.5,"experimental,creative",True,False
CT007059,C0090,cine,Romance,2026-06-01 01:37:00,86.4,cinematic,False,False
CT007060,C0196,image,Mystery,2025-06-13 02:28:36,35.8,"character,ai",False,False
CT007061,C0255,mini,Sci-Fi,2025-08-12 08:00:44,25.9,"ai,viral",False,False
CT007062,C0223,mini,Action,2026-01-03 08:12:07,15.5,"cinematic,animation,experimental",False,False
CT007063,C0205,cine,Fantasy,2025-07-06 15:15:27,60.2,"creative,animation,visual",False,False
CT007064,C0274,cine,Romance,2025-12-28 13:17:10,122.8,story,False,False
CT007065,C0457,cine,Documentary,2026-03-14 20:08:03,66.8,"animation,creative",False,False
CT007066,C0262,cine,Action,2025-11-15 18:09:43,147.9,"ai,animation,visual",False,True
CT007067,C0279,image,Mystery,2026-08-23 00:44:28,38.6,ai,False,False
CT007068,C0130,mini,Mystery,2026-07-03 21:07:19,7.0,"visual,creative",False,False
CT007069,C0233,mini,Action,2026-06-15 08:23:50,7.1,ai,False,False
CT007070,C0333,cine,Fantasy,2026-04-21 19:09:14,27.8,"animation,creative",False,False
CT007071,C0289,mini,Horror,2026-03-09 00:47:08,13.4,"creative,experimental",False,False
CT007072,C0243,video,Sci-Fi,2026-03-29 16:19:40,76.1,"viral,animation",False,False
CT007073,C0352,video,Animation,2025-07-21 14:09:50,38.5,viral,False,False
CT007074,C0110,mini,Sci-Fi,2026-08-02 14:01:23,13.6,"viral,story",False,False
CT007075,C0016,mini,Mystery,2026-05-22 13:10:25,3.8,animation,False,False
CT007076,C0155,mini,Action,2025-10-11 01:29:47,13.2,"trending,cinematic",False,False
CT007077,C0123,mini,Mystery,2026-04-08 10:24:57,8.4,"viral,story",False,False
CT007078,C0451,video,Documentary,2025-12-06 12:08:37,30.8,"story,experimental",False,False
CT007079,C0118,mini,Documentary,2026-07-31 20:23:24,13.6,"experimental,cinematic,viral",False,False
CT007080,C0454,mini,Fantasy,2026-01-31 02:13:47,12.6,visual,False,False
CT007081,C0206,cine,Romance,2026-04-20 11:45:01,58.4,"creative,viral,trending",False,False
CT007082,C0356,cine,Mystery,2025-08-26 04:11:26,92.3,"character,viral",False,False
CT007083,C0282,image,Comedy,2025-07-18 05:01:01,75.9,"visual,animation",False,False
CT007084,C0003,image,Drama,2026-07-16 14:17:32,183.1,"visual,character,story",False,False
CT007085,C0456,image,Sci-Fi,2026-03-05 19:02:13,61.2,"viral,experimental,creative",False,False
CT007086,C0238,cine,Romance,2026-03-30 21:39:41,148.0,experimental,False,True
CT007087,C0279,mini,Fantasy,2025-12-02 02:46:17,47.0,ai,False,False
CT007088,C0130,image,Fantasy,2026-03-15 16:55:49,41.5,"visual,animation",False,False
CT007089,C0089,cine,Drama,2025-12-10 03:36:32,27.9,"visual,ai",False,False
CT007090,C0020,mini,Animation,2026-03-18 05:24:38,7.7,story,False,False
CT007091,C0261,video,Fantasy,2026-03-16 15:02:32,22.0,"experimental,trending",False,False
CT007092,C0155,image,Documentary,2025-09-09 18:35:33,46.9,"creative,viral,visual",False,False
CT007093,C0215,mini,Action,2026-07-16 05:58:35,10.0,"trending,viral,story",False,False
CT007094,C0491,video,Mystery,2026-08-06 00:16:42,124.7,creative,False,True
CT007095,C0320,image,Documentary,2026-05-13 11:02:26,33.2,character,False,False
CT007096,C0367,video,Animation,2025-06-10 05:59:42,74.4,"visual,viral",False,False
CT007097,C0309,image,Animation,2025-06-11 04:05:13,27.7,creative,False,False
CT007098,C0088,image,Animation,2026-06-02 17:10:12,100.2,story,True,False
CT007099,C0319,mini,Fantasy,2025-08-07 00:45:23,11.1,creative,False,False
CT007100,C0444,mini,Action,2026-08-20 18:11:32,18.8,"viral,animation,story",False,False
CT007101,C0498,cine,Comedy,2025-11-13 14:43:42,60.4,animation,True,False
CT007102,C0027,image,Sci-Fi,2025-08-20 07:28:32,334.7,character,False,False
CT007103,C0014,video,Mystery,2026-04-09 05:14:38,32.6,"cinematic,experimental,story",False,False
CT007104,C0488,mini,Mystery,2026-04-09 16:36:55,10.8,viral,False,False
CT007105,C0382,image,Mystery,2026-03-17 04:37:35,64.0,"creative,story,viral",True,False
CT007106,C0008,mini,Fantasy,2026-05-17 08:10:58,5.9,"viral,trending,creative",False,False
CT007107,C0427,image,Mystery,2026-01-16 16:21:09,70.9,story,False,False
CT007108,C0466,mini,Fantasy,2025-10-22 14:44:42,5.5,"creative,experimental,viral",False,False
CT007109,C0123,cine,Mystery,2025-12-14 03:22:33,26.7,trending,False,False
CT007110,C0106,cine,Sci-Fi,2026-03-15 06:32:16,19.5,"experimental,viral,creative",False,False
CT007111,C0378,video,Sci-Fi,2026-05-27 00:59:14,111.9,"experimental,viral,creative",False,False
CT007112,C0151,image,Fantasy,2025-12-14 23:27:14,183.8,"creative,visual,character",False,False
CT007113,C0052,mini,Animation,2025-07-14 15:18:28,6.1,"ai,trending,experimental",False,False
CT007114,C0344,cine,Documentary,2025-12-01 03:25:49,143.9,"character,story,viral",False,True
CT007115,C0269,cine,Comedy,2026-02-27 08:06:28,188.0,"character,experimental,creative",False,False
CT007116,C0137,mini,Documentary,2026-05-19 17:19:45,24.4,"story,viral,animation",True,False
CT007117,C0162,mini,Comedy,2026-06-04 16:08:53,22.6,"ai,visual",False,True
CT007118,C0234,video,Documentary,2026-05-27 02:36:56,87.8,cinematic,False,True
CT007119,C0115,mini,Horror,2025-10-03 05:12:58,12.5,"creative,animation",True,False
CT007120,C0030,mini,Romance,2025-06-11 13:39:08,13.8,creative,False,False
CT007121,C0317,cine,Documentary,2025-09-01 05:26:19,50.3,character,False,False
CT007122,C0145,mini,Horror,2025-07-25 15:19:08,15.2,"ai,animation",False,False
CT007123,C0203,cine,Horror,2026-04-04 02:20:34,29.0,"story,ai,character",False,False
CT007124,C0154,mini,Romance,2025-10-02 11:41:32,7.1,"story,character",False,False
CT007125,C0077,mini,Comedy,2025-08-20 02:06:12,14.5,"animation,character,visual",False,False
CT007126,C0270,mini,Horror,2026-02-01 20:26:03,4.9,"creative,viral",False,False
CT007127,C0300,cine,Mystery,2026-01-09 15:06:16,49.9,ai,False,False
CT007128,C0248,mini,Action,2026-04-17 20:00:46,11.3,"creative,visual,experimental",False,False
CT007129,C0254,mini,Comedy,2026-07-26 19:25:12,13.7,trending,False,False
CT007130,C0356,image,Mystery,2025-07-09 06:30:06,163.0,"character,cinematic,trending",False,False
CT007131,C0027,image,Animation,2025-06-28 16:09:43,85.9,ai,False,False
CT007132,C0387,mini,Mystery,2026-06-08 12:21:50,5.8,character,False,False
CT007133,C0411,cine,Animation,2026-07-20 13:44:14,40.1,animation,False,False
CT007134,C0076,mini,Fantasy,2025-10-31 22:42:19,28.7,"creative,animation",False,False
CT007135,C0492,mini,Fantasy,2025-08-26 19:20:29,9.7,viral,False,True
CT007136,C0223,mini,Fantasy,2025-10-15 07:52:20,9.1,"cinematic,animation,character",False,True
CT007137,C0174,image,Horror,2026-01-06 22:48:26,53.8,"story,trending",False,False
CT007138,C0151,video,Horror,2025-06-06 11:07:09,63.3,"animation,viral",True,False
CT007139,C0491,mini,Sci-Fi,2025-07-31 07:07:11,10.9,"viral,visual,creative",False,False
CT007140,C0269,mini,Fantasy,2025-06-16 21:42:00,25.0,"character,viral",True,False
CT007141,C0497,video,Animation,2026-04-20 16:48:14,211.6,creative,True,False
CT007142,C0360,cine,Animation,2025-12-20 20:20:58,34.4,ai,False,False
CT007143,C0233,video,Animation,2026-08-29 23:38:05,28.8,"cinematic,viral",False,False
CT007144,C0017,image,Action,2025-12-20 19:03:15,72.1,"trending,story",True,False
CT007145,C0456,video,Drama,2025-10-16 18:10:22,47.0,"creative,trending,character",False,False
CT007146,C0115,image,Romance,2025-10-18 18:04:20,59.9,creative,True,False
CT007147,C0392,mini,Action,2026-07-27 15:51:20,7.8,"ai,cinematic,animation",False,False
CT007148,C0062,image,Animation,2025-08-25 19:35:03,22.1,trending,False,False
CT007149,C0416,mini,Horror,2026-04-29 20:43:51,18.5,"cinematic,creative",False,False
CT007150,C0014,image,Sci-Fi,2026-07-07 01:49:20,90.4,"cinematic,trending",False,False
CT007151,C0062,mini,Romance,2026-08-15 05:35:28,5.4,"character,creative,experimental",False,False
CT007152,C0150,image,Documentary,2025-07-09 13:44:59,38.2,cinematic,False,False
CT007153,C0391,mini,Action,2026-04-03 08:07:42,5.1,"visual,creative,experimental",False,False
CT007154,C0499,mini,Animation,2026-06-05 17:53:29,14.3,story,False,False
CT007155,C0119,mini,Documentary,2026-04-07 23:52:12,13.1,animation,True,False
CT007156,C0289,mini,Action,2026-06-19 12:32:55,13.0,"animation,creative,story",False,False
CT007157,C0374,mini,Horror,2026-08-05 08:19:51,12.9,experimental,False,False
CT007158,C0446,mini,Action,2026-07-07 14:03:28,8.3,"story,visual,trending",True,False
CT007159,C0117,video,Animation,2026-04-28 16:49:29,26.6,"character,viral",False,False
CT007160,C0053,image,Horror,2025-08-28 12:20:30,32.3,"animation,story,cinematic",False,False
CT007161,C0392,cine,Comedy,2026-06-22 10:30:57,677.2,"animation,ai",False,False
CT007162,C0017,image,Drama,2026-04-09 05:09:34,60.7,"ai,trending,visual",False,False
CT007163,C0442,mini,Horror,2025-10-08 18:21:43,10.3,"trending,creative,viral",False,False
CT007164,C0201,image,Action,2026-03-22 19:51:58,24.4,"visual,cinematic,experimental",True,False
CT007165,C0244,cine,Fantasy,2025-08-17 00:14:23,91.3,"viral,cinematic",True,False
CT007166,C0249,mini,Action,2026-06-16 03:44:53,7.2,"character,story,cinematic",True,False
CT007167,C0216,image,Horror,2026-03-19 20:46:01,37.6,"creative,story,visual",False,False
CT007168,C0006,video,Sci-Fi,2026-03-21 16:00:27,187.0,visual,False,True
CT007169,C0070,mini,Drama,2025-09-24 04:32:11,8.3,"story,viral",False,True
CT007170,C0175,mini,Animation,2025-08-09 02:11:36,13.5,"cinematic,story",False,False
CT007171,C0118,image,Mystery,2025-12-14 00:09:43,64.9,"creative,animation",False,False
CT007172,C0412,mini,Documentary,2025-11-07 13:57:57,17.7,"creative,ai,animation",False,False
CT007173,C0497,mini,Comedy,2026-06-26 03:28:30,9.5,ai,False,False
CT007174,C0103,mini,Romance,2026-08-23 21:48:45,6.7,"creative,character",False,False
CT007175,C0365,mini,Mystery,2026-03-15 18:32:28,11.0,character,True,False
CT007176,C0253,image,Horror,2026-05-30 14:12:11,114.1,"animation,ai",True,False
CT007177,C0385,video,Comedy,2026-08-05 09:47:45,83.0,creative,False,False
CT007178,C0380,cine,Romance,2026-05-02 00:45:08,27.4,experimental,False,False
CT007179,C0410,image,Romance,2025-11-09 17:59:00,13.1,"story,creative",True,False
CT007180,C0477,mini,Comedy,2025-09-15 00:26:29,6.2,"character,story,experimental",False,False
CT007181,C0289,mini,Drama,2025-10-06 23:07:37,19.9,"creative,animation,viral",True,False
CT007182,C0456,mini,Mystery,2025-10-22 07:56:44,16.2,animation,False,False
CT007183,C0213,mini,Mystery,2025-09-06 10:53:02,9.8,"animation,creative,trending",False,False
CT007184,C0026,cine,Documentary,2026-04-05 03:03:59,69.2,visual,False,False
CT007185,C0175,video,Horror,2026-08-20 05:22:47,40.2,"creative,viral,experimental",False,False
CT007186,C0347,mini,Documentary,2025-09-26 19:26:26,23.1,cinematic,False,False
CT007187,C0014,video,Comedy,2025-12-13 21:57:24,147.0,animation,False,False
CT007188,C0414,cine,Drama,2026-08-04 07:44:40,73.3,"story,experimental,animation",False,False
CT007189,C0405,mini,Sci-Fi,2026-07-25 13:20:24,16.0,"story,cinematic",False,False
CT007190,C0120,cine,Action,2025-06-12 18:50:35,38.0,"character,trending",True,False
CT007191,C0431,cine,Animation,2025-11-05 06:41:32,62.2,"trending,cinematic,ai",False,False
CT007192,C0392,image,Action,2025-11-07 04:33:07,161.5,"cinematic,animation",False,False
CT007193,C0170,image,Documentary,2025-10-10 04:53:03,53.3,viral,False,False
CT007194,C0463,cine,Comedy,2026-08-04 11:28:50,44.4,"animation,trending,ai",False,True
CT007195,C0256,image,Animation,2026-05-18 12:00:56,130.7,"animation,story",False,False
CT007196,C0218,cine,Mystery,2025-06-30 09:59:17,49.9,"viral,visual,animation",False,False
CT007197,C0285,mini,Romance,2026-03-09 20:05:04,14.8,"visual,cinematic,animation",False,False
CT007198,C0492,video,Romance,2026-02-18 23:56:07,65.2,"visual,character",False,True
CT007199,C0325,mini,Mystery,2026-01-26 05:54:40,45.7,"experimental,cinematic,story",True,False
CT007200,C0255,cine,Sci-Fi,2026-04-26 05:22:33,101.2,"creative,experimental,animation",False,False
CT007201,C0322,image,Romance,2025-12-18 17:46:17,137.7,visual,False,False
CT007202,C0367,mini,Romance,2026-04-21 13:51:01,11.2,"viral,trending",False,False
CT007203,C0100,cine,Comedy,2025-12-30 16:39:21,156.6,"trending,visual",False,False
CT007204,C0266,mini,Sci-Fi,2026-08-05 23:42:34,7.9,"animation,story,cinematic",True,True
CT007205,C0344,mini,Comedy,2026-06-16 12:12:39,6.2,"visual,trending,experimental",False,False
CT007206,C0103,cine,Animation,2025-06-25 06:52:06,50.6,"ai,character,trending",False,False
CT007207,C0375,video,Action,2025-08-09 19:40:13,423.2,visual,False,False
CT007208,C0005,mini,Animation,2025-11-30 05:51:07,28.7,cinematic,False,False
CT007209,C0006,image,Documentary,2025-06-24 06:36:02,15.3,"story,visual,creative",False,False
CT007210,C0192,cine,Documentary,2025-07-02 13:21:46,365.3,"visual,cinematic,trending",False,False
CT007211,C0301,image,Action,2025-06-03 17:06:20,65.3,"visual,character",False,False
CT007212,C0060,image,Fantasy,2026-07-16 05:00:40,31.7,visual,False,False
CT007213,C0207,cine,Sci-Fi,2026-01-12 17:18:40,25.1,"cinematic,viral,trending",False,False
CT007214,C0092,mini,Sci-Fi,2026-05-23 06:23:04,14.8,visual,True,True
CT007215,C0443,cine,Horror,2026-06-09 00:14:05,96.9,"ai,experimental",False,False
CT007216,C0366,image,Sci-Fi,2025-08-15 13:39:43,92.0,trending,False,False
CT007217,C0471,video,Fantasy,2026-04-02 23:05:45,107.7,"visual,trending",False,False
CT007218,C0185,cine,Action,2026-03-10 03:35:17,20.2,"visual,viral,ai",False,False
CT007219,C0292,video,Mystery,2026-08-26 15:28:24,25.1,"animation,visual",True,False
CT007220,C0180,mini,Comedy,2026-07-04 05:29:23,10.3,"trending,animation",False,False
CT007221,C0198,image,Sci-Fi,2026-03-06 03:27:42,126.7,"trending,ai",False,False
CT007222,C0274,cine,Sci-Fi,2026-04-05 12:36:59,42.3,"viral,character,cinematic",True,True
CT007223,C0467,mini,Mystery,2026-01-19 03:30:35,13.1,"cinematic,animation",True,False
CT007224,C0435,cine,Mystery,2026-02-22 10:17:33,103.8,"cinematic,character,creative",False,False
CT007225,C0134,image,Drama,2026-02-21 05:16:57,8.2,viral,True,False
CT007226,C0155,image,Horror,2026-07-09 07:18:07,40.3,creative,False,False
CT007227,C0247,cine,Romance,2026-07-08 06:30:02,99.0,"cinematic,creative,story",False,False
CT007228,C0381,image,Horror,2025-09-09 21:58:52,96.9,"story,visual,trending",False,False
CT007229,C0179,video,Animation,2025-06-07 16:12:21,17.9,"creative,visual,character",False,False
CT007230,C0034,mini,Romance,2025-09-27 19:35:21,11.4,"visual,experimental",False,False
CT007231,C0079,mini,Documentary,2025-12-30 17:22:36,15.6,"trending,cinematic",False,False
CT007232,C0193,video,Horror,2025-09-09 10:29:24,90.7,"viral,character,animation",True,False
CT007233,C0443,mini,Animation,2025-12-05 11:50:41,13.5,ai,False,False
CT007234,C0347,image,Comedy,2025-12-15 21:05:14,79.4,"viral,character",False,False
CT007235,C0126,cine,Romance,2026-08-09 17:06:30,34.2,"story,experimental,trending",False,False
CT007236,C0295,mini,Action,2025-12-18 09:01:00,7.6,"viral,experimental",False,False
CT007237,C0395,image,Comedy,2025-08-25 09:21:58,165.8,"animation,visual,ai",True,False
CT007238,C0140,image,Romance,2025-12-04 11:31:28,42.5,"viral,trending",False,False
CT007239,C0375,mini,Comedy,2025-06-12 15:34:50,19.6,character,True,False
CT007240,C0314,mini,Documentary,2025-06-14 11:08:41,8.9,"character,ai",True,False
CT007241,C0329,image,Action,2026-03-16 01:07:25,48.7,"cinematic,creative",False,False
CT007242,C0065,image,Horror,2025-09-23 19:17:27,11.5,ai,False,False
CT007243,C0057,mini,Drama,2026-03-13 00:12:26,12.2,creative,False,True
CT007244,C0223,mini,Animation,2025-06-17 21:32:33,33.6,"visual,story",False,False
CT007245,C0194,image,Animation,2025-10-24 14:50:17,177.1,"experimental,character,creative",False,False
CT007246,C0154,cine,Mystery,2026-02-17 13:07:54,87.2,"viral,ai",False,False
CT007247,C0462,image,Animation,2026-02-02 03:01:34,47.7,ai,False,False
CT007248,C0123,video,Drama,2026-02-26 11:58:19,111.1,creative,False,True
CT007249,C0183,image,Comedy,2026-02-28 02:00:47,25.0,"experimental,cinematic,character",False,False
CT007250,C0027,cine,Animation,2025-10-25 14:26:43,126.8,"cinematic,character",False,False
CT007251,C0009,cine,Fantasy,2025-11-08 23:39:42,66.6,"visual,animation,viral",False,True
CT007252,C0162,cine,Fantasy,2025-12-03 22:33:00,67.5,"experimental,ai",False,False
CT007253,C0363,video,Horror,2025-12-09 18:04:50,42.2,"animation,cinematic,trending",False,False
CT007254,C0297,mini,Mystery,2026-05-25 14:47:47,20.8,"cinematic,viral",False,False
CT007255,C0338,cine,Drama,2025-08-04 15:49:53,83.0,creative,False,True
CT007256,C0376,mini,Animation,2026-02-11 20:57:32,11.7,"ai,creative",False,False
CT007257,C0288,image,Sci-Fi,2026-05-18 14:05:51,23.1,trending,False,True
CT007258,C0219,image,Action,2025-11-03 14:17:04,117.4,"experimental,trending,creative",False,False
CT007259,C0181,mini,Horror,2025-11-25 11:12:09,16.8,"viral,character",False,False
CT007260,C0020,image,Sci-Fi,2026-04-06 01:18:49,28.0,"animation,trending",False,False
CT007261,C0161,cine,Drama,2026-03-22 08:21:22,59.1,"visual,ai",False,False
CT007262,C0248,video,Mystery,2026-02-08 14:04:32,56.6,animation,True,True
CT007263,C0115,image,Comedy,2025-12-12 13:02:12,33.1,cinematic,False,True
CT007264,C0073,image,Mystery,2025-06-22 01:09:01,63.7,"viral,animation",False,False
CT007265,C0289,mini,Drama,2025-08-13 23:43:34,13.4,character,False,False
CT007266,C0239,video,Drama,2026-01-09 04:45:40,102.9,"viral,trending",False,False
CT007267,C0498,image,Fantasy,2026-04-16 11:48:03,73.3,"ai,visual",False,False
CT007268,C0408,image,Fantasy,2025-09-01 09:30:49,37.5,"animation,trending",False,True
CT007269,C0392,image,Mystery,2025-12-08 07:19:55,36.8,"story,viral,experimental",False,False
CT007270,C0244,video,Horror,2025-09-21 15:10:12,74.1,"creative,story,trending",False,False
CT007271,C0319,cine,Animation,2025-08-24 12:31:31,15.5,"story,experimental,animation",True,False
CT007272,C0443,mini,Fantasy,2026-07-16 05:39:05,14.4,animation,False,True
CT007273,C0285,cine,Sci-Fi,2026-07-31 16:11:37,48.0,"viral,character",False,False
CT007274,C0127,mini,Romance,2026-08-24 00:45:52,24.6,trending,False,False
CT007275,C0353,mini,Romance,2026-07-13 08:29:18,12.5,ai,False,False
CT007276,C0062,mini,Animation,2025-12-02 04:43:46,19.3,visual,False,False
CT007277,C0248,cine,Action,2026-04-28 14:01:11,40.0,"story,visual",False,False
CT007278,C0426,image,Horror,2025-10-08 08:40:56,54.3,"animation,visual",False,False
CT007279,C0424,video,Romance,2026-02-18 16:25:06,43.6,"creative,story,animation",False,False
CT007280,C0389,video,Documentary,2025-09-24 03:13:24,32.4,"story,cinematic",True,False
CT007281,C0287,mini,Action,2026-03-13 02:04:14,5.8,"trending,character,viral",False,False
CT007282,C0174,image,Documentary,2025-12-10 11:28:31,65.2,"creative,viral",False,False
CT007283,C0124,video,Documentary,2025-11-12 06:06:22,45.1,"experimental,story,trending",False,False
CT007284,C0242,image,Mystery,2025-07-10 11:10:06,41.9,"animation,viral,visual",False,False
CT007285,C0278,mini,Documentary,2025-09-28 21:43:31,10.5,"animation,visual,story",False,False
CT007286,C0159,video,Romance,2025-12-18 19:37:47,270.7,visual,False,False
CT007287,C0122,cine,Fantasy,2026-02-25 23:32:54,60.5,"animation,viral",False,False
CT007288,C0385,cine,Romance,2026-06-17 02:17:15,164.7,"trending,viral",False,False
CT007289,C0266,mini,Romance,2026-05-04 10:38:46,12.5,"viral,trending,story",False,True
CT007290,C0241,image,Mystery,2026-02-04 17:26:09,59.5,"experimental,story,cinematic",False,False
CT007291,C0403,video,Horror,2026-01-12 18:50:45,77.9,"experimental,creative",False,False
CT007292,C0485,image,Animation,2025-12-31 14:54:35,50.2,"creative,experimental",False,False
CT007293,C0364,mini,Fantasy,2026-07-14 08:52:20,12.1,"creative,visual,experimental",False,False
CT007294,C0391,mini,Sci-Fi,2026-06-17 21:40:41,5.7,"cinematic,story",True,False
CT007295,C0134,video,Mystery,2025-11-25 02:43:08,46.9,viral,False,False
CT007296,C0430,video,Fantasy,2026-02-13 11:44:48,50.9,"visual,cinematic,animation",False,False
CT007297,C0366,video,Mystery,2025-11-19 16:06:39,112.6,"creative,experimental,visual",True,False
CT007298,C0278,image,Romance,2026-02-14 09:00:55,27.7,"story,trending,cinematic",False,False
CT007299,C0064,mini,Animation,2025-12-12 00:54:06,13.4,"animation,character",False,False
CT007300,C0261,cine,Documentary,2026-06-23 14:50:36,82.2,"creative,character,animation",False,True
CT007301,C0319,mini,Comedy,2026-04-18 02:44:58,10.5,cinematic,False,True
CT007302,C0099,mini,Horror,2025-08-19 14:03:41,16.0,"experimental,ai",False,False
CT007303,C0161,mini,Fantasy,2025-06-13 12:28:50,15.0,trending,True,False
CT007304,C0392,cine,Romance,2026-08-12 22:30:20,69.0,"character,ai,experimental",False,False
CT007305,C0308,image,Comedy,2025-11-09 08:05:27,51.0,"experimental,character",False,False
CT007306,C0116,image,Action,2025-08-08 22:41:44,17.6,ai,False,False
CT007307,C0430,mini,Action,2026-05-05 18:30:17,10.3,"cinematic,character,viral",False,False
CT007308,C0423,video,Drama,2026-01-03 00:42:50,57.9,"visual,story",False,False
CT007309,C0069,mini,Comedy,2026-02-08 23:21:11,22.1,"viral,story,trending",True,False
CT007310,C0036,video,Drama,2026-03-18 08:08:15,58.1,"character,creative",False,False
CT007311,C0350,cine,Animation,2025-10-20 07:18:46,73.9,"trending,visual",False,True
CT007312,C0041,mini,Fantasy,2026-02-14 19:11:45,17.1,"ai,creative",False,False
CT007313,C0337,image,Mystery,2026-03-27 11:07:48,86.7,"experimental,cinematic,viral",False,False
CT007314,C0268,mini,Horror,2026-03-07 22:41:18,15.0,"viral,creative",False,False
CT007315,C0379,cine,Comedy,2026-07-16 21:59:07,62.2,"animation,visual",False,False
CT007316,C0017,image,Comedy,2025-11-26 09:03:34,50.7,trending,False,False
CT007317,C0484,cine,Mystery,2026-01-17 08:06:13,55.1,"animation,character",False,False
CT007318,C0047,image,Romance,2026-05-09 05:21:32,97.9,"viral,creative",False,False
CT007319,C0239,cine,Horror,2026-05-04 02:11:26,54.0,ai,False,True
CT007320,C0407,mini,Romance,2026-08-29 07:55:33,6.5,"story,experimental,trending",True,False
CT007321,C0066,image,Horror,2025-08-30 11:27:37,105.5,"experimental,character,visual",False,False
CT007322,C0375,video,Comedy,2026-07-25 17:23:30,193.9,"trending,story,experimental",False,True
CT007323,C0349,mini,Sci-Fi,2026-01-02 16:27:19,11.9,"ai,character",False,False
CT007324,C0432,mini,Sci-Fi,2025-09-07 02:16:06,12.7,"animation,story",False,False
CT007325,C0269,mini,Fantasy,2025-10-11 19:54:42,5.2,"experimental,creative,animation",False,False
CT007326,C0155,cine,Action,2025-11-08 11:44:00,55.6,"animation,cinematic,character",False,False
CT007327,C0406,video,Animation,2026-08-27 17:05:03,63.4,ai,False,False
CT007328,C0076,image,Horror,2025-07-20 23:13:39,146.0,ai,False,False
CT007329,C0396,image,Action,2025-09-08 17:49:09,40.1,"story,character",False,False
CT007330,C0084,mini,Drama,2026-04-22 23:13:23,8.2,"animation,visual",False,False
CT007331,C0367,cine,Animation,2026-08-07 00:27:46,61.3,"character,story,cinematic",False,False
CT007332,C0027,mini,Documentary,2025-07-07 02:47:35,10.4,cinematic,True,True
CT007333,C0194,mini,Comedy,2025-12-04 09:02:25,6.9,"trending,animation,creative",False,False
CT007334,C0439,cine,Action,2025-12-04 12:04:20,50.1,animation,False,False
CT007335,C0236,cine,Animation,2026-01-14 05:55:39,40.6,animation,False,True
CT007336,C0014,image,Action,2026-05-15 04:05:08,36.3,"character,cinematic,visual",False,False
CT007337,C0455,image,Action,2026-01-25 21:28:20,35.9,experimental,False,False
CT007338,C0293,cine,Sci-Fi,2025-08-03 04:47:12,30.9,"cinematic,creative,trending",False,False
CT007339,C0209,cine,Drama,2025-09-19 06:21:36,24.0,creative,False,False
CT007340,C0442,image,Fantasy,2026-05-03 19:00:52,12.0,"creative,trending,viral",False,True
CT007341,C0289,mini,Sci-Fi,2025-09-17 22:55:23,10.9,trending,False,False
CT007342,C0297,mini,Romance,2026-01-13 13:47:45,11.7,"visual,animation",False,False
CT007343,C0339,video,Action,2025-11-19 11:18:49,240.5,creative,False,False
CT007344,C0087,image,Drama,2025-12-18 04:00:05,19.7,"visual,creative",True,False
CT007345,C0058,video,Mystery,2026-05-06 19:28:41,216.9,trending,False,False
CT007346,C0301,video,Horror,2025-09-19 22:18:59,49.5,"story,trending,ai",False,False
CT007347,C0384,image,Documentary,2026-04-16 13:14:43,18.1,"trending,cinematic",False,False
CT007348,C0480,mini,Horror,2026-05-14 08:49:58,10.1,"animation,viral,cinematic",False,False
CT007349,C0008,cine,Mystery,2026-08-29 21:47:39,37.8,visual,False,False
CT007350,C0042,mini,Documentary,2025-12-24 00:24:05,15.9,trending,False,False
CT007351,C0487,mini,Sci-Fi,2025-07-11 07:12:05,24.6,"character,experimental",False,False
CT007352,C0088,image,Mystery,2026-04-01 05:00:58,42.4,"cinematic,trending,animation",False,False
CT007353,C0282,mini,Action,2026-05-13 05:44:22,10.8,"creative,story,trending",False,False
CT007354,C0233,mini,Animation,2025-06-15 07:12:09,4.6,"creative,ai",False,False
CT007355,C0078,mini,Drama,2025-08-28 21:21:34,17.3,"character,story,cinematic",False,False
CT007356,C0388,image,Fantasy,2025-11-04 13:27:45,135.0,"story,trending,visual",False,False
CT007357,C0393,cine,Drama,2026-01-20 00:36:23,26.4,"animation,story",False,False
CT007358,C0144,mini,Comedy,2026-01-21 17:23:57,16.2,"trending,ai",True,True
CT007359,C0419,cine,Drama,2025-08-29 13:12:10,46.9,"cinematic,visual,experimental",False,False
CT007360,C0299,mini,Horror,2025-08-31 03:30:17,6.5,"ai,cinematic",False,False
CT007361,C0103,mini,Action,2026-08-01 20:40:49,11.2,story,True,False
CT007362,C0133,mini,Comedy,2026-04-24 18:12:35,14.6,"animation,character",True,False
CT007363,C0026,image,Animation,2026-01-18 06:43:36,35.8,animation,False,False
CT007364,C0279,mini,Sci-Fi,2025-10-30 01:11:22,6.5,"ai,story,animation",False,False
CT007365,C0262,mini,Romance,2026-01-01 02:17:55,3.0,"viral,trending",False,False
CT007366,C0091,mini,Documentary,2026-08-15 08:29:13,7.5,ai,False,False
CT007367,C0318,image,Action,2025-10-19 04:11:56,78.6,"animation,cinematic",True,False
CT007368,C0151,mini,Horror,2025-10-29 15:58:39,7.5,story,False,False
CT007369,C0085,cine,Drama,2025-12-22 17:20:50,33.0,"story,visual",False,False
CT007370,C0090,mini,Action,2025-08-25 20:47:39,25.1,creative,False,False
CT007371,C0273,image,Horror,2025-07-21 11:28:35,62.7,experimental,False,False
CT007372,C0463,mini,Documentary,2026-07-13 02:43:12,7.3,"experimental,trending,animation",False,False
CT007373,C0263,cine,Sci-Fi,2026-04-08 23:46:07,63.0,"viral,character,story",False,True
CT007374,C0309,mini,Animation,2025-11-01 09:14:31,9.7,"visual,story",True,False
CT007375,C0432,image,Fantasy,2026-02-16 05:23:01,50.3,"visual,character",False,False
CT007376,C0322,mini,Mystery,2026-01-13 05:07:51,14.7,"story,cinematic,ai",False,False
CT007377,C0407,mini,Horror,2025-07-16 09:37:17,9.9,"animation,viral,creative",False,False
CT007378,C0267,cine,Fantasy,2026-05-11 03:03:24,92.0,viral,False,False
CT007379,C0067,video,Mystery,2025-07-17 16:24:49,27.3,"story,animation",False,False
CT007380,C0326,image,Comedy,2026-02-15 18:33:12,14.7,"character,creative,story",False,False
CT007381,C0354,video,Mystery,2025-10-12 14:10:43,42.8,character,False,False
CT007382,C0221,mini,Animation,2025-12-17 02:04:30,34.9,"character,visual",False,False
CT007383,C0251,cine,Documentary,2026-01-02 17:41:09,48.5,"ai,character",False,False
CT007384,C0048,image,Action,2025-12-16 10:26:36,23.6,"viral,character",False,False
CT007385,C0229,mini,Drama,2025-09-10 12:52:19,10.3,"animation,experimental,cinematic",False,True
CT007386,C0453,mini,Horror,2025-07-08 23:39:44,5.1,"trending,ai",False,False
CT007387,C0077,mini,Animation,2025-07-30 21:19:08,9.2,character,True,False
CT007388,C0316,video,Horror,2026-04-28 14:34:47,52.9,"trending,creative,story",True,False
CT007389,C0372,image,Mystery,2025-07-14 22:21:43,77.0,"visual,character,ai",False,False
CT007390,C0356,mini,Romance,2026-01-17 18:43:23,6.9,"visual,trending",False,True
CT007391,C0431,image,Fantasy,2025-10-18 03:05:42,6.4,"story,trending",True,False
CT007392,C0101,image,Fantasy,2026-04-14 06:25:54,56.0,cinematic,True,False
CT007393,C0102,cine,Horror,2026-03-15 02:28:26,21.4,"story,trending",True,False
CT007394,C0165,mini,Fantasy,2025-08-23 20:18:15,18.5,"animation,trending,ai",False,False
CT007395,C0014,image,Drama,2026-04-06 08:01:47,104.4,"visual,character",False,False
CT007396,C0003,mini,Comedy,2026-03-28 05:07:43,14.3,viral,False,False
CT007397,C0302,mini,Documentary,2025-10-07 23:42:06,6.4,experimental,False,True
CT007398,C0150,cine,Documentary,2026-06-19 19:05:34,54.2,trending,False,False
CT007399,C0491,mini,Romance,2025-12-18 21:43:14,19.7,visual,True,False
CT007400,C0427,image,Documentary,2025-06-16 14:14:44,72.5,"viral,story",False,False
CT007401,C0334,mini,Mystery,2026-03-14 13:51:53,17.7,"trending,visual",False,False
CT007402,C0412,image,Mystery,2025-12-23 09:29:36,14.6,"story,experimental",False,False
CT007403,C0127,mini,Fantasy,2025-11-12 04:19:35,4.4,"trending,character,experimental",False,False
CT007404,C0350,cine,Horror,2025-12-23 13:52:40,53.9,"visual,experimental",False,False
CT007405,C0437,mini,Drama,2026-08-21 05:53:41,17.6,creative,True,False
CT007406,C0078,mini,Comedy,2025-11-24 23:44:51,38.6,visual,False,False
CT007407,C0267,mini,Romance,2026-04-12 21:13:22,31.0,"character,visual,trending",False,True
CT007408,C0496,mini,Fantasy,2026-06-23 17:14:06,7.7,"viral,character,ai",False,True
CT007409,C0252,mini,Comedy,2026-02-19 18:14:43,18.2,animation,False,False
CT007410,C0409,cine,Comedy,2026-07-11 22:09:45,293.0,"animation,story",False,False
CT007411,C0032,cine,Mystery,2026-01-14 01:04:06,46.3,"animation,trending",False,False
CT007412,C0174,image,Mystery,2025-09-11 17:29:51,43.5,"experimental,story,viral",False,False
CT007413,C0034,cine,Action,2026-01-11 07:51:51,90.6,"animation,story,experimental",False,False
CT007414,C0354,mini,Horror,2025-07-27 04:50:26,13.7,visual,False,False
CT007415,C0287,video,Action,2025-10-12 00:40:25,58.0,creative,False,False
CT007416,C0098,mini,Action,2025-09-02 17:28:04,7.5,experimental,False,False
CT007417,C0402,mini,Sci-Fi,2025-07-06 05:19:38,7.8,"trending,animation",False,False
CT007418,C0263,mini,Comedy,2025-08-10 00:47:03,15.7,character,False,False
CT007419,C0377,mini,Animation,2026-06-18 02:07:48,17.6,"ai,character,visual",False,False
CT007420,C0357,image,Mystery,2026-06-27 06:56:39,38.4,"character,cinematic,trending",False,False
CT007421,C0471,mini,Mystery,2026-07-18 20:48:58,7.6,"viral,experimental,character",False,True
CT007422,C0120,mini,Comedy,2025-06-12 08:26:51,29.4,"ai,experimental",False,True
CT007423,C0252,mini,Documentary,2026-08-19 09:01:57,10.7,cinematic,False,True
CT007424,C0080,mini,Action,2025-11-04 05:51:00,12.7,"trending,viral,animation",False,False
CT007425,C0308,cine,Romance,2025-12-02 05:05:33,112.9,"creative,trending",False,False
CT007426,C0179,mini,Sci-Fi,2025-08-22 06:08:57,13.8,visual,False,False
CT007427,C0314,mini,Action,2026-08-06 13:28:17,17.3,"ai,animation",True,False
CT007428,C0038,image,Sci-Fi,2026-08-30 08:45:19,99.9,"story,viral,experimental",False,False
CT007429,C0189,image,Romance,2026-04-17 06:38:59,26.6,"character,ai",True,False
CT007430,C0228,video,Drama,2025-07-05 07:09:15,21.4,"ai,cinematic",False,False
CT007431,C0002,mini,Fantasy,2025-12-10 11:42:12,7.7,character,False,False
CT007432,C0066,image,Drama,2025-10-06 00:59:43,173.5,"character,experimental,viral",False,False
CT007433,C0420,mini,Documentary,2026-07-24 20:21:40,13.9,trending,False,False
CT007434,C0244,cine,Animation,2026-03-25 01:10:05,124.2,"story,creative",False,False
CT007435,C0034,image,Comedy,2026-08-16 15:34:22,27.2,experimental,False,False
CT007436,C0071,mini,Animation,2026-06-16 13:29:51,13.2,"story,animation",False,False
CT007437,C0478,cine,Drama,2026-01-30 11:20:58,261.5,"creative,ai",False,False
CT007438,C0084,mini,Horror,2025-10-07 21:39:06,26.9,ai,True,False
CT007439,C0421,mini,Mystery,2026-05-22 12:26:14,6.4,viral,False,False
CT007440,C0123,image,Romance,2026-04-14 21:27:11,95.9,"experimental,visual",True,False
CT007441,C0052,mini,Animation,2026-05-21 03:05:46,18.2,"cinematic,visual,trending",False,False
CT007442,C0420,cine,Mystery,2026-07-31 03:24:33,44.7,creative,False,False
CT007443,C0064,image,Romance,2026-03-05 15:04:50,92.1,ai,False,False
CT007444,C0409,mini,Horror,2026-04-01 03:34:30,10.3,"creative,ai,cinematic",True,False
CT007445,C0368,mini,Comedy,2025-12-10 18:51:27,18.0,"character,creative,experimental",False,False
CT007446,C0494,mini,Action,2026-01-11 08:23:07,3.4,"creative,animation,experimental",False,False
CT007447,C0263,mini,Documentary,2025-08-01 06:14:56,7.4,"ai,character",False,False
CT007448,C0457,video,Mystery,2025-08-27 10:17:49,69.0,"viral,trending,ai",False,False
CT007449,C0325,video,Romance,2026-08-30 01:35:34,239.0,animation,False,False
CT007450,C0007,mini,Comedy,2025-08-21 10:10:31,5.7,story,False,False
CT007451,C0148,mini,Romance,2025-07-03 16:17:58,9.2,"visual,experimental",False,False
CT007452,C0008,cine,Mystery,2026-05-31 04:19:50,43.9,"character,ai,animation",False,False
CT007453,C0433,image,Sci-Fi,2025-08-01 11:54:20,27.8,"character,creative",False,False
CT007454,C0202,cine,Action,2025-12-28 11:32:53,20.3,story,False,True
CT007455,C0268,image,Horror,2025-11-18 21:40:34,100.0,"viral,cinematic,ai",False,False
CT007456,C0403,mini,Animation,2025-12-07 22:13:43,9.7,ai,False,True
CT007457,C0279,video,Drama,2025-11-29 17:43:42,334.3,"creative,viral,visual",False,False
CT007458,C0453,cine,Horror,2025-06-17 11:34:47,29.5,"visual,viral",False,True
CT007459,C0494,cine,Comedy,2025-09-30 19:43:53,32.2,visual,False,False
CT007460,C0101,mini,Mystery,2026-03-20 10:45:31,13.7,"experimental,cinematic,viral",False,False
CT007461,C0385,mini,Horror,2025-07-06 14:29:53,17.8,"animation,trending,visual",False,True
CT007462,C0097,mini,Mystery,2025-09-30 02:46:22,6.3,cinematic,False,False
CT007463,C0345,video,Documentary,2026-07-16 03:11:20,88.0,"visual,story",False,False
CT007464,C0268,cine,Romance,2026-03-26 11:44:44,11.8,"visual,story",False,False
CT007465,C0432,mini,Drama,2026-01-21 01:06:04,5.1,"cinematic,ai",True,True
CT007466,C0092,mini,Romance,2026-02-05 00:36:50,12.1,"viral,animation",False,False
CT007467,C0496,mini,Comedy,2026-08-17 05:57:14,5.7,"visual,creative,animation",False,False
CT007468,C0248,cine,Horror,2025-06-23 10:44:55,76.6,"story,experimental,creative",False,False
CT007469,C0407,video,Documentary,2026-07-06 08:27:33,385.2,ai,False,False
CT007470,C0409,mini,Action,2026-01-04 23:15:49,14.7,"experimental,ai,visual",False,False
CT007471,C0404,mini,Animation,2026-01-12 06:28:52,10.5,"ai,cinematic",False,False
CT007472,C0120,mini,Romance,2025-09-13 10:34:01,6.4,animation,False,False
CT007473,C0097,cine,Romance,2025-11-25 00:42:12,58.7,character,False,True
CT007474,C0050,image,Romance,2026-02-03 10:18:51,29.7,"visual,story",False,False
CT007475,C0433,cine,Action,2025-09-25 07:14:54,18.1,trending,False,False
CT007476,C0303,video,Comedy,2025-11-07 11:53:10,43.9,"ai,trending",False,False
CT007477,C0441,cine,Fantasy,2026-08-27 19:55:45,31.7,"story,viral",False,False
CT007478,C0169,mini,Comedy,2026-06-08 06:30:28,20.1,"creative,character",False,False
CT007479,C0295,mini,Animation,2026-03-03 21:44:53,8.4,creative,False,False
CT007480,C0031,cine,Mystery,2025-10-12 12:39:14,42.2,animation,False,False
CT007481,C0326,image,Documentary,2026-06-19 08:49:01,73.8,"viral,trending",False,False
CT007482,C0452,cine,Mystery,2026-06-27 06:09:47,27.0,"creative,story,cinematic",False,False
CT007483,C0312,image,Horror,2026-08-24 00:13:42,40.3,"visual,character",False,False
CT007484,C0425,mini,Comedy,2026-04-01 15:56:23,9.9,"experimental,trending",False,False
CT007485,C0268,mini,Documentary,2025-09-11 02:51:59,11.2,"trending,ai,story",True,False
CT007486,C0214,mini,Horror,2025-11-19 18:50:48,8.5,"animation,visual,viral",False,False
CT007487,C0092,mini,Romance,2026-07-27 17:27:32,6.4,visual,False,False
CT007488,C0125,cine,Mystery,2025-07-18 02:12:20,24.3,character,False,False
CT007489,C0328,video,Fantasy,2026-05-29 06:45:54,50.1,"cinematic,story,visual",True,False
CT007490,C0198,cine,Animation,2026-01-15 14:28:45,70.1,trending,True,False
CT007491,C0189,mini,Fantasy,2025-12-25 07:39:41,9.2,visual,False,False
CT007492,C0272,image,Romance,2025-08-13 01:34:07,28.8,"ai,story",False,False
CT007493,C0269,image,Sci-Fi,2026-08-07 15:35:08,28.4,"ai,story",False,False
CT007494,C0402,mini,Animation,2025-09-04 08:27:47,9.3,"viral,creative,animation",False,False
CT007495,C0448,image,Mystery,2026-02-24 23:48:50,42.0,"visual,story,trending",False,True
CT007496,C0066,cine,Romance,2026-02-07 01:46:50,16.8,"trending,visual",False,False
CT007497,C0057,cine,Mystery,2025-11-27 12:29:40,36.3,"experimental,viral",False,False
CT007498,C0410,video,Action,2025-08-06 10:31:31,53.3,"creative,cinematic,ai",False,False
CT007499,C0474,image,Fantasy,2025-08-12 22:00:14,115.7,ai,False,True
CT007500,C0267,image,Drama,2026-03-18 16:35:05,21.6,"visual,ai,character",True,False
CT007501,C0281,image,Drama,2026-04-28 22:05:43,28.7,"cinematic,ai,animation",False,True
CT007502,C0364,cine,Mystery,2025-09-19 12:42:42,24.6,animation,False,False
CT007503,C0475,mini,Mystery,2026-05-19 22:59:31,12.7,"ai,story",True,False
CT007504,C0180,mini,Animation,2026-04-08 21:33:33,11.2,visual,False,False
CT007505,C0100,image,Romance,2025-09-03 08:26:23,74.5,"animation,ai",False,True
CT007506,C0412,mini,Fantasy,2025-11-23 03:42:29,11.3,"trending,experimental",False,True
CT007507,C0030,video,Animation,2025-11-17 13:26:02,72.8,"viral,creative,visual",False,False
CT007508,C0056,mini,Horror,2026-02-08 20:54:43,10.4,"trending,ai,creative",False,False
CT007509,C0305,cine,Comedy,2025-06-26 02:22:47,40.0,"viral,story,animation",False,False
CT007510,C0159,mini,Documentary,2026-08-08 20:51:09,10.5,ai,False,False
CT007511,C0263,image,Sci-Fi,2026-02-10 02:35:25,114.3,ai,True,False
CT007512,C0249,cine,Action,2026-04-09 18:54:26,85.3,"trending,visual,creative",False,False
CT007513,C0367,mini,Drama,2026-03-01 15:06:52,11.8,"creative,visual,character",False,False
CT007514,C0085,mini,Documentary,2025-11-30 09:13:47,12.8,"trending,cinematic",False,False
CT007515,C0301,cine,Action,2026-06-22 19:18:24,58.1,"visual,character",False,False
CT007516,C0376,mini,Sci-Fi,2025-10-26 14:59:19,11.7,story,False,False
CT007517,C0254,mini,Mystery,2025-06-12 22:11:08,13.5,visual,False,False
CT007518,C0156,mini,Fantasy,2026-02-11 19:02:35,11.7,"story,visual",False,False
CT007519,C0444,image,Animation,2025-07-25 13:25:09,81.7,experimental,False,False
CT007520,C0066,mini,Romance,2026-06-10 08:55:10,10.7,"viral,ai",False,False
CT007521,C0165,mini,Horror,2025-06-15 09:28:41,6.3,"viral,experimental,visual",False,False
CT007522,C0270,mini,Horror,2025-09-04 10:35:36,12.2,creative,False,True
CT007523,C0136,image,Drama,2026-08-05 16:02:43,112.4,creative,False,False
CT007524,C0322,mini,Animation,2025-09-28 17:30:22,5.1,"ai,viral",False,True
CT007525,C0403,mini,Documentary,2026-01-20 21:02:19,10.5,trending,False,False
CT007526,C0265,mini,Documentary,2026-07-04 11:32:47,25.5,experimental,False,False
CT007527,C0176,mini,Romance,2025-09-21 04:13:22,10.1,"ai,viral,character",False,True
CT007528,C0301,image,Mystery,2025-10-15 21:06:10,59.4,"story,trending",False,False
CT007529,C0273,video,Horror,2025-06-09 17:03:06,76.7,"creative,ai,trending",False,False
CT007530,C0407,image,Horror,2026-06-01 21:11:19,26.7,"viral,creative",False,False
CT007531,C0300,cine,Comedy,2025-07-15 00:18:47,75.8,ai,False,False
CT007532,C0004,mini,Documentary,2026-08-20 21:57:23,12.7,animation,False,False
CT007533,C0147,mini,Action,2026-04-25 09:24:26,12.7,viral,False,False
CT007534,C0180,image,Romance,2025-10-21 23:59:56,50.1,viral,False,False
CT007535,C0180,image,Sci-Fi,2026-01-06 00:13:18,190.6,"creative,visual,story",False,True
CT007536,C0429,video,Drama,2026-01-22 20:42:42,48.7,story,True,True
CT007537,C0021,video,Drama,2026-05-01 21:32:17,88.8,"creative,visual,character",False,False
CT007538,C0375,image,Romance,2025-11-17 00:56:16,57.1,trending,False,False
CT007539,C0138,mini,Animation,2025-09-29 22:15:03,4.8,cinematic,False,False
CT007540,C0267,video,Sci-Fi,2025-07-31 07:57:51,63.0,"trending,viral",False,False
CT007541,C0162,mini,Action,2025-12-18 10:25:47,27.8,experimental,False,False
CT007542,C0040,mini,Romance,2026-01-06 11:20:43,10.4,"ai,creative,story",True,False
CT007543,C0008,image,Sci-Fi,2026-03-12 11:33:04,38.6,"experimental,visual",False,False
CT007544,C0196,cine,Comedy,2026-06-16 03:43:28,68.0,trending,False,True
CT007545,C0410,mini,Drama,2025-09-05 19:36:10,19.0,"visual,story",False,False
CT007546,C0175,cine,Romance,2025-09-10 15:46:38,97.4,"animation,character",False,False
CT007547,C0439,image,Drama,2025-10-10 02:39:04,14.7,visual,False,True
CT007548,C0451,mini,Animation,2025-08-14 14:37:00,23.5,"cinematic,visual,trending",False,True
CT007549,C0083,cine,Comedy,2025-08-04 13:45:07,21.0,character,False,True
CT007550,C0418,mini,Horror,2026-05-31 14:31:51,9.1,"ai,creative,cinematic",False,False
CT007551,C0300,mini,Comedy,2026-04-21 13:53:25,6.8,"animation,cinematic,story",False,False
CT007552,C0279,mini,Comedy,2026-06-14 08:09:27,11.4,"experimental,trending,animation",False,False
CT007553,C0219,image,Romance,2026-02-21 12:35:48,91.5,"creative,cinematic,trending",False,False
CT007554,C0477,mini,Comedy,2026-06-08 12:17:56,9.9,ai,False,False
CT007555,C0066,cine,Drama,2025-12-20 18:29:44,61.4,"experimental,story",False,True
CT007556,C0003,image,Action,2026-07-07 15:02:47,30.8,ai,True,False
CT007557,C0013,mini,Action,2026-02-14 16:56:06,12.2,viral,False,False
CT007558,C0439,image,Animation,2025-06-16 07:04:29,62.0,story,False,False
CT007559,C0325,mini,Action,2025-08-17 10:10:05,12.8,viral,False,False
CT007560,C0254,cine,Mystery,2026-01-22 12:24:31,93.0,"cinematic,experimental",False,False
CT007561,C0040,image,Mystery,2026-06-06 16:13:30,100.0,"story,experimental,cinematic",False,False
CT007562,C0064,video,Horror,2025-08-07 00:53:49,73.0,animation,False,False
CT007563,C0444,video,Romance,2026-05-11 11:50:35,61.7,"character,viral",False,False
CT007564,C0437,video,Fantasy,2026-07-11 11:21:50,118.3,"animation,visual,cinematic",False,False
CT007565,C0393,mini,Documentary,2025-08-22 23:50:42,22.9,viral,True,False
CT007566,C0437,mini,Romance,2026-02-08 16:31:29,28.4,animation,False,False
CT007567,C0363,image,Mystery,2026-07-09 21:13:50,103.7,"trending,viral,experimental",False,False
CT007568,C0381,image,Sci-Fi,2025-10-19 18:25:10,113.6,"visual,trending,viral",True,False
CT007569,C0422,mini,Horror,2025-11-27 15:40:12,15.2,trending,False,False
CT007570,C0224,mini,Romance,2025-12-23 00:28:29,5.1,"animation,story",False,False
CT007571,C0057,cine,Sci-Fi,2025-12-29 10:02:41,75.1,animation,False,False
CT007572,C0062,image,Comedy,2025-10-30 12:44:08,58.1,"character,trending",False,False
CT007573,C0309,image,Comedy,2026-01-29 06:06:42,19.5,animation,True,False
CT007574,C0098,mini,Action,2025-10-02 03:47:51,37.8,experimental,False,False
CT007575,C0103,mini,Action,2026-05-28 13:27:51,5.9,"story,ai,creative",True,False
CT007576,C0440,video,Action,2026-04-08 07:07:39,56.2,animation,False,False
CT007577,C0255,mini,Drama,2025-08-14 18:55:11,29.6,"viral,experimental",True,False
CT007578,C0237,image,Sci-Fi,2026-06-23 22:50:56,12.6,animation,False,False
CT007579,C0179,video,Sci-Fi,2025-09-29 20:21:43,50.8,"animation,creative",False,False
CT007580,C0136,video,Animation,2026-01-28 05:01:33,54.9,"character,trending",False,False
CT007581,C0062,mini,Sci-Fi,2026-08-02 00:08:31,9.7,"creative,trending",False,True
CT007582,C0468,image,Documentary,2026-04-07 21:43:05,211.2,cinematic,False,False
CT007583,C0368,cine,Drama,2026-08-02 15:17:06,21.1,character,False,False
CT007584,C0429,mini,Action,2026-03-02 20:42:14,15.4,"visual,creative",False,False
CT007585,C0151,mini,Sci-Fi,2026-06-04 21:23:10,12.4,experimental,False,False
CT007586,C0056,mini,Documentary,2025-12-29 11:38:48,7.1,"experimental,viral",False,False
CT007587,C0061,mini,Mystery,2025-08-16 19:20:05,17.4,"viral,creative,cinematic",False,True
CT007588,C0483,mini,Mystery,2025-08-20 20:24:12,17.6,"creative,animation",False,False
CT007589,C0438,mini,Fantasy,2026-02-27 07:25:46,21.4,animation,False,False
CT007590,C0457,image,Mystery,2025-08-05 15:14:52,66.2,creative,False,False
CT007591,C0069,video,Comedy,2025-12-21 08:42:06,84.3,viral,True,False
CT007592,C0207,image,Romance,2025-12-29 05:39:43,91.6,"cinematic,visual",False,False
CT007593,C0106,image,Mystery,2025-07-07 19:38:50,73.4,"animation,experimental",False,False
CT007594,C0292,mini,Action,2026-06-22 03:33:10,12.9,"cinematic,story,visual",False,False
CT007595,C0013,cine,Documentary,2025-07-05 10:47:34,23.6,"creative,cinematic",False,False
CT007596,C0192,mini,Comedy,2025-10-22 13:02:39,4.1,"visual,story",False,False
CT007597,C0260,mini,Mystery,2026-06-26 17:13:18,6.2,"animation,creative,viral",False,True
CT007598,C0141,image,Action,2025-06-18 03:29:43,118.7,"story,cinematic,creative",True,False
CT007599,C0413,video,Documentary,2025-07-12 06:25:27,77.4,"story,trending,visual",False,False
CT007600,C0037,mini,Fantasy,2026-06-20 18:00:17,12.9,"viral,ai,story",True,False
CT007601,C0424,cine,Horror,2025-10-02 18:05:33,62.2,"creative,ai",False,False
CT007602,C0006,mini,Documentary,2026-07-21 08:25:14,6.1,character,False,False
CT007603,C0370,image,Fantasy,2025-08-08 17:31:48,178.6,"story,cinematic,ai",False,True
CT007604,C0325,mini,Comedy,2025-08-14 16:36:33,14.4,"experimental,visual",False,False
CT007605,C0234,cine,Documentary,2026-02-18 05:56:11,136.7,"experimental,viral",False,False
CT007606,C0025,mini,Mystery,2026-08-09 18:12:03,15.6,"cinematic,viral",False,False
CT007607,C0444,mini,Drama,2026-05-13 13:40:39,9.0,"visual,animation,cinematic",False,False
CT007608,C0453,image,Sci-Fi,2026-03-05 21:31:21,27.4,trending,False,False
CT007609,C0387,cine,Sci-Fi,2025-09-29 22:09:35,12.1,"experimental,trending",False,True
CT007610,C0468,image,Documentary,2025-07-02 13:18:42,33.1,"story,viral",False,False
CT007611,C0444,video,Animation,2026-05-23 14:43:00,57.8,"character,creative,experimental",False,False
CT007612,C0410,mini,Action,2025-07-24 15:25:42,28.9,"cinematic,visual",False,False
CT007613,C0118,image,Fantasy,2025-08-19 18:50:59,22.4,"cinematic,experimental,trending",False,False
CT007614,C0417,mini,Drama,2025-12-19 00:36:02,5.6,viral,False,False
CT007615,C0301,mini,Comedy,2025-11-10 16:07:08,16.2,visual,False,False
CT007616,C0040,image,Romance,2026-07-01 04:44:23,30.1,"experimental,ai",False,True
CT007617,C0008,video,Action,2025-09-19 18:05:32,205.7,"story,character,ai",False,False
CT007618,C0127,mini,Documentary,2026-03-25 08:40:13,17.0,story,False,False
CT007619,C0260,image,Comedy,2025-12-25 04:18:31,186.3,experimental,False,False
CT007620,C0481,image,Romance,2025-09-17 21:16:17,33.1,"cinematic,story",False,False
CT007621,C0439,mini,Fantasy,2026-08-22 08:09:28,12.0,"ai,creative",False,False
CT007622,C0485,cine,Sci-Fi,2026-05-29 09:29:59,64.8,"visual,story,creative",False,False
CT007623,C0368,cine,Action,2026-05-02 23:30:31,31.0,"cinematic,creative,story",True,False
CT007624,C0067,mini,Romance,2025-12-27 06:52:45,8.0,"viral,ai,creative",False,False
CT007625,C0389,cine,Drama,2025-09-02 19:50:46,47.3,"animation,viral",True,False
CT007626,C0192,video,Horror,2026-03-22 15:28:28,44.1,"visual,trending",False,False
CT007627,C0159,image,Mystery,2026-08-15 16:39:21,17.1,character,False,False
CT007628,C0262,mini,Drama,2025-09-30 08:04:13,12.3,visual,False,False
CT007629,C0201,mini,Fantasy,2026-04-07 16:35:06,4.8,visual,False,False
CT007630,C0316,mini,Sci-Fi,2026-06-27 11:55:05,7.0,"cinematic,visual",False,False
CT007631,C0493,mini,Drama,2025-12-25 02:29:05,12.3,experimental,True,False
CT007632,C0161,mini,Romance,2025-07-07 11:14:36,12.2,"ai,character,experimental",False,False
CT007633,C0134,image,Documentary,2026-07-23 19:28:10,145.6,"ai,story,character",False,False
CT007634,C0481,cine,Romance,2025-07-19 14:04:16,44.5,"cinematic,viral",False,False
CT007635,C0043,image,Fantasy,2026-05-14 20:25:10,52.9,animation,False,True
CT007636,C0422,image,Sci-Fi,2026-01-05 05:37:00,35.2,"trending,visual",True,False
CT007637,C0192,mini,Documentary,2026-04-29 12:17:33,8.7,"visual,creative,cinematic",False,True
CT007638,C0481,video,Sci-Fi,2026-04-18 14:57:02,54.0,"viral,creative,visual",False,False
CT007639,C0385,video,Documentary,2025-08-31 15:00:16,130.9,"trending,story",False,False
CT007640,C0071,mini,Animation,2025-07-15 11:48:05,14.1,viral,False,False
CT007641,C0258,mini,Sci-Fi,2025-07-29 08:26:33,6.5,"trending,ai,character",False,False
CT007642,C0130,image,Romance,2025-08-31 07:28:18,49.5,"cinematic,creative",False,True
CT007643,C0022,cine,Romance,2026-06-30 17:19:54,31.3,"visual,viral,cinematic",False,False
CT007644,C0300,video,Sci-Fi,2025-07-10 20:46:11,32.9,ai,False,False
CT007645,C0331,mini,Sci-Fi,2026-04-07 03:37:15,4.5,creative,False,False
CT007646,C0412,image,Sci-Fi,2025-11-22 17:33:42,30.9,"ai,visual",False,True
CT007647,C0368,cine,Mystery,2026-06-08 15:53:56,158.2,"cinematic,ai,character",True,False
CT007648,C0301,cine,Fantasy,2026-03-01 00:36:03,45.6,"animation,character",False,False
CT007649,C0299,mini,Mystery,2026-05-16 04:24:46,18.8,"experimental,animation",True,False
CT007650,C0307,cine,Action,2026-06-13 02:09:14,22.4,"cinematic,viral",False,False
CT007651,C0086,mini,Drama,2026-07-17 19:36:30,18.2,"character,visual,viral",False,False
CT007652,C0320,mini,Drama,2026-06-01 11:30:30,18.9,"visual,cinematic",True,False
CT007653,C0095,image,Mystery,2025-11-19 05:42:03,70.3,"creative,viral,animation",False,False
CT007654,C0289,mini,Horror,2026-07-25 07:16:35,10.0,"animation,experimental",False,False
CT007655,C0198,mini,Comedy,2025-11-07 16:32:25,17.0,cinematic,False,True
CT007656,C0423,mini,Mystery,2026-02-22 23:11:15,21.0,"creative,viral",False,False
CT007657,C0179,image,Action,2025-09-17 00:13:26,96.4,"animation,experimental,visual",False,False
CT007658,C0004,mini,Animation,2026-06-06 08:44:19,9.2,animation,True,False
CT007659,C0052,video,Comedy,2025-07-19 01:49:07,70.7,animation,False,False
CT007660,C0103,image,Mystery,2026-08-13 13:22:00,216.2,"visual,trending,cinematic",False,False
CT007661,C0429,video,Fantasy,2026-01-07 04:49:13,32.2,"viral,experimental,visual",False,False
CT007662,C0379,mini,Mystery,2026-06-22 19:03:55,21.2,story,False,False
CT007663,C0460,cine,Drama,2026-01-14 04:32:00,57.0,"creative,story",False,False
CT007664,C0364,video,Fantasy,2025-08-03 21:03:59,65.4,"character,story,animation",False,True
CT007665,C0073,video,Horror,2025-07-23 04:39:26,88.1,viral,False,False
CT007666,C0024,image,Horror,2026-07-08 21:31:15,80.3,"animation,ai,character",False,False
CT007667,C0278,video,Sci-Fi,2026-03-03 04:58:34,64.7,ai,True,True
CT007668,C0260,mini,Documentary,2025-08-04 14:02:16,7.0,creative,True,False
CT007669,C0209,mini,Romance,2025-11-13 16:41:13,13.5,story,True,True
CT007670,C0292,cine,Fantasy,2026-02-16 19:16:59,159.2,"ai,trending",False,False
CT007671,C0203,mini,Mystery,2025-12-26 01:06:19,7.7,"creative,trending,animation",False,False
CT007672,C0123,video,Horror,2025-07-04 18:45:18,133.3,"viral,story",False,False
CT007673,C0286,mini,Documentary,2026-01-19 13:42:38,12.6,cinematic,False,True
CT007674,C0191,mini,Sci-Fi,2025-08-19 09:17:43,9.7,animation,True,False
CT007675,C0221,mini,Horror,2025-10-20 14:32:20,4.3,"story,creative",False,False
CT007676,C0414,image,Action,2026-04-01 03:44:23,23.1,character,False,False
CT007677,C0226,mini,Horror,2026-04-09 09:14:41,8.9,"visual,animation,ai",False,False
CT007678,C0463,image,Fantasy,2025-07-07 03:07:52,25.6,"creative,cinematic,viral",False,True
CT007679,C0076,video,Documentary,2026-01-19 11:48:26,151.5,"visual,story,viral",False,True
CT007680,C0322,cine,Action,2025-09-25 15:30:38,210.0,"ai,visual,cinematic",False,False
CT007681,C0358,mini,Romance,2025-12-19 07:01:42,16.6,"character,viral",False,False
CT007682,C0049,mini,Sci-Fi,2026-06-03 01:52:06,28.5,"viral,animation",False,False
CT007683,C0286,mini,Horror,2025-12-04 18:36:05,7.0,"cinematic,animation,story",False,False
CT007684,C0358,mini,Documentary,2026-02-23 07:09:51,7.0,character,False,False
CT007685,C0032,cine,Comedy,2025-06-11 19:30:57,93.5,"animation,creative,story",True,False
CT007686,C0412,mini,Sci-Fi,2026-01-11 12:37:28,11.5,"story,animation",False,False
CT007687,C0186,mini,Mystery,2026-05-18 16:20:06,13.0,"cinematic,story,animation",False,False
CT007688,C0319,image,Drama,2026-03-23 19:19:46,275.4,visual,False,False
CT007689,C0109,cine,Horror,2026-08-15 17:15:55,29.5,"character,viral",False,False
CT007690,C0070,cine,Fantasy,2026-05-24 23:09:04,75.1,"visual,experimental,character",False,False
CT007691,C0190,image,Drama,2025-07-30 17:21:58,89.4,"visual,story,character",True,False
CT007692,C0076,video,Mystery,2025-06-28 15:25:10,47.3,"ai,experimental",False,False
CT007693,C0061,image,Documentary,2025-10-10 23:39:25,30.7,"trending,creative,animation",False,False
CT007694,C0286,mini,Mystery,2026-06-06 18:17:06,2.2,"animation,character,visual",False,False
CT007695,C0306,mini,Action,2026-06-22 04:40:48,5.1,"story,experimental,character",False,False
CT007696,C0462,cine,Animation,2026-04-27 17:37:29,105.4,animation,False,False
CT007697,C0287,mini,Documentary,2026-04-20 03:51:51,21.1,"trending,cinematic,animation",False,True
CT007698,C0273,video,Fantasy,2026-04-01 23:49:55,184.0,"visual,experimental",True,False
CT007699,C0296,mini,Drama,2025-10-21 10:52:03,19.4,"viral,trending",False,True
CT007700,C0496,image,Fantasy,2026-04-07 09:33:37,54.2,story,False,False
CT007701,C0184,video,Mystery,2026-03-24 04:29:43,158.7,"visual,viral",False,False
CT007702,C0338,mini,Romance,2025-07-08 13:30:00,9.6,character,False,False
CT007703,C0362,cine,Documentary,2026-07-24 06:16:17,38.6,"animation,cinematic,creative",False,True
CT007704,C0087,mini,Action,2026-05-12 08:07:31,30.1,character,False,False
CT007705,C0418,image,Action,2025-09-09 04:06:22,38.8,"creative,ai,visual",False,False
CT007706,C0202,image,Action,2025-10-10 02:55:35,64.0,cinematic,False,False
CT007707,C0209,video,Mystery,2026-04-06 21:56:42,72.9,"experimental,visual,trending",False,False
CT007708,C0111,mini,Documentary,2025-09-20 05:03:15,37.5,"trending,story,character",False,False
CT007709,C0217,image,Horror,2026-06-06 06:15:42,73.6,visual,False,False
CT007710,C0289,cine,Action,2026-01-01 08:49:35,73.7,"trending,experimental",False,False
CT007711,C0444,mini,Romance,2025-07-14 11:00:49,18.9,animation,False,True
CT007712,C0159,video,Sci-Fi,2026-04-12 06:22:56,38.8,trending,False,False
CT007713,C0303,video,Romance,2026-08-01 03:15:26,27.1,visual,False,False
CT007714,C0435,image,Drama,2025-10-30 08:57:49,33.3,ai,False,False
CT007715,C0255,mini,Animation,2026-08-12 10:54:51,7.3,"viral,ai,creative",False,False
CT007716,C0100,mini,Documentary,2026-04-25 12:40:54,21.2,story,False,False
CT007717,C0367,mini,Animation,2026-05-01 06:41:22,15.9,"viral,creative",False,False
CT007718,C0284,mini,Sci-Fi,2025-11-12 09:12:51,14.9,"cinematic,creative,visual",False,False
CT007719,C0158,image,Mystery,2026-01-22 02:47:25,131.9,"experimental,character",False,True
CT007720,C0427,mini,Drama,2025-09-10 07:33:44,9.4,story,False,False
CT007721,C0019,mini,Horror,2026-03-03 09:43:24,16.6,creative,True,False
CT007722,C0486,mini,Action,2026-06-27 22:42:10,36.6,"trending,cinematic",True,False
CT007723,C0349,mini,Romance,2026-03-23 16:29:12,31.6,trending,False,False
CT007724,C0342,mini,Animation,2026-07-04 11:36:54,11.1,visual,False,False
CT007725,C0314,mini,Horror,2025-08-10 06:49:04,4.3,cinematic,False,False
CT007726,C0493,cine,Action,2026-03-05 00:21:34,71.1,visual,False,False
CT007727,C0206,mini,Animation,2025-10-13 11:13:02,13.1,"animation,character,ai",False,False
CT007728,C0492,mini,Romance,2026-02-13 02:49:50,14.0,"trending,story,animation",True,False
CT007729,C0029,cine,Animation,2025-07-17 00:00:49,17.4,story,True,False
CT007730,C0462,mini,Documentary,2025-11-22 17:19:01,17.5,visual,False,False
CT007731,C0466,mini,Mystery,2025-11-16 22:19:58,17.6,"visual,viral,ai",False,False
CT007732,C0138,video,Romance,2026-01-27 14:15:09,16.1,viral,False,False
CT007733,C0364,mini,Mystery,2026-05-06 18:25:15,9.4,"trending,ai",False,False
CT007734,C0193,video,Horror,2026-02-17 15:06:30,45.2,"viral,story,cinematic",False,True
CT007735,C0193,video,Romance,2026-07-09 19:02:53,30.6,trending,False,False
CT007736,C0260,video,Sci-Fi,2025-10-08 15:48:54,522.1,"viral,visual",False,False
CT007737,C0101,video,Fantasy,2025-11-17 07:15:14,65.1,"animation,experimental,character",False,True
CT007738,C0118,image,Horror,2026-01-02 08:12:32,41.5,"character,visual",False,False
CT007739,C0275,mini,Romance,2026-03-08 22:41:03,15.4,"ai,viral,creative",True,False
CT007740,C0497,mini,Horror,2026-06-23 13:57:18,7.2,experimental,False,False
CT007741,C0011,cine,Action,2026-02-27 05:53:36,51.7,"visual,animation",True,False
CT007742,C0231,cine,Comedy,2026-08-12 05:34:53,197.0,"visual,viral",False,False
CT007743,C0230,image,Fantasy,2026-01-02 11:28:54,12.8,visual,False,False
CT007744,C0375,mini,Animation,2026-01-28 10:44:04,8.8,"animation,visual,ai",False,False
CT007745,C0493,mini,Sci-Fi,2026-04-13 13:25:11,8.9,"trending,cinematic,story",True,False
CT007746,C0270,image,Drama,2025-08-06 21:39:29,28.1,"trending,story,creative",True,False
CT007747,C0367,cine,Documentary,2025-08-08 18:27:53,27.9,"experimental,ai",True,True
CT007748,C0069,mini,Fantasy,2025-10-31 03:54:46,19.7,"creative,story,trending",False,False
CT007749,C0491,mini,Horror,2025-07-05 03:07:59,17.7,"creative,story,trending",False,False
CT007750,C0474,video,Action,2025-12-07 04:11:56,71.0,character,True,False
CT007751,C0194,image,Mystery,2025-11-06 16:53:11,45.9,"trending,creative",False,False
CT007752,C0358,mini,Drama,2026-03-09 19:00:29,23.1,"viral,experimental",True,False
CT007753,C0044,image,Drama,2026-08-17 00:10:05,51.2,"story,animation,character",False,True
CT007754,C0289,mini,Comedy,2026-02-13 23:33:39,27.7,"experimental,cinematic,ai",False,False
CT007755,C0483,cine,Mystery,2026-08-09 14:55:29,106.7,"cinematic,character,ai",False,False
CT007756,C0079,cine,Comedy,2026-03-03 13:24:02,33.6,"visual,trending",False,False
CT007757,C0432,mini,Action,2026-03-16 16:21:47,9.7,"animation,trending,creative",False,False
CT007758,C0489,mini,Documentary,2026-06-17 12:33:30,15.7,ai,False,False
CT007759,C0277,cine,Animation,2026-02-19 21:22:34,36.4,"viral,ai,trending",False,False
CT007760,C0393,image,Romance,2026-08-16 19:02:20,33.2,"visual,creative",False,False
CT007761,C0115,mini,Romance,2026-03-16 17:53:46,12.4,"character,cinematic,visual",False,False
CT007762,C0221,cine,Drama,2025-10-31 21:33:21,41.1,"character,ai,story",False,False
CT007763,C0371,mini,Romance,2025-12-13 19:05:23,4.5,"story,ai",False,False
CT007764,C0215,video,Animation,2026-03-22 22:22:10,36.1,"cinematic,creative",False,False
CT007765,C0008,image,Animation,2025-10-10 12:06:53,52.7,creative,False,False
CT007766,C0409,video,Sci-Fi,2026-05-01 07:32:42,86.1,"creative,ai,character",False,False
CT007767,C0451,mini,Comedy,2025-06-03 12:47:18,10.1,"story,viral,visual",False,False
CT007768,C0291,mini,Animation,2026-04-29 14:09:05,15.1,"ai,character,cinematic",False,False
CT007769,C0342,mini,Horror,2025-06-09 18:11:27,16.3,experimental,False,True
CT007770,C0073,image,Horror,2025-08-14 12:02:23,32.3,"ai,viral",False,False
CT007771,C0088,image,Mystery,2026-08-18 07:22:36,20.7,"visual,experimental",False,False
CT007772,C0460,image,Sci-Fi,2026-06-14 09:19:53,96.7,"story,experimental",False,False
CT007773,C0082,image,Documentary,2026-05-06 12:41:01,62.1,"story,character",False,False
CT007774,C0469,mini,Romance,2026-07-29 09:26:12,9.6,"trending,character,visual",False,True
CT007775,C0031,mini,Mystery,2026-04-11 17:02:11,15.4,"experimental,creative",False,False
CT007776,C0233,mini,Horror,2025-07-19 09:30:10,20.7,"story,ai",False,False
CT007777,C0386,mini,Documentary,2026-06-21 01:30:49,10.4,visual,False,False
CT007778,C0047,image,Comedy,2025-09-16 18:22:30,46.9,"animation,viral",True,False
CT007779,C0066,cine,Animation,2026-03-04 18:16:36,33.0,"story,animation,character",False,False
CT007780,C0370,cine,Comedy,2026-07-12 18:27:08,58.0,story,False,False
CT007781,C0260,mini,Mystery,2026-04-01 10:38:35,15.6,"visual,animation,viral",False,False
CT007782,C0402,cine,Romance,2025-06-18 00:13:05,144.5,"cinematic,creative,character",True,False
CT007783,C0179,mini,Animation,2026-05-27 06:59:06,8.9,"animation,cinematic",False,False
CT007784,C0371,cine,Mystery,2026-06-01 01:34:38,126.7,"viral,visual",False,False
CT007785,C0267,mini,Fantasy,2025-07-28 01:47:14,14.7,trending,False,False
CT007786,C0033,mini,Drama,2026-08-04 13:30:22,19.1,cinematic,False,False
CT007787,C0342,video,Romance,2025-08-25 13:28:24,15.5,"viral,character",False,False
CT007788,C0451,mini,Fantasy,2025-06-25 09:07:19,32.0,"story,visual",False,False
CT007789,C0107,cine,Fantasy,2026-02-09 12:29:14,40.6,"story,animation,trending",False,False
CT007790,C0398,cine,Action,2026-04-05 12:31:26,72.6,"visual,creative,viral",False,False
CT007791,C0105,cine,Sci-Fi,2025-07-15 04:18:17,40.5,"animation,ai,cinematic",False,False
CT007792,C0456,image,Horror,2025-08-10 21:11:28,81.8,"creative,animation",False,False
CT007793,C0169,cine,Action,2026-03-28 16:43:51,55.0,"ai,visual",False,False
CT007794,C0314,image,Animation,2025-07-08 07:39:20,86.1,"experimental,animation",False,False
CT007795,C0468,mini,Mystery,2026-06-15 11:36:26,7.0,"cinematic,story,experimental",False,False
CT007796,C0274,mini,Fantasy,2025-10-03 06:07:18,7.2,"story,creative",True,False
CT007797,C0223,cine,Fantasy,2026-06-17 22:36:08,44.3,"experimental,visual,story",True,True
CT007798,C0242,mini,Fantasy,2026-05-04 21:28:19,11.7,creative,False,False
CT007799,C0127,mini,Animation,2025-10-26 10:20:43,6.2,creative,False,False
CT007800,C0023,mini,Fantasy,2026-05-30 23:29:18,18.9,"creative,visual,cinematic",False,True
CT007801,C0255,cine,Horror,2025-09-01 10:12:47,40.5,"animation,visual,story",False,False
CT007802,C0396,video,Fantasy,2026-01-07 00:31:19,71.5,"animation,creative",False,True
CT007803,C0091,mini,Documentary,2026-08-12 04:13:35,8.2,ai,False,False
CT007804,C0462,mini,Documentary,2026-07-11 11:23:59,7.9,"ai,character,trending",False,False
CT007805,C0383,mini,Action,2026-07-22 01:10:27,13.9,story,False,False
CT007806,C0322,video,Mystery,2025-08-08 03:00:23,42.2,animation,False,False
CT007807,C0159,mini,Romance,2025-10-21 23:02:54,13.3,story,True,False
CT007808,C0358,mini,Action,2025-07-05 13:04:39,6.2,story,False,False
CT007809,C0492,mini,Horror,2026-07-13 17:40:17,20.7,"ai,character",False,False
CT007810,C0143,mini,Mystery,2026-05-25 00:08:55,11.9,"story,viral,creative",False,False
CT007811,C0315,image,Drama,2026-07-07 17:46:08,83.4,experimental,False,False
CT007812,C0205,mini,Comedy,2025-07-23 10:07:25,15.1,"cinematic,experimental",False,True
CT007813,C0304,cine,Romance,2025-11-02 03:25:44,25.5,"creative,character,viral",False,False
CT007814,C0126,mini,Sci-Fi,2026-04-23 08:37:53,6.9,"character,story",False,False
CT007815,C0146,cine,Action,2025-11-13 14:44:27,102.2,cinematic,True,False
CT007816,C0435,mini,Romance,2025-10-12 13:30:16,11.9,cinematic,False,False
CT007817,C0090,mini,Drama,2026-07-30 22:40:17,12.0,visual,True,False
CT007818,C0420,image,Fantasy,2026-01-30 19:01:10,46.9,"trending,animation",True,False
CT007819,C0040,video,Horror,2026-05-05 07:03:55,56.1,"viral,ai,cinematic",False,False
CT007820,C0448,mini,Romance,2026-05-18 22:46:08,9.5,"creative,story,trending",False,False
CT007821,C0427,cine,Romance,2026-03-09 14:13:36,24.2,"cinematic,experimental,viral",False,False
CT007822,C0465,image,Fantasy,2026-05-04 07:23:36,96.6,creative,False,False
CT007823,C0490,image,Fantasy,2026-08-09 12:29:57,29.9,"cinematic,character",False,False
CT007824,C0475,cine,Animation,2026-01-14 14:44:27,37.4,trending,False,False
CT007825,C0108,cine,Comedy,2026-06-30 09:24:47,70.7,"trending,animation,ai",True,False
CT007826,C0436,image,Documentary,2025-07-01 14:10:35,112.7,"ai,animation,creative",False,False
CT007827,C0494,cine,Sci-Fi,2025-07-05 02:05:46,35.4,animation,False,False
CT007828,C0270,cine,Drama,2025-11-26 16:46:40,93.0,"story,creative,ai",False,False
CT007829,C0304,mini,Documentary,2026-01-14 10:47:58,12.5,"visual,ai,creative",False,False
CT007830,C0438,image,Sci-Fi,2025-10-29 10:22:20,46.8,"cinematic,creative,story",False,False
CT007831,C0394,mini,Documentary,2026-07-14 10:41:18,35.3,"animation,visual",True,False
CT007832,C0400,cine,Fantasy,2025-06-11 08:15:20,51.1,"visual,creative",False,False
CT007833,C0492,cine,Sci-Fi,2025-07-21 16:34:06,64.1,"experimental,trending,character",False,True
CT007834,C0420,cine,Comedy,2026-03-14 19:14:29,122.2,"viral,ai,creative",True,False
CT007835,C0482,mini,Action,2025-07-03 22:26:40,18.6,"trending,viral,story",False,False
CT007836,C0453,cine,Romance,2025-08-29 03:11:43,45.1,ai,False,False
CT007837,C0285,mini,Horror,2026-06-27 17:30:46,9.4,"character,experimental,cinematic",False,False
CT007838,C0293,image,Romance,2026-06-08 01:12:31,60.3,animation,False,False
CT007839,C0261,mini,Romance,2026-05-21 11:40:32,9.6,"animation,experimental,character",False,False
CT007840,C0160,video,Animation,2025-11-04 22:48:27,15.7,experimental,False,False
CT007841,C0332,video,Horror,2025-08-16 05:53:20,121.8,"character,ai",False,False
CT007842,C0300,video,Mystery,2025-10-24 02:00:52,49.9,story,False,False
CT007843,C0107,mini,Horror,2025-08-22 13:55:25,9.0,ai,False,False
CT007844,C0428,mini,Documentary,2025-09-17 16:14:09,19.3,character,False,False
CT007845,C0195,cine,Action,2026-06-15 16:03:41,38.1,"cinematic,creative",True,False
CT007846,C0230,mini,Horror,2025-09-20 12:59:12,14.5,"viral,story",False,True
CT007847,C0413,video,Comedy,2025-09-04 09:02:40,54.4,"story,character",False,False
CT007848,C0302,image,Romance,2025-09-25 12:42:26,69.5,viral,False,False
CT007849,C0052,video,Fantasy,2025-08-05 15:44:02,35.9,"creative,visual,ai",False,False
CT007850,C0158,video,Drama,2026-06-30 03:57:42,102.8,"creative,character",False,False
CT007851,C0230,video,Romance,2026-07-19 20:18:34,189.3,character,False,False
CT007852,C0365,mini,Drama,2025-08-31 14:09:53,20.7,cinematic,True,False
CT007853,C0158,video,Fantasy,2026-06-03 02:29:30,92.9,"story,viral,ai",False,False
CT007854,C0233,mini,Romance,2025-10-02 04:42:14,35.7,cinematic,False,False
CT007855,C0289,image,Mystery,2025-12-02 03:01:42,70.6,"viral,ai",False,False
CT007856,C0270,image,Horror,2026-08-30 17:06:21,75.5,"experimental,animation",False,False
CT007857,C0095,mini,Drama,2026-03-13 11:23:28,7.7,"character,creative,visual",False,False
CT007858,C0252,mini,Animation,2026-06-04 23:57:51,12.4,ai,True,False
CT007859,C0460,cine,Fantasy,2025-12-14 06:15:51,46.0,viral,False,False
CT007860,C0325,cine,Documentary,2026-03-11 06:45:24,128.5,animation,True,True
CT007861,C0397,image,Horror,2025-10-04 03:43:37,44.1,"character,visual,experimental",False,False
CT007862,C0362,mini,Animation,2026-05-01 22:09:23,13.7,"trending,ai,animation",False,False
CT007863,C0041,mini,Drama,2026-08-24 23:33:50,6.6,"trending,creative,experimental",True,False
CT007864,C0222,image,Comedy,2025-08-11 09:35:58,57.3,"visual,experimental,animation",False,False
CT007865,C0165,mini,Action,2026-02-04 19:28:49,16.7,"trending,animation",False,False
CT007866,C0248,image,Comedy,2025-10-01 12:59:01,30.9,"character,viral",False,False
CT007867,C0024,cine,Animation,2026-03-18 17:30:06,49.0,"animation,trending",False,False
CT007868,C0116,video,Action,2025-12-26 00:12:07,41.0,"viral,visual",False,False
CT007869,C0064,video,Action,2025-12-04 04:05:29,52.5,viral,False,False
CT007870,C0030,image,Animation,2025-11-25 08:56:55,34.0,"creative,visual,ai",True,False
CT007871,C0210,cine,Drama,2026-01-15 08:06:37,194.7,story,False,False
CT007872,C0392,cine,Mystery,2025-09-03 02:01:21,16.5,"trending,character,visual",False,False
CT007873,C0164,mini,Documentary,2025-10-10 04:47:25,8.6,"visual,animation",False,True
CT007874,C0387,image,Horror,2025-07-02 23:50:45,73.6,"animation,trending,visual",False,False
CT007875,C0258,mini,Fantasy,2025-12-13 18:02:51,12.3,"trending,story",True,False
CT007876,C0330,mini,Fantasy,2026-03-07 02:00:41,5.5,animation,False,False
CT007877,C0145,mini,Horror,2026-03-14 06:45:34,7.9,"experimental,cinematic",False,False
CT007878,C0202,mini,Fantasy,2025-09-04 18:22:01,5.3,creative,False,False
CT007879,C0167,image,Mystery,2026-06-06 07:53:00,77.5,"trending,story",True,False
CT007880,C0205,mini,Horror,2025-12-07 15:43:21,19.4,"experimental,visual,trending",False,True
CT007881,C0480,mini,Horror,2026-06-01 20:42:59,9.8,"character,cinematic",True,False
CT007882,C0057,mini,Romance,2026-06-10 00:40:02,22.8,"animation,story",False,False
CT007883,C0436,cine,Mystery,2025-06-06 04:58:25,85.5,"experimental,trending",False,True
CT007884,C0453,mini,Romance,2025-06-22 09:58:17,9.6,trending,False,False
CT007885,C0006,cine,Animation,2026-01-30 21:54:05,74.0,"ai,visual,experimental",False,False
CT007886,C0203,image,Romance,2026-06-18 06:18:54,35.6,trending,False,False
CT007887,C0300,image,Horror,2025-11-18 05:34:32,128.3,"animation,creative",True,False
CT007888,C0149,mini,Fantasy,2026-03-06 08:45:25,21.2,"character,cinematic,trending",False,False
CT007889,C0073,cine,Action,2026-03-04 19:29:21,45.5,"creative,visual,character",True,False
CT007890,C0193,mini,Horror,2026-05-14 15:35:15,14.2,"trending,creative",False,False
CT007891,C0395,image,Mystery,2026-07-08 01:02:04,44.6,"cinematic,creative,character",True,True
CT007892,C0238,video,Sci-Fi,2026-02-15 11:27:17,99.3,"experimental,ai,viral",False,False
CT007893,C0417,image,Documentary,2026-05-20 10:00:48,57.3,"viral,trending",True,False
CT007894,C0185,video,Action,2026-03-02 13:57:41,67.4,"trending,story,creative",True,False
CT007895,C0328,mini,Sci-Fi,2025-10-29 19:32:03,13.5,ai,True,False
CT007896,C0388,image,Romance,2026-02-16 05:29:10,52.6,"character,visual,trending",False,True
CT007897,C0333,mini,Documentary,2026-05-04 01:23:16,16.9,"experimental,viral",True,False
CT007898,C0224,mini,Animation,2026-07-14 02:54:00,3.1,cinematic,False,True
CT007899,C0424,cine,Comedy,2025-07-17 05:29:15,142.2,trending,False,False
CT007900,C0083,cine,Action,2025-10-31 21:13:18,90.6,creative,False,False
CT007901,C0051,image,Fantasy,2025-07-29 10:32:58,42.4,"character,trending",False,True
CT007902,C0018,image,Sci-Fi,2025-08-18 02:03:35,74.7,trending,False,False
CT007903,C0355,video,Horror,2025-09-11 20:29:36,16.3,"experimental,creative",False,False
CT007904,C0177,image,Fantasy,2026-07-17 09:53:06,18.3,"visual,cinematic,story",True,False
CT007905,C0062,cine,Romance,2025-11-30 06:49:22,295.0,creative,False,True
CT007906,C0096,mini,Sci-Fi,2026-07-25 04:00:36,17.3,"experimental,cinematic,trending",True,False
CT007907,C0026,mini,Drama,2026-01-19 20:52:44,16.0,visual,False,False
CT007908,C0198,mini,Romance,2025-06-09 16:48:28,20.3,cinematic,True,False
CT007909,C0317,mini,Documentary,2025-11-29 10:02:04,4.2,"story,experimental",True,True
CT007910,C0127,video,Sci-Fi,2026-04-28 08:13:26,54.6,"story,creative",False,False
CT007911,C0134,image,Drama,2026-03-14 06:36:52,42.2,"cinematic,trending,viral",True,False
CT007912,C0483,cine,Horror,2025-11-15 22:14:39,50.8,"animation,creative",False,False
CT007913,C0029,mini,Sci-Fi,2025-07-27 14:59:07,7.7,"trending,animation",False,True
CT007914,C0420,image,Sci-Fi,2026-05-12 11:52:52,85.4,creative,False,True
CT007915,C0036,image,Horror,2026-01-24 19:04:37,88.0,trending,False,False
CT007916,C0393,mini,Drama,2026-05-27 15:59:34,23.4,"creative,animation,viral",False,False
CT007917,C0490,mini,Action,2025-10-03 05:12:14,18.9,"cinematic,story",False,True
CT007918,C0149,image,Documentary,2025-08-11 12:42:06,59.7,creative,False,False
CT007919,C0112,mini,Comedy,2025-11-14 06:42:53,6.7,"story,ai",False,False
CT007920,C0118,cine,Sci-Fi,2025-09-18 02:55:29,198.2,"cinematic,animation,ai",False,False
CT007921,C0204,video,Documentary,2026-01-19 01:13:55,19.5,"experimental,creative",False,False
CT007922,C0136,mini,Drama,2026-01-15 13:56:33,7.2,"ai,story",False,False
CT007923,C0131,mini,Fantasy,2025-07-31 11:47:37,13.2,trending,False,False
CT007924,C0086,cine,Mystery,2025-12-31 06:29:27,60.9,animation,False,False
CT007925,C0464,mini,Romance,2025-11-25 00:49:36,20.1,"experimental,viral",False,False
CT007926,C0151,image,Mystery,2026-01-23 20:53:10,149.7,"story,cinematic",False,False
CT007927,C0037,mini,Documentary,2026-05-13 21:28:50,12.0,"animation,experimental,trending",False,False
CT007928,C0159,mini,Action,2025-12-25 18:30:59,10.6,"visual,trending,animation",False,False
CT007929,C0268,cine,Documentary,2025-10-05 13:43:10,107.4,story,False,True
CT007930,C0058,image,Sci-Fi,2026-07-17 23:46:17,27.8,"trending,viral,visual",False,False
CT007931,C0237,mini,Action,2026-05-15 15:25:48,18.2,"experimental,ai,creative",False,False
CT007932,C0495,mini,Sci-Fi,2026-08-13 05:16:03,9.0,"visual,creative,story",True,False
CT007933,C0347,mini,Fantasy,2025-09-14 07:03:31,10.4,story,True,False
CT007934,C0173,mini,Documentary,2026-03-08 09:16:56,13.1,"ai,character,visual",False,False
CT007935,C0447,mini,Fantasy,2026-05-10 21:39:56,15.0,"cinematic,story",False,True
CT007936,C0166,cine,Fantasy,2026-07-13 05:51:58,64.7,animation,False,False
CT007937,C0001,video,Horror,2025-08-28 15:30:49,16.4,"trending,visual",False,False
CT007938,C0118,video,Drama,2025-09-24 02:12:11,237.4,"character,story,experimental",False,False
CT007939,C0009,image,Mystery,2026-08-08 18:05:23,28.6,"animation,visual,experimental",False,False
CT007940,C0246,image,Action,2026-02-14 06:03:52,80.9,"story,ai",False,False
CT007941,C0185,cine,Fantasy,2025-08-10 02:48:41,67.0,animation,True,False
CT007942,C0036,video,Sci-Fi,2025-08-28 01:37:03,60.0,"character,creative",False,False
CT007943,C0201,image,Documentary,2026-08-30 22:17:49,40.1,"visual,trending",False,False
CT007944,C0096,image,Animation,2026-07-15 21:36:15,20.9,creative,False,True
CT007945,C0440,mini,Documentary,2025-09-13 10:03:56,32.3,"creative,cinematic",False,False
CT007946,C0299,image,Comedy,2026-02-07 22:41:05,28.2,"cinematic,experimental",False,True
CT007947,C0138,video,Mystery,2026-04-20 20:27:52,50.3,"character,viral",False,False
CT007948,C0378,cine,Horror,2025-12-21 11:32:27,42.8,story,False,False
CT007949,C0424,mini,Sci-Fi,2025-10-18 03:06:34,10.9,viral,False,False
CT007950,C0384,mini,Documentary,2026-04-16 10:55:55,10.5,"cinematic,trending,experimental",True,True
CT007951,C0047,image,Sci-Fi,2025-07-08 11:26:51,33.9,"creative,viral",False,False
CT007952,C0246,video,Sci-Fi,2025-09-03 16:24:05,60.2,"experimental,cinematic,viral",False,True
CT007953,C0041,mini,Drama,2025-06-12 08:25:12,17.7,visual,True,False
CT007954,C0313,mini,Documentary,2026-07-12 04:43:58,21.7,"creative,visual,character",False,False
CT007955,C0370,mini,Romance,2025-08-07 03:54:13,8.9,viral,False,False
CT007956,C0013,image,Sci-Fi,2026-07-02 09:17:02,50.3,"experimental,trending,viral",True,False
CT007957,C0383,mini,Documentary,2025-12-04 01:58:29,5.4,cinematic,False,False
CT007958,C0126,image,Romance,2025-07-18 19:31:42,15.0,"animation,ai,experimental",False,True
CT007959,C0051,mini,Mystery,2026-02-20 13:51:00,12.3,viral,True,False
CT007960,C0140,mini,Action,2025-10-23 23:23:06,11.0,"character,experimental",False,False
CT007961,C0497,mini,Drama,2026-01-05 04:54:22,11.5,"story,trending,creative",False,False
CT007962,C0145,mini,Sci-Fi,2026-08-21 02:47:36,15.8,"animation,trending,creative",False,False
CT007963,C0044,video,Documentary,2026-03-15 11:44:22,35.7,"ai,cinematic,story",False,False
CT007964,C0041,mini,Sci-Fi,2025-06-09 01:46:56,4.2,"cinematic,trending,experimental",False,False
CT007965,C0437,image,Documentary,2025-07-14 16:42:47,42.5,"ai,story,visual",False,False
CT007966,C0325,video,Animation,2026-05-18 14:29:31,110.9,"cinematic,animation",False,False
CT007967,C0098,image,Horror,2026-04-05 10:48:46,31.9,story,False,False
CT007968,C0311,video,Romance,2026-01-09 19:54:03,26.2,"creative,animation",False,False
CT007969,C0011,mini,Horror,2026-05-25 01:02:58,5.1,animation,True,False
CT007970,C0339,image,Fantasy,2025-09-11 05:47:44,51.9,"visual,creative,animation",False,False
CT007971,C0424,cine,Documentary,2025-09-14 04:15:53,157.2,"animation,experimental",False,True
CT007972,C0392,video,Animation,2025-12-03 13:09:44,53.6,"cinematic,animation",False,False
CT007973,C0092,image,Documentary,2026-05-28 02:43:02,54.5,ai,False,False
CT007974,C0177,image,Romance,2026-08-23 00:39:28,23.4,animation,False,False
CT007975,C0261,mini,Mystery,2025-09-23 00:03:36,29.5,"experimental,animation,viral",True,False
CT007976,C0042,image,Fantasy,2026-03-09 20:31:05,24.5,"creative,trending",False,True
CT007977,C0415,video,Action,2025-12-20 11:57:40,47.9,"animation,cinematic,experimental",False,False
CT007978,C0304,mini,Mystery,2026-07-07 16:14:12,26.2,"visual,animation",False,True
CT007979,C0078,mini,Horror,2026-06-03 10:45:38,16.8,character,False,False
CT007980,C0374,mini,Horror,2025-08-18 17:56:24,3.4,"animation,cinematic",False,False
CT007981,C0370,video,Documentary,2026-04-10 08:56:36,122.1,"trending,character,cinematic",False,False
CT007982,C0079,cine,Drama,2025-06-08 20:07:16,27.0,viral,False,True
CT007983,C0264,mini,Fantasy,2026-01-16 16:50:33,11.3,viral,True,False
CT007984,C0156,video,Comedy,2025-09-30 18:05:42,59.5,"viral,ai,character",True,True
CT007985,C0127,mini,Documentary,2025-11-16 13:37:33,5.9,"character,trending",False,False
CT007986,C0406,image,Drama,2025-10-29 12:43:56,116.0,"experimental,story,animation",False,False
CT007987,C0025,image,Comedy,2026-02-13 00:43:50,51.6,story,False,True
CT007988,C0213,cine,Horror,2026-06-23 00:03:13,26.1,"visual,experimental",False,False
CT007989,C0135,mini,Horror,2026-01-24 00:23:23,12.0,"creative,character,viral",False,False
CT007990,C0165,mini,Mystery,2026-06-30 21:10:47,18.8,"trending,visual,character",False,False
CT007991,C0213,mini,Action,2026-08-17 23:27:37,9.1,"trending,creative,experimental",False,False
CT007992,C0285,mini,Animation,2025-09-10 15:32:03,6.9,"viral,experimental,visual",False,False
CT007993,C0184,cine,Fantasy,2026-06-12 17:24:22,62.4,"trending,experimental,visual",False,False
CT007994,C0268,mini,Documentary,2025-09-08 00:31:47,10.6,"creative,cinematic,viral",False,False
CT007995,C0354,video,Drama,2025-07-24 02:13:03,91.5,viral,False,False
CT007996,C0084,cine,Fantasy,2025-09-04 04:20:20,59.0,"story,ai,visual",True,False
CT007997,C0201,mini,Comedy,2025-12-06 01:06:39,10.3,"creative,viral",False,False
CT007998,C0262,cine,Action,2025-08-17 14:34:35,39.0,"ai,visual",False,False
CT007999,C0189,mini,Fantasy,2026-02-23 19:29:28,7.3,"story,ai",False,False
CT008000,C0275,mini,Animation,2026-02-28 02:37:43,13.2,creative,False,False
CT008001,C0404,mini,Sci-Fi,2026-04-18 15:29:10,11.6,story,False,False
CT008002,C0306,mini,Documentary,2026-07-21 17:16:15,14.2,"character,viral,animation",False,False
CT008003,C0223,cine,Sci-Fi,2025-08-20 21:02:51,37.8,animation,False,False
CT008004,C0332,mini,Documentary,2026-08-21 23:10:53,20.9,experimental,False,False
CT008005,C0493,mini,Animation,2026-06-14 19:51:50,14.2,experimental,True,False
CT008006,C0006,image,Sci-Fi,2025-06-25 12:11:24,58.1,visual,False,True
CT008007,C0284,mini,Horror,2026-03-15 06:39:45,7.3,"viral,experimental",False,False
CT008008,C0002,mini,Fantasy,2025-09-26 16:16:46,8.3,character,True,False
CT008009,C0463,mini,Fantasy,2025-07-01 18:01:50,8.1,"creative,character,ai",False,False
CT008010,C0368,image,Drama,2026-04-07 18:48:03,17.5,ai,False,True
CT008011,C0437,cine,Comedy,2025-06-27 22:46:04,31.6,"viral,character",True,False
CT008012,C0278,mini,Animation,2025-08-21 02:08:36,14.8,"character,story,ai",False,False
CT008013,C0208,cine,Animation,2026-04-09 21:32:05,54.9,story,False,True
CT008014,C0002,image,Comedy,2025-07-09 03:14:03,56.7,"creative,character",True,False
CT008015,C0304,mini,Comedy,2026-05-11 12:44:07,15.5,creative,False,True
CT008016,C0447,mini,Documentary,2025-06-13 03:21:30,20.5,"viral,cinematic,character",False,False
CT008017,C0069,image,Horror,2025-10-20 13:10:47,16.3,"trending,experimental",False,False
CT008018,C0123,cine,Action,2025-09-25 22:17:28,140.1,viral,False,True
CT008019,C0259,mini,Action,2025-08-13 20:26:17,25.0,"character,creative,trending",False,False
CT008020,C0265,image,Action,2026-01-29 18:34:41,44.6,animation,False,False
CT008021,C0203,mini,Mystery,2025-09-09 05:53:00,22.9,character,False,False
CT008022,C0070,mini,Animation,2025-08-08 15:47:54,10.1,"animation,trending",False,False
CT008023,C0242,image,Fantasy,2025-11-26 20:30:47,66.9,viral,False,False
CT008024,C0249,mini,Horror,2026-01-13 07:44:12,12.7,cinematic,False,False
CT008025,C0093,cine,Comedy,2026-03-16 03:14:35,78.3,"viral,visual",False,False
CT008026,C0297,mini,Comedy,2025-07-09 22:21:21,8.9,"animation,ai",False,False
CT008027,C0428,video,Comedy,2025-08-25 14:24:35,50.9,"visual,creative,experimental",True,False
CT008028,C0047,cine,Documentary,2025-06-23 21:35:24,6.7,"story,ai",False,False
CT008029,C0040,mini,Documentary,2026-05-27 20:10:50,19.1,"creative,visual",False,False
CT008030,C0280,cine,Comedy,2026-02-11 00:06:14,40.6,animation,False,False
CT008031,C0393,cine,Romance,2025-09-22 11:40:14,46.6,ai,True,True
CT008032,C0054,video,Horror,2026-01-29 15:55:56,127.2,"experimental,cinematic,character",False,True
CT008033,C0473,image,Animation,2026-06-05 03:53:00,32.3,"visual,viral",False,False
CT008034,C0236,image,Documentary,2026-05-14 02:39:38,33.3,"visual,cinematic,viral",False,False
CT008035,C0054,video,Horror,2026-07-27 08:38:37,19.3,"trending,ai",False,False
CT008036,C0214,mini,Horror,2025-09-14 01:07:15,12.8,"visual,ai,experimental",False,False
CT008037,C0208,cine,Horror,2025-08-14 20:34:09,52.0,trending,False,True
CT008038,C0193,video,Horror,2026-05-15 08:57:44,90.9,"visual,character",False,False
CT008039,C0293,video,Mystery,2026-07-24 11:38:53,53.2,"character,story,creative",False,False
CT008040,C0121,mini,Sci-Fi,2025-08-19 21:51:36,5.8,"visual,viral,ai",False,False
CT008041,C0494,mini,Sci-Fi,2026-04-18 15:33:40,17.9,"visual,animation",True,False
CT008042,C0144,mini,Drama,2026-02-18 00:59:02,8.8,"cinematic,story,character",True,True
CT008043,C0433,image,Drama,2026-07-10 13:24:27,49.8,"story,visual,ai",False,False
CT008044,C0408,cine,Horror,2025-08-27 21:34:59,79.5,"character,trending,ai",False,False
CT008045,C0202,cine,Mystery,2025-11-06 03:30:53,85.8,"character,animation,trending",False,False
CT008046,C0097,video,Romance,2026-03-11 04:52:09,110.2,"creative,animation,ai",False,True
CT008047,C0484,mini,Comedy,2026-06-29 19:54:20,10.2,"animation,viral,ai",False,False
CT008048,C0287,video,Comedy,2026-06-12 07:48:55,27.1,"story,ai",False,False
CT008049,C0167,cine,Sci-Fi,2026-01-04 09:53:48,78.4,experimental,False,False
CT008050,C0075,mini,Fantasy,2025-11-16 19:26:04,8.2,"ai,viral",False,False
CT008051,C0166,video,Comedy,2025-08-26 11:41:57,62.8,cinematic,False,False
CT008052,C0323,video,Animation,2025-12-01 03:37:18,92.8,"character,animation",False,False
CT008053,C0254,video,Documentary,2026-08-29 10:35:33,63.8,"ai,creative,animation",True,False
CT008054,C0033,image,Action,2025-09-12 18:19:17,25.9,experimental,False,False
CT008055,C0390,mini,Mystery,2026-08-07 07:45:17,16.6,creative,False,False
CT008056,C0159,mini,Comedy,2025-10-06 10:39:50,10.9,"character,ai",False,False
CT008057,C0099,mini,Action,2025-07-27 21:59:58,6.9,"animation,cinematic,experimental",False,False
CT008058,C0347,mini,Animation,2026-04-24 02:25:08,18.1,"viral,cinematic,creative",True,True
CT008059,C0374,video,Mystery,2025-12-26 00:36:21,44.1,"ai,visual,experimental",False,False
CT008060,C0410,cine,Comedy,2026-04-30 15:06:10,19.8,"ai,creative",False,False
CT008061,C0002,mini,Sci-Fi,2026-08-24 16:55:46,20.9,"creative,animation,experimental",False,False
CT008062,C0188,image,Mystery,2025-08-07 12:14:26,212.1,visual,False,True
CT008063,C0133,cine,Action,2026-02-06 02:14:42,37.2,"experimental,visual,character",False,True
CT008064,C0287,mini,Animation,2025-09-30 09:24:55,12.0,"creative,experimental",False,False
CT008065,C0486,video,Romance,2026-01-13 16:07:59,30.6,"visual,ai,character",False,False
CT008066,C0061,cine,Sci-Fi,2025-09-25 22:03:35,84.8,character,False,False
CT008067,C0322,cine,Sci-Fi,2025-08-29 02:00:16,45.4,creative,False,False
CT008068,C0223,mini,Drama,2026-01-23 16:44:34,13.6,character,False,False
CT008069,C0230,cine,Action,2025-12-09 07:15:15,43.6,ai,False,False
CT008070,C0471,mini,Mystery,2026-05-16 15:28:50,12.9,ai,False,False
CT008071,C0366,image,Romance,2026-01-14 04:14:08,49.1,"character,cinematic",False,False
CT008072,C0051,mini,Romance,2026-03-03 04:37:21,13.1,creative,False,False
CT008073,C0216,mini,Animation,2026-04-22 14:34:00,24.2,animation,True,True
CT008074,C0370,mini,Action,2025-06-25 22:37:01,7.7,"experimental,cinematic",True,False
CT008075,C0056,video,Documentary,2025-12-23 05:10:17,29.1,"experimental,trending",True,False
CT008076,C0253,mini,Drama,2026-01-26 05:11:29,29.8,viral,False,False
CT008077,C0246,mini,Comedy,2026-03-17 13:18:58,18.4,"experimental,character,story",False,False
CT008078,C0039,image,Action,2025-06-19 05:24:37,16.7,"cinematic,visual,ai",False,False
CT008079,C0474,video,Sci-Fi,2025-07-17 06:59:41,22.3,ai,False,False
CT008080,C0186,image,Animation,2026-06-23 03:40:40,46.1,character,False,False
CT008081,C0135,video,Mystery,2026-05-15 06:51:52,82.2,"visual,character",False,False
CT008082,C0046,image,Action,2025-12-09 20:03:44,43.1,"cinematic,viral,ai",False,False
CT008083,C0030,video,Animation,2025-06-02 11:50:48,220.2,"ai,experimental,viral",False,False
CT008084,C0099,mini,Romance,2025-09-27 02:14:47,3.4,viral,False,False
CT008085,C0371,mini,Drama,2026-03-20 19:44:45,25.9,creative,False,False
CT008086,C0134,mini,Comedy,2026-04-07 06:51:02,7.3,"experimental,creative,viral",False,False
CT008087,C0228,video,Romance,2026-06-12 19:10:35,82.0,"creative,viral,character",False,False
CT008088,C0327,video,Mystery,2026-02-07 20:14:54,81.7,"story,trending,animation",True,False
CT008089,C0166,mini,Documentary,2026-05-16 15:46:55,16.4,"character,visual,story",True,False
CT008090,C0197,cine,Drama,2025-09-16 14:30:19,56.1,"story,trending,experimental",False,False
CT008091,C0238,mini,Sci-Fi,2025-08-07 04:14:31,24.3,"ai,visual",False,False
CT008092,C0447,video,Mystery,2025-10-31 23:32:20,65.6,"ai,viral",True,False
CT008093,C0465,mini,Fantasy,2026-06-20 23:26:39,6.8,experimental,False,False
CT008094,C0145,image,Sci-Fi,2026-07-10 06:30:07,43.1,"viral,animation",False,False
CT008095,C0128,cine,Romance,2025-07-07 02:43:08,16.0,"viral,experimental",False,False
CT008096,C0195,mini,Documentary,2025-08-29 07:32:44,20.5,"trending,cinematic",False,False
CT008097,C0105,video,Fantasy,2025-07-01 06:12:42,48.9,visual,False,False
CT008098,C0282,cine,Comedy,2026-05-15 06:57:23,64.6,"story,animation,trending",False,False
CT008099,C0267,cine,Mystery,2026-06-11 02:36:24,56.4,trending,False,False
CT008100,C0233,mini,Fantasy,2026-07-28 19:37:20,24.8,"animation,character",False,False
CT008101,C0228,mini,Comedy,2025-08-23 05:30:11,6.1,"experimental,ai,visual",False,False
CT008102,C0428,mini,Fantasy,2026-01-23 14:51:07,12.2,"viral,experimental,trending",False,False
CT008103,C0076,cine,Animation,2025-12-21 20:36:47,26.6,"creative,story,character",False,False
CT008104,C0384,cine,Drama,2026-08-20 08:39:34,94.4,creative,False,False
CT008105,C0291,mini,Animation,2026-08-02 02:30:49,5.2,story,False,True
CT008106,C0397,video,Fantasy,2026-06-17 15:54:11,49.2,character,False,False
CT008107,C0284,mini,Sci-Fi,2025-09-04 06:53:55,24.2,"experimental,animation",False,False
CT008108,C0389,image,Sci-Fi,2025-10-31 06:26:06,150.2,"creative,story",False,True
CT008109,C0300,video,Fantasy,2026-05-22 22:42:30,76.9,"trending,experimental",False,True
CT008110,C0354,image,Fantasy,2026-03-05 13:52:13,27.2,cinematic,True,True
CT008111,C0205,image,Comedy,2026-02-22 12:06:33,54.8,viral,False,False
CT008112,C0441,mini,Documentary,2025-07-05 09:05:53,12.2,"story,cinematic",False,False
CT008113,C0145,cine,Romance,2025-12-02 23:56:03,58.9,experimental,False,True
CT008114,C0359,image,Animation,2026-08-19 17:32:32,35.4,cinematic,False,False
CT008115,C0166,image,Sci-Fi,2025-12-27 09:49:16,34.1,"cinematic,creative",False,False
CT008116,C0396,cine,Documentary,2026-07-08 19:31:10,153.8,"creative,cinematic",False,False
CT008117,C0418,video,Mystery,2025-12-05 02:26:19,29.2,"character,creative",False,False
CT008118,C0093,cine,Romance,2026-06-22 11:39:57,26.3,"experimental,character",False,False
CT008119,C0313,image,Animation,2026-06-13 06:00:16,15.2,"animation,story,trending",False,True
CT008120,C0262,video,Horror,2026-03-11 15:18:26,45.7,"trending,ai",False,False
CT008121,C0200,image,Comedy,2026-06-07 04:15:27,22.1,trending,False,False
CT008122,C0142,mini,Documentary,2025-06-22 20:43:58,9.6,visual,False,False
CT008123,C0305,image,Sci-Fi,2025-11-18 06:42:20,21.1,"animation,creative,viral",True,False
CT008124,C0413,image,Drama,2025-07-11 14:29:05,31.9,"viral,ai",True,False
CT008125,C0175,image,Fantasy,2026-04-14 22:41:20,249.9,"visual,creative",True,False
CT008126,C0166,mini,Drama,2025-10-12 07:07:19,21.0,"ai,viral,story",True,False
CT008127,C0431,mini,Documentary,2026-01-29 12:45:11,16.8,"character,story",False,False
CT008128,C0378,image,Animation,2026-06-20 05:15:03,55.0,"story,trending",False,False
CT008129,C0362,image,Documentary,2026-05-08 04:30:14,64.4,ai,False,True
CT008130,C0295,video,Documentary,2026-03-31 22:40:23,27.4,"viral,animation",False,False
CT008131,C0052,mini,Romance,2025-06-23 19:42:28,11.2,"animation,cinematic,character",False,False
CT008132,C0077,mini,Mystery,2026-03-08 23:37:41,10.9,character,True,False
CT008133,C0030,image,Romance,2025-11-01 05:33:32,16.5,"story,creative,viral",False,True
CT008134,C0158,video,Action,2026-08-26 07:42:53,105.8,trending,False,False
CT008135,C0018,mini,Horror,2025-11-01 03:03:52,16.4,"creative,ai,cinematic",True,False
CT008136,C0233,mini,Comedy,2026-05-08 17:40:39,5.8,"trending,story",True,False
CT008137,C0014,video,Animation,2026-02-28 03:30:47,50.4,story,False,False
CT008138,C0498,mini,Mystery,2025-11-01 00:05:53,14.8,trending,False,False
CT008139,C0244,mini,Documentary,2025-09-03 16:22:19,4.3,"animation,visual,trending",False,False
CT008140,C0005,video,Animation,2025-09-27 11:29:34,121.2,"visual,animation,ai",False,False
CT008141,C0092,image,Drama,2026-01-29 10:51:27,200.2,"animation,visual,creative",True,False
CT008142,C0094,mini,Documentary,2026-07-09 23:44:35,8.6,"experimental,animation,trending",False,False
CT008143,C0338,video,Mystery,2026-08-21 19:34:57,15.5,story,False,False
CT008144,C0388,image,Horror,2025-10-22 10:51:03,63.3,"animation,viral",True,False
CT008145,C0238,video,Comedy,2025-06-20 20:07:44,62.2,"visual,animation,viral",True,False
CT008146,C0364,mini,Action,2025-09-09 15:04:24,4.7,"animation,experimental",False,False
CT008147,C0050,image,Comedy,2026-01-16 13:41:20,106.8,cinematic,False,False
CT008148,C0158,mini,Mystery,2025-12-01 03:11:18,14.1,"cinematic,ai",False,False
CT008149,C0002,mini,Documentary,2025-08-03 01:25:39,27.1,"visual,experimental,viral",True,False
CT008150,C0195,image,Action,2025-08-18 23:15:35,31.6,character,False,False
CT008151,C0020,mini,Romance,2026-02-21 13:47:57,9.8,"visual,creative,viral",False,False
CT008152,C0397,mini,Sci-Fi,2025-09-30 13:20:08,14.0,"creative,trending,cinematic",False,False
CT008153,C0263,cine,Fantasy,2025-09-18 20:00:10,33.0,"ai,cinematic,visual",False,False
CT008154,C0381,mini,Fantasy,2025-11-19 19:44:02,13.6,"ai,visual",False,False
CT008155,C0294,video,Sci-Fi,2026-07-17 13:03:23,48.1,animation,False,False
CT008156,C0019,image,Horror,2026-06-20 09:00:40,21.6,ai,False,False
CT008157,C0176,cine,Comedy,2025-10-24 00:05:35,165.1,story,False,False
CT008158,C0007,image,Drama,2026-05-17 00:55:50,40.2,"animation,trending",False,True
CT008159,C0040,video,Sci-Fi,2026-08-11 23:46:30,471.6,"story,visual,experimental",False,False
CT008160,C0466,cine,Animation,2025-10-06 21:14:51,55.7,"trending,creative,visual",False,False
CT008161,C0463,image,Mystery,2025-06-02 21:15:02,130.3,"experimental,cinematic,viral",False,False
CT008162,C0060,mini,Fantasy,2025-09-14 12:09:27,10.1,"creative,visual",False,False
CT008163,C0203,video,Animation,2026-06-15 10:39:48,67.5,"creative,viral,character",False,True
CT008164,C0148,mini,Documentary,2025-07-19 10:18:36,21.5,"viral,experimental,cinematic",False,False
CT008165,C0206,image,Horror,2025-09-28 07:51:57,15.5,"cinematic,viral,trending",False,False
CT008166,C0305,cine,Romance,2026-08-09 23:17:36,175.3,"ai,experimental",False,False
CT008167,C0187,cine,Documentary,2025-08-31 22:33:22,35.5,visual,False,False
CT008168,C0409,cine,Action,2026-01-05 12:04:33,152.0,cinematic,False,False
CT008169,C0030,mini,Comedy,2026-07-09 04:05:23,6.1,"viral,story,cinematic",False,False
CT008170,C0292,video,Drama,2026-06-22 05:11:06,34.4,"visual,cinematic",False,True
CT008171,C0359,mini,Fantasy,2025-10-17 19:04:06,9.2,"story,ai,trending",True,False
CT008172,C0273,mini,Documentary,2025-09-22 23:11:47,15.2,"viral,cinematic",False,False
CT008173,C0327,video,Drama,2026-02-22 05:57:55,14.3,"creative,experimental,animation",True,False
CT008174,C0305,mini,Documentary,2025-10-26 03:52:39,8.8,"animation,creative",False,False
CT008175,C0083,mini,Drama,2026-05-02 23:18:55,6.3,"creative,trending",False,False
CT008176,C0395,mini,Romance,2026-04-05 12:54:59,9.7,"visual,experimental,viral",False,False
CT008177,C0133,mini,Sci-Fi,2025-12-09 03:44:37,26.4,"animation,ai,cinematic",False,False
CT008178,C0089,video,Fantasy,2025-12-04 20:08:21,46.6,"creative,visual",False,False
CT008179,C0267,image,Action,2025-07-17 05:02:33,46.8,"ai,story,animation",False,False
CT008180,C0315,mini,Animation,2026-04-13 08:59:15,16.4,creative,True,True
CT008181,C0189,cine,Drama,2026-07-26 14:03:23,68.8,"creative,visual",False,False
CT008182,C0031,cine,Action,2026-07-05 11:37:26,34.9,ai,False,False
CT008183,C0500,image,Comedy,2026-03-23 06:14:59,55.0,"visual,character",False,False
CT008184,C0404,cine,Action,2026-04-28 22:15:52,35.8,"ai,experimental,viral",False,False
CT008185,C0249,mini,Action,2026-07-12 22:23:50,9.5,"visual,trending,character",False,False
CT008186,C0175,video,Documentary,2025-09-08 20:50:59,28.7,ai,False,False
CT008187,C0440,mini,Animation,2026-05-17 02:00:03,27.5,"trending,creative",True,False
CT008188,C0178,video,Documentary,2025-07-18 05:54:21,42.7,"ai,cinematic,experimental",True,False
CT008189,C0102,mini,Mystery,2026-05-19 22:27:21,13.0,cinematic,False,False
CT008190,C0124,cine,Drama,2025-09-08 20:15:12,46.9,animation,False,False
CT008191,C0274,mini,Documentary,2026-02-24 23:40:26,10.8,story,False,False
CT008192,C0370,video,Horror,2025-06-01 23:37:41,38.7,"story,character",True,False
CT008193,C0164,cine,Fantasy,2025-06-03 19:47:09,17.7,"ai,experimental",False,False
CT008194,C0097,video,Mystery,2026-03-24 00:00:55,49.8,"experimental,character",False,False
CT008195,C0468,image,Sci-Fi,2026-07-08 11:48:45,61.1,cinematic,False,True
CT008196,C0050,mini,Sci-Fi,2025-07-21 06:37:10,20.9,viral,False,False
CT008197,C0276,mini,Romance,2026-06-14 21:38:04,10.9,"creative,visual",False,False
CT008198,C0089,video,Action,2026-05-11 07:57:02,77.5,"viral,ai",False,False
CT008199,C0323,cine,Horror,2026-04-28 12:23:07,68.7,"viral,animation,visual",True,False
CT008200,C0184,video,Action,2025-10-03 07:55:26,81.3,"character,ai,experimental",True,True
CT008201,C0039,image,Documentary,2026-07-06 10:34:35,36.7,"story,cinematic,viral",False,False
CT008202,C0085,image,Romance,2026-03-05 20:39:04,104.9,creative,True,False
CT008203,C0239,cine,Documentary,2025-08-23 23:58:22,51.7,character,False,False
CT008204,C0073,image,Action,2026-07-08 09:35:23,47.8,"story,cinematic",True,False
CT008205,C0287,video,Romance,2025-10-07 12:39:45,22.8,"character,cinematic",False,False
CT008206,C0402,image,Romance,2026-01-14 00:27:53,74.4,animation,False,False
CT008207,C0141,video,Mystery,2025-08-11 15:32:14,69.1,viral,False,False
CT008208,C0465,mini,Drama,2025-11-25 18:42:40,5.1,viral,False,False
CT008209,C0369,image,Drama,2026-03-22 20:35:46,20.7,creative,False,False
CT008210,C0043,cine,Animation,2026-07-15 17:44:21,90.3,ai,False,False
CT008211,C0232,mini,Action,2025-12-17 21:45:39,12.6,creative,False,False
CT008212,C0274,cine,Sci-Fi,2026-03-09 18:20:51,29.1,animation,True,False
CT008213,C0273,cine,Action,2025-07-17 19:20:14,39.5,story,False,False
CT008214,C0228,video,Fantasy,2025-09-17 21:08:18,30.8,"ai,character",False,False
CT008215,C0180,cine,Romance,2026-02-18 11:46:17,68.7,"viral,trending,creative",False,True
CT008216,C0279,mini,Drama,2025-06-19 23:03:38,13.0,"character,viral,experimental",False,True
CT008217,C0336,video,Comedy,2025-11-02 13:51:36,51.5,"viral,cinematic",False,False
CT008218,C0423,mini,Action,2025-06-28 07:09:27,12.0,"ai,cinematic,experimental",False,False
CT008219,C0056,image,Sci-Fi,2026-01-10 16:07:05,50.0,"viral,trending",False,False
CT008220,C0068,cine,Drama,2025-09-28 20:22:41,24.6,"trending,character",True,False
CT008221,C0249,mini,Sci-Fi,2025-09-28 04:33:47,7.1,animation,False,False
CT008222,C0210,mini,Sci-Fi,2025-12-28 13:03:11,11.7,"visual,experimental,viral",False,False
CT008223,C0442,image,Drama,2025-08-13 11:36:42,56.0,"character,cinematic,trending",False,False
CT008224,C0285,video,Action,2026-05-13 06:26:41,430.8,"visual,ai",False,False
CT008225,C0120,video,Action,2025-12-23 13:42:46,51.8,"character,experimental",False,True
CT008226,C0426,video,Mystery,2026-07-17 16:11:20,53.4,experimental,False,False
CT008227,C0429,mini,Drama,2025-09-12 02:58:03,9.9,"viral,visual,story",False,False
CT008228,C0026,mini,Drama,2025-06-29 09:09:34,10.8,ai,False,False
CT008229,C0439,mini,Documentary,2025-12-02 16:28:07,6.4,"cinematic,character",False,False
CT008230,C0183,video,Sci-Fi,2025-07-18 22:00:34,21.2,"viral,character",False,False
CT008231,C0115,mini,Romance,2025-11-22 07:37:15,4.6,viral,True,False
CT008232,C0057,image,Animation,2026-05-18 19:08:18,23.2,"animation,ai",False,False
CT008233,C0041,video,Horror,2026-08-03 20:00:44,58.6,"ai,cinematic,animation",True,False
CT008234,C0033,cine,Documentary,2025-12-26 19:17:53,60.5,ai,True,False
CT008235,C0380,mini,Drama,2025-08-25 04:49:37,8.4,"visual,trending",False,False
CT008236,C0448,mini,Sci-Fi,2025-11-24 17:02:49,11.1,"viral,ai,animation",False,False
CT008237,C0477,image,Sci-Fi,2025-10-09 14:49:30,23.2,"visual,story",False,False
CT008238,C0248,mini,Romance,2025-07-25 23:18:53,14.8,trending,False,True
CT008239,C0128,cine,Romance,2026-05-28 02:09:46,62.3,"viral,animation",False,False
CT008240,C0442,mini,Romance,2026-04-30 10:19:51,6.7,"trending,visual,story",True,False
CT008241,C0451,video,Drama,2025-10-13 21:55:04,105.5,"character,viral",False,False
CT008242,C0200,video,Horror,2026-01-08 09:44:58,12.9,"creative,animation",False,False
CT008243,C0106,cine,Mystery,2026-01-05 23:59:54,56.4,"story,trending",True,False
CT008244,C0420,cine,Horror,2025-12-14 09:58:26,118.0,"animation,trending",False,False
CT008245,C0178,mini,Animation,2026-05-14 10:44:57,13.0,"trending,animation,story",False,False
CT008246,C0267,mini,Documentary,2026-04-15 09:32:19,13.6,ai,False,False
CT008247,C0440,video,Sci-Fi,2025-06-03 00:01:06,24.1,"ai,cinematic,creative",False,False
CT008248,C0077,cine,Comedy,2025-09-11 04:53:26,18.5,story,False,False
CT008249,C0153,mini,Romance,2026-08-11 04:34:54,10.4,visual,False,False
CT008250,C0104,image,Animation,2025-12-06 15:20:40,61.3,"cinematic,viral",False,False
CT008251,C0382,video,Documentary,2025-12-29 01:14:41,22.4,story,False,False
CT008252,C0058,mini,Animation,2026-05-14 03:10:50,13.9,"story,experimental,ai",True,False
CT008253,C0073,image,Mystery,2026-05-13 07:25:05,29.4,"visual,trending,viral",False,False
CT008254,C0167,video,Mystery,2026-02-13 21:53:01,113.4,"animation,ai",False,True
CT008255,C0190,mini,Mystery,2026-07-25 21:18:52,7.0,"story,creative,character",False,False
CT008256,C0371,image,Action,2026-02-24 23:08:45,15.6,"ai,story",False,False
CT008257,C0471,cine,Documentary,2026-07-05 19:44:42,47.3,"trending,experimental",False,False
CT008258,C0297,image,Mystery,2025-12-25 07:56:52,22.2,"experimental,visual",False,False
CT008259,C0111,mini,Comedy,2025-09-09 11:49:38,18.7,viral,False,False
CT008260,C0322,mini,Romance,2025-07-21 15:17:19,20.7,"visual,character,viral",False,False
CT008261,C0349,cine,Action,2026-02-09 03:58:09,39.0,"cinematic,experimental",True,True
CT008262,C0043,mini,Drama,2026-07-12 11:29:31,9.7,"story,viral",False,False
CT008263,C0456,cine,Animation,2025-12-05 06:12:22,33.5,"trending,character",False,False
CT008264,C0253,mini,Animation,2026-04-28 07:55:50,6.5,viral,False,False
CT008265,C0394,image,Documentary,2026-01-29 18:10:35,275.1,"ai,experimental",False,False
CT008266,C0026,mini,Comedy,2026-06-03 15:22:41,18.1,"ai,creative",False,False
CT008267,C0474,image,Documentary,2026-05-22 12:16:43,43.5,"viral,character",False,False
CT008268,C0485,mini,Mystery,2026-04-15 01:13:25,5.5,"story,viral,experimental",False,False
CT008269,C0467,image,Romance,2025-11-09 15:25:11,29.9,trending,False,False
CT008270,C0261,mini,Horror,2025-12-05 19:40:28,8.9,"visual,ai",False,False
CT008271,C0061,mini,Drama,2026-01-04 14:34:58,5.5,"viral,ai,character",False,False
CT008272,C0226,mini,Animation,2026-06-10 21:04:31,9.2,"viral,story",False,False
CT008273,C0297,image,Romance,2026-03-05 05:43:27,23.2,"experimental,viral,visual",True,True
CT008274,C0214,mini,Action,2025-08-18 04:36:35,12.1,creative,False,False
CT008275,C0206,image,Mystery,2025-10-02 09:02:44,48.0,creative,False,False
CT008276,C0174,mini,Animation,2025-10-21 01:51:33,5.6,"character,viral",False,True
CT008277,C0336,video,Romance,2026-03-04 14:40:55,43.9,"visual,trending",False,False
CT008278,C0284,mini,Sci-Fi,2026-05-16 00:50:45,26.8,"experimental,creative,character",True,False
CT008279,C0368,mini,Sci-Fi,2025-08-07 21:41:47,12.4,"cinematic,character,animation",True,True
CT008280,C0042,image,Animation,2026-04-26 16:10:36,56.9,"experimental,story",False,False
CT008281,C0122,mini,Horror,2026-03-11 11:17:50,17.7,"story,trending,creative",False,False
CT008282,C0433,cine,Fantasy,2025-09-03 07:02:41,48.4,"creative,trending",False,False
CT008283,C0396,image,Animation,2025-08-05 07:31:38,9.4,"creative,animation",False,False
CT008284,C0327,image,Animation,2025-08-07 00:18:58,26.1,"cinematic,animation",False,False
CT008285,C0203,mini,Mystery,2026-05-20 16:49:21,5.4,"visual,experimental,cinematic",False,False
CT008286,C0207,mini,Comedy,2025-09-16 08:47:58,20.0,"character,cinematic,experimental",True,False
CT008287,C0322,mini,Horror,2025-08-28 11:22:03,10.0,"cinematic,story",False,False
CT008288,C0386,mini,Action,2025-12-08 11:41:05,9.4,"character,cinematic,creative",False,False
CT008289,C0214,image,Animation,2026-03-22 15:07:08,22.6,"story,creative,ai",False,False
CT008290,C0445,cine,Comedy,2025-12-19 18:34:28,35.1,"cinematic,viral,character",True,False
CT008291,C0174,video,Comedy,2026-02-21 00:37:44,36.5,viral,False,True
CT008292,C0160,image,Action,2025-11-15 04:04:00,66.6,"story,ai,animation",True,False
CT008293,C0342,cine,Drama,2025-12-11 22:49:38,41.4,"creative,visual",False,False
CT008294,C0395,cine,Mystery,2026-02-22 17:06:56,29.1,"viral,ai",False,False
CT008295,C0270,mini,Comedy,2026-03-22 07:54:24,14.6,"visual,story,cinematic",False,False
CT008296,C0475,mini,Fantasy,2026-05-03 07:11:55,12.2,experimental,False,False
CT008297,C0427,mini,Action,2026-06-22 00:16:17,11.3,viral,True,False
CT008298,C0103,mini,Animation,2025-10-28 21:54:52,8.8,"visual,animation",False,False
CT008299,C0389,video,Mystery,2025-07-25 19:07:52,30.4,"viral,story,animation",True,False
CT008300,C0406,image,Comedy,2025-07-13 08:17:11,121.9,"experimental,character",False,False
CT008301,C0433,mini,Documentary,2026-04-05 10:50:19,13.0,"ai,character",False,False
CT008302,C0260,mini,Mystery,2025-12-14 11:05:18,9.8,"character,trending",False,False
CT008303,C0384,image,Romance,2025-12-05 00:23:53,52.8,visual,False,False
CT008304,C0361,cine,Comedy,2026-05-01 12:52:11,107.2,character,False,False
CT008305,C0457,mini,Romance,2026-04-04 07:25:56,22.8,ai,False,False
CT008306,C0149,image,Action,2026-07-22 21:41:04,47.3,ai,False,False
CT008307,C0079,image,Documentary,2026-07-05 00:24:48,42.2,"story,trending",True,False
CT008308,C0382,mini,Horror,2026-05-08 20:35:55,9.8,"character,story",False,False
CT008309,C0317,image,Mystery,2026-03-25 16:39:15,167.0,visual,True,False
CT008310,C0489,video,Drama,2026-07-15 00:40:08,25.9,story,False,False
CT008311,C0042,cine,Animation,2025-08-12 21:09:10,60.6,experimental,False,False
CT008312,C0018,image,Animation,2026-08-10 14:40:50,30.9,"creative,story,trending",False,False
CT008313,C0245,mini,Action,2025-12-07 18:10:19,8.3,"story,trending,animation",False,False
CT008314,C0300,cine,Action,2025-09-22 05:14:41,44.0,story,False,False
CT008315,C0430,image,Animation,2026-02-06 13:09:57,54.4,viral,False,False
CT008316,C0335,cine,Fantasy,2026-07-13 15:35:04,48.7,"ai,visual,creative",True,False
CT008317,C0359,mini,Horror,2025-07-28 20:32:28,14.4,"viral,cinematic",False,False
CT008318,C0188,cine,Mystery,2025-08-19 03:04:13,43.8,"cinematic,viral,trending",False,False
CT008319,C0289,image,Horror,2026-03-21 11:40:47,12.8,"ai,experimental,cinematic",False,False
CT008320,C0072,image,Sci-Fi,2026-04-01 23:33:21,53.5,"animation,ai",False,False
CT008321,C0342,image,Mystery,2026-04-22 05:43:09,32.1,"experimental,animation",False,False
CT008322,C0071,image,Animation,2026-07-15 12:47:41,39.1,"cinematic,story,trending",False,False
CT008323,C0086,video,Romance,2026-05-14 16:58:04,46.6,"ai,character",True,False
CT008324,C0083,cine,Mystery,2026-06-06 04:58:02,50.7,"ai,character",True,False
CT008325,C0459,mini,Romance,2025-07-25 16:12:34,9.0,"visual,animation",True,False
CT008326,C0086,mini,Documentary,2025-11-10 16:56:06,11.3,"viral,experimental,character",False,False
CT008327,C0106,mini,Sci-Fi,2026-04-18 13:05:43,24.3,visual,False,False
CT008328,C0498,mini,Horror,2026-06-09 20:43:23,17.6,"viral,visual,ai",False,False
CT008329,C0083,mini,Romance,2025-11-14 23:30:57,9.1,"creative,viral,character",False,False
CT008330,C0269,cine,Romance,2026-02-21 03:22:31,184.6,visual,False,True
CT008331,C0068,video,Drama,2025-09-05 07:40:50,27.4,"story,cinematic,trending",False,False
CT008332,C0224,image,Fantasy,2026-06-30 17:28:28,67.6,"ai,cinematic,trending",False,False
CT008333,C0466,video,Comedy,2026-01-26 02:26:36,101.3,"ai,visual,creative",False,True
CT008334,C0164,mini,Documentary,2025-07-14 11:34:04,13.3,"trending,cinematic,creative",True,False
CT008335,C0229,mini,Mystery,2026-02-17 03:50:10,10.0,"viral,trending",False,False
CT008336,C0436,mini,Fantasy,2025-09-29 17:58:26,8.3,"ai,visual,character",True,False
CT008337,C0266,cine,Mystery,2025-12-26 06:49:31,62.7,"story,character,ai",False,False
CT008338,C0472,mini,Mystery,2025-11-06 06:07:38,18.6,story,False,False
CT008339,C0190,mini,Mystery,2026-06-19 10:12:32,15.7,"ai,viral",False,False
CT008340,C0116,mini,Comedy,2026-06-22 02:32:46,20.2,"story,cinematic",False,False
CT008341,C0013,image,Drama,2025-08-11 01:02:26,257.5,"cinematic,animation,ai",False,False
CT008342,C0192,video,Sci-Fi,2025-10-26 17:31:36,38.2,"ai,character,experimental",False,False
CT008343,C0037,mini,Action,2025-12-03 15:53:16,13.2,animation,False,False
CT008344,C0288,mini,Sci-Fi,2026-06-25 17:54:20,11.9,character,False,False
CT008345,C0006,mini,Drama,2025-09-30 18:13:34,9.4,"visual,experimental",False,False
CT008346,C0055,cine,Romance,2026-04-16 16:24:35,77.7,"viral,creative",True,False
CT008347,C0265,mini,Horror,2025-06-23 06:04:08,18.5,"animation,character",False,False
CT008348,C0304,mini,Drama,2026-08-12 09:40:35,2.7,ai,False,False
CT008349,C0098,mini,Comedy,2025-11-02 14:43:00,17.1,ai,True,False
CT008350,C0374,cine,Comedy,2025-10-01 13:04:14,71.5,"animation,viral",True,False
CT008351,C0200,mini,Romance,2026-04-24 10:37:12,16.2,"creative,cinematic,story",False,False
CT008352,C0095,cine,Sci-Fi,2026-03-06 19:56:23,52.5,"animation,character",True,False
CT008353,C0231,image,Comedy,2026-01-25 14:26:14,44.2,"creative,viral,character",True,False
CT008354,C0462,video,Fantasy,2026-07-30 08:50:38,79.3,ai,False,False
CT008355,C0262,mini,Comedy,2025-12-08 22:45:43,7.9,experimental,False,False
CT008356,C0428,image,Comedy,2026-02-02 02:02:41,56.4,"ai,story",False,False
CT008357,C0444,cine,Horror,2026-01-03 11:10:08,68.0,character,False,False
CT008358,C0111,mini,Comedy,2025-08-18 22:51:41,11.0,viral,False,False
CT008359,C0025,mini,Fantasy,2025-10-21 12:01:15,8.8,"trending,story",False,False
CT008360,C0330,mini,Drama,2026-03-03 00:28:22,12.8,"ai,visual,story",True,False
CT008361,C0240,video,Documentary,2025-07-26 16:57:27,79.1,creative,False,False
CT008362,C0178,video,Romance,2026-04-30 05:08:05,200.1,"creative,visual,cinematic",False,False
CT008363,C0068,cine,Comedy,2026-02-25 05:39:48,46.4,"visual,character",True,True
CT008364,C0075,image,Mystery,2026-03-24 05:18:28,35.3,"trending,viral",False,False
CT008365,C0464,mini,Action,2026-06-07 19:39:20,15.3,"visual,character",False,False
CT008366,C0075,image,Action,2026-01-07 13:12:44,267.4,cinematic,False,False
CT008367,C0457,mini,Fantasy,2026-05-26 19:23:55,14.3,"character,ai",False,False
CT008368,C0132,mini,Comedy,2026-05-08 11:16:25,22.0,"animation,viral,trending",False,False
CT008369,C0067,image,Drama,2025-09-15 09:41:33,177.9,visual,False,True
CT008370,C0258,mini,Action,2025-10-02 14:29:04,15.0,visual,False,True
CT008371,C0062,mini,Fantasy,2025-12-16 00:50:39,25.8,"cinematic,trending",False,True
CT008372,C0138,video,Comedy,2025-07-14 11:06:55,101.7,"experimental,cinematic,trending",True,False
CT008373,C0059,mini,Mystery,2026-02-07 18:25:34,7.4,story,True,False
CT008374,C0010,mini,Comedy,2026-07-22 01:52:39,9.6,"story,animation,ai",True,False
CT008375,C0050,mini,Documentary,2026-06-01 22:02:12,18.6,"experimental,creative",True,False
CT008376,C0484,image,Sci-Fi,2026-04-29 07:41:54,25.1,"story,experimental",True,False
CT008377,C0074,mini,Documentary,2025-08-29 14:34:34,13.2,"character,cinematic,creative",True,False
CT008378,C0111,video,Drama,2026-06-01 06:21:54,93.2,cinematic,False,False
CT008379,C0075,mini,Comedy,2025-07-31 07:08:40,29.7,"ai,cinematic",False,False
CT008380,C0041,cine,Action,2025-12-05 16:03:18,57.6,"cinematic,visual,trending",False,False
CT008381,C0082,mini,Romance,2026-07-30 19:41:18,9.7,"experimental,viral,animation",True,False
CT008382,C0051,mini,Sci-Fi,2026-05-13 21:07:15,8.6,"ai,trending",False,False
CT008383,C0070,mini,Documentary,2025-08-06 10:45:27,20.7,"story,visual",False,False
CT008384,C0229,mini,Animation,2026-01-25 02:01:10,11.2,visual,False,False
CT008385,C0189,image,Drama,2026-08-26 00:48:56,101.1,trending,False,False
CT008386,C0090,image,Mystery,2025-12-21 15:49:18,150.6,"story,creative",False,True
CT008387,C0126,video,Fantasy,2026-03-01 03:09:59,39.1,animation,False,False
CT008388,C0234,cine,Mystery,2025-11-22 11:54:45,26.9,"creative,ai",False,False
CT008389,C0207,mini,Horror,2026-01-14 13:02:15,9.3,"trending,character,experimental",True,False
CT008390,C0065,mini,Documentary,2026-01-23 11:44:12,24.3,"creative,experimental",False,False
CT008391,C0440,mini,Documentary,2025-08-26 03:45:22,18.6,creative,True,False
CT008392,C0195,cine,Documentary,2026-08-04 19:58:48,35.3,story,False,True
CT008393,C0176,cine,Sci-Fi,2026-06-28 09:23:00,114.2,cinematic,False,False
CT008394,C0279,cine,Horror,2025-07-16 16:03:37,80.4,character,False,False
CT008395,C0140,image,Fantasy,2025-08-18 12:10:29,161.9,viral,False,False
CT008396,C0308,mini,Comedy,2026-03-22 02:01:36,8.1,"animation,ai,viral",False,False
CT008397,C0453,mini,Romance,2025-11-30 23:28:34,10.9,"visual,experimental,character",True,True
CT008398,C0422,video,Action,2026-04-06 18:41:54,40.7,"character,story,trending",False,False
CT008399,C0164,mini,Comedy,2025-06-22 21:41:21,13.6,"experimental,ai,visual",True,False
CT008400,C0048,video,Fantasy,2026-05-09 16:17:15,37.2,"trending,animation",False,False
CT008401,C0064,mini,Drama,2025-06-11 06:45:51,10.7,cinematic,False,True
CT008402,C0104,mini,Romance,2025-08-29 19:38:27,12.4,"story,visual,ai",False,True
CT008403,C0306,cine,Drama,2026-04-29 16:29:03,61.3,"visual,animation",True,False
CT008404,C0246,mini,Mystery,2025-11-06 12:19:44,6.9,"trending,story,character",True,False
CT008405,C0140,video,Action,2025-09-03 17:32:13,39.2,character,False,False
CT008406,C0098,mini,Action,2026-07-08 14:41:58,8.3,character,False,False
CT008407,C0259,mini,Fantasy,2026-03-01 23:03:21,16.7,"cinematic,trending",False,False
CT008408,C0478,mini,Mystery,2025-10-10 07:59:40,7.2,trending,False,False
CT008409,C0383,mini,Action,2026-04-26 20:56:18,9.2,"viral,creative,experimental",False,False
CT008410,C0126,cine,Mystery,2025-07-31 20:48:21,67.2,"creative,ai",False,True
CT008411,C0279,mini,Horror,2026-01-11 06:06:47,5.7,"story,viral,cinematic",False,False
CT008412,C0249,cine,Action,2025-08-26 05:10:17,180.7,"experimental,creative",False,False
CT008413,C0404,mini,Romance,2026-03-27 07:59:04,12.3,"animation,ai",False,False
CT008414,C0171,video,Documentary,2025-10-03 03:19:01,46.9,"animation,cinematic,visual",False,True
CT008415,C0174,cine,Animation,2025-09-18 23:07:45,120.0,"character,ai,trending",False,False
CT008416,C0218,video,Drama,2025-09-25 17:31:59,43.0,"creative,trending,character",False,False
CT008417,C0085,mini,Action,2026-06-08 22:40:54,7.0,"animation,experimental,trending",False,True
CT008418,C0435,image,Sci-Fi,2026-07-01 00:49:57,38.3,"visual,animation,trending",False,False
CT008419,C0192,cine,Action,2025-09-03 01:01:27,71.9,visual,False,False
CT008420,C0426,mini,Horror,2025-08-11 14:28:50,10.5,visual,False,False
CT008421,C0204,mini,Comedy,2026-02-25 07:40:32,6.9,trending,False,False
CT008422,C0333,image,Documentary,2026-03-20 19:28:14,32.0,experimental,False,True
CT008423,C0358,mini,Documentary,2026-06-17 03:41:16,8.2,"character,cinematic,creative",False,False
CT008424,C0396,mini,Fantasy,2026-06-10 18:15:32,6.2,"experimental,viral",False,True
CT008425,C0343,image,Action,2026-05-28 16:47:14,17.3,"ai,experimental",False,False
CT008426,C0340,mini,Fantasy,2025-06-20 15:43:33,18.8,"character,experimental",False,False
CT008427,C0159,mini,Horror,2025-06-24 09:05:46,16.2,"viral,animation",False,True
CT008428,C0032,mini,Mystery,2025-08-25 02:09:24,29.7,"viral,cinematic",False,False
CT008429,C0460,mini,Romance,2025-11-15 10:26:41,7.3,animation,False,True
CT008430,C0421,video,Sci-Fi,2026-05-03 19:23:51,58.2,"trending,experimental,creative",True,False
CT008431,C0138,video,Comedy,2026-06-24 18:37:13,55.1,"animation,experimental,viral",False,False
CT008432,C0011,mini,Fantasy,2026-04-24 21:24:58,7.2,"ai,trending,visual",False,False
CT008433,C0499,mini,Animation,2026-06-24 00:41:22,21.8,animation,False,False
CT008434,C0043,video,Documentary,2025-11-17 20:03:27,19.4,"experimental,visual",False,False
CT008435,C0018,image,Comedy,2026-03-18 04:51:49,104.4,"animation,viral,ai",False,False
CT008436,C0492,mini,Comedy,2025-08-01 23:31:12,5.2,"experimental,trending,story",False,True
CT008437,C0327,video,Romance,2025-07-20 11:45:55,117.8,"experimental,visual",False,True
CT008438,C0302,video,Animation,2026-06-12 14:28:49,53.9,ai,False,False
CT008439,C0308,mini,Mystery,2025-12-02 08:18:04,14.4,"animation,story,ai",False,True
CT008440,C0370,video,Mystery,2026-04-28 13:06:56,83.6,viral,False,False
CT008441,C0293,image,Romance,2026-08-13 06:50:52,85.7,experimental,False,True
CT008442,C0372,video,Action,2026-02-18 00:08:21,51.8,cinematic,False,False
CT008443,C0387,mini,Fantasy,2025-07-19 13:57:34,22.5,story,False,False
CT008444,C0106,mini,Fantasy,2026-03-27 15:34:17,2.9,story,False,False
CT008445,C0296,cine,Mystery,2026-06-01 10:33:30,15.4,"visual,cinematic",False,True
CT008446,C0164,mini,Comedy,2025-10-04 09:44:11,8.9,ai,True,True
CT008447,C0301,cine,Romance,2025-12-08 12:37:51,29.9,animation,False,False
CT008448,C0086,cine,Comedy,2026-03-14 07:58:47,38.1,"animation,ai,experimental",False,False
CT008449,C0437,mini,Sci-Fi,2026-05-06 14:26:38,15.2,"visual,story",False,False
CT008450,C0130,video,Documentary,2025-08-22 14:07:06,71.0,"experimental,animation",False,True
CT008451,C0100,mini,Horror,2025-06-25 18:22:57,4.7,experimental,False,True
CT008452,C0063,video,Sci-Fi,2026-03-18 17:49:18,87.0,"visual,viral",False,False
CT008453,C0262,cine,Drama,2025-06-05 16:52:53,78.3,"trending,viral",False,False
CT008454,C0179,cine,Horror,2025-12-24 04:03:33,30.9,"animation,trending,creative",False,False
CT008455,C0359,video,Horror,2025-10-16 02:04:38,31.0,ai,False,True
CT008456,C0204,cine,Animation,2025-12-17 23:53:15,45.2,"viral,ai,experimental",False,False
CT008457,C0154,mini,Horror,2026-07-02 19:14:49,5.0,character,False,False
CT008458,C0158,mini,Action,2026-08-01 19:14:09,8.2,"story,cinematic",True,False
CT008459,C0111,image,Documentary,2026-04-06 23:43:46,85.1,"creative,story",False,False
CT008460,C0349,image,Mystery,2025-11-17 12:35:16,45.6,creative,False,False
CT008461,C0067,cine,Comedy,2026-03-06 23:47:57,110.2,ai,False,False
CT008462,C0447,mini,Action,2025-08-03 10:00:10,7.0,creative,True,False
CT008463,C0132,video,Action,2026-08-29 22:36:14,36.1,trending,False,False
CT008464,C0005,cine,Action,2026-07-04 12:01:35,45.4,"cinematic,creative",True,False
CT008465,C0332,cine,Animation,2025-11-06 08:48:20,96.4,experimental,False,False
CT008466,C0356,image,Sci-Fi,2025-06-12 03:13:17,156.4,"cinematic,trending",False,False
CT008467,C0308,mini,Mystery,2026-06-23 17:09:38,8.9,"character,ai",True,False
CT008468,C0183,image,Animation,2025-06-14 19:56:10,65.8,"character,visual,ai",False,False
CT008469,C0086,mini,Drama,2025-07-21 00:10:42,14.6,"animation,story,experimental",False,False
CT008470,C0433,mini,Horror,2025-06-03 16:25:26,12.2,"visual,animation,viral",False,True
CT008471,C0239,mini,Comedy,2025-08-17 20:25:56,22.5,story,False,False
CT008472,C0238,video,Action,2026-07-24 15:17:19,59.2,"trending,character,creative",False,False
CT008473,C0110,image,Mystery,2026-01-05 00:17:25,30.9,story,False,False
CT008474,C0391,mini,Horror,2025-08-16 05:10:59,6.6,animation,False,False
CT008475,C0468,mini,Mystery,2026-08-12 12:32:31,16.9,"ai,experimental,trending",False,True
CT008476,C0318,mini,Animation,2025-12-07 17:36:27,4.4,"viral,cinematic,experimental",False,True
CT008477,C0361,mini,Animation,2026-04-17 18:02:24,10.5,experimental,False,False
CT008478,C0352,cine,Fantasy,2026-02-04 08:41:16,111.5,trending,True,False
CT008479,C0086,image,Drama,2025-07-22 07:31:50,94.0,"trending,creative",False,False
CT008480,C0229,mini,Horror,2026-04-20 20:58:00,11.6,"story,cinematic,animation",False,False
CT008481,C0145,cine,Mystery,2026-08-10 10:30:20,83.8,story,False,False
CT008482,C0202,cine,Documentary,2026-08-20 09:11:20,45.7,creative,False,True
CT008483,C0426,mini,Romance,2026-05-16 04:01:21,14.0,experimental,True,False
CT008484,C0416,image,Documentary,2026-04-02 23:40:03,16.4,story,False,False
CT008485,C0276,cine,Comedy,2026-05-02 21:25:50,36.7,character,False,False
CT008486,C0059,image,Sci-Fi,2026-08-16 22:50:47,60.8,"experimental,story",False,False
CT008487,C0180,image,Documentary,2026-02-07 11:29:49,24.9,"experimental,visual,creative",False,True
CT008488,C0362,video,Animation,2026-07-19 10:21:29,43.4,creative,False,False
CT008489,C0298,image,Horror,2025-11-27 10:49:25,17.7,"animation,story",False,False
CT008490,C0274,image,Drama,2025-10-23 12:29:59,89.3,"viral,cinematic",True,False
CT008491,C0192,cine,Fantasy,2025-07-21 02:43:11,144.8,"animation,story,creative",False,False
CT008492,C0485,mini,Sci-Fi,2025-12-28 20:51:25,9.2,"visual,character,ai",False,False
CT008493,C0455,mini,Animation,2026-03-10 15:00:48,16.6,"animation,trending",False,False
CT008494,C0319,cine,Action,2025-12-03 21:22:12,79.7,"visual,animation",False,False
CT008495,C0430,image,Documentary,2025-07-29 05:26:41,64.9,"creative,viral",False,False
CT008496,C0089,cine,Fantasy,2025-12-18 21:59:06,74.7,"ai,cinematic",False,False
CT008497,C0081,mini,Documentary,2026-02-25 00:21:49,21.7,"experimental,visual,animation",False,False
CT008498,C0352,mini,Romance,2025-07-24 17:40:40,24.0,"cinematic,character,creative",False,False
CT008499,C0334,mini,Sci-Fi,2026-02-02 01:54:56,4.9,"cinematic,experimental",False,True
CT008500,C0123,mini,Mystery,2025-11-22 01:19:40,15.9,"story,creative",False,False
CT008501,C0419,image,Drama,2026-02-28 00:21:45,208.3,"character,viral",False,False
CT008502,C0372,mini,Drama,2025-06-03 18:32:17,15.1,story,False,False
CT008503,C0106,mini,Animation,2026-06-13 00:19:38,11.6,cinematic,False,False
CT008504,C0302,cine,Horror,2025-11-29 20:28:42,115.4,"visual,trending,character",False,False
CT008505,C0433,video,Animation,2025-12-05 11:55:45,62.4,"animation,cinematic",True,False
CT008506,C0381,video,Romance,2025-07-21 12:09:21,14.3,"story,viral,experimental",True,False
CT008507,C0205,mini,Documentary,2025-12-17 02:07:41,18.4,"animation,cinematic,story",True,False
CT008508,C0412,mini,Comedy,2025-11-29 05:11:21,19.5,trending,False,False
CT008509,C0157,video,Romance,2025-06-28 08:25:09,54.6,"story,character,visual",True,False
CT008510,C0487,video,Sci-Fi,2026-02-19 19:11:48,24.6,"creative,experimental",True,False
CT008511,C0492,image,Drama,2025-10-10 05:01:28,136.1,"viral,experimental,cinematic",False,False
CT008512,C0151,cine,Mystery,2025-11-10 11:21:38,29.2,"experimental,visual,ai",False,False
CT008513,C0339,image,Horror,2025-07-07 22:42:22,32.6,viral,False,True
CT008514,C0481,image,Animation,2026-03-19 23:24:53,121.3,"cinematic,visual",False,False
CT008515,C0141,image,Comedy,2025-08-04 15:24:07,66.2,"experimental,trending",False,False
CT008516,C0356,image,Fantasy,2026-02-27 02:13:14,191.7,viral,False,False
CT008517,C0261,image,Action,2025-12-12 14:51:47,101.7,"story,character,animation",False,False
CT008518,C0219,video,Comedy,2026-05-06 03:19:35,117.9,"viral,experimental,ai",True,False
CT008519,C0319,video,Horror,2025-12-03 16:19:45,26.3,creative,False,False
CT008520,C0238,mini,Animation,2026-03-26 21:50:42,12.3,ai,False,False
CT008521,C0356,video,Romance,2026-08-01 18:01:29,196.3,experimental,False,False
CT008522,C0477,mini,Fantasy,2025-09-27 04:51:40,13.4,animation,False,True
CT008523,C0107,mini,Action,2025-07-25 09:50:16,20.9,"animation,ai,story",False,False
CT008524,C0090,mini,Horror,2026-03-04 22:41:02,10.3,animation,False,True
CT008525,C0301,mini,Comedy,2025-08-08 01:58:04,8.6,"character,trending",False,False
CT008526,C0477,mini,Action,2025-09-09 00:08:40,5.4,"viral,trending,story",False,False
CT008527,C0422,video,Documentary,2026-05-09 09:28:51,60.0,"experimental,trending,creative",True,True
CT008528,C0203,mini,Comedy,2026-04-09 08:36:28,7.9,"visual,story",False,False
CT008529,C0402,video,Fantasy,2025-06-11 05:07:49,10.5,"ai,creative,experimental",False,False
CT008530,C0454,mini,Documentary,2026-02-24 11:40:35,5.5,"cinematic,trending",False,False
CT008531,C0147,mini,Comedy,2026-03-24 19:57:25,12.3,"cinematic,viral",False,False
CT008532,C0052,mini,Drama,2025-10-25 23:48:21,17.7,experimental,False,False
CT008533,C0485,cine,Sci-Fi,2026-05-07 21:18:32,48.9,viral,False,False
CT008534,C0081,video,Fantasy,2026-04-25 18:41:40,40.7,"cinematic,visual,trending",False,False
CT008535,C0006,mini,Horror,2026-03-14 19:38:00,26.1,"experimental,ai,story",False,False
CT008536,C0159,mini,Action,2025-09-23 03:01:54,5.4,"creative,animation",False,False
CT008537,C0392,video,Mystery,2025-10-10 05:44:15,37.7,"animation,visual",False,False
CT008538,C0374,cine,Horror,2026-02-05 12:01:15,48.5,"visual,animation,viral",False,False
CT008539,C0160,mini,Documentary,2025-07-18 05:39:21,11.4,"cinematic,trending",False,False
CT008540,C0339,mini,Mystery,2025-12-05 09:26:10,14.6,"animation,character",False,False
CT008541,C0471,image,Horror,2026-08-28 08:14:34,40.2,"animation,creative",True,False
CT008542,C0004,mini,Romance,2026-03-20 19:18:29,5.5,"character,visual,animation",False,False
CT008543,C0431,image,Horror,2026-06-27 20:46:22,55.3,"experimental,viral",False,False
CT008544,C0298,image,Animation,2025-10-27 00:30:08,53.9,"character,animation,viral",True,False
CT008545,C0439,mini,Fantasy,2026-04-30 04:05:08,20.0,animation,False,True
CT008546,C0025,image,Mystery,2026-05-02 05:39:37,70.9,"ai,cinematic,experimental",False,False
CT008547,C0125,video,Horror,2025-08-25 06:58:10,22.5,character,True,False
CT008548,C0187,mini,Sci-Fi,2025-09-09 16:12:39,14.6,"viral,animation,trending",False,False
CT008549,C0400,mini,Comedy,2025-12-14 11:52:44,12.0,"visual,character,ai",False,False
CT008550,C0333,cine,Romance,2026-03-18 12:06:46,24.6,animation,False,True
CT008551,C0165,image,Fantasy,2026-04-20 16:16:03,380.1,"viral,trending",False,True
CT008552,C0121,cine,Animation,2026-08-20 05:41:48,58.8,creative,False,False
CT008553,C0216,video,Documentary,2025-07-17 06:04:31,114.4,"creative,character",False,True
CT008554,C0084,mini,Romance,2026-03-20 03:27:19,12.8,story,True,False
CT008555,C0453,mini,Animation,2026-08-11 12:59:50,17.4,"experimental,visual",False,True
CT008556,C0414,mini,Fantasy,2025-08-17 05:49:11,8.3,visual,False,False
CT008557,C0361,image,Mystery,2026-08-10 14:04:07,45.0,"trending,viral,character",False,False
CT008558,C0240,mini,Horror,2026-06-19 23:21:34,16.9,"creative,character,cinematic",False,False
CT008559,C0311,cine,Horror,2025-08-08 15:01:09,125.5,"visual,character",False,False
CT008560,C0126,video,Comedy,2025-09-05 14:25:14,40.8,"creative,animation,story",False,False
CT008561,C0063,mini,Horror,2025-08-29 20:35:22,16.3,"ai,creative",False,False
CT008562,C0121,mini,Fantasy,2025-07-12 23:35:20,8.0,"character,cinematic,ai",False,False
CT008563,C0268,video,Romance,2025-11-14 00:27:07,62.7,"story,cinematic,trending",True,False
CT008564,C0478,mini,Comedy,2025-12-19 07:28:20,5.3,"character,cinematic",True,False
CT008565,C0065,mini,Documentary,2025-12-23 12:17:21,18.9,cinematic,False,False
CT008566,C0153,cine,Sci-Fi,2026-06-15 17:30:09,117.3,"character,cinematic",True,False
CT008567,C0041,image,Comedy,2025-12-18 23:24:40,109.8,viral,True,False
CT008568,C0213,mini,Action,2025-08-27 07:13:35,14.9,"character,experimental",False,False
CT008569,C0472,video,Fantasy,2026-04-10 19:42:22,37.7,"character,visual,story",False,True
CT008570,C0028,image,Action,2026-03-20 05:58:12,44.2,"creative,experimental,animation",False,False
CT008571,C0296,mini,Action,2026-01-01 10:00:09,6.1,"story,ai",False,True
CT008572,C0078,mini,Romance,2026-03-21 09:33:17,6.6,"character,cinematic,ai",False,False
CT008573,C0003,image,Romance,2025-08-24 00:28:22,50.6,"cinematic,trending,creative",False,False
CT008574,C0267,cine,Animation,2026-05-22 07:27:20,22.7,viral,False,False
CT008575,C0231,cine,Romance,2025-09-28 00:37:42,13.3,"story,creative,visual",True,True
CT008576,C0444,mini,Documentary,2025-06-22 21:46:37,13.3,"cinematic,character,creative",True,False
CT008577,C0144,image,Documentary,2025-12-05 12:07:19,40.4,"trending,ai,creative",False,False
CT008578,C0312,mini,Comedy,2025-09-18 13:12:18,7.9,"animation,creative",False,False
CT008579,C0080,mini,Mystery,2026-01-23 19:12:00,9.2,"experimental,ai",False,False
CT008580,C0287,image,Romance,2025-12-29 12:17:19,40.8,"creative,story,viral",False,False
CT008581,C0410,video,Drama,2026-07-26 21:29:36,158.8,"story,experimental,viral",False,False
CT008582,C0189,mini,Documentary,2025-12-07 19:49:20,17.0,"ai,creative",False,False
CT008583,C0076,cine,Action,2025-07-14 20:57:16,51.8,"ai,viral",False,False
CT008584,C0252,mini,Animation,2026-01-21 00:22:01,10.5,viral,True,False
CT008585,C0084,mini,Horror,2026-06-02 18:40:11,16.3,"creative,cinematic",True,False
CT008586,C0318,mini,Fantasy,2025-09-29 23:42:26,9.5,"character,ai",False,False
CT008587,C0115,image,Romance,2025-10-20 18:00:54,13.9,"animation,trending,experimental",True,False
CT008588,C0324,mini,Animation,2025-08-22 08:47:35,10.3,cinematic,False,True
CT008589,C0354,video,Documentary,2026-04-28 12:35:37,103.6,trending,True,False
CT008590,C0500,mini,Fantasy,2025-08-16 03:18:05,18.9,"viral,creative",False,False
CT008591,C0097,image,Comedy,2025-09-26 18:22:11,105.0,"story,visual,viral",True,False
CT008592,C0459,cine,Animation,2025-07-10 16:30:21,65.1,creative,True,True
CT008593,C0160,image,Fantasy,2025-11-23 15:01:12,118.3,story,False,False
CT008594,C0078,video,Documentary,2026-07-01 14:03:48,94.5,viral,False,False
CT008595,C0447,video,Action,2025-12-20 03:00:08,44.4,trending,False,False
CT008596,C0278,image,Animation,2025-07-24 21:46:48,237.0,"experimental,creative,ai",False,False
CT008597,C0281,mini,Drama,2026-05-09 08:28:37,23.3,"viral,creative,animation",False,False
CT008598,C0151,image,Action,2025-11-09 21:11:19,6.6,creative,False,False
CT008599,C0080,video,Comedy,2025-08-15 19:29:23,8.7,"story,cinematic",False,False
CT008600,C0033,mini,Sci-Fi,2025-06-10 00:02:00,10.0,character,False,False
CT008601,C0429,mini,Sci-Fi,2025-11-06 00:40:06,7.7,"experimental,story,character",False,False
CT008602,C0009,cine,Sci-Fi,2025-08-11 10:57:07,35.0,"experimental,character,visual",False,False
CT008603,C0255,image,Mystery,2026-01-28 00:27:57,119.6,animation,False,False
CT008604,C0134,mini,Fantasy,2025-12-15 03:21:19,10.1,character,True,False
CT008605,C0417,mini,Documentary,2026-03-27 20:41:37,12.2,story,False,False
CT008606,C0354,mini,Romance,2025-10-04 09:14:41,4.5,cinematic,False,False
CT008607,C0042,cine,Animation,2025-07-05 16:30:11,18.6,story,False,False
CT008608,C0064,mini,Action,2025-07-22 20:59:33,4.9,"ai,character",False,False
CT008609,C0080,video,Romance,2025-07-14 04:41:02,47.7,"animation,story",False,False
CT008610,C0359,cine,Mystery,2025-10-01 01:01:55,83.9,"cinematic,ai,story",False,False
CT008611,C0048,mini,Fantasy,2026-04-24 15:02:53,10.7,viral,True,True
CT008612,C0120,image,Romance,2026-02-05 14:00:00,38.8,"story,ai,viral",False,False
CT008613,C0242,mini,Mystery,2025-11-14 23:07:58,14.5,"viral,visual,animation",False,False
CT008614,C0091,image,Action,2025-09-17 08:13:22,132.8,"creative,trending,character",True,False
CT008615,C0189,video,Sci-Fi,2025-08-15 12:29:47,143.5,"trending,experimental",False,False
CT008616,C0148,cine,Comedy,2025-08-06 12:53:26,83.0,"visual,viral,experimental",False,False
CT008617,C0200,mini,Animation,2025-09-29 00:28:29,13.4,character,False,False
CT008618,C0017,cine,Action,2026-01-14 16:33:33,34.5,experimental,False,False
CT008619,C0183,cine,Romance,2026-02-28 18:51:39,45.4,"visual,cinematic",False,False
CT008620,C0269,mini,Fantasy,2026-08-06 02:16:04,17.9,visual,False,False
CT008621,C0213,image,Comedy,2026-08-09 16:52:35,64.9,cinematic,False,False
CT008622,C0466,mini,Horror,2025-09-28 15:04:41,17.1,"ai,animation",False,False
CT008623,C0188,image,Horror,2026-04-30 18:02:23,149.8,"trending,cinematic,story",False,False
CT008624,C0150,mini,Romance,2025-07-30 14:18:44,6.1,"experimental,visual,cinematic",False,False
CT008625,C0080,cine,Romance,2026-05-30 10:59:27,19.4,visual,False,False
CT008626,C0308,mini,Horror,2026-07-29 17:07:09,21.0,"story,trending",False,True
CT008627,C0281,mini,Animation,2026-03-05 10:51:39,26.9,"cinematic,viral",False,False
CT008628,C0030,mini,Action,2026-02-01 13:02:38,11.3,trending,False,False
CT008629,C0432,image,Animation,2025-11-17 06:12:36,23.1,character,False,True
CT008630,C0490,video,Drama,2026-07-09 07:11:05,53.0,"animation,visual,creative",False,False
CT008631,C0498,mini,Fantasy,2026-08-13 18:24:20,32.1,"cinematic,story,experimental",False,True
CT008632,C0387,video,Mystery,2026-04-19 07:07:13,82.3,"animation,trending,cinematic",True,False
CT008633,C0061,mini,Documentary,2025-07-08 01:27:36,11.2,character,True,True
CT008634,C0449,video,Comedy,2026-07-06 21:23:44,123.6,"experimental,animation",False,False
CT008635,C0206,mini,Animation,2026-06-04 17:32:36,12.7,trending,True,False
CT008636,C0431,cine,Drama,2025-11-11 17:46:39,35.3,animation,False,False
CT008637,C0120,image,Animation,2025-09-26 18:31:05,18.6,"character,story",False,False
CT008638,C0341,mini,Sci-Fi,2026-05-17 06:14:06,9.6,story,False,False
CT008639,C0280,video,Drama,2026-03-05 04:24:06,60.1,character,True,False
CT008640,C0227,video,Romance,2026-05-09 22:22:57,167.2,"experimental,creative,trending",False,False
CT008641,C0181,mini,Action,2026-08-22 23:14:11,5.1,"animation,story",False,False
CT008642,C0030,mini,Comedy,2025-11-16 06:45:25,10.8,creative,False,False
CT008643,C0439,mini,Action,2026-06-20 02:02:23,23.7,"viral,experimental,ai",False,False
CT008644,C0365,mini,Horror,2025-12-31 22:56:20,11.2,"animation,visual",False,False
CT008645,C0468,image,Drama,2026-06-23 15:56:20,238.5,"creative,story,viral",False,False
CT008646,C0256,mini,Documentary,2025-09-19 20:56:27,13.8,"character,viral,experimental",True,False
CT008647,C0163,cine,Sci-Fi,2026-06-11 07:39:19,49.9,"viral,trending",True,False
CT008648,C0305,mini,Animation,2026-04-18 21:36:56,5.4,"experimental,viral",False,False
CT008649,C0179,video,Romance,2025-12-24 22:19:07,91.1,"viral,story,creative",False,False
CT008650,C0470,mini,Action,2026-07-25 01:52:15,13.9,"ai,trending,animation",False,False
CT008651,C0265,image,Animation,2025-11-27 05:33:49,30.0,experimental,False,False
CT008652,C0335,cine,Documentary,2026-05-05 15:17:47,74.0,"animation,cinematic,visual",False,False
CT008653,C0314,mini,Drama,2026-01-23 11:00:21,26.1,"experimental,viral,trending",False,False
CT008654,C0188,image,Horror,2025-08-04 14:08:31,14.7,"story,character",False,False
CT008655,C0377,mini,Documentary,2025-10-09 00:16:25,24.9,"creative,character,experimental",False,False
CT008656,C0246,image,Romance,2026-05-31 23:53:56,130.8,"creative,ai",False,False
CT008657,C0052,mini,Documentary,2026-01-05 00:48:39,9.8,"viral,ai,creative",False,False
CT008658,C0205,mini,Mystery,2026-06-23 22:14:19,26.1,"experimental,animation",False,False
CT008659,C0031,video,Animation,2025-07-28 19:39:22,69.7,"trending,experimental,animation",False,False
CT008660,C0367,mini,Documentary,2026-05-17 14:32:20,3.6,"ai,viral,trending",False,False
CT008661,C0340,mini,Sci-Fi,2026-07-12 23:53:43,7.5,"story,character,visual",False,False
CT008662,C0449,mini,Animation,2026-08-27 10:39:00,14.0,visual,False,False
CT008663,C0237,image,Romance,2026-05-02 11:10:48,88.4,trending,False,False
CT008664,C0496,image,Romance,2026-01-02 03:39:17,97.0,"story,ai",False,False
CT008665,C0333,mini,Mystery,2025-06-29 06:51:46,21.1,experimental,False,False
CT008666,C0189,cine,Comedy,2025-09-02 14:22:10,79.5,viral,False,False
CT008667,C0152,image,Comedy,2026-03-28 22:28:54,22.2,"experimental,cinematic,animation",False,False
CT008668,C0474,image,Sci-Fi,2026-07-08 12:34:26,116.0,viral,False,False
CT008669,C0086,image,Fantasy,2026-05-12 23:11:23,98.8,"visual,animation,cinematic",False,False
CT008670,C0008,mini,Sci-Fi,2026-03-04 21:16:09,10.6,visual,False,False
CT008671,C0056,mini,Romance,2026-06-28 21:28:50,8.5,"visual,ai,creative",False,False
CT008672,C0344,cine,Drama,2025-10-19 08:51:49,122.2,animation,False,False
CT008673,C0396,cine,Comedy,2025-10-29 01:56:40,66.1,trending,False,False
CT008674,C0246,image,Mystery,2025-07-11 03:29:10,65.4,"story,character,trending",False,False
CT008675,C0201,video,Animation,2026-03-15 14:45:48,69.0,"cinematic,animation,trending",False,False
CT008676,C0086,image,Sci-Fi,2025-08-23 10:50:08,72.7,"experimental,animation",False,False
CT008677,C0042,cine,Mystery,2025-10-04 21:29:25,123.8,"trending,story",False,False
CT008678,C0370,cine,Action,2025-07-13 19:59:09,17.7,cinematic,False,False
CT008679,C0124,mini,Horror,2026-06-23 02:09:00,6.4,"ai,viral,trending",True,False
CT008680,C0491,cine,Drama,2025-09-03 00:22:49,13.2,experimental,False,False
CT008681,C0431,mini,Animation,2026-07-05 01:45:00,18.5,experimental,False,False
CT008682,C0387,image,Horror,2025-09-14 17:11:46,34.9,ai,False,False
CT008683,C0235,image,Animation,2025-07-05 21:47:44,60.3,viral,False,False
CT008684,C0180,video,Horror,2026-08-21 03:50:57,31.8,cinematic,True,False
CT008685,C0426,cine,Action,2025-10-08 23:49:31,30.8,character,False,False
CT008686,C0025,mini,Animation,2026-04-26 03:51:23,11.9,experimental,False,False
CT008687,C0467,mini,Fantasy,2025-07-17 21:09:40,18.2,character,False,False
CT008688,C0410,video,Sci-Fi,2025-08-25 01:29:53,88.3,trending,False,False
CT008689,C0037,mini,Animation,2025-11-29 20:02:20,26.7,"character,cinematic,experimental",False,False
CT008690,C0109,mini,Comedy,2026-05-11 02:44:45,14.8,"visual,creative,trending",False,False
CT008691,C0466,mini,Animation,2025-06-03 08:21:07,6.7,"experimental,ai,viral",False,False
CT008692,C0327,image,Drama,2026-03-16 12:32:38,38.7,"story,visual",False,False
CT008693,C0185,mini,Fantasy,2026-05-23 23:12:50,4.3,viral,False,False
CT008694,C0416,mini,Horror,2025-07-16 23:20:54,10.2,"experimental,creative,animation",True,False
CT008695,C0349,image,Mystery,2025-12-14 17:48:30,29.0,"character,visual,animation",False,False
CT008696,C0463,cine,Mystery,2026-08-06 18:42:17,114.6,"creative,trending,viral",False,False
CT008697,C0202,cine,Horror,2026-01-30 15:17:25,11.4,"character,ai,visual",False,False
CT008698,C0292,mini,Action,2026-05-09 03:23:15,8.4,"visual,ai",False,False
CT008699,C0304,mini,Animation,2026-05-05 15:12:39,8.5,creative,True,False
CT008700,C0025,mini,Horror,2025-12-06 10:02:03,12.6,"character,creative",False,False
CT008701,C0331,video,Action,2026-04-21 19:40:20,66.5,"experimental,character,trending",True,False
CT008702,C0359,mini,Documentary,2026-08-07 04:34:17,17.6,"trending,ai",False,False
CT008703,C0066,mini,Animation,2025-10-22 11:39:48,9.6,ai,True,False
CT008704,C0407,mini,Romance,2025-06-23 00:08:16,11.9,visual,False,False
CT008705,C0214,cine,Fantasy,2026-05-23 22:36:21,161.2,"animation,character",False,False
CT008706,C0206,mini,Animation,2025-10-22 01:39:45,7.3,"experimental,cinematic",False,True
CT008707,C0103,image,Action,2026-03-20 04:27:01,67.0,"visual,story",False,False
CT008708,C0423,video,Horror,2025-08-12 06:02:29,52.0,creative,False,False
CT008709,C0059,cine,Drama,2025-09-08 11:39:56,35.9,story,True,False
CT008710,C0489,image,Horror,2026-05-12 07:39:05,52.7,"trending,cinematic",False,False
CT008711,C0293,mini,Drama,2025-06-14 08:08:01,16.2,"visual,experimental,trending",False,False
CT008712,C0122,mini,Sci-Fi,2026-01-13 20:00:17,20.1,"viral,experimental,story",False,True
CT008713,C0337,mini,Sci-Fi,2026-05-11 19:27:01,18.3,"animation,creative",False,False
CT008714,C0361,mini,Drama,2026-01-01 06:36:06,13.3,"character,cinematic",False,False
CT008715,C0126,mini,Romance,2025-08-15 12:50:43,3.6,trending,False,False
CT008716,C0438,image,Fantasy,2026-03-17 09:27:44,49.4,ai,False,False
CT008717,C0003,image,Animation,2025-07-22 08:27:17,29.8,"trending,viral",False,False
CT008718,C0066,video,Fantasy,2026-02-20 15:51:51,93.3,"character,ai",True,False
CT008719,C0483,mini,Comedy,2025-12-09 16:58:22,25.3,"story,character",False,False
CT008720,C0382,image,Mystery,2026-02-03 08:57:42,33.6,experimental,False,False
CT008721,C0238,image,Sci-Fi,2026-07-26 07:16:52,95.7,"visual,trending,experimental",True,False
CT008722,C0158,mini,Comedy,2026-07-09 13:46:12,8.0,"story,ai",True,True
CT008723,C0322,cine,Mystery,2026-04-24 11:29:28,111.8,"viral,creative",False,False
CT008724,C0341,image,Fantasy,2026-01-12 09:55:50,90.8,visual,False,False
CT008725,C0038,mini,Comedy,2026-05-30 21:59:11,12.8,"trending,cinematic",False,False
CT008726,C0208,cine,Romance,2025-07-16 18:40:55,44.7,"creative,ai,cinematic",False,False
CT008727,C0307,cine,Drama,2025-10-02 01:42:13,19.6,experimental,True,False
CT008728,C0295,mini,Romance,2025-12-29 17:33:56,23.2,creative,False,False
CT008729,C0382,video,Documentary,2026-06-16 18:48:29,142.9,creative,False,False
CT008730,C0451,mini,Horror,2025-11-24 09:21:30,15.1,"ai,trending,creative",False,False
CT008731,C0027,video,Horror,2025-12-07 09:55:27,49.5,"animation,visual,story",False,True
CT008732,C0267,cine,Drama,2026-08-08 18:08:21,56.4,cinematic,False,False
CT008733,C0262,mini,Drama,2026-08-21 14:31:53,7.7,"visual,animation,creative",True,False
CT008734,C0110,mini,Romance,2025-06-18 03:11:08,10.0,"visual,creative",True,True
CT008735,C0073,image,Fantasy,2026-02-15 19:23:23,86.3,animation,False,False
CT008736,C0449,mini,Sci-Fi,2026-04-12 18:20:25,14.3,"trending,character",False,True
CT008737,C0075,mini,Animation,2026-03-04 10:37:33,20.3,character,False,False
CT008738,C0222,cine,Horror,2026-08-16 11:07:35,150.6,"animation,trending",False,False
CT008739,C0308,video,Animation,2026-07-23 07:12:43,57.0,ai,False,False
CT008740,C0235,mini,Documentary,2025-09-23 12:18:44,8.0,experimental,True,False
CT008741,C0310,mini,Comedy,2026-08-07 11:18:38,17.5,"character,experimental",True,True
CT008742,C0014,image,Drama,2025-12-09 19:12:17,111.9,experimental,False,False
CT008743,C0270,cine,Action,2025-06-09 01:07:16,51.0,"visual,trending",False,False
CT008744,C0408,mini,Action,2025-11-12 06:26:06,22.3,"character,ai,viral",True,False
CT008745,C0251,cine,Fantasy,2025-09-15 00:01:01,80.6,"character,creative",False,False
CT008746,C0497,cine,Romance,2026-07-28 00:34:21,134.9,experimental,False,False
CT008747,C0234,mini,Comedy,2026-03-08 02:17:51,6.0,"creative,story,visual",False,False
CT008748,C0153,mini,Horror,2025-10-19 21:32:15,17.5,experimental,False,False
CT008749,C0234,cine,Documentary,2025-06-02 15:33:21,111.1,creative,False,False
CT008750,C0151,mini,Sci-Fi,2025-11-16 00:08:37,13.6,"experimental,cinematic",True,False
CT008751,C0166,image,Mystery,2025-10-23 19:03:04,15.9,creative,True,False
CT008752,C0224,cine,Drama,2025-12-22 11:15:38,11.8,"trending,story",True,False
CT008753,C0126,mini,Animation,2025-08-29 12:27:34,8.8,"visual,experimental,creative",False,False
CT008754,C0019,video,Sci-Fi,2026-01-31 07:18:04,65.8,experimental,False,False
CT008755,C0136,image,Animation,2026-01-25 16:56:00,76.9,"ai,character,story",False,True
CT008756,C0015,cine,Documentary,2026-04-26 05:57:47,42.9,experimental,False,False
CT008757,C0451,image,Action,2026-02-28 08:59:40,68.7,"experimental,animation",False,False
CT008758,C0432,image,Mystery,2026-04-27 15:07:12,33.5,"ai,cinematic",False,False
CT008759,C0131,mini,Fantasy,2025-08-26 04:34:27,5.7,visual,False,False
CT008760,C0441,cine,Mystery,2025-08-02 10:31:52,15.6,"ai,visual,animation",False,False
CT008761,C0189,mini,Romance,2026-01-31 14:12:58,5.1,"creative,ai,character",False,False
CT008762,C0187,video,Comedy,2026-08-26 16:50:45,22.0,"trending,experimental",False,False
CT008763,C0251,mini,Action,2025-11-28 21:46:00,17.8,"visual,character",True,False
CT008764,C0455,image,Horror,2026-04-29 17:56:47,143.1,ai,False,False
CT008765,C0372,mini,Animation,2026-08-26 21:05:11,5.5,experimental,False,False
CT008766,C0309,cine,Animation,2025-07-14 05:50:46,122.4,"creative,ai",False,False
CT008767,C0387,mini,Animation,2025-06-30 16:29:04,15.9,"story,ai",False,False
CT008768,C0437,mini,Documentary,2026-03-29 06:09:31,8.3,ai,False,True
CT008769,C0361,cine,Drama,2026-06-19 08:27:32,41.9,"experimental,story,cinematic",False,False
CT008770,C0235,cine,Comedy,2026-04-02 07:08:18,18.3,"trending,character",False,False
CT008771,C0152,mini,Romance,2026-08-30 18:19:11,9.2,"trending,ai",True,True
CT008772,C0231,mini,Comedy,2025-06-18 03:29:25,18.9,"animation,cinematic",True,False
CT008773,C0084,image,Documentary,2026-02-02 23:10:47,28.0,"story,character,experimental",False,True
CT008774,C0300,mini,Mystery,2026-04-19 18:22:19,16.2,cinematic,False,False
CT008775,C0409,image,Horror,2026-04-07 08:11:10,43.6,"story,viral,ai",True,False
CT008776,C0014,image,Animation,2025-06-16 15:21:59,84.0,"story,creative",True,False
CT008777,C0431,image,Horror,2025-07-29 08:15:17,63.4,"story,character",False,False
CT008778,C0320,video,Documentary,2026-08-29 10:44:51,34.9,"character,story,visual",False,False
CT008779,C0451,mini,Fantasy,2025-11-07 23:23:50,9.8,"cinematic,creative,animation",False,False
CT008780,C0352,cine,Mystery,2025-08-23 16:44:32,31.6,"experimental,character,cinematic",False,False
CT008781,C0424,cine,Romance,2025-08-22 18:13:22,65.1,trending,False,False
CT008782,C0374,cine,Mystery,2025-08-18 09:20:29,32.8,"story,visual",False,False
CT008783,C0181,cine,Animation,2026-02-21 23:51:46,60.5,visual,False,False
CT008784,C0267,video,Animation,2026-01-16 14:43:02,54.9,experimental,False,False
CT008785,C0077,cine,Drama,2026-08-04 14:13:29,122.0,character,False,False
CT008786,C0420,video,Action,2026-01-04 14:59:30,66.8,"trending,character,story",False,False
CT008787,C0326,cine,Animation,2025-06-14 11:52:20,100.9,"visual,ai,character",False,False
CT008788,C0289,image,Animation,2026-01-28 12:16:40,46.8,cinematic,True,False
CT008789,C0322,mini,Mystery,2026-01-12 11:13:07,7.2,"cinematic,trending",False,False
CT008790,C0350,mini,Fantasy,2025-10-28 09:55:49,8.3,viral,False,True
CT008791,C0123,video,Comedy,2026-04-26 22:36:37,30.3,"cinematic,visual,experimental",False,True
CT008792,C0307,image,Horror,2026-08-04 02:47:31,139.6,viral,False,False
CT008793,C0308,cine,Action,2025-12-14 08:42:25,35.2,visual,False,False
CT008794,C0340,cine,Romance,2026-04-27 18:49:16,25.5,trending,False,False
CT008795,C0500,mini,Drama,2026-02-01 17:23:24,10.1,"viral,trending",False,False
CT008796,C0167,mini,Sci-Fi,2026-04-28 03:35:43,8.2,viral,True,False
CT008797,C0086,mini,Comedy,2025-12-24 13:20:49,9.4,"ai,visual,viral",False,False
CT008798,C0496,video,Animation,2025-09-27 07:57:41,73.1,"experimental,character",False,False
CT008799,C0189,mini,Romance,2026-02-28 10:55:52,5.5,"story,viral",False,True
CT008800,C0144,mini,Fantasy,2025-11-26 19:47:24,11.9,trending,False,False
CT008801,C0191,image,Drama,2025-07-02 06:30:54,106.1,creative,False,False
CT008802,C0393,cine,Drama,2026-05-04 22:32:45,96.7,"cinematic,ai,experimental",False,False
CT008803,C0110,image,Action,2026-02-05 08:07:18,28.6,"visual,creative,experimental",False,True
CT008804,C0011,mini,Documentary,2026-03-05 19:22:22,5.7,"viral,animation",False,False
CT008805,C0394,mini,Action,2026-01-20 08:55:21,6.4,trending,False,False
CT008806,C0257,cine,Mystery,2026-07-10 03:45:23,12.1,creative,False,False
CT008807,C0350,cine,Horror,2025-08-22 22:13:17,57.8,visual,False,False
CT008808,C0134,video,Documentary,2025-07-07 13:48:43,46.7,"story,animation",False,True
CT008809,C0112,cine,Fantasy,2026-01-30 20:18:40,171.1,story,False,False
CT008810,C0232,image,Drama,2026-07-02 17:28:10,118.0,experimental,False,False
CT008811,C0429,video,Mystery,2025-12-29 04:42:19,44.3,viral,False,False
CT008812,C0367,mini,Fantasy,2025-12-09 04:43:07,12.0,story,False,True
CT008813,C0212,mini,Mystery,2026-02-26 11:43:33,6.8,"story,creative,character",False,False
CT008814,C0080,mini,Romance,2025-11-04 02:00:28,9.5,"cinematic,animation",False,False
CT008815,C0273,video,Comedy,2026-02-13 02:30:16,14.1,"story,trending,viral",False,False
CT008816,C0028,mini,Fantasy,2026-08-15 01:21:23,13.5,trending,True,False
CT008817,C0339,cine,Documentary,2025-12-02 11:48:56,61.3,"creative,character,experimental",True,False
CT008818,C0216,cine,Sci-Fi,2026-01-07 13:09:53,45.4,story,False,False
CT008819,C0436,image,Mystery,2026-05-23 04:44:14,135.3,"cinematic,experimental,visual",False,False
CT008820,C0483,mini,Mystery,2026-04-03 18:01:48,8.8,"experimental,ai,viral",False,False
CT008821,C0114,mini,Comedy,2025-11-10 23:59:53,13.0,trending,False,False
CT008822,C0063,mini,Action,2026-01-26 03:47:02,7.0,"creative,animation,viral",False,False
CT008823,C0295,cine,Horror,2026-01-03 09:20:08,55.4,"cinematic,ai",False,False
CT008824,C0028,mini,Romance,2025-11-29 11:43:08,20.6,"cinematic,story,visual",False,False
CT008825,C0330,mini,Fantasy,2025-12-12 10:37:57,41.9,"viral,visual",True,False
CT008826,C0437,mini,Horror,2025-06-08 08:39:54,5.2,"visual,cinematic",True,False
CT008827,C0441,mini,Horror,2026-01-08 13:23:06,7.9,"viral,story",True,False
CT008828,C0387,video,Romance,2025-10-22 04:53:50,56.9,experimental,True,False
CT008829,C0387,mini,Drama,2026-05-31 21:12:06,6.5,viral,False,False
CT008830,C0124,mini,Horror,2026-03-15 09:35:18,11.4,trending,False,False
CT008831,C0455,mini,Sci-Fi,2026-04-20 14:32:08,29.9,viral,False,False
CT008832,C0381,mini,Drama,2025-09-30 07:27:39,8.5,trending,False,False
CT008833,C0041,cine,Romance,2025-06-20 06:15:06,92.5,character,False,False
CT008834,C0297,video,Action,2025-11-23 08:19:11,35.9,"character,visual,story",False,False
CT008835,C0212,mini,Sci-Fi,2026-01-12 12:39:56,17.2,"character,trending",False,False
CT008836,C0078,image,Action,2025-12-15 00:31:20,33.9,"animation,experimental,character",False,False
CT008837,C0154,image,Drama,2025-07-27 21:18:19,76.9,story,False,False
CT008838,C0463,cine,Comedy,2025-09-01 05:42:26,85.3,"ai,creative,character",True,False
CT008839,C0246,video,Documentary,2026-04-29 13:55:42,8.3,"visual,animation,story",False,False
CT008840,C0077,mini,Animation,2026-07-17 20:05:44,30.8,ai,False,False
CT008841,C0406,mini,Action,2026-08-24 22:22:56,14.8,"cinematic,story,creative",False,False
CT008842,C0125,cine,Horror,2026-01-18 08:06:02,13.1,"visual,story",False,False
CT008843,C0244,cine,Documentary,2026-03-10 04:10:09,46.5,"trending,cinematic",False,True
CT008844,C0067,mini,Horror,2026-03-04 12:58:04,12.0,"story,trending",False,False
CT008845,C0019,video,Comedy,2025-11-21 05:12:13,12.3,"visual,creative,ai",False,False
CT008846,C0490,mini,Horror,2025-10-28 23:22:57,17.9,"story,cinematic,trending",False,False
CT008847,C0326,video,Romance,2025-07-03 23:24:26,194.1,"viral,character",False,True
CT008848,C0301,mini,Action,2025-10-30 15:38:16,19.8,"ai,animation",False,False
CT008849,C0005,image,Comedy,2025-11-15 20:50:26,163.0,"creative,experimental,trending",False,False
CT008850,C0301,mini,Romance,2026-01-26 12:47:27,15.3,ai,False,False
CT008851,C0049,cine,Horror,2026-08-17 16:48:15,19.8,viral,False,False
CT008852,C0077,image,Comedy,2026-07-07 16:06:54,41.6,cinematic,False,False
CT008853,C0363,cine,Action,2025-08-28 17:26:36,31.6,ai,False,False
CT008854,C0255,video,Drama,2026-01-20 22:12:02,73.7,"visual,viral",False,False
CT008855,C0417,cine,Drama,2026-02-09 21:29:49,116.9,viral,True,False
CT008856,C0179,mini,Mystery,2026-08-23 21:37:06,5.4,character,False,False
CT008857,C0159,image,Romance,2025-12-02 15:57:42,21.2,"creative,viral",False,False
CT008858,C0415,cine,Romance,2025-11-16 08:09:28,101.0,ai,False,False
CT008859,C0283,image,Romance,2026-05-14 00:39:09,42.7,"trending,story",False,False
CT008860,C0451,mini,Sci-Fi,2025-06-01 05:22:40,13.6,character,False,False
CT008861,C0268,image,Sci-Fi,2025-07-14 20:22:38,30.7,"cinematic,viral,ai",True,True
CT008862,C0093,image,Horror,2026-03-14 15:40:30,34.5,"creative,trending",False,False
CT008863,C0030,video,Fantasy,2025-10-30 16:36:07,111.9,"creative,ai",False,False
CT008864,C0106,mini,Comedy,2025-09-08 22:15:29,13.3,cinematic,False,True
CT008865,C0273,mini,Fantasy,2026-06-13 00:04:23,9.8,"character,experimental",True,False
CT008866,C0324,cine,Action,2025-09-20 03:58:44,47.2,"cinematic,ai",False,False
CT008867,C0004,image,Documentary,2025-06-13 00:16:31,135.1,"character,animation",True,False
CT008868,C0138,cine,Fantasy,2025-06-08 22:40:26,74.6,viral,False,False
CT008869,C0410,video,Mystery,2026-07-20 07:34:04,72.5,"creative,cinematic,ai",False,False
CT008870,C0198,video,Horror,2026-01-29 08:25:56,30.0,experimental,False,False
CT008871,C0372,video,Sci-Fi,2025-06-07 04:58:02,86.7,"viral,creative,character",False,False
CT008872,C0183,mini,Drama,2025-09-21 20:43:30,18.0,"experimental,visual",False,False
CT008873,C0141,mini,Drama,2025-10-28 19:00:14,6.7,"viral,trending,ai",False,False
CT008874,C0346,mini,Drama,2026-08-28 09:30:44,16.6,cinematic,False,False
CT008875,C0133,video,Drama,2026-02-01 18:42:42,48.1,story,False,False
CT008876,C0331,image,Mystery,2026-06-17 01:25:50,133.5,"viral,experimental,trending",False,False
CT008877,C0095,mini,Romance,2025-12-22 17:27:47,13.2,"trending,character",False,False
CT008878,C0375,mini,Sci-Fi,2026-04-25 20:42:14,15.3,"cinematic,creative",False,False
CT008879,C0472,video,Drama,2025-06-17 19:35:15,18.7,"animation,cinematic",False,False
CT008880,C0449,mini,Drama,2025-11-09 08:59:21,19.1,character,False,False
CT008881,C0424,cine,Mystery,2025-12-27 19:15:40,15.2,visual,False,False
CT008882,C0004,image,Documentary,2025-07-03 15:33:32,51.1,"cinematic,animation,visual",False,False
CT008883,C0418,mini,Sci-Fi,2025-09-30 05:08:43,7.4,"story,visual",False,False
CT008884,C0309,mini,Animation,2026-04-02 00:54:38,10.2,trending,False,False
CT008885,C0233,video,Horror,2026-04-09 05:01:30,321.3,"story,visual",False,False
CT008886,C0402,mini,Comedy,2025-06-11 04:04:03,7.8,"creative,trending",True,False
CT008887,C0408,cine,Comedy,2025-09-29 10:37:19,79.1,"trending,animation,viral",True,False
CT008888,C0464,video,Action,2025-12-19 08:52:49,74.0,"story,visual",False,False
CT008889,C0295,mini,Horror,2025-10-03 05:55:41,16.5,cinematic,False,False
CT008890,C0349,mini,Fantasy,2025-06-25 01:31:06,19.4,"creative,visual,ai",False,False
CT008891,C0155,image,Comedy,2025-06-18 09:04:15,174.8,"story,trending,creative",False,True
CT008892,C0332,mini,Fantasy,2026-02-11 05:26:31,11.6,ai,True,False
CT008893,C0209,mini,Fantasy,2025-11-15 07:19:28,30.2,animation,True,False
CT008894,C0319,mini,Sci-Fi,2026-02-11 03:37:34,32.7,creative,False,False
CT008895,C0203,video,Mystery,2026-04-19 05:30:46,77.2,experimental,False,False
CT008896,C0090,image,Drama,2026-01-28 23:03:26,96.7,"animation,cinematic,story",False,False
CT008897,C0178,mini,Romance,2026-02-09 20:14:30,9.1,ai,False,True
CT008898,C0166,mini,Mystery,2026-04-22 20:26:28,13.0,"cinematic,viral,creative",False,False
CT008899,C0120,video,Action,2025-08-23 07:45:00,69.3,animation,True,True
CT008900,C0050,image,Mystery,2025-09-13 00:55:53,68.8,story,True,False
CT008901,C0196,mini,Horror,2026-04-28 06:02:51,14.8,"story,viral",False,False
CT008902,C0248,image,Fantasy,2025-09-19 10:17:27,45.4,"viral,cinematic,creative",False,False
CT008903,C0300,mini,Sci-Fi,2026-07-04 12:39:53,12.0,"ai,animation",False,False
CT008904,C0303,mini,Mystery,2025-12-07 18:29:27,3.5,story,False,False
CT008905,C0103,video,Mystery,2025-07-07 17:41:49,70.4,"ai,story,trending",True,False
CT008906,C0075,cine,Action,2026-04-17 11:07:17,123.1,"character,story",False,False
CT008907,C0071,mini,Drama,2025-12-12 04:34:47,19.8,"viral,creative",False,False
CT008908,C0333,cine,Sci-Fi,2025-07-24 05:44:20,67.0,"trending,ai,experimental",True,False
CT008909,C0342,cine,Animation,2025-09-06 01:03:34,13.0,trending,False,False
CT008910,C0258,video,Drama,2026-07-09 23:09:22,12.3,"visual,trending",False,False
CT008911,C0263,mini,Mystery,2025-12-27 16:33:31,11.8,"trending,creative",False,False
CT008912,C0316,image,Action,2025-09-24 00:12:32,75.2,"ai,character",True,False
CT008913,C0179,image,Romance,2026-02-03 08:34:32,90.1,"animation,visual",True,False
CT008914,C0368,image,Documentary,2025-07-29 07:35:40,12.6,"trending,creative,character",False,False
CT008915,C0449,image,Horror,2025-11-26 11:31:23,151.2,"viral,visual,experimental",False,False
CT008916,C0119,image,Action,2026-03-01 03:10:25,36.9,trending,False,False
CT008917,C0231,mini,Comedy,2026-08-11 08:20:36,38.8,viral,False,False
CT008918,C0157,mini,Mystery,2025-10-04 15:58:13,7.8,"visual,cinematic,experimental",False,False
CT008919,C0166,video,Fantasy,2026-06-13 01:23:12,57.8,"character,story",True,True
CT008920,C0191,mini,Comedy,2025-12-04 09:30:00,6.7,viral,False,True
CT008921,C0109,mini,Fantasy,2026-07-12 14:15:27,12.7,creative,True,False
CT008922,C0178,mini,Mystery,2025-06-28 20:50:16,22.2,"ai,character,story",False,False
CT008923,C0157,mini,Action,2025-08-02 01:56:35,13.3,"creative,trending",False,False
CT008924,C0410,mini,Comedy,2025-12-30 00:34:00,9.5,"visual,character",True,False
CT008925,C0137,mini,Mystery,2026-05-26 10:03:28,25.8,"ai,viral,animation",False,False
CT008926,C0048,mini,Animation,2025-10-17 11:38:29,11.5,"creative,viral,ai",False,True
CT008927,C0428,image,Animation,2025-07-25 14:48:31,21.3,"animation,trending",False,False
CT008928,C0445,video,Romance,2025-08-17 10:32:00,59.9,cinematic,False,False
CT008929,C0441,cine,Drama,2025-10-11 02:26:44,62.1,"trending,creative",False,False
CT008930,C0091,video,Mystery,2025-11-24 03:49:45,106.7,viral,False,False
CT008931,C0205,mini,Sci-Fi,2026-02-17 23:56:32,27.4,"trending,viral",True,False
CT008932,C0144,mini,Comedy,2026-05-18 03:36:54,11.6,"character,creative,visual",False,False
CT008933,C0130,mini,Comedy,2025-07-29 13:42:47,14.0,visual,False,False
CT008934,C0459,cine,Animation,2026-05-15 05:23:14,63.1,animation,True,False
CT008935,C0066,video,Documentary,2026-08-25 00:55:15,34.8,trending,True,False
CT008936,C0302,mini,Documentary,2025-11-12 09:09:30,9.6,"creative,character",False,False
CT008937,C0360,image,Comedy,2025-09-02 18:43:11,42.1,character,False,False
CT008938,C0035,image,Romance,2026-08-19 06:02:15,112.2,"character,viral",False,False
CT008939,C0440,mini,Romance,2026-07-21 10:54:42,11.6,"character,experimental",True,False
CT008940,C0115,mini,Mystery,2025-07-28 09:41:53,10.9,"trending,experimental",False,False
CT008941,C0206,mini,Mystery,2026-06-21 06:16:27,11.9,cinematic,False,False
CT008942,C0271,mini,Drama,2026-06-25 18:23:35,8.3,"ai,trending",False,False
CT008943,C0435,image,Mystery,2025-10-17 08:29:00,208.7,"ai,cinematic,experimental",False,False
CT008944,C0494,mini,Documentary,2026-08-21 09:39:03,6.8,"viral,experimental",False,False
CT008945,C0123,video,Comedy,2025-08-26 16:36:50,206.8,"viral,creative",False,False
CT008946,C0203,image,Animation,2026-02-17 06:28:19,49.1,"cinematic,visual,viral",False,False
CT008947,C0302,mini,Mystery,2026-04-17 14:35:28,12.6,creative,False,True
CT008948,C0202,mini,Comedy,2025-06-28 10:06:13,16.1,"character,animation",False,False
CT008949,C0041,cine,Drama,2026-07-25 10:59:39,27.1,"ai,character,experimental",False,False
CT008950,C0391,cine,Documentary,2026-07-25 23:51:08,152.2,viral,False,False
CT008951,C0279,cine,Documentary,2025-11-19 21:17:20,61.0,creative,False,True
CT008952,C0066,mini,Documentary,2025-12-17 06:06:03,7.7,"experimental,cinematic",False,False
CT008953,C0318,video,Comedy,2025-11-16 12:40:30,33.1,"visual,animation,ai",True,False
CT008954,C0446,mini,Comedy,2025-08-18 09:08:53,17.4,"creative,cinematic,animation",False,False
CT008955,C0323,cine,Fantasy,2026-07-09 06:02:52,49.4,story,False,False
CT008956,C0239,mini,Animation,2026-07-12 11:43:59,14.3,"viral,character,story",False,False
CT008957,C0389,cine,Documentary,2026-02-17 11:09:04,112.0,viral,False,False
CT008958,C0135,mini,Documentary,2025-12-12 15:46:06,15.1,ai,False,False
CT008959,C0050,mini,Horror,2026-04-06 00:26:30,10.3,animation,False,False
CT008960,C0243,mini,Fantasy,2026-01-14 17:17:35,17.1,"viral,cinematic",False,False
CT008961,C0139,video,Mystery,2026-05-10 12:11:23,84.5,"creative,character,animation",False,False
CT008962,C0243,mini,Documentary,2026-02-16 09:14:55,19.2,"trending,animation,character",False,True
CT008963,C0341,mini,Drama,2025-08-19 11:18:16,14.5,"trending,viral",False,True
CT008964,C0424,cine,Animation,2026-07-19 09:50:23,35.7,"animation,character,viral",False,True
CT008965,C0294,mini,Drama,2025-12-12 18:47:49,6.5,trending,False,False
CT008966,C0302,video,Documentary,2026-01-16 17:02:06,65.2,"cinematic,viral,ai",False,False
CT008967,C0474,mini,Romance,2026-03-30 02:59:16,7.1,visual,True,False
CT008968,C0455,video,Mystery,2026-07-11 00:30:38,33.1,"creative,visual",False,False
CT008969,C0393,mini,Animation,2025-12-09 02:53:50,10.2,"story,viral",False,False
CT008970,C0447,mini,Action,2025-08-17 14:59:49,11.7,"story,trending",False,True
CT008971,C0231,image,Fantasy,2025-07-19 04:36:00,29.7,"story,viral,cinematic",False,True
CT008972,C0383,mini,Horror,2026-03-09 05:13:10,11.2,"cinematic,character,experimental",False,False
CT008973,C0262,image,Action,2025-12-09 04:14:28,93.0,story,False,False
CT008974,C0304,cine,Romance,2026-01-26 15:06:48,15.9,"character,experimental",False,False
CT008975,C0330,cine,Comedy,2026-06-22 16:03:28,53.3,visual,False,False
CT008976,C0041,mini,Romance,2025-10-27 05:13:10,16.8,trending,False,False
CT008977,C0005,mini,Comedy,2026-03-23 03:03:13,10.0,viral,True,False
CT008978,C0472,image,Mystery,2025-09-05 21:55:05,91.6,"experimental,creative",False,False
CT008979,C0182,mini,Fantasy,2026-04-14 03:00:34,11.7,"character,viral",True,False
CT008980,C0031,mini,Comedy,2025-07-02 21:25:22,20.3,"viral,experimental,ai",False,False
CT008981,C0061,mini,Fantasy,2025-09-02 23:15:54,18.3,"ai,trending,cinematic",True,False
CT008982,C0023,mini,Comedy,2025-09-28 08:25:35,11.0,viral,False,False
CT008983,C0120,mini,Drama,2025-08-25 19:48:03,8.7,"visual,viral,creative",True,False
CT008984,C0365,mini,Mystery,2026-04-07 08:21:46,15.5,"character,experimental,animation",True,False
CT008985,C0416,mini,Action,2025-11-28 17:03:22,9.4,"animation,story",False,False
CT008986,C0033,cine,Sci-Fi,2025-10-05 20:43:02,38.9,"character,experimental",False,False
CT008987,C0270,cine,Horror,2025-10-01 04:08:03,33.6,"character,visual,ai",True,False
CT008988,C0326,video,Sci-Fi,2026-04-29 00:25:06,21.5,"creative,trending",False,False
CT008989,C0430,cine,Sci-Fi,2026-02-05 20:24:38,151.2,"character,viral,story",False,False
CT008990,C0453,mini,Romance,2026-07-05 01:40:10,11.7,"visual,character",False,False
CT008991,C0442,mini,Horror,2026-01-17 05:08:07,19.5,"experimental,trending",False,False
CT008992,C0357,image,Sci-Fi,2026-04-13 14:28:37,21.4,experimental,True,False
CT008993,C0403,mini,Documentary,2026-07-25 03:30:32,10.2,"creative,character",True,False
CT008994,C0373,image,Mystery,2026-06-03 02:40:37,23.7,"character,story,cinematic",False,False
CT008995,C0379,mini,Documentary,2026-05-12 01:33:50,9.7,visual,False,True
CT008996,C0449,cine,Documentary,2026-02-17 09:10:06,367.8,"experimental,cinematic",True,False
CT008997,C0084,image,Romance,2026-07-03 02:51:57,131.3,cinematic,False,False
CT008998,C0044,mini,Comedy,2026-08-06 15:38:47,17.1,"viral,story,visual",False,False
CT008999,C0134,cine,Romance,2025-07-25 09:10:37,24.3,"experimental,creative,trending",False,False
CT009000,C0476,mini,Sci-Fi,2026-05-14 21:37:59,5.3,creative,False,False
CT009001,C0349,mini,Drama,2025-06-07 05:25:50,16.3,"cinematic,creative,trending",False,False
CT009002,C0233,mini,Drama,2025-10-26 03:21:54,10.0,"story,experimental",False,False
CT009003,C0151,mini,Horror,2026-06-05 11:51:12,15.6,"viral,creative",True,False
CT009004,C0100,mini,Documentary,2026-04-26 20:20:09,5.7,"creative,character",False,False
CT009005,C0187,image,Animation,2026-03-08 08:25:17,46.6,"visual,story,ai",True,False
CT009006,C0474,image,Action,2026-04-03 08:49:03,30.7,animation,False,False
CT009007,C0463,video,Horror,2025-08-11 12:24:30,87.8,"ai,creative,viral",False,False
CT009008,C0486,video,Fantasy,2026-05-09 15:31:50,10.3,"viral,animation",True,True
CT009009,C0350,cine,Documentary,2025-07-16 18:20:45,58.5,viral,False,False
CT009010,C0293,image,Sci-Fi,2025-10-24 15:06:05,64.0,ai,False,True
CT009011,C0053,cine,Action,2025-07-09 16:47:04,46.8,experimental,False,False
CT009012,C0294,image,Sci-Fi,2026-01-19 08:51:44,96.6,ai,True,False
CT009013,C0361,cine,Horror,2026-06-28 09:56:13,108.8,character,False,False
CT009014,C0211,image,Sci-Fi,2026-07-07 10:56:13,63.0,"cinematic,creative",False,True
CT009015,C0394,mini,Mystery,2025-06-05 14:23:26,10.1,"ai,animation,creative",False,False
CT009016,C0295,image,Horror,2026-08-19 22:13:00,33.5,viral,False,False
CT009017,C0449,cine,Documentary,2025-09-03 01:58:15,39.5,"visual,viral",False,False
CT009018,C0053,mini,Horror,2025-11-12 03:09:22,4.9,ai,False,False
CT009019,C0340,image,Drama,2025-10-07 08:31:10,120.3,ai,True,False
CT009020,C0174,mini,Drama,2026-01-08 22:29:07,8.5,story,False,False
CT009021,C0048,cine,Animation,2025-06-04 13:11:05,14.2,"trending,story,creative",True,False
CT009022,C0153,image,Animation,2025-10-29 20:32:45,43.4,"viral,animation,visual",True,False
CT009023,C0388,image,Mystery,2025-10-17 18:09:42,35.9,"story,ai,visual",False,True
CT009024,C0094,image,Fantasy,2026-04-24 09:07:34,178.6,"creative,animation",False,False
CT009025,C0329,mini,Romance,2026-06-27 14:48:02,12.3,"creative,ai,animation",False,True
CT009026,C0106,cine,Comedy,2025-06-18 16:30:14,54.0,"experimental,visual,character",False,False
CT009027,C0224,video,Mystery,2025-12-05 00:31:16,18.1,"cinematic,viral,trending",True,True
CT009028,C0073,mini,Comedy,2026-08-09 22:31:29,9.6,cinematic,False,True
CT009029,C0381,image,Fantasy,2026-07-28 13:06:12,203.9,"ai,story,cinematic",False,False
CT009030,C0435,mini,Drama,2026-02-06 12:16:59,10.0,"animation,character,cinematic",False,False
CT009031,C0261,cine,Mystery,2026-05-09 11:38:11,104.8,"experimental,character,ai",True,False
CT009032,C0191,mini,Romance,2025-10-02 13:15:30,14.8,trending,True,False
CT009033,C0467,image,Action,2026-06-02 12:20:42,53.9,"creative,cinematic,ai",False,False
CT009034,C0467,mini,Romance,2025-06-18 00:06:22,6.8,"story,visual",False,False
CT009035,C0464,image,Sci-Fi,2026-01-21 04:24:12,22.7,"creative,story",True,False
CT009036,C0392,mini,Mystery,2026-02-11 16:46:07,14.0,"ai,experimental,visual",False,False
CT009037,C0111,mini,Sci-Fi,2025-08-18 14:53:38,30.3,"character,creative,experimental",False,False
CT009038,C0083,video,Drama,2026-02-23 07:07:06,178.3,"character,animation,experimental",False,False
CT009039,C0221,mini,Animation,2026-08-03 03:37:34,6.2,"experimental,viral",True,False
CT009040,C0282,mini,Mystery,2026-04-14 00:45:44,9.0,"viral,visual,ai",False,False
CT009041,C0098,mini,Comedy,2025-08-05 13:32:34,3.5,"experimental,creative",False,False
CT009042,C0076,mini,Mystery,2026-01-26 13:55:33,36.5,character,False,False
CT009043,C0164,image,Fantasy,2026-04-18 18:08:19,17.5,"character,cinematic",False,False
CT009044,C0178,mini,Romance,2026-01-22 03:52:16,16.3,"ai,cinematic,trending",False,False
CT009045,C0110,image,Comedy,2025-08-10 03:39:48,46.9,"character,visual,experimental",True,False
CT009046,C0229,mini,Documentary,2025-10-17 16:23:35,12.2,"trending,ai,viral",False,False
CT009047,C0256,image,Sci-Fi,2025-12-26 23:08:58,26.8,"story,creative",False,False
CT009048,C0048,mini,Romance,2025-08-28 11:32:46,7.2,ai,True,True
CT009049,C0001,mini,Sci-Fi,2025-12-11 08:51:53,6.9,cinematic,False,False
CT009050,C0018,image,Sci-Fi,2025-09-23 10:58:48,32.1,"creative,ai",True,False
CT009051,C0393,mini,Romance,2025-08-03 19:39:30,12.2,viral,False,False
CT009052,C0406,cine,Comedy,2025-11-18 21:20:18,73.6,"experimental,trending,viral",False,False
CT009053,C0078,image,Romance,2025-06-08 21:47:09,49.0,creative,False,False
CT009054,C0471,video,Comedy,2026-05-19 15:29:52,128.1,character,False,False
CT009055,C0141,mini,Horror,2025-06-19 07:38:42,10.1,"cinematic,trending,experimental",False,False
CT009056,C0441,image,Comedy,2025-07-24 22:10:35,43.9,"creative,visual,animation",False,True
CT009057,C0086,image,Animation,2025-10-16 18:53:17,74.8,viral,False,False
CT009058,C0410,video,Mystery,2026-03-21 12:28:25,50.8,viral,False,False
CT009059,C0177,image,Fantasy,2025-12-20 16:28:24,36.1,"animation,creative",False,False
CT009060,C0391,mini,Horror,2025-06-18 07:26:53,8.6,"trending,experimental",True,False
CT009061,C0041,video,Documentary,2025-10-31 21:58:56,73.0,"cinematic,animation",False,False
CT009062,C0282,mini,Mystery,2025-06-20 15:32:47,21.8,"experimental,cinematic",False,False
CT009063,C0427,mini,Mystery,2025-12-12 09:41:28,9.8,"visual,character",False,False
CT009064,C0064,mini,Fantasy,2025-10-03 18:48:32,8.3,"character,trending",False,False
CT009065,C0208,cine,Mystery,2026-07-15 01:05:38,27.2,"viral,story",True,False
CT009066,C0443,mini,Fantasy,2025-11-10 21:06:14,27.3,"creative,character",False,False
CT009067,C0461,mini,Comedy,2026-02-24 20:16:17,7.7,character,False,False
CT009068,C0245,image,Horror,2025-08-26 14:08:10,50.1,"viral,ai,creative",True,False
CT009069,C0028,cine,Documentary,2026-01-06 05:22:16,33.4,"story,trending,animation",False,False
CT009070,C0472,cine,Horror,2026-07-10 02:58:14,171.1,trending,True,False
CT009071,C0086,image,Animation,2025-06-12 10:28:17,47.9,"animation,trending",False,False
CT009072,C0198,video,Romance,2025-10-17 22:49:05,50.5,trending,False,False
CT009073,C0420,mini,Horror,2025-11-10 20:55:33,9.3,"experimental,creative",False,True
CT009074,C0059,mini,Sci-Fi,2025-12-31 13:42:59,17.7,"viral,ai",False,False
CT009075,C0229,video,Mystery,2025-12-06 08:32:45,28.6,"trending,character",False,False
CT009076,C0312,cine,Fantasy,2026-08-28 07:36:35,35.0,"animation,creative",True,False
CT009077,C0032,mini,Comedy,2025-08-04 21:32:58,22.6,"character,ai,experimental",False,False
CT009078,C0239,mini,Documentary,2025-09-24 18:40:14,8.5,character,True,True
CT009079,C0027,video,Romance,2026-01-01 19:17:31,65.8,"character,ai",False,False
CT009080,C0318,cine,Drama,2026-03-10 04:04:21,103.2,"experimental,ai",False,False
CT009081,C0441,video,Comedy,2025-07-08 04:33:24,32.1,character,True,False
CT009082,C0102,cine,Sci-Fi,2026-05-07 09:58:11,14.7,"visual,viral",False,False
CT009083,C0133,mini,Comedy,2026-01-27 10:30:01,11.3,"animation,ai,character",False,False
CT009084,C0065,video,Documentary,2025-10-02 14:17:16,22.7,animation,False,False
CT009085,C0201,mini,Documentary,2025-11-21 10:43:27,9.2,"animation,ai",False,False
CT009086,C0002,image,Action,2025-06-27 05:05:00,100.2,animation,False,False
CT009087,C0447,cine,Action,2026-03-31 00:53:34,37.7,"character,ai,trending",False,False
CT009088,C0048,video,Comedy,2026-05-27 20:41:22,51.9,trending,False,False
CT009089,C0334,cine,Animation,2026-08-30 06:14:15,13.0,ai,True,True
CT009090,C0160,mini,Mystery,2025-10-10 19:03:12,9.4,"ai,cinematic",False,False
CT009091,C0388,image,Drama,2025-10-03 01:19:21,167.9,"animation,viral,character",False,False
CT009092,C0028,video,Romance,2025-10-25 11:53:22,80.7,story,False,False
CT009093,C0230,video,Mystery,2025-07-31 00:26:15,31.6,"story,trending,creative",False,False
CT009094,C0048,cine,Sci-Fi,2025-12-07 02:57:18,24.9,"animation,experimental",False,False
CT009095,C0340,mini,Horror,2025-07-27 22:49:32,11.2,animation,False,False
CT009096,C0103,mini,Animation,2025-06-18 19:21:33,17.9,creative,False,False
CT009097,C0293,mini,Drama,2025-11-02 22:01:08,13.3,cinematic,False,False
CT009098,C0204,video,Fantasy,2026-06-24 05:54:07,47.7,"cinematic,creative",False,False
CT009099,C0086,image,Sci-Fi,2026-08-17 18:31:25,14.1,"animation,experimental",False,False
CT009100,C0097,cine,Documentary,2026-06-29 16:18:46,96.4,"story,animation",False,False
CT009101,C0287,cine,Comedy,2026-08-11 19:57:36,30.0,"visual,animation,viral",False,False
CT009102,C0108,mini,Documentary,2026-07-03 08:11:47,28.7,"ai,creative",False,False
CT009103,C0462,cine,Animation,2026-03-26 04:20:28,69.7,"ai,visual",False,False
CT009104,C0380,video,Action,2025-08-23 06:36:08,75.5,"story,cinematic",False,False
CT009105,C0173,cine,Drama,2026-06-05 22:52:15,45.6,"viral,animation,character",False,False
CT009106,C0196,cine,Horror,2026-08-20 03:39:50,172.7,animation,False,False
CT009107,C0245,mini,Drama,2026-01-13 11:08:02,10.8,trending,False,False
CT009108,C0402,mini,Drama,2026-03-29 15:18:03,9.5,"viral,cinematic",False,False
CT009109,C0203,mini,Drama,2025-11-23 01:02:11,7.0,creative,False,True
CT009110,C0204,mini,Drama,2026-02-26 09:14:40,7.2,"cinematic,animation,ai",False,False
CT009111,C0338,cine,Drama,2025-06-10 13:36:14,46.5,"visual,character,trending",False,True
CT009112,C0128,video,Drama,2026-04-26 08:28:32,59.1,"cinematic,visual",False,False
CT009113,C0309,mini,Romance,2026-01-24 09:29:48,8.5,"ai,cinematic",False,False
CT009114,C0191,video,Romance,2026-05-11 17:10:44,184.9,"character,viral,visual",True,True
CT009115,C0238,mini,Mystery,2025-11-18 19:35:33,20.4,"trending,creative,animation",False,False
CT009116,C0388,cine,Sci-Fi,2025-12-07 18:05:53,47.7,"trending,visual,animation",False,False
CT009117,C0028,image,Mystery,2025-08-06 14:14:09,28.1,"visual,story,trending",False,False
CT009118,C0321,mini,Documentary,2026-02-22 06:26:53,11.4,"viral,ai",False,False
CT009119,C0133,mini,Mystery,2026-07-25 18:18:37,14.5,"animation,trending",False,False
CT009120,C0005,mini,Documentary,2026-02-22 19:48:57,10.7,"animation,creative",False,False
CT009121,C0158,mini,Action,2026-07-14 16:15:15,17.9,"viral,story,trending",False,False
CT009122,C0388,video,Horror,2025-06-04 13:28:15,28.0,character,False,False
CT009123,C0365,mini,Mystery,2026-05-03 08:50:57,22.3,trending,False,False
CT009124,C0130,mini,Documentary,2025-06-05 10:53:36,8.8,"cinematic,animation,creative",False,False
CT009125,C0194,image,Drama,2025-12-14 02:39:14,36.3,"animation,story",False,False
CT009126,C0434,mini,Comedy,2026-01-01 15:23:25,10.0,"trending,ai",False,False
CT009127,C0189,mini,Sci-Fi,2025-12-31 13:07:55,12.9,cinematic,False,False
CT009128,C0130,mini,Action,2026-02-10 15:54:14,15.9,"trending,story,ai",False,False
CT009129,C0221,video,Mystery,2026-05-16 23:59:25,28.8,"animation,experimental",False,False
CT009130,C0390,video,Documentary,2026-04-19 11:49:41,65.1,"trending,story,character",False,False
CT009131,C0209,video,Documentary,2025-06-24 17:13:49,274.1,visual,False,False
CT009132,C0256,mini,Documentary,2026-05-10 05:42:43,10.7,"trending,story",False,False
CT009133,C0359,mini,Drama,2025-11-29 09:54:55,12.1,creative,False,True
CT009134,C0430,image,Documentary,2026-02-23 02:47:04,91.8,"viral,visual",False,False
CT009135,C0336,image,Comedy,2026-07-24 23:50:33,289.6,"creative,character",False,False
CT009136,C0196,mini,Romance,2025-10-08 16:24:20,20.6,"ai,animation,experimental",False,False
CT009137,C0381,cine,Drama,2026-03-05 09:02:42,23.9,"viral,visual",False,True
CT009138,C0389,mini,Comedy,2026-03-10 09:43:35,29.4,viral,False,False
CT009139,C0106,mini,Horror,2026-01-16 12:34:26,19.0,trending,False,False
CT009140,C0349,mini,Animation,2025-09-27 11:15:35,6.0,"visual,animation",True,False
CT009141,C0369,video,Documentary,2026-05-08 00:53:17,44.3,experimental,False,False
CT009142,C0151,video,Romance,2026-06-08 19:32:33,24.3,"visual,character,story",False,False
CT009143,C0149,mini,Drama,2026-08-05 22:04:40,16.6,"viral,trending",False,True
CT009144,C0332,mini,Action,2025-12-11 00:46:13,5.8,"trending,experimental,story",False,False
CT009145,C0001,mini,Horror,2025-07-31 03:26:02,5.9,"creative,experimental",False,False
CT009146,C0146,mini,Drama,2026-07-14 02:23:52,11.6,"trending,creative",True,True
CT009147,C0316,mini,Sci-Fi,2026-03-06 03:36:48,5.1,"visual,character,ai",False,False
CT009148,C0221,mini,Horror,2025-07-29 08:08:19,17.3,"cinematic,visual",False,False
CT009149,C0006,video,Animation,2026-05-21 11:53:32,106.9,"cinematic,viral,trending",True,False
CT009150,C0065,image,Romance,2026-04-18 16:42:24,21.7,"character,animation",False,False
CT009151,C0049,video,Action,2026-06-15 14:23:23,120.6,viral,True,True
CT009152,C0262,image,Animation,2025-12-13 18:28:51,96.2,"animation,cinematic",False,False
CT009153,C0025,image,Sci-Fi,2026-01-02 20:37:54,209.6,trending,False,False
CT009154,C0376,image,Documentary,2025-07-29 02:02:04,65.8,"viral,creative",False,False
CT009155,C0301,image,Comedy,2025-12-13 18:30:05,188.9,trending,True,False
CT009156,C0251,mini,Comedy,2026-02-10 21:52:01,11.8,character,False,False
CT009157,C0104,mini,Drama,2026-07-01 09:52:20,3.7,"ai,experimental",True,False
CT009158,C0091,cine,Animation,2025-09-05 14:31:40,13.6,"cinematic,creative",False,False
CT009159,C0406,image,Action,2025-06-21 05:13:53,44.0,"viral,ai,character",False,False
CT009160,C0304,mini,Fantasy,2025-10-12 07:33:03,18.8,trending,False,False
CT009161,C0178,cine,Fantasy,2025-08-31 18:02:04,53.6,"viral,ai",False,False
CT009162,C0105,video,Action,2025-12-26 00:53:06,104.8,trending,True,False
CT009163,C0166,mini,Romance,2026-04-19 03:38:11,6.9,trending,True,False
CT009164,C0151,mini,Drama,2025-11-14 03:33:31,6.5,"animation,viral,visual",True,False
CT009165,C0258,video,Comedy,2025-11-04 01:39:01,133.0,"character,experimental",False,False
CT009166,C0132,mini,Animation,2025-11-25 06:06:01,13.5,"experimental,cinematic,viral",True,False
CT009167,C0388,mini,Mystery,2026-08-20 18:17:34,14.7,"creative,animation,cinematic",False,False
CT009168,C0032,image,Documentary,2025-11-29 01:04:42,99.4,"visual,animation",False,False
CT009169,C0343,video,Documentary,2026-04-23 18:22:32,43.0,"animation,trending",False,False
CT009170,C0002,mini,Fantasy,2025-06-08 17:45:10,8.7,trending,False,False
CT009171,C0107,mini,Romance,2025-07-21 16:16:57,11.5,"ai,creative",False,True
CT009172,C0465,mini,Comedy,2025-11-15 11:53:20,5.6,"animation,experimental,ai",True,False
CT009173,C0383,cine,Comedy,2026-01-30 01:45:41,44.1,"viral,experimental",True,False
CT009174,C0491,image,Documentary,2025-11-27 10:30:52,311.8,"creative,visual,cinematic",False,False
CT009175,C0251,video,Comedy,2025-10-01 01:43:06,25.7,"trending,character,experimental",False,False
CT009176,C0071,image,Action,2026-02-26 06:53:51,77.1,cinematic,True,False
CT009177,C0492,mini,Fantasy,2025-09-27 13:58:52,8.6,"cinematic,trending,visual",True,False
CT009178,C0382,image,Animation,2026-01-06 07:09:51,36.9,"animation,experimental,creative",False,False
CT009179,C0254,cine,Drama,2025-07-21 11:30:48,56.1,"experimental,visual,story",False,False
CT009180,C0385,cine,Sci-Fi,2025-08-18 16:18:12,38.3,"visual,trending,ai",False,False
CT009181,C0144,cine,Sci-Fi,2026-07-19 04:22:05,40.3,"creative,experimental,animation",False,False
CT009182,C0394,mini,Drama,2026-02-24 02:06:58,13.8,"experimental,ai,creative",False,False
CT009183,C0386,cine,Action,2025-10-18 13:04:09,14.6,"animation,experimental",True,False
CT009184,C0071,image,Documentary,2025-06-16 23:56:54,66.3,"animation,story",False,True
CT009185,C0015,mini,Documentary,2026-05-22 16:21:38,12.6,"ai,creative",True,False
CT009186,C0424,cine,Documentary,2025-10-30 23:20:17,106.6,"viral,ai,trending",False,False
CT009187,C0365,mini,Fantasy,2025-12-25 19:13:18,7.8,"creative,trending",False,False
CT009188,C0146,mini,Animation,2026-03-10 18:31:55,15.9,visual,False,False
CT009189,C0267,mini,Documentary,2025-07-05 00:47:05,9.0,character,False,False
CT009190,C0014,video,Action,2026-03-12 12:51:57,23.5,"story,viral",False,False
CT009191,C0088,mini,Horror,2026-08-29 21:50:48,20.5,animation,False,False
CT009192,C0043,image,Documentary,2025-08-22 06:24:54,113.4,"ai,visual,creative",False,False
CT009193,C0013,mini,Fantasy,2026-08-01 22:56:13,22.5,"viral,creative,trending",True,False
CT009194,C0069,mini,Fantasy,2025-11-02 16:05:18,14.9,"trending,cinematic,animation",True,False
CT009195,C0029,mini,Fantasy,2025-06-04 15:25:18,15.9,"trending,viral,character",False,False
CT009196,C0472,mini,Animation,2025-12-26 17:02:24,11.1,"experimental,story",False,False
CT009197,C0042,image,Fantasy,2025-09-01 08:01:36,221.0,trending,True,False
CT009198,C0067,cine,Fantasy,2025-12-05 14:40:32,42.1,"trending,creative,cinematic",True,True
CT009199,C0238,image,Romance,2025-08-17 19:07:11,152.8,character,True,False
CT009200,C0300,image,Romance,2026-04-09 13:08:39,188.9,creative,False,False
CT009201,C0355,mini,Comedy,2025-11-14 08:38:30,8.9,"visual,experimental,trending",False,False
CT009202,C0049,cine,Documentary,2026-05-04 12:37:09,67.0,"creative,trending,ai",False,False
CT009203,C0066,mini,Horror,2025-09-04 21:42:17,7.1,"viral,animation",False,False
CT009204,C0006,image,Action,2025-06-19 15:10:52,55.7,"cinematic,viral,character",True,False
CT009205,C0078,image,Animation,2025-10-27 04:54:26,87.4,cinematic,False,False
CT009206,C0096,cine,Action,2026-05-06 20:12:24,52.0,"animation,viral,trending",False,False
CT009207,C0408,mini,Horror,2026-08-23 08:56:54,10.4,"ai,story,experimental",False,False
CT009208,C0296,image,Romance,2026-07-06 14:21:41,33.9,"cinematic,character,experimental",False,False
CT009209,C0116,image,Sci-Fi,2025-06-04 18:54:02,29.5,"trending,animation",False,False
CT009210,C0060,mini,Action,2026-07-22 17:47:09,3.4,trending,True,False
CT009211,C0416,mini,Documentary,2025-11-29 21:47:55,22.2,"viral,animation",False,False
CT009212,C0358,cine,Action,2025-06-26 12:39:52,136.5,"viral,story,experimental",True,False
CT009213,C0047,image,Comedy,2025-09-17 13:00:12,48.6,"creative,story",False,False
CT009214,C0280,image,Mystery,2026-07-08 23:22:58,73.7,character,False,False
CT009215,C0418,cine,Animation,2026-03-01 12:44:53,28.6,"trending,visual",False,False
CT009216,C0131,image,Mystery,2025-08-14 15:35:43,100.9,"trending,cinematic,viral",False,False
CT009217,C0367,video,Action,2026-05-30 23:37:49,42.1,"ai,viral",False,False
CT009218,C0190,mini,Action,2025-11-02 06:51:32,11.0,experimental,False,False
CT009219,C0071,mini,Documentary,2025-07-25 11:30:48,6.9,"animation,visual",False,False
CT009220,C0141,cine,Documentary,2025-11-22 00:54:35,37.8,"experimental,ai",False,False
CT009221,C0167,image,Horror,2026-05-16 19:52:29,25.4,"visual,viral",False,False
CT009222,C0019,mini,Action,2025-10-15 08:06:17,10.1,cinematic,False,False
CT009223,C0162,video,Mystery,2025-08-13 07:43:03,104.3,animation,True,False
CT009224,C0481,mini,Animation,2025-10-13 09:21:06,15.9,"character,trending,viral",False,False
CT009225,C0067,image,Sci-Fi,2026-05-29 14:12:29,65.8,"animation,trending,character",True,True
CT009226,C0004,image,Mystery,2025-08-17 06:03:29,65.1,trending,False,False
CT009227,C0189,mini,Romance,2025-12-28 09:36:39,11.2,"ai,creative",False,False
CT009228,C0481,image,Sci-Fi,2026-03-28 12:16:08,42.8,"viral,animation,experimental",False,False
CT009229,C0334,image,Animation,2025-06-29 12:09:16,116.9,"experimental,animation,character",False,False
CT009230,C0254,mini,Mystery,2026-02-20 16:27:26,6.1,"trending,story",False,True
CT009231,C0364,mini,Documentary,2026-05-23 09:16:43,9.9,"cinematic,experimental,visual",False,False
CT009232,C0005,video,Sci-Fi,2026-03-07 18:22:34,80.7,"ai,experimental,visual",False,False
CT009233,C0102,video,Action,2025-08-24 09:36:40,126.3,"viral,experimental",False,False
CT009234,C0421,cine,Sci-Fi,2026-01-24 17:43:12,76.8,ai,False,False
CT009235,C0361,mini,Action,2026-07-17 12:34:38,13.7,"character,trending",False,False
CT009236,C0228,mini,Horror,2025-09-09 16:49:30,12.3,"viral,cinematic",True,False
CT009237,C0130,mini,Mystery,2025-08-13 07:23:34,10.5,"cinematic,trending",True,False
CT009238,C0114,cine,Fantasy,2026-02-23 08:33:44,32.7,"experimental,animation,visual",False,False
CT009239,C0025,image,Horror,2025-12-08 12:59:42,106.3,story,True,False
CT009240,C0440,cine,Animation,2026-03-26 02:23:13,48.2,"animation,trending",False,False
CT009241,C0098,video,Romance,2026-03-03 05:15:15,30.8,trending,False,False
CT009242,C0409,mini,Horror,2025-06-24 16:14:57,10.7,viral,False,False
CT009243,C0169,mini,Action,2026-04-27 15:34:02,6.7,"experimental,character",True,False
CT009244,C0455,mini,Comedy,2026-08-25 09:49:17,5.3,"animation,viral,character",False,False
CT009245,C0018,image,Comedy,2025-08-03 00:43:37,40.6,"cinematic,viral,trending",True,False
CT009246,C0255,image,Drama,2026-02-20 09:10:05,46.1,"experimental,cinematic,ai",False,True
CT009247,C0048,video,Drama,2025-11-18 11:19:19,73.1,creative,True,False
CT009248,C0001,mini,Comedy,2026-03-19 01:54:35,20.1,"viral,animation",True,False
CT009249,C0178,video,Action,2026-02-24 23:39:15,23.8,"animation,story",False,False
CT009250,C0316,cine,Drama,2026-02-15 18:35:50,24.4,"story,character,experimental",False,True
CT009251,C0456,mini,Drama,2025-08-03 14:03:29,14.5,story,False,False
CT009252,C0078,image,Sci-Fi,2026-04-11 23:14:14,86.1,cinematic,False,False
CT009253,C0317,mini,Mystery,2026-04-03 10:18:11,3.8,"visual,animation",False,True
CT009254,C0401,image,Sci-Fi,2026-03-27 12:30:21,37.7,experimental,True,False
CT009255,C0460,cine,Romance,2025-08-27 15:13:59,60.3,"cinematic,ai,viral",False,False
CT009256,C0140,cine,Mystery,2026-05-31 09:55:42,59.5,"experimental,viral,trending",False,False
CT009257,C0018,cine,Action,2025-09-07 00:34:19,52.7,"cinematic,trending,creative",False,True
CT009258,C0475,video,Mystery,2025-08-13 15:57:57,71.5,"visual,viral,experimental",True,False
CT009259,C0431,cine,Sci-Fi,2025-10-28 13:14:57,28.9,story,False,False
CT009260,C0125,mini,Horror,2025-08-14 15:47:12,11.7,"animation,story",False,False
CT009261,C0068,video,Mystery,2025-10-31 05:57:41,44.3,"story,ai",False,False
CT009262,C0263,mini,Fantasy,2025-09-09 03:04:36,6.6,"creative,animation",True,True
CT009263,C0124,cine,Mystery,2025-07-07 05:59:17,11.9,"trending,ai",True,False
CT009264,C0282,image,Sci-Fi,2026-08-14 08:01:54,16.7,"creative,trending,viral",False,False
CT009265,C0053,mini,Action,2026-04-06 03:34:40,13.8,"story,trending",False,False
CT009266,C0460,mini,Documentary,2025-11-10 19:23:49,5.0,"animation,character,cinematic",False,False
CT009267,C0201,video,Comedy,2025-11-22 00:47:43,64.3,"story,trending",False,False
CT009268,C0069,mini,Documentary,2025-10-23 04:12:50,26.9,"creative,visual,animation",False,False
CT009269,C0101,cine,Romance,2026-05-08 12:22:49,66.7,creative,True,False
CT009270,C0327,mini,Action,2025-09-13 13:33:36,6.1,"viral,creative,story",False,False
CT009271,C0368,mini,Fantasy,2025-07-12 10:18:50,8.8,story,False,False
CT009272,C0057,image,Fantasy,2026-01-06 12:30:04,38.1,"experimental,trending",True,False
CT009273,C0377,video,Fantasy,2025-09-10 07:11:01,133.2,"story,viral,visual",True,False
CT009274,C0468,cine,Drama,2026-07-18 19:46:52,32.5,"story,ai,creative",False,False
CT009275,C0145,mini,Drama,2025-11-11 10:56:50,24.3,"trending,creative,story",True,False
CT009276,C0308,mini,Action,2026-04-04 10:12:53,13.9,"viral,character,ai",False,False
CT009277,C0402,mini,Comedy,2025-11-28 07:09:21,3.9,animation,False,False
CT009278,C0465,image,Horror,2025-08-25 14:51:24,127.6,"experimental,visual",False,True
CT009279,C0079,image,Mystery,2025-10-23 20:10:45,48.3,"viral,character,creative",False,False
CT009280,C0445,mini,Mystery,2026-06-17 19:59:02,9.5,ai,True,False
CT009281,C0026,mini,Animation,2025-07-07 02:04:11,14.8,creative,True,True
CT009282,C0278,cine,Romance,2026-08-06 03:36:12,82.8,visual,False,False
CT009283,C0083,image,Animation,2025-06-10 16:01:40,124.9,viral,False,False
CT009284,C0058,cine,Animation,2026-04-22 03:39:50,24.5,"viral,ai,story",False,False
CT009285,C0123,cine,Animation,2026-04-12 00:52:53,26.1,"viral,creative",False,False
CT009286,C0079,image,Drama,2026-02-26 16:37:00,37.1,"ai,visual",False,False
CT009287,C0030,mini,Drama,2025-07-01 14:42:46,12.9,"viral,trending",False,False
CT009288,C0151,cine,Romance,2026-04-03 07:52:01,63.2,story,False,False
CT009289,C0056,mini,Mystery,2025-07-02 14:31:26,9.1,"ai,creative,visual",True,True
CT009290,C0190,mini,Action,2026-05-02 14:31:50,20.7,"experimental,viral",False,False
CT009291,C0150,mini,Romance,2026-05-20 16:12:32,13.5,"creative,viral",False,False
CT009292,C0261,cine,Mystery,2026-06-27 21:17:37,63.8,cinematic,True,False
CT009293,C0426,video,Comedy,2025-11-25 03:13:43,31.9,"viral,animation",False,False
CT009294,C0072,mini,Animation,2026-03-28 08:29:30,10.3,"animation,experimental",True,False
CT009295,C0423,cine,Action,2025-08-24 08:06:30,29.0,"story,trending",False,False
CT009296,C0268,video,Comedy,2026-01-29 08:28:10,118.6,ai,False,True
CT009297,C0497,video,Romance,2026-04-25 13:11:37,8.9,"visual,ai,cinematic",False,False
CT009298,C0196,mini,Romance,2025-08-23 04:43:51,18.0,character,False,True
CT009299,C0050,image,Action,2026-06-15 01:07:03,36.7,"animation,cinematic",False,False
CT009300,C0104,mini,Mystery,2025-11-18 15:31:20,12.8,ai,False,False
CT009301,C0001,image,Comedy,2026-07-27 23:20:43,26.7,"animation,visual",False,False
CT009302,C0429,image,Horror,2025-07-09 13:47:40,9.4,"cinematic,experimental",False,True
CT009303,C0278,cine,Romance,2025-09-11 03:10:58,29.9,"trending,visual,character",False,False
CT009304,C0439,mini,Fantasy,2026-04-29 05:00:04,9.6,story,False,False
CT009305,C0298,mini,Fantasy,2025-08-28 20:35:01,10.5,"cinematic,character,animation",True,False
CT009306,C0467,mini,Horror,2026-08-27 11:39:05,10.5,"animation,visual,character",False,False
CT009307,C0119,mini,Documentary,2026-08-03 23:37:50,15.4,"trending,visual,story",False,False
CT009308,C0165,video,Drama,2025-07-14 18:14:41,55.7,story,False,False
CT009309,C0399,mini,Action,2026-06-21 14:21:10,23.5,"story,cinematic,ai",False,False
CT009310,C0413,mini,Animation,2025-12-18 17:30:11,17.2,"cinematic,ai",False,False
CT009311,C0478,image,Action,2026-06-19 20:30:13,58.1,"experimental,creative",False,False
CT009312,C0441,mini,Romance,2026-04-16 05:37:59,8.7,"character,ai",False,False
CT009313,C0165,mini,Romance,2025-10-21 18:20:12,19.4,ai,False,False
CT009314,C0333,mini,Romance,2025-06-14 15:27:55,16.9,creative,False,False
CT009315,C0468,video,Mystery,2025-10-23 13:16:15,218.0,"story,viral,character",False,False
CT009316,C0132,video,Drama,2025-12-18 10:40:13,14.0,"character,viral",False,False
CT009317,C0056,mini,Fantasy,2026-01-30 21:20:42,10.7,"story,ai,character",False,True
CT009318,C0251,mini,Documentary,2026-05-29 10:02:19,14.5,animation,False,False
CT009319,C0238,image,Horror,2026-06-08 11:19:15,19.6,"story,character,animation",False,False
CT009320,C0347,image,Mystery,2025-10-12 16:52:08,102.3,trending,False,False
CT009321,C0098,mini,Action,2025-08-28 14:59:18,32.4,"trending,ai",False,False
CT009322,C0222,cine,Romance,2026-05-05 17:17:40,21.9,experimental,False,True
CT009323,C0288,mini,Action,2026-03-04 22:44:15,12.1,"animation,character",True,False
CT009324,C0287,mini,Drama,2026-03-09 05:58:08,11.0,"creative,trending,experimental",False,False
CT009325,C0040,cine,Animation,2026-04-16 05:08:15,55.8,"cinematic,trending",False,True
CT009326,C0052,mini,Drama,2025-12-04 11:18:02,6.7,"cinematic,trending,visual",False,False
CT009327,C0248,cine,Mystery,2025-09-18 12:17:09,135.4,animation,False,False
CT009328,C0185,mini,Romance,2026-05-26 23:58:34,10.0,creative,False,False
CT009329,C0080,mini,Horror,2025-08-16 18:14:59,8.8,"animation,experimental,cinematic",False,False
CT009330,C0403,mini,Comedy,2025-06-27 01:26:41,5.3,"animation,experimental",False,False
CT009331,C0203,mini,Animation,2025-06-08 17:04:28,28.7,ai,False,False
CT009332,C0287,cine,Horror,2025-11-28 02:56:20,49.9,"story,viral",False,False
CT009333,C0341,mini,Horror,2026-01-06 00:56:36,6.3,"creative,animation",False,False
CT009334,C0363,cine,Sci-Fi,2026-02-03 06:24:24,172.9,"character,animation",False,True
CT009335,C0164,image,Animation,2025-08-25 04:45:24,18.2,cinematic,False,True
CT009336,C0013,video,Fantasy,2025-12-12 19:05:19,90.3,"cinematic,story,creative",False,False
CT009337,C0270,video,Horror,2026-03-24 22:48:41,51.9,story,False,False
CT009338,C0120,mini,Animation,2025-10-11 07:21:39,7.7,"visual,ai",False,False
CT009339,C0485,video,Horror,2026-02-06 10:12:14,99.6,"story,viral",False,False
CT009340,C0442,video,Sci-Fi,2025-10-04 03:46:08,96.1,"animation,visual,story",False,False
CT009341,C0438,mini,Mystery,2026-06-16 04:10:15,16.4,"experimental,viral",False,False
CT009342,C0392,mini,Fantasy,2025-12-20 05:52:54,4.9,visual,False,False
CT009343,C0499,mini,Action,2026-06-01 16:24:03,7.2,"viral,trending,cinematic",False,False
CT009344,C0475,video,Fantasy,2025-11-02 03:53:08,93.0,visual,False,False
CT009345,C0090,cine,Action,2025-11-12 17:06:01,77.7,story,False,True
CT009346,C0305,mini,Mystery,2026-05-12 17:19:31,23.4,"creative,trending",False,False
CT009347,C0244,image,Romance,2025-10-14 02:21:21,58.4,story,False,False
CT009348,C0017,video,Fantasy,2026-04-24 22:41:20,24.2,experimental,False,False
CT009349,C0391,cine,Fantasy,2025-07-08 11:17:41,41.1,"ai,visual,creative",False,False
CT009350,C0055,mini,Comedy,2026-06-19 17:33:06,10.0,"ai,animation",True,False
CT009351,C0465,mini,Drama,2026-05-11 21:44:09,17.3,"creative,trending",False,False
CT009352,C0343,image,Documentary,2026-02-12 12:58:21,41.3,"story,cinematic,animation",True,False
CT009353,C0125,image,Fantasy,2026-01-13 06:27:47,193.3,"visual,character",False,False
CT009354,C0019,cine,Romance,2025-11-18 05:35:45,75.1,experimental,False,False
CT009355,C0494,image,Animation,2025-11-01 08:26:08,52.4,animation,False,False
CT009356,C0407,mini,Action,2025-10-20 12:30:09,11.0,story,False,False
CT009357,C0220,cine,Animation,2026-04-17 19:45:56,73.5,"story,ai,animation",False,False
CT009358,C0401,mini,Action,2025-09-01 00:39:11,19.3,"story,trending,cinematic",False,False
CT009359,C0388,video,Fantasy,2025-10-03 23:48:13,74.9,"creative,story",False,False
CT009360,C0304,mini,Documentary,2025-11-25 20:37:55,10.7,"cinematic,ai,creative",False,False
CT009361,C0258,mini,Horror,2026-01-04 23:35:40,44.7,visual,False,True
CT009362,C0026,mini,Horror,2025-10-01 05:18:37,10.9,"animation,trending",False,False
CT009363,C0149,video,Mystery,2025-12-16 19:10:01,229.7,"ai,creative,animation",False,True
CT009364,C0156,video,Animation,2026-06-03 21:37:51,49.0,"viral,character,trending",False,False
CT009365,C0053,image,Sci-Fi,2025-10-02 05:24:11,28.4,"creative,cinematic",False,False
CT009366,C0354,cine,Drama,2025-08-19 01:58:16,109.5,"visual,cinematic",True,False
CT009367,C0081,image,Drama,2026-05-27 10:34:39,59.5,"creative,ai,trending",False,False
CT009368,C0128,image,Mystery,2025-10-02 02:59:29,17.4,trending,False,False
CT009369,C0320,mini,Sci-Fi,2026-04-19 13:05:13,17.9,"cinematic,experimental",False,True
CT009370,C0260,mini,Horror,2026-08-09 06:49:25,9.0,"trending,character,viral",False,False
CT009371,C0274,mini,Horror,2026-01-23 21:46:05,11.2,experimental,False,False
CT009372,C0427,mini,Sci-Fi,2026-02-05 03:42:27,21.7,"viral,visual,animation",True,False
CT009373,C0216,cine,Romance,2026-04-12 04:59:26,22.7,"creative,story",True,False
CT009374,C0301,mini,Comedy,2025-07-28 03:53:40,9.2,"animation,story,viral",False,False
CT009375,C0305,cine,Drama,2025-07-11 18:22:49,39.2,"character,animation,viral",False,False
CT009376,C0061,image,Animation,2025-08-22 20:45:06,118.9,viral,False,False
CT009377,C0251,video,Documentary,2025-12-14 00:03:05,109.8,viral,True,False
CT009378,C0275,mini,Fantasy,2026-06-18 23:40:45,7.2,"story,cinematic",False,False
CT009379,C0073,mini,Horror,2026-03-01 16:03:32,47.0,"ai,viral,animation",False,False
CT009380,C0064,mini,Fantasy,2026-06-27 20:02:22,20.1,"character,animation,trending",False,False
CT009381,C0131,cine,Sci-Fi,2025-11-27 13:56:25,73.5,character,False,False
CT009382,C0213,mini,Fantasy,2026-06-03 14:39:08,7.6,"visual,cinematic,story",True,False
CT009383,C0214,video,Animation,2026-04-22 15:22:15,34.8,visual,True,False
CT009384,C0118,cine,Romance,2025-07-16 20:56:13,104.7,"story,character",False,False
CT009385,C0200,cine,Comedy,2026-01-25 03:08:49,83.0,"trending,cinematic,creative",False,False
CT009386,C0145,mini,Horror,2026-03-17 02:49:15,7.0,"animation,ai,viral",True,False
CT009387,C0447,mini,Animation,2025-11-22 14:15:52,15.9,experimental,False,False
CT009388,C0325,image,Comedy,2026-05-18 13:49:24,27.9,"trending,animation",False,False
CT009389,C0467,cine,Horror,2025-12-07 09:35:12,34.7,"viral,creative,story",False,False
CT009390,C0321,mini,Sci-Fi,2026-04-20 15:25:35,7.5,"creative,experimental,trending",False,False
CT009391,C0265,image,Comedy,2026-04-23 14:34:08,39.7,"trending,experimental,viral",False,False
CT009392,C0240,mini,Comedy,2025-09-09 15:10:51,9.6,"animation,story",False,False
CT009393,C0134,cine,Fantasy,2025-07-01 00:12:16,32.6,character,False,False
CT009394,C0090,image,Documentary,2026-07-06 05:22:57,33.5,"ai,story",True,False
CT009395,C0400,video,Documentary,2026-06-18 04:44:21,102.0,"experimental,animation",False,False
CT009396,C0195,image,Romance,2026-08-09 17:17:49,54.8,animation,False,False
CT009397,C0092,mini,Comedy,2025-06-27 03:43:23,15.6,"cinematic,creative,ai",False,False
CT009398,C0208,cine,Fantasy,2026-04-15 16:37:36,58.6,"visual,ai",True,False
CT009399,C0239,cine,Mystery,2025-07-31 11:59:08,19.3,story,False,True
CT009400,C0332,mini,Horror,2026-01-07 20:41:08,4.5,viral,False,False
CT009401,C0498,image,Romance,2026-06-05 10:56:50,80.8,"character,cinematic,animation",False,False
CT009402,C0483,mini,Romance,2025-09-24 16:05:01,11.5,"animation,experimental",False,False
CT009403,C0436,cine,Animation,2025-11-18 18:05:23,73.4,"trending,cinematic,creative",False,False
CT009404,C0415,mini,Horror,2026-01-10 23:03:15,11.8,ai,False,False
CT009405,C0464,mini,Romance,2025-12-27 11:57:03,4.0,cinematic,False,False
CT009406,C0356,mini,Animation,2025-06-10 04:59:29,9.8,creative,False,False
CT009407,C0049,mini,Mystery,2025-11-17 23:27:50,8.1,"visual,cinematic",True,False
CT009408,C0120,video,Animation,2026-06-21 10:15:09,51.4,"character,experimental",False,False
CT009409,C0223,image,Comedy,2025-07-13 10:17:58,87.7,"cinematic,character,animation",False,True
CT009410,C0396,mini,Sci-Fi,2025-11-06 17:41:56,35.8,"cinematic,creative",False,False
CT009411,C0384,mini,Drama,2026-03-05 12:03:24,15.4,ai,False,False
CT009412,C0437,video,Documentary,2025-11-22 21:03:07,41.5,"experimental,creative",False,False
CT009413,C0080,cine,Documentary,2026-04-11 05:11:25,205.7,story,True,False
CT009414,C0297,cine,Horror,2025-09-30 21:52:53,216.3,visual,True,False
CT009415,C0385,cine,Sci-Fi,2025-08-26 14:38:06,56.0,character,False,False
CT009416,C0197,mini,Action,2026-07-27 00:25:07,6.5,"visual,story,creative",True,False
CT009417,C0170,mini,Action,2026-05-09 22:59:11,10.8,"viral,ai",False,False
CT009418,C0327,mini,Sci-Fi,2025-10-15 11:30:08,11.3,"ai,story,animation",False,False
CT009419,C0439,image,Documentary,2025-07-16 12:14:13,55.7,"story,creative,experimental",False,False
CT009420,C0224,mini,Mystery,2025-12-18 06:36:56,17.5,visual,False,True
CT009421,C0207,mini,Mystery,2026-05-20 07:37:10,13.6,"visual,experimental",False,False
CT009422,C0043,video,Romance,2026-03-07 11:46:56,119.0,"ai,viral,cinematic",False,False
CT009423,C0126,mini,Documentary,2026-04-16 19:25:19,13.8,"experimental,visual",False,False
CT009424,C0044,mini,Fantasy,2026-01-26 18:22:03,16.9,"creative,story,trending",False,False
CT009425,C0459,mini,Fantasy,2026-07-21 22:12:13,32.0,"visual,trending,character",False,False
CT009426,C0419,mini,Fantasy,2025-07-25 14:52:36,16.9,trending,False,False
CT009427,C0357,image,Romance,2026-06-06 22:55:02,15.9,ai,False,False
CT009428,C0108,image,Horror,2026-08-15 19:47:39,15.9,"trending,ai,visual",False,False
CT009429,C0232,mini,Action,2026-06-21 02:09:32,7.0,"creative,character,viral",False,False
CT009430,C0005,mini,Comedy,2025-10-06 20:07:32,14.8,"viral,cinematic",False,False
CT009431,C0481,cine,Drama,2026-08-11 17:08:39,34.5,"creative,viral",False,False
CT009432,C0027,video,Drama,2026-08-14 17:55:27,23.4,viral,False,False
CT009433,C0302,mini,Action,2026-06-21 00:23:21,14.7,"character,ai,cinematic",False,False
CT009434,C0245,cine,Drama,2025-10-23 22:30:26,28.1,"creative,story",False,False
CT009435,C0293,video,Mystery,2026-05-30 03:52:38,41.5,"trending,viral",False,False
CT009436,C0042,mini,Comedy,2026-06-26 20:17:19,8.8,experimental,False,False
CT009437,C0179,image,Action,2025-08-29 10:24:19,43.4,viral,False,False
CT009438,C0414,image,Comedy,2025-09-27 01:18:07,43.4,"story,trending",True,True
CT009439,C0416,mini,Horror,2026-05-11 07:31:57,39.5,ai,False,False
CT009440,C0202,video,Romance,2026-06-05 04:00:41,20.5,creative,False,False
CT009441,C0289,image,Animation,2026-03-16 12:20:22,66.8,"character,ai,visual",False,False
CT009442,C0403,mini,Mystery,2026-02-02 19:21:08,24.2,creative,False,False
CT009443,C0311,cine,Comedy,2026-08-13 11:20:56,42.2,"cinematic,creative,ai",False,False
CT009444,C0203,mini,Animation,2025-11-03 06:34:04,7.9,"trending,cinematic",False,False
CT009445,C0467,mini,Action,2026-04-25 08:03:05,23.6,ai,False,False
CT009446,C0498,video,Animation,2026-08-10 05:19:14,32.9,story,False,False
CT009447,C0133,cine,Romance,2025-09-27 08:48:32,108.7,"experimental,cinematic,visual",False,False
CT009448,C0030,mini,Comedy,2025-07-03 15:29:21,28.3,"trending,ai",False,False
CT009449,C0394,video,Action,2025-08-14 20:12:12,86.8,animation,True,False
CT009450,C0056,mini,Drama,2026-04-01 02:38:01,9.4,"animation,visual",False,False
CT009451,C0407,mini,Horror,2025-10-07 07:10:48,15.6,"story,animation,ai",False,False
CT009452,C0388,mini,Sci-Fi,2026-04-22 11:48:42,3.9,visual,False,False
CT009453,C0036,video,Horror,2026-01-05 22:39:27,15.6,"cinematic,animation,creative",False,False
CT009454,C0275,mini,Action,2026-06-28 10:25:35,12.7,"cinematic,experimental",False,False
CT009455,C0361,mini,Fantasy,2026-03-25 13:02:58,7.9,"experimental,ai,story",False,False
CT009456,C0045,cine,Drama,2026-02-25 20:06:20,56.4,"animation,character,visual",False,True
CT009457,C0413,cine,Action,2025-09-07 01:58:08,44.3,"trending,story,experimental",False,False
CT009458,C0053,mini,Horror,2025-10-27 08:36:31,11.9,"cinematic,visual",True,True
CT009459,C0264,video,Mystery,2025-09-15 03:59:13,142.4,character,False,False
CT009460,C0012,mini,Mystery,2025-06-29 03:01:31,13.9,"visual,cinematic",False,False
CT009461,C0056,mini,Drama,2025-10-16 15:36:28,11.2,character,True,False
CT009462,C0367,video,Mystery,2026-08-08 00:36:43,46.9,"trending,story,viral",False,False
CT009463,C0040,mini,Action,2026-06-04 02:54:14,13.9,"ai,creative",True,True
CT009464,C0445,video,Drama,2025-09-16 10:48:47,55.5,"animation,ai,cinematic",False,False
CT009465,C0012,image,Animation,2025-11-14 15:09:35,66.4,"viral,animation",True,False
CT009466,C0310,image,Sci-Fi,2026-04-27 04:31:39,126.7,"character,viral,visual",False,False
CT009467,C0183,mini,Action,2025-07-06 17:47:57,5.2,"visual,cinematic,animation",True,False
CT009468,C0300,mini,Mystery,2026-04-25 17:18:33,8.7,"character,trending",False,False
CT009469,C0306,mini,Mystery,2026-02-04 12:51:56,4.4,"creative,visual,trending",False,False
CT009470,C0318,mini,Sci-Fi,2026-04-21 16:32:52,17.0,creative,False,False
CT009471,C0278,image,Mystery,2025-06-03 17:06:17,14.8,"creative,animation,trending",False,False
CT009472,C0478,mini,Drama,2026-08-01 04:05:21,8.3,"viral,story",True,False
CT009473,C0256,mini,Documentary,2026-04-04 05:01:00,16.4,cinematic,False,False
CT009474,C0422,mini,Romance,2025-08-18 07:56:42,10.1,"ai,cinematic,visual",True,True
CT009475,C0209,cine,Horror,2026-06-19 23:40:25,39.9,"animation,ai",False,False
CT009476,C0300,mini,Horror,2025-06-14 09:08:44,10.7,"animation,trending,story",False,False
CT009477,C0334,image,Sci-Fi,2025-08-15 20:53:05,65.2,"character,animation",False,False
CT009478,C0193,mini,Animation,2026-05-27 11:01:09,23.2,"creative,animation",True,False
CT009479,C0442,cine,Horror,2026-06-21 03:18:03,23.2,"story,viral,ai",False,False
CT009480,C0138,image,Drama,2025-07-15 14:01:34,46.4,visual,False,False
CT009481,C0413,cine,Romance,2026-04-06 15:14:05,56.8,"cinematic,experimental,trending",False,False
CT009482,C0095,video,Drama,2026-06-04 18:34:14,34.8,"cinematic,ai",False,False
CT009483,C0358,image,Fantasy,2025-07-15 22:33:42,22.1,"viral,story",False,False
CT009484,C0415,mini,Animation,2025-07-05 01:59:23,5.4,"visual,ai,experimental",True,False
CT009485,C0144,mini,Documentary,2025-09-12 22:04:30,19.3,"ai,viral,cinematic",False,False
CT009486,C0126,video,Documentary,2025-09-09 21:03:41,64.9,"visual,experimental",False,False
CT009487,C0464,image,Documentary,2025-09-12 15:59:54,34.7,"experimental,character,visual",False,False
CT009488,C0316,video,Fantasy,2026-05-28 15:39:03,60.5,"animation,creative,experimental",False,False
CT009489,C0427,mini,Action,2025-09-02 19:32:32,11.4,creative,False,False
CT009490,C0472,video,Sci-Fi,2026-01-29 04:31:40,28.5,story,False,False
CT009491,C0472,video,Romance,2025-10-31 13:19:16,45.6,"cinematic,animation,visual",False,True
CT009492,C0412,mini,Mystery,2025-10-24 18:51:16,12.7,"experimental,ai,animation",False,False
CT009493,C0310,mini,Drama,2026-07-19 21:34:38,15.1,"animation,experimental,trending",False,False
CT009494,C0468,mini,Romance,2025-10-24 11:18:26,24.7,"experimental,cinematic",True,False
CT009495,C0164,mini,Mystery,2025-09-11 04:59:47,15.2,"ai,trending",False,False
CT009496,C0268,mini,Action,2025-09-12 20:18:28,8.7,experimental,False,False
CT009497,C0227,mini,Horror,2026-07-28 13:49:19,6.8,animation,False,False
CT009498,C0171,video,Mystery,2026-06-17 01:13:50,32.8,"animation,ai,visual",False,False
CT009499,C0166,mini,Comedy,2026-02-06 15:27:39,8.7,"creative,story",False,True
CT009500,C0485,video,Horror,2026-02-06 23:33:20,151.7,"character,cinematic",True,False
CT009501,C0178,mini,Mystery,2026-01-22 18:26:42,9.4,"cinematic,ai,character",False,False
CT009502,C0057,image,Animation,2026-02-23 12:50:26,115.1,"character,visual",False,False
CT009503,C0214,mini,Documentary,2026-04-04 05:51:25,22.3,"ai,animation",False,False
CT009504,C0188,mini,Comedy,2025-06-27 22:12:13,27.9,trending,True,False
CT009505,C0468,image,Drama,2026-06-03 09:19:38,44.4,"cinematic,story,visual",False,True
CT009506,C0388,mini,Horror,2026-05-11 11:40:26,10.2,"character,ai",False,False
CT009507,C0249,mini,Romance,2026-08-11 16:22:08,10.9,"viral,story,visual",False,False
CT009508,C0414,mini,Romance,2025-12-13 01:03:19,14.3,"visual,creative",False,False
CT009509,C0196,cine,Romance,2025-06-02 05:26:06,37.9,"experimental,animation",False,False
CT009510,C0111,cine,Comedy,2025-11-17 23:33:10,26.3,"viral,visual",False,False
CT009511,C0317,mini,Documentary,2025-11-29 13:08:59,15.7,viral,False,False
CT009512,C0306,video,Documentary,2026-03-06 18:54:00,100.2,"visual,creative",False,False
CT009513,C0140,mini,Romance,2025-08-21 15:18:44,10.1,"story,visual",False,False
CT009514,C0086,image,Sci-Fi,2025-07-07 00:54:59,31.2,"experimental,creative,animation",False,False
CT009515,C0004,image,Horror,2025-08-09 04:45:07,213.8,"visual,cinematic",True,False
CT009516,C0193,mini,Drama,2026-04-09 01:51:13,19.2,"ai,character",False,False
CT009517,C0363,cine,Romance,2025-08-07 01:02:53,91.1,"character,animation",False,False
CT009518,C0403,cine,Drama,2026-03-17 06:01:55,54.8,animation,False,False
CT009519,C0164,image,Mystery,2026-04-20 15:47:51,115.9,"trending,creative,animation",True,False
CT009520,C0327,image,Action,2026-02-15 07:15:09,52.7,trending,False,False
CT009521,C0124,cine,Fantasy,2025-06-24 07:41:09,52.8,visual,False,False
CT009522,C0100,image,Comedy,2025-07-22 23:44:28,52.4,"visual,creative,character",False,False
CT009523,C0268,mini,Action,2026-06-17 13:06:55,5.7,"cinematic,story",False,False
CT009524,C0155,image,Sci-Fi,2026-03-11 09:37:41,57.0,"story,ai",False,False
CT009525,C0081,mini,Fantasy,2026-05-10 04:05:38,36.5,character,False,False
CT009526,C0121,video,Romance,2026-08-03 21:36:31,77.2,"story,viral,ai",False,False
CT009527,C0139,video,Comedy,2025-12-04 15:03:17,364.7,story,False,False
CT009528,C0158,mini,Fantasy,2026-07-15 04:00:50,16.0,ai,False,False
CT009529,C0252,image,Action,2025-12-12 00:13:51,68.1,experimental,False,False
CT009530,C0436,cine,Animation,2026-07-18 08:18:07,55.2,"viral,experimental,story",False,False
CT009531,C0486,image,Animation,2026-04-06 07:59:53,24.7,"viral,ai,animation",False,False
CT009532,C0283,mini,Fantasy,2025-09-10 13:26:02,11.4,"story,trending,creative",True,False
CT009533,C0124,image,Documentary,2025-06-05 21:52:48,40.0,"animation,creative",False,False
CT009534,C0098,mini,Fantasy,2026-07-23 11:06:39,16.0,character,False,True
CT009535,C0234,video,Romance,2025-11-24 12:47:36,142.2,"experimental,viral,trending",False,False
CT009536,C0338,mini,Mystery,2026-06-29 07:28:18,8.8,"viral,animation,cinematic",False,False
CT009537,C0259,mini,Documentary,2025-08-22 03:24:34,18.8,animation,False,True
CT009538,C0069,image,Mystery,2025-12-27 06:46:46,79.7,cinematic,False,False
CT009539,C0356,mini,Romance,2025-08-22 10:26:16,12.7,"trending,experimental,character",False,False
CT009540,C0155,mini,Horror,2025-07-25 08:36:02,15.2,cinematic,False,False
CT009541,C0260,image,Comedy,2026-02-07 01:39:30,94.7,"cinematic,creative",False,False
CT009542,C0429,mini,Mystery,2025-12-19 14:36:42,11.8,"cinematic,story",False,False
CT009543,C0368,mini,Horror,2025-09-21 03:26:34,11.0,"experimental,creative",False,False
CT009544,C0262,cine,Action,2025-11-01 06:28:49,99.5,"story,cinematic",True,False
CT009545,C0430,mini,Sci-Fi,2025-11-19 02:00:40,16.1,"animation,creative",False,False
CT009546,C0099,mini,Drama,2025-09-09 22:42:42,16.6,"visual,viral",False,False
CT009547,C0141,mini,Romance,2026-04-24 02:18:13,10.8,"creative,animation,visual",False,False
CT009548,C0132,cine,Documentary,2025-10-13 19:18:19,27.8,"character,ai",False,False
CT009549,C0419,cine,Romance,2026-03-11 00:38:07,43.5,"viral,visual,animation",False,False
CT009550,C0418,cine,Sci-Fi,2026-05-03 11:10:36,27.6,"cinematic,animation,trending",False,False
CT009551,C0130,video,Comedy,2025-10-29 11:46:08,83.8,"character,visual",False,False
CT009552,C0102,mini,Romance,2025-06-30 11:16:41,7.3,"character,creative",True,False
CT009553,C0406,video,Horror,2025-06-23 14:51:06,40.5,"ai,creative,trending",False,False
CT009554,C0224,cine,Comedy,2026-02-23 20:28:16,38.6,"story,experimental",False,False
CT009555,C0311,image,Action,2025-06-13 03:50:08,109.5,"viral,animation",False,False
CT009556,C0102,cine,Action,2025-07-27 09:01:54,52.8,"experimental,trending",True,False
CT009557,C0282,mini,Horror,2026-01-09 07:42:16,11.9,"animation,trending,ai",False,False
CT009558,C0340,mini,Documentary,2025-10-09 05:26:55,8.8,"story,cinematic,experimental",False,False
CT009559,C0230,image,Comedy,2025-12-10 05:14:08,28.5,visual,False,False
CT009560,C0409,mini,Drama,2026-04-16 15:10:40,8.8,"character,experimental",False,False
CT009561,C0272,mini,Mystery,2026-05-30 04:18:16,19.0,"ai,creative,story",False,False
CT009562,C0267,image,Fantasy,2025-11-23 17:00:50,40.4,character,False,False
CT009563,C0121,image,Documentary,2025-07-08 09:40:57,77.0,"creative,character",False,False
CT009564,C0327,cine,Sci-Fi,2025-08-30 02:15:48,39.1,"creative,ai",True,False
CT009565,C0250,image,Comedy,2026-06-23 13:37:01,64.9,"cinematic,visual",False,False
CT009566,C0314,image,Sci-Fi,2025-06-07 03:06:17,145.4,visual,False,False
CT009567,C0301,cine,Horror,2025-09-05 21:57:13,62.3,"ai,character",False,False
CT009568,C0185,image,Comedy,2026-08-16 07:37:32,42.4,story,False,False
CT009569,C0188,mini,Drama,2025-11-07 22:24:08,8.9,"cinematic,viral,creative",False,False
CT009570,C0161,mini,Sci-Fi,2025-06-16 06:21:02,11.1,"viral,trending",False,False
CT009571,C0191,cine,Mystery,2026-06-28 03:03:22,76.4,"ai,cinematic",False,False
CT009572,C0422,cine,Action,2026-05-03 19:17:51,68.5,"viral,character,animation",False,False
CT009573,C0174,mini,Animation,2026-06-17 23:17:30,7.8,"ai,story",True,False
CT009574,C0063,cine,Fantasy,2026-04-05 05:30:06,119.9,trending,True,False
CT009575,C0410,mini,Action,2026-01-21 19:07:03,14.0,"ai,animation,creative",False,False
CT009576,C0109,image,Animation,2026-04-20 03:13:24,80.3,"animation,visual,story",True,False
CT009577,C0189,mini,Sci-Fi,2025-07-08 05:44:47,10.2,trending,False,False
CT009578,C0106,cine,Mystery,2025-07-17 21:00:13,57.8,"story,cinematic",False,False
CT009579,C0285,video,Sci-Fi,2026-02-25 06:11:11,43.1,"visual,viral",True,False
CT009580,C0135,cine,Mystery,2025-12-31 18:22:59,37.0,"animation,cinematic",False,False
CT009581,C0486,cine,Mystery,2026-05-14 08:31:26,36.7,"viral,story",True,False
CT009582,C0214,mini,Comedy,2026-07-31 19:45:03,6.0,"experimental,ai",False,False
CT009583,C0014,mini,Horror,2025-09-28 14:44:24,9.9,"character,visual,animation",False,False
CT009584,C0273,video,Sci-Fi,2025-10-30 09:49:13,73.9,"visual,character",False,False
CT009585,C0107,video,Fantasy,2025-08-23 11:25:40,63.0,"trending,viral",False,False
CT009586,C0176,image,Horror,2026-06-02 20:48:32,60.4,"cinematic,story",False,False
CT009587,C0460,video,Horror,2026-01-13 15:37:41,18.4,"trending,character,cinematic",True,False
CT009588,C0090,mini,Sci-Fi,2025-11-04 22:41:52,37.3,"ai,experimental,visual",True,False
CT009589,C0357,image,Action,2026-05-08 16:24:10,28.5,"visual,creative,ai",False,False
CT009590,C0344,mini,Mystery,2025-12-30 07:04:08,15.7,"creative,character",True,False
CT009591,C0189,cine,Comedy,2026-01-17 05:30:17,29.6,ai,False,False
CT009592,C0222,image,Animation,2026-06-15 20:24:10,21.4,"experimental,viral",True,False
CT009593,C0044,image,Horror,2025-09-18 04:42:29,16.4,"character,experimental",False,False
CT009594,C0238,mini,Horror,2026-03-27 02:57:40,11.1,trending,False,False
CT009595,C0257,video,Comedy,2026-07-02 05:25:16,7.1,"cinematic,story,ai",False,False
CT009596,C0300,cine,Mystery,2026-07-06 09:07:03,62.2,"animation,creative,trending",False,False
CT009597,C0392,video,Horror,2026-07-03 15:14:32,64.4,"visual,cinematic",False,False
CT009598,C0457,mini,Mystery,2025-09-05 14:06:18,10.4,"story,character",False,False
CT009599,C0212,mini,Mystery,2026-03-28 04:46:55,16.4,trending,False,False
CT009600,C0440,video,Sci-Fi,2026-02-17 17:33:49,48.6,"cinematic,experimental,story",False,False
CT009601,C0420,image,Horror,2025-07-04 21:01:38,49.0,"visual,creative,viral",False,False
CT009602,C0156,mini,Fantasy,2026-02-01 02:37:42,10.9,"ai,creative,cinematic",False,False
CT009603,C0144,mini,Documentary,2025-09-14 20:22:27,18.3,viral,False,True
CT009604,C0267,mini,Drama,2026-01-23 03:35:31,10.6,visual,False,False
CT009605,C0245,video,Sci-Fi,2026-03-10 02:39:39,19.9,"experimental,cinematic",False,True
CT009606,C0186,cine,Comedy,2026-04-15 01:01:40,41.9,"viral,creative",True,False
CT009607,C0045,mini,Animation,2026-05-23 06:34:58,7.1,"viral,trending",False,True
CT009608,C0396,mini,Fantasy,2026-02-22 17:33:51,10.6,"experimental,cinematic,story",True,False
CT009609,C0261,mini,Romance,2026-01-03 06:18:31,8.8,"visual,character",False,False
CT009610,C0089,mini,Mystery,2026-08-18 16:27:33,23.5,visual,False,False
CT009611,C0429,video,Drama,2025-10-17 15:27:31,49.0,"ai,story",False,False
CT009612,C0457,video,Sci-Fi,2025-10-14 06:52:13,36.5,experimental,False,True
CT009613,C0077,cine,Romance,2026-07-09 08:12:22,72.8,viral,False,False
CT009614,C0263,video,Action,2026-08-15 01:32:38,60.6,"character,cinematic",False,False
CT009615,C0304,image,Drama,2025-11-21 21:17:50,29.2,"animation,character",False,False
CT009616,C0119,image,Animation,2026-06-28 20:15:30,38.9,"experimental,creative,ai",True,False
CT009617,C0158,mini,Documentary,2026-07-23 19:20:01,4.9,"trending,creative",False,False
CT009618,C0193,image,Action,2026-06-24 07:27:23,64.1,creative,True,False
CT009619,C0179,video,Animation,2026-01-29 17:56:22,26.8,character,False,True
CT009620,C0335,image,Drama,2026-05-13 07:07:34,58.4,"animation,character,trending",False,False
CT009621,C0004,cine,Comedy,2026-03-08 02:40:09,72.1,character,False,False
CT009622,C0316,mini,Documentary,2025-06-16 21:53:04,4.5,"experimental,story,animation",False,False
CT009623,C0261,mini,Horror,2025-07-27 23:31:50,10.0,"cinematic,story",True,False
CT009624,C0380,image,Sci-Fi,2026-08-03 15:43:22,69.1,cinematic,False,False
CT009625,C0492,mini,Sci-Fi,2025-10-01 00:26:51,18.5,"visual,trending,viral",False,False
CT009626,C0206,mini,Mystery,2025-08-19 17:41:26,13.8,animation,True,False
CT009627,C0074,image,Fantasy,2026-08-19 10:57:10,29.7,"creative,animation",False,False
CT009628,C0213,video,Documentary,2025-11-02 16:05:56,52.2,"character,trending",False,False
CT009629,C0117,image,Comedy,2026-04-24 17:05:51,117.2,"animation,visual",False,False
CT009630,C0254,cine,Mystery,2026-05-26 09:34:43,33.5,"cinematic,character,ai",False,False
CT009631,C0116,mini,Romance,2026-01-04 13:06:16,7.8,"viral,character,trending",False,False
CT009632,C0005,image,Animation,2026-03-16 22:15:00,126.5,cinematic,False,True
CT009633,C0278,image,Animation,2026-01-24 18:29:53,20.9,experimental,True,False
CT009634,C0162,mini,Horror,2025-12-25 07:54:28,6.2,"creative,ai,cinematic",False,False
CT009635,C0100,video,Mystery,2025-07-11 00:49:51,84.4,"animation,viral,visual",True,False
CT009636,C0001,mini,Animation,2025-07-18 16:31:59,5.7,"animation,trending",False,False
CT009637,C0475,cine,Horror,2026-05-24 04:45:50,43.0,viral,True,False
CT009638,C0420,image,Drama,2026-06-24 12:34:28,179.2,"experimental,visual",False,False
CT009639,C0342,video,Fantasy,2025-07-03 13:01:48,38.5,"visual,experimental,ai",False,False
CT009640,C0182,cine,Comedy,2025-10-19 19:28:53,90.2,story,False,False
CT009641,C0310,cine,Action,2025-11-24 11:14:40,227.7,visual,False,False
CT009642,C0265,video,Action,2025-06-19 09:02:10,53.0,"creative,trending,cinematic",False,False
CT009643,C0002,cine,Comedy,2025-12-05 06:10:43,54.2,"cinematic,visual,experimental",False,False
CT009644,C0457,mini,Horror,2026-08-08 14:45:28,11.9,"cinematic,creative",True,True
CT009645,C0234,cine,Romance,2026-03-03 00:09:44,25.5,"trending,visual,cinematic",False,False
CT009646,C0233,cine,Sci-Fi,2026-07-21 08:35:20,53.9,"character,ai",False,False
CT009647,C0406,image,Horror,2025-12-07 11:35:32,73.6,experimental,False,True
CT009648,C0355,mini,Documentary,2026-05-11 11:28:17,3.9,"experimental,trending",False,False
CT009649,C0254,cine,Comedy,2026-08-13 02:02:33,24.2,"creative,visual",False,False
CT009650,C0426,cine,Animation,2026-02-01 14:58:19,36.6,experimental,False,False
CT009651,C0370,image,Comedy,2026-05-30 20:14:55,72.7,"story,ai",False,False
CT009652,C0283,mini,Fantasy,2025-08-29 00:29:33,11.0,animation,False,False
CT009653,C0342,image,Drama,2026-08-12 10:51:34,51.4,"animation,story",True,False
CT009654,C0082,image,Horror,2026-08-24 23:19:39,94.4,"creative,viral,ai",False,False
CT009655,C0463,mini,Sci-Fi,2026-01-23 13:01:58,13.6,character,False,False
CT009656,C0436,image,Animation,2025-07-17 01:59:11,13.0,animation,True,False
CT009657,C0181,cine,Animation,2025-10-16 19:39:31,62.0,viral,False,True
CT009658,C0023,mini,Romance,2025-10-17 16:40:18,10.2,"cinematic,character",False,False
CT009659,C0413,image,Drama,2026-08-22 11:27:34,51.6,"viral,creative,story",False,False
CT009660,C0248,mini,Fantasy,2025-06-27 21:19:59,16.9,cinematic,False,False
CT009661,C0132,mini,Animation,2025-07-08 00:54:48,12.4,experimental,True,False
CT009662,C0499,video,Drama,2026-06-16 04:54:41,68.5,"ai,experimental",False,False
CT009663,C0279,mini,Romance,2026-07-28 17:57:34,28.5,"cinematic,character",False,False
CT009664,C0103,video,Drama,2025-09-26 04:04:10,65.1,visual,False,False
CT009665,C0301,cine,Comedy,2025-07-14 16:14:13,10.7,"story,viral",False,False
CT009666,C0381,mini,Romance,2026-08-07 05:43:50,11.1,"ai,cinematic",False,False
CT009667,C0222,mini,Drama,2026-06-03 22:46:58,10.4,"viral,character,visual",False,False
CT009668,C0338,mini,Horror,2026-04-28 12:05:32,22.3,"ai,character",True,False
CT009669,C0051,image,Mystery,2026-05-22 15:34:18,59.7,"animation,trending",True,False
CT009670,C0138,mini,Comedy,2026-08-06 22:35:31,19.3,"story,character,cinematic",False,False
CT009671,C0217,cine,Horror,2026-03-28 19:44:25,60.2,"visual,animation,creative",False,False
CT009672,C0060,video,Drama,2025-07-16 17:32:39,68.4,"viral,ai",False,False
CT009673,C0098,video,Sci-Fi,2026-05-23 20:15:44,142.2,"story,viral",False,False
CT009674,C0263,image,Horror,2025-07-09 21:53:33,15.8,"trending,creative,story",True,False
CT009675,C0237,cine,Action,2025-07-11 03:42:01,74.3,"viral,cinematic,story",False,True
CT009676,C0182,mini,Drama,2026-01-07 11:35:43,18.5,visual,False,False
CT009677,C0009,mini,Drama,2025-11-18 07:41:48,9.5,"cinematic,creative,animation",False,False
CT009678,C0200,mini,Action,2026-02-14 15:10:24,18.0,"creative,character,ai",False,False
CT009679,C0243,video,Horror,2025-11-01 10:35:16,22.7,trending,False,True
CT009680,C0494,image,Romance,2026-06-21 04:28:31,22.7,"viral,cinematic,character",False,False
CT009681,C0189,mini,Comedy,2026-08-22 13:52:23,17.0,character,False,False
CT009682,C0258,mini,Horror,2026-08-15 01:55:35,7.1,"cinematic,viral",False,False
CT009683,C0006,mini,Fantasy,2026-01-02 11:25:20,8.1,"cinematic,viral,trending",False,False
CT009684,C0092,mini,Romance,2026-01-27 17:05:07,19.2,"visual,creative",False,False
CT009685,C0303,mini,Romance,2025-06-23 15:22:17,8.2,experimental,True,False
CT009686,C0243,image,Sci-Fi,2026-07-07 04:15:09,41.1,"cinematic,trending,creative",False,False
CT009687,C0156,cine,Horror,2025-09-27 05:55:32,95.4,"creative,animation,trending",False,False
CT009688,C0192,cine,Action,2025-09-21 20:41:16,61.9,"viral,ai,animation",False,False
CT009689,C0292,mini,Horror,2026-06-20 21:39:01,14.0,viral,False,False
CT009690,C0216,cine,Mystery,2026-08-22 04:37:07,70.9,character,False,False
CT009691,C0443,cine,Mystery,2026-07-12 14:10:41,95.7,"animation,story,viral",False,False
CT009692,C0112,mini,Sci-Fi,2025-06-11 14:53:39,13.0,"creative,ai,cinematic",False,False
CT009693,C0433,mini,Comedy,2026-07-28 20:59:57,9.9,"trending,experimental",False,True
CT009694,C0457,cine,Drama,2025-12-10 10:03:01,82.2,"experimental,ai,story",False,False
CT009695,C0244,cine,Romance,2025-08-05 17:13:56,35.1,"story,animation",False,False
CT009696,C0080,cine,Romance,2025-08-08 12:15:47,82.4,story,False,False
CT009697,C0235,video,Documentary,2026-04-10 18:25:25,59.2,"ai,character,trending",False,False
CT009698,C0453,video,Drama,2026-06-04 07:41:06,14.8,animation,False,False
CT009699,C0265,image,Horror,2025-12-01 11:08:47,49.6,viral,False,False
CT009700,C0309,mini,Horror,2026-03-02 04:25:03,8.0,"character,animation",False,False
CT009701,C0193,mini,Animation,2026-05-02 09:01:56,22.0,"visual,story,animation",False,False
CT009702,C0287,image,Horror,2025-12-10 10:00:19,64.1,"animation,cinematic",False,False
CT009703,C0148,video,Romance,2026-06-11 22:02:03,39.1,animation,False,False
CT009704,C0131,video,Fantasy,2025-10-11 21:36:38,45.1,"character,cinematic,ai",False,False
CT009705,C0076,image,Drama,2025-09-28 03:10:25,106.1,"visual,viral",True,True
CT009706,C0349,image,Horror,2026-01-04 22:19:49,40.4,experimental,False,True
CT009707,C0453,mini,Mystery,2026-01-15 03:42:01,7.0,"character,cinematic,viral",False,False
CT009708,C0178,mini,Sci-Fi,2025-10-22 11:47:59,8.1,cinematic,False,False
CT009709,C0032,mini,Drama,2025-10-28 05:49:15,7.6,"viral,ai,trending",False,False
CT009710,C0195,mini,Action,2025-10-17 02:51:58,8.6,"visual,experimental",False,False
CT009711,C0175,image,Horror,2025-12-25 21:34:21,19.3,viral,True,False
CT009712,C0308,mini,Drama,2026-04-12 22:11:39,10.6,"visual,ai",False,True
CT009713,C0080,image,Action,2025-10-11 12:29:57,27.3,ai,False,False
CT009714,C0392,image,Fantasy,2026-04-09 00:11:26,26.0,viral,False,False
CT009715,C0032,video,Romance,2025-11-02 20:58:28,143.8,"ai,visual",False,False
CT009716,C0188,video,Documentary,2025-08-27 05:33:41,17.2,"trending,visual",False,False
CT009717,C0084,image,Romance,2025-10-03 03:46:43,81.8,"ai,viral",False,False
CT009718,C0437,image,Animation,2026-06-09 12:55:45,79.4,"visual,ai,viral",False,False
CT009719,C0222,image,Action,2025-10-15 02:09:11,84.0,"story,character",False,False
CT009720,C0454,mini,Action,2026-03-24 01:26:48,24.5,"story,viral",True,False
CT009721,C0275,image,Action,2026-02-19 13:14:51,132.4,"character,experimental",False,True
CT009722,C0378,video,Mystery,2026-04-12 16:33:27,54.6,"character,creative",False,False
CT009723,C0445,cine,Romance,2026-03-01 17:30:10,47.1,"trending,story",False,False
CT009724,C0413,mini,Comedy,2026-08-28 18:42:02,16.1,ai,True,False
CT009725,C0342,mini,Romance,2026-07-25 20:32:39,16.5,"visual,creative",False,True
CT009726,C0400,mini,Horror,2025-10-26 09:44:29,25.8,creative,False,False
CT009727,C0403,cine,Sci-Fi,2025-11-26 02:30:33,77.5,"character,animation,visual",False,False
CT009728,C0332,image,Mystery,2025-11-14 23:40:28,116.7,"creative,viral,animation",False,True
CT009729,C0275,mini,Animation,2026-03-27 19:20:43,11.7,cinematic,False,False
CT009730,C0253,mini,Drama,2026-01-09 19:17:56,4.4,"viral,character",True,False
CT009731,C0101,image,Mystery,2026-08-15 06:05:22,65.6,"ai,creative",False,False
CT009732,C0285,video,Drama,2026-04-23 01:08:24,88.1,"viral,trending,story",False,False
CT009733,C0426,mini,Comedy,2025-12-30 15:51:39,9.2,"trending,cinematic,visual",False,False
CT009734,C0425,cine,Comedy,2025-10-23 10:19:39,13.1,"cinematic,experimental,character",False,False
CT009735,C0235,mini,Comedy,2026-05-22 07:02:39,20.3,"creative,ai",False,False
CT009736,C0243,mini,Action,2026-06-14 05:45:48,8.3,story,False,False
CT009737,C0386,mini,Mystery,2026-08-17 04:58:15,5.5,"creative,ai,experimental",False,False
CT009738,C0490,mini,Romance,2026-02-05 08:34:24,6.4,"story,visual,ai",False,False
CT009739,C0004,mini,Horror,2026-05-27 03:18:39,7.4,viral,False,False
CT009740,C0351,mini,Documentary,2026-07-08 12:06:56,6.9,"trending,character,ai",False,False
CT009741,C0214,mini,Action,2025-07-07 17:01:44,12.4,trending,False,True
CT009742,C0112,video,Sci-Fi,2025-08-06 19:45:04,123.3,"viral,creative",False,False
CT009743,C0166,video,Horror,2025-08-28 01:25:30,34.1,"animation,character",False,False
CT009744,C0496,video,Action,2025-09-13 14:47:40,70.2,"story,ai",True,False
CT009745,C0148,mini,Romance,2025-10-13 11:12:25,13.6,character,False,False
CT009746,C0244,mini,Fantasy,2025-06-02 16:59:27,6.6,"cinematic,creative,trending",False,False
CT009747,C0335,mini,Drama,2026-04-09 21:56:43,37.3,"story,visual,viral",False,False
CT009748,C0131,mini,Mystery,2026-03-04 19:34:04,10.4,visual,False,False
CT009749,C0413,image,Animation,2026-04-03 04:13:13,62.1,visual,True,False
CT009750,C0036,image,Animation,2026-05-24 18:56:34,42.0,"cinematic,experimental,story",False,False
CT009751,C0427,mini,Romance,2025-08-02 12:59:29,11.7,"viral,character",False,False
CT009752,C0347,mini,Romance,2025-10-27 21:03:10,11.2,experimental,False,False
CT009753,C0402,cine,Horror,2025-12-22 21:39:41,91.6,"character,story",False,False
CT009754,C0047,image,Comedy,2025-09-30 11:07:46,56.8,"animation,visual",False,False
CT009755,C0407,cine,Romance,2025-12-10 08:23:15,37.4,"story,viral,animation",False,False
CT009756,C0142,mini,Documentary,2025-12-29 18:49:37,22.4,"viral,creative",False,False
CT009757,C0417,cine,Mystery,2026-04-11 13:55:08,78.8,"story,trending",False,False
CT009758,C0176,cine,Drama,2025-09-09 14:39:12,43.2,"experimental,story,visual",False,False
CT009759,C0347,image,Documentary,2025-09-27 23:48:38,63.7,"experimental,ai,character",False,False
CT009760,C0496,mini,Drama,2025-10-08 22:59:01,28.6,"trending,visual",False,False
CT009761,C0385,image,Fantasy,2025-09-17 10:12:52,131.0,"creative,visual",False,False
CT009762,C0041,mini,Comedy,2026-06-12 20:56:41,7.7,ai,False,False
CT009763,C0111,mini,Drama,2026-02-28 02:33:07,13.8,"viral,ai,character",False,False
CT009764,C0065,image,Mystery,2026-06-02 12:04:44,94.3,animation,False,False
CT009765,C0474,video,Sci-Fi,2025-07-08 18:29:12,102.9,"viral,experimental,creative",False,False
CT009766,C0161,video,Horror,2026-04-19 11:34:47,41.6,"story,cinematic,ai",False,False
CT009767,C0252,image,Mystery,2026-04-01 23:56:33,45.5,"animation,character",True,False
CT009768,C0288,image,Comedy,2026-05-25 17:51:14,64.3,"story,ai",False,False
CT009769,C0131,mini,Comedy,2025-12-18 09:06:26,3.5,"creative,viral,trending",False,False
CT009770,C0183,video,Action,2026-05-06 00:33:38,33.8,"cinematic,viral,story",False,False
CT009771,C0228,cine,Animation,2026-01-31 13:45:26,24.8,visual,False,False
CT009772,C0008,image,Comedy,2026-06-04 04:35:26,184.8,"animation,character,trending",True,False
CT009773,C0412,cine,Action,2026-06-01 16:57:43,21.2,"cinematic,creative",False,False
CT009774,C0453,video,Action,2026-06-20 20:26:30,21.8,"viral,story",True,False
CT009775,C0341,image,Animation,2025-08-22 12:33:12,11.0,animation,False,False
CT009776,C0217,mini,Romance,2026-04-24 08:13:44,6.0,character,False,True
CT009777,C0073,video,Action,2025-09-04 17:39:09,28.1,"experimental,animation",False,False
CT009778,C0166,mini,Drama,2026-01-03 20:12:19,7.7,cinematic,False,True
CT009779,C0220,mini,Comedy,2026-07-16 21:25:26,11.7,visual,False,False
CT009780,C0103,mini,Horror,2025-07-28 12:28:36,13.8,story,False,False
CT009781,C0376,mini,Horror,2026-05-04 21:15:52,14.4,"animation,viral",False,False
CT009782,C0221,image,Romance,2025-10-18 01:58:33,56.9,"trending,visual,creative",False,False
CT009783,C0347,mini,Sci-Fi,2025-09-28 18:57:04,19.0,cinematic,False,True
CT009784,C0255,video,Documentary,2025-06-23 19:15:32,127.8,experimental,False,False
CT009785,C0096,mini,Comedy,2026-04-25 15:39:19,7.7,"animation,ai,story",False,False
CT009786,C0327,mini,Comedy,2026-06-14 11:16:39,4.8,"viral,trending,cinematic",True,False
CT009787,C0374,image,Sci-Fi,2025-12-26 11:28:22,53.6,"character,trending",False,False
CT009788,C0205,mini,Comedy,2025-08-29 06:56:49,12.7,"animation,experimental",True,False
CT009789,C0332,mini,Documentary,2026-03-09 11:33:29,9.4,"trending,character",False,False
CT009790,C0492,mini,Documentary,2026-08-20 04:46:31,16.7,trending,False,True
CT009791,C0122,mini,Comedy,2026-05-25 17:03:03,6.3,"viral,trending",False,False
CT009792,C0444,cine,Comedy,2026-05-13 02:40:52,104.2,"experimental,ai",False,False
CT009793,C0157,mini,Sci-Fi,2025-06-21 09:48:10,18.0,creative,False,False
CT009794,C0022,image,Drama,2026-07-16 06:02:09,69.9,"viral,ai,animation",False,False
CT009795,C0208,image,Comedy,2026-03-06 16:46:06,29.0,animation,False,False
CT009796,C0411,image,Fantasy,2026-03-24 05:36:41,44.7,cinematic,False,False
CT009797,C0334,cine,Comedy,2025-11-02 08:09:34,154.0,"experimental,animation,ai",False,False
CT009798,C0167,mini,Comedy,2026-07-08 01:13:59,10.0,"experimental,story,ai",True,False
CT009799,C0474,video,Sci-Fi,2026-01-22 08:43:46,22.3,cinematic,False,False
CT009800,C0491,mini,Drama,2025-09-21 19:21:39,12.2,"ai,story",False,True
CT009801,C0497,image,Action,2025-11-13 20:55:43,75.9,"character,story",False,False
CT009802,C0272,mini,Mystery,2025-09-09 13:18:55,20.9,"ai,character",False,False
CT009803,C0345,image,Action,2026-08-04 02:50:47,122.9,"ai,trending,animation",False,False
CT009804,C0266,cine,Animation,2026-06-01 11:53:21,46.5,"story,experimental",False,False
CT009805,C0205,mini,Romance,2026-02-28 07:17:00,24.4,"animation,viral,story",False,False
CT009806,C0261,image,Action,2026-05-18 02:40:12,56.9,animation,False,False
CT009807,C0035,mini,Documentary,2026-06-22 01:10:49,12.3,"trending,experimental",False,False
CT009808,C0080,image,Documentary,2025-11-07 02:15:41,92.1,"visual,creative",False,False
CT009809,C0295,cine,Fantasy,2025-09-26 01:36:03,31.0,"visual,viral,ai",False,False
CT009810,C0210,mini,Romance,2026-07-22 03:35:20,9.9,"animation,story",True,False
CT009811,C0242,cine,Action,2025-11-14 06:17:51,107.3,"creative,character",False,False
CT009812,C0450,cine,Mystery,2025-06-19 12:52:22,108.5,"ai,viral,cinematic",True,False
CT009813,C0335,mini,Romance,2026-05-25 21:39:47,19.0,"visual,experimental,creative",False,False
CT009814,C0036,image,Comedy,2025-09-10 23:01:50,73.3,"character,cinematic",False,True
CT009815,C0479,mini,Animation,2025-09-15 21:43:25,11.6,"ai,viral",True,True
CT009816,C0430,mini,Mystery,2026-04-17 10:26:01,10.1,"cinematic,viral",False,False
CT009817,C0084,mini,Drama,2026-08-30 23:55:53,14.4,"creative,visual",False,False
CT009818,C0424,video,Drama,2025-07-11 16:56:59,51.4,visual,True,False
CT009819,C0186,mini,Horror,2026-03-28 23:54:35,13.6,"trending,viral",False,False
CT009820,C0184,image,Action,2025-10-30 22:43:03,141.4,experimental,True,False
CT009821,C0289,image,Drama,2026-07-14 22:47:13,27.0,"character,story,visual",True,False
CT009822,C0453,cine,Action,2026-07-16 09:09:58,30.8,story,False,False
CT009823,C0177,cine,Drama,2025-07-18 15:48:35,47.1,"creative,experimental,viral",False,False
CT009824,C0283,mini,Horror,2025-06-22 11:29:32,11.4,"cinematic,character",False,False
CT009825,C0087,mini,Action,2025-12-06 16:57:02,7.6,"animation,visual",True,False
CT009826,C0044,image,Comedy,2025-06-29 23:50:32,42.6,"visual,viral",True,False
CT009827,C0300,cine,Comedy,2025-11-01 04:19:19,95.3,"trending,story",False,False
CT009828,C0115,mini,Comedy,2025-08-19 03:58:35,7.8,"character,visual,ai",False,False
CT009829,C0020,mini,Documentary,2026-08-17 18:13:37,6.7,"story,experimental",True,False
CT009830,C0005,mini,Action,2026-04-20 04:25:07,8.6,"trending,experimental",False,False
CT009831,C0183,mini,Mystery,2025-08-06 00:08:04,17.7,"animation,character",False,False
CT009832,C0124,mini,Comedy,2026-03-11 00:48:41,5.5,"viral,visual",True,False
CT009833,C0486,video,Horror,2026-05-08 03:53:53,152.0,cinematic,False,False
CT009834,C0240,video,Horror,2026-06-05 04:25:59,173.6,"story,character,cinematic",False,False
CT009835,C0237,mini,Mystery,2026-03-15 15:59:06,8.1,story,False,False
CT009836,C0080,cine,Action,2026-02-23 09:21:10,69.0,trending,False,True
CT009837,C0051,mini,Horror,2026-06-24 05:15:30,11.9,"creative,cinematic",False,False
CT009838,C0150,cine,Romance,2025-09-23 05:29:04,23.2,"character,cinematic",False,True
CT009839,C0418,mini,Fantasy,2026-08-20 15:25:53,10.6,story,False,False
CT009840,C0305,cine,Drama,2025-09-06 06:23:39,96.4,trending,False,False
CT009841,C0090,cine,Mystery,2026-06-03 11:40:06,100.3,"animation,ai,creative",False,False
CT009842,C0019,cine,Comedy,2026-08-15 13:29:24,133.4,"creative,story",False,False
CT009843,C0125,mini,Drama,2025-09-23 23:33:33,4.5,story,False,False
CT009844,C0136,cine,Horror,2026-03-25 04:36:45,37.4,"viral,cinematic,experimental",True,False
CT009845,C0482,mini,Fantasy,2026-06-16 09:58:57,11.1,cinematic,False,False
CT009846,C0083,cine,Horror,2025-10-15 14:26:53,62.9,viral,False,False
CT009847,C0388,video,Sci-Fi,2026-01-27 04:51:05,75.9,visual,True,False
CT009848,C0194,mini,Animation,2026-06-01 06:37:59,7.8,"creative,cinematic",False,False
CT009849,C0161,mini,Animation,2026-03-25 21:49:13,3.6,"viral,experimental",False,False
CT009850,C0105,cine,Horror,2026-06-04 14:30:33,73.7,"story,animation,character",False,False
CT009851,C0319,mini,Comedy,2025-10-06 21:09:28,10.2,ai,False,False
CT009852,C0341,cine,Animation,2026-01-18 13:18:37,49.9,"ai,visual,viral",False,False
CT009853,C0244,image,Animation,2026-06-08 02:28:41,49.8,viral,False,False
CT009854,C0467,image,Drama,2025-09-11 19:46:27,29.6,"creative,experimental,visual",False,False
CT009855,C0442,cine,Documentary,2025-12-20 16:11:40,99.9,creative,False,False
CT009856,C0395,mini,Romance,2026-01-27 05:33:13,17.5,"visual,creative,experimental",True,True
CT009857,C0281,mini,Mystery,2026-06-04 14:46:17,15.7,animation,False,False
CT009858,C0259,image,Action,2026-05-09 16:01:15,35.6,experimental,True,False
CT009859,C0326,cine,Mystery,2025-12-12 19:52:10,32.0,creative,True,False
CT009860,C0292,mini,Comedy,2026-08-10 00:27:41,11.7,"character,creative,experimental",False,False
CT009861,C0075,image,Sci-Fi,2026-03-09 03:26:03,34.7,"experimental,ai",False,False
CT009862,C0322,cine,Animation,2026-03-10 01:26:52,50.6,story,False,False
CT009863,C0127,mini,Romance,2025-07-17 23:10:18,20.9,"character,experimental,story",False,False
CT009864,C0370,mini,Animation,2025-09-13 01:37:43,15.0,"story,character",False,False
CT009865,C0014,video,Documentary,2025-07-13 03:56:50,56.6,"ai,character",False,False
CT009866,C0029,image,Drama,2025-06-08 13:51:43,86.9,"animation,creative",False,False
CT009867,C0295,image,Comedy,2026-08-09 13:17:41,42.5,ai,False,False
CT009868,C0394,mini,Sci-Fi,2025-10-07 12:54:40,17.5,"creative,ai",False,False
CT009869,C0278,cine,Mystery,2026-04-28 02:03:37,137.9,"animation,visual,viral",True,False
CT009870,C0089,video,Romance,2026-01-25 19:35:58,28.2,character,False,False
CT009871,C0150,video,Animation,2025-08-18 17:58:38,67.1,"trending,animation,story",False,False
CT009872,C0222,mini,Mystery,2026-06-06 13:49:43,17.3,"character,ai",False,False
CT009873,C0116,mini,Mystery,2026-02-28 13:36:57,12.1,cinematic,False,False
CT009874,C0481,cine,Mystery,2026-05-10 06:15:02,30.6,"cinematic,trending",True,True
CT009875,C0225,mini,Drama,2026-05-23 05:24:15,12.5,"visual,ai,trending",False,False
CT009876,C0446,mini,Action,2026-06-09 18:34:44,11.8,trending,False,False
CT009877,C0055,cine,Comedy,2026-03-01 00:16:34,22.5,trending,False,False
CT009878,C0229,mini,Horror,2025-08-13 21:03:27,14.2,"viral,visual",False,False
CT009879,C0426,image,Mystery,2025-12-22 11:48:21,24.5,visual,False,False
CT009880,C0140,mini,Comedy,2026-05-01 21:41:35,8.1,cinematic,False,True
CT009881,C0416,mini,Comedy,2026-06-16 20:55:40,21.2,experimental,False,False
CT009882,C0380,image,Romance,2026-01-26 04:04:47,10.6,"character,trending",False,False
CT009883,C0294,cine,Mystery,2025-06-24 03:40:50,145.2,trending,False,False
CT009884,C0023,video,Action,2026-08-26 14:58:36,81.3,"trending,cinematic,story",True,False
CT009885,C0449,mini,Sci-Fi,2026-03-16 19:13:32,8.6,"ai,creative",False,False
CT009886,C0238,cine,Mystery,2026-02-10 13:13:07,175.2,experimental,False,False
CT009887,C0304,cine,Drama,2026-01-02 16:35:49,119.9,"cinematic,visual",True,False
CT009888,C0341,video,Horror,2025-12-15 00:02:04,40.5,"viral,trending",False,False
CT009889,C0245,mini,Action,2026-03-23 13:31:58,13.5,"character,cinematic",True,False
CT009890,C0080,cine,Action,2026-03-13 09:00:10,59.1,animation,False,False
CT009891,C0298,mini,Mystery,2025-10-11 10:40:50,17.7,"viral,story",False,False
CT009892,C0299,video,Comedy,2025-11-26 12:52:54,205.4,"trending,creative",False,False
CT009893,C0043,mini,Horror,2025-08-14 02:07:50,20.6,character,False,False
CT009894,C0100,cine,Drama,2025-10-22 20:22:10,96.4,creative,False,False
CT009895,C0109,image,Romance,2026-08-19 05:34:33,56.1,visual,False,False
CT009896,C0180,mini,Comedy,2025-09-23 04:01:08,7.9,"experimental,visual,story",False,True
CT009897,C0280,mini,Drama,2026-06-30 02:07:46,18.1,"story,viral,animation",True,False
CT009898,C0304,mini,Action,2025-12-19 06:00:54,14.0,experimental,False,False
CT009899,C0057,mini,Sci-Fi,2026-07-20 11:28:01,8.6,"ai,animation",True,False
CT009900,C0429,mini,Horror,2026-02-16 15:45:51,10.4,"creative,experimental,trending",False,False
CT009901,C0403,mini,Animation,2026-05-17 13:17:54,6.9,character,False,True
CT009902,C0048,image,Horror,2025-11-24 21:23:02,68.0,character,True,False
CT009903,C0084,image,Animation,2025-06-30 14:29:07,178.7,animation,False,False
CT009904,C0421,image,Horror,2025-11-10 10:55:29,155.5,"trending,viral,creative",False,False
CT009905,C0208,mini,Documentary,2026-03-14 07:52:34,20.5,"cinematic,trending",True,False
CT009906,C0214,cine,Documentary,2025-09-15 10:53:48,66.2,"trending,animation",False,False
CT009907,C0243,image,Sci-Fi,2025-11-21 22:15:18,168.9,"trending,ai",False,False
CT009908,C0494,video,Documentary,2025-06-20 08:43:52,76.4,story,True,False
CT009909,C0078,mini,Fantasy,2025-10-31 10:27:04,12.6,character,True,False
CT009910,C0466,image,Mystery,2025-07-15 12:09:49,173.7,story,False,True
CT009911,C0121,cine,Action,2025-09-22 15:28:18,155.5,story,False,False
CT009912,C0446,cine,Sci-Fi,2025-11-23 05:51:17,63.8,character,False,False
CT009913,C0237,mini,Horror,2025-08-22 09:08:13,10.2,"creative,animation",False,False
CT009914,C0375,image,Mystery,2025-07-07 13:26:00,105.3,visual,False,False
CT009915,C0051,mini,Action,2025-08-03 14:08:01,5.7,"visual,cinematic,animation",True,False
CT009916,C0183,mini,Romance,2026-03-26 04:13:11,7.9,animation,False,False
CT009917,C0092,mini,Comedy,2025-07-26 06:30:47,7.9,"ai,character,story",False,False
CT009918,C0282,video,Drama,2025-06-16 13:25:50,42.7,creative,False,True
CT009919,C0012,image,Documentary,2026-04-21 11:21:13,78.9,visual,True,False
CT009920,C0190,mini,Documentary,2025-12-29 17:56:27,7.0,"animation,experimental,creative",False,False
CT009921,C0254,mini,Horror,2026-07-30 06:28:19,7.8,"cinematic,experimental,trending",True,False
CT009922,C0239,image,Romance,2025-11-22 22:50:26,71.4,"visual,story",False,False
CT009923,C0414,video,Action,2025-11-21 10:11:26,56.3,"creative,trending,viral",True,False
CT009924,C0299,cine,Mystery,2025-06-23 16:32:09,94.8,ai,True,False
CT009925,C0403,cine,Sci-Fi,2025-07-19 08:15:47,82.5,"trending,cinematic",True,True
CT009926,C0251,mini,Fantasy,2026-06-19 00:29:29,6.4,"story,experimental,trending",False,False
CT009927,C0177,mini,Fantasy,2025-09-09 20:21:20,11.6,"creative,cinematic,character",True,False
CT009928,C0149,mini,Romance,2025-07-04 04:02:15,24.9,"creative,animation",False,False
CT009929,C0341,cine,Drama,2026-05-07 15:05:10,77.1,"experimental,ai,trending",False,False
CT009930,C0461,cine,Sci-Fi,2026-08-30 05:56:25,17.3,experimental,False,False
CT009931,C0496,mini,Horror,2025-11-06 22:17:19,12.6,"experimental,visual",False,False
CT009932,C0116,mini,Action,2025-11-23 11:50:18,15.6,"character,creative",False,False
CT009933,C0213,mini,Horror,2026-03-30 05:56:27,19.0,"creative,viral",False,False
CT009934,C0303,image,Action,2025-07-20 13:00:40,17.4,"creative,ai,viral",False,False
CT009935,C0450,mini,Comedy,2025-09-02 18:20:47,13.9,"experimental,story",False,False
CT009936,C0155,image,Mystery,2026-07-04 01:05:14,44.5,"cinematic,animation",False,True
CT009937,C0388,mini,Horror,2026-05-12 02:10:22,5.7,"viral,ai,story",False,False
CT009938,C0417,mini,Horror,2025-08-06 02:54:06,16.5,"ai,visual",False,True
CT009939,C0090,mini,Romance,2026-03-26 18:13:30,5.9,trending,False,False
CT009940,C0157,mini,Mystery,2026-08-11 04:26:26,18.3,"character,creative",False,True
CT009941,C0213,mini,Comedy,2025-09-10 08:09:33,9.0,"creative,trending",False,False
CT009942,C0420,mini,Horror,2025-09-07 08:07:41,6.6,"ai,viral,story",False,False
CT009943,C0466,cine,Drama,2026-07-30 23:31:02,140.6,"trending,viral",False,False
CT009944,C0084,image,Romance,2026-08-13 03:39:14,99.6,"ai,creative,experimental",False,False
CT009945,C0088,image,Romance,2026-01-25 07:59:20,70.5,"creative,animation,story",False,False
CT009946,C0191,mini,Mystery,2026-01-05 15:03:43,13.3,"story,ai",True,False
CT009947,C0030,mini,Fantasy,2025-09-09 06:10:56,4.7,"visual,creative",True,False
CT009948,C0258,image,Animation,2025-06-26 12:35:07,68.4,"cinematic,creative,visual",False,False
CT009949,C0135,mini,Fantasy,2026-02-14 09:44:04,23.3,"character,experimental",False,False
CT009950,C0188,image,Romance,2025-08-08 20:29:28,48.2,"story,viral,visual",False,False
CT009951,C0002,video,Horror,2025-12-07 09:18:55,74.1,cinematic,False,True
CT009952,C0116,mini,Fantasy,2026-08-02 12:52:42,8.5,"story,ai,viral",False,False
CT009953,C0064,mini,Fantasy,2026-07-24 05:13:03,21.7,"viral,animation",False,False
CT009954,C0115,mini,Animation,2025-12-28 15:22:40,17.8,"ai,cinematic,trending",False,False
CT009955,C0205,mini,Animation,2025-10-20 07:03:55,4.3,character,False,False
CT009956,C0118,mini,Romance,2026-08-20 01:40:41,7.5,viral,True,False
CT009957,C0383,video,Romance,2026-07-10 03:46:48,71.1,creative,False,True
CT009958,C0225,mini,Fantasy,2026-03-03 06:38:24,25.5,"story,cinematic,experimental",False,False
CT009959,C0106,mini,Fantasy,2026-05-05 12:39:31,7.5,"creative,character,ai",False,False
CT009960,C0310,mini,Documentary,2025-12-18 11:12:50,9.1,"character,creative,experimental",False,False
CT009961,C0424,mini,Drama,2026-04-07 00:44:22,6.4,visual,False,False
CT009962,C0248,cine,Animation,2026-02-08 18:45:08,16.1,"character,viral",False,False
CT009963,C0492,mini,Fantasy,2025-08-23 19:51:51,20.4,"creative,cinematic",True,False
CT009964,C0178,cine,Action,2025-07-02 12:56:04,28.5,trending,False,False
CT009965,C0228,image,Mystery,2025-07-10 06:39:58,69.6,"viral,cinematic",False,False
CT009966,C0213,image,Drama,2026-05-31 13:12:41,40.4,viral,False,False
CT009967,C0497,mini,Drama,2026-06-30 04:23:57,31.2,"cinematic,viral",False,True
CT009968,C0360,mini,Animation,2026-01-21 00:49:13,12.9,"viral,story,cinematic",False,True
CT009969,C0285,image,Drama,2026-02-16 04:00:38,43.3,visual,False,False
CT009970,C0183,mini,Drama,2026-07-24 22:24:04,9.1,"trending,character,cinematic",False,False
CT009971,C0031,mini,Animation,2026-08-15 04:09:18,13.6,"ai,cinematic",False,False
CT009972,C0448,mini,Action,2026-04-23 03:46:07,5.8,"experimental,visual,story",False,False
CT009973,C0060,cine,Comedy,2026-01-22 11:24:44,13.1,"cinematic,creative",False,False
CT009974,C0365,cine,Horror,2025-12-23 01:53:48,75.2,"ai,animation",False,False
CT009975,C0254,video,Comedy,2026-02-25 16:06:12,237.4,"story,visual,animation",False,False
CT009976,C0348,image,Horror,2026-05-08 08:51:07,49.7,animation,True,False
CT009977,C0461,video,Documentary,2026-08-29 16:21:29,44.9,ai,False,False
CT009978,C0098,video,Action,2026-03-30 11:58:20,34.3,cinematic,True,False
CT009979,C0051,mini,Romance,2026-04-23 10:43:07,18.6,"experimental,visual,story",False,False
CT009980,C0186,mini,Drama,2025-06-12 15:55:51,14.9,"visual,story,ai",True,False
CT009981,C0285,image,Comedy,2025-11-12 04:10:06,31.4,"viral,character",False,False
CT009982,C0034,video,Action,2025-10-06 12:26:40,103.0,"ai,viral",True,False
CT009983,C0406,image,Sci-Fi,2026-06-13 11:23:30,71.8,story,False,False
CT009984,C0300,mini,Documentary,2025-09-25 12:21:40,24.4,trending,False,False
CT009985,C0491,mini,Animation,2025-10-13 17:52:55,18.3,"animation,creative",False,True
CT009986,C0144,video,Animation,2026-03-25 19:41:33,69.4,viral,False,False
CT009987,C0451,mini,Comedy,2026-01-26 10:25:42,18.1,"character,experimental,ai",False,False
CT009988,C0188,video,Drama,2025-12-03 20:30:27,62.4,"animation,visual,story",False,False
CT009989,C0051,mini,Horror,2025-09-17 12:06:04,15.7,viral,False,False
CT009990,C0420,video,Documentary,2026-07-15 01:54:52,78.9,"creative,trending,viral",False,False
CT009991,C0039,mini,Sci-Fi,2026-08-28 13:48:33,6.6,"visual,story,viral",False,False
CT009992,C0356,video,Documentary,2025-06-30 13:03:48,22.3,"character,experimental",False,True
CT009993,C0103,cine,Drama,2026-08-01 03:25:10,105.9,"experimental,viral,creative",False,False
CT009994,C0336,image,Documentary,2026-06-11 19:28:24,46.3,character,True,False
CT009995,C0140,mini,Fantasy,2026-07-04 11:33:32,12.1,"experimental,visual,cinematic",True,False
CT009996,C0043,mini,Animation,2025-12-18 17:14:50,14.1,cinematic,False,False
CT009997,C0431,mini,Fantasy,2025-11-30 22:05:53,4.5,animation,False,False
CT009998,C0177,image,Drama,2026-03-07 08:56:43,66.9,"trending,experimental,ai",False,False
CT009999,C0319,mini,Romance,2026-04-29 04:59:59,11.2,"story,cinematic",False,False
CT010000,C0020,image,Animation,2026-07-31 23:06:33,18.1,"creative,experimental,character",False,False
