user_id,country,age_group,signup_date,following_count,creator_flag,preferred_genres
U00001,India,13-17,2024-02-08 19:21:10,15,True,"['Action', 'Romance', 'Documentary']"
U00002,Germany,25-34,2024-09-16 07:07:10,17,False,"['Animation', 'Documentary', 'Comedy', 'Horror']"
U00003,Australia,45+,2024-10-21 15:28:07,20,False,"['Documentary', 'Animation', 'Comedy', 'Horror']"
U00004,Canada,35-44,2025-01-13 15:33:45,13,False,"['Animation', 'Drama']"
U00005,Canada,18-24,2024-10-22 19:41:57,24,False,"['Romance', 'Mystery']"
U00006,Singapore,18-24,2024-04-07 07:30:01,23,False,['Mystery']
U00007,India,45+,2024-07-08 15:30:39,17,False,"['Animation', 'Mystery', 'Horror']"
U00008,Australia,45+,2024-08-17 10:33:12,15,False,"['Fantasy', 'Mystery', 'Documentary', 'Action']"
U00009,United States,25-34,2025-05-23 16:46:32,22,False,['Romance']
U00010,India,25-34,2024-10-02 07:38:01,22,False,"['Horror', 'Sci-Fi', 'Mystery', 'Action']"
U00011,Canada,25-34,2024-11-24 06:48:33,20,False,['Mystery']
U00012,Singapore,25-34,2025-01-15 06:53:42,20,False,"['Comedy', 'Documentary']"
U00013,Germany,18-24,2024-07-06 06:39:45,22,False,['Horror']
U00014,Germany,18-24,2025-05-13 14:56:29,20,True,"['Drama', 'Action', 'Comedy', 'Mystery']"
U00015,Germany,18-24,2024-12-14 22:17:09,19,False,"['Action', 'Fantasy']"
U00016,Germany,35-44,2025-03-14 13:24:10,23,True,"['Action', 'Romance', 'Horror', 'Comedy']"
U00017,Canada,18-24,2025-01-22 08:20:07,19,False,"['Documentary', 'Comedy', 'Sci-Fi']"
U00018,India,18-24,2024-11-17 07:48:02,15,False,"['Sci-Fi', 'Mystery', 'Comedy']"
U00019,Germany,25-34,2024-01-16 23:06:53,18,False,"['Sci-Fi', 'Mystery']"
U00020,Canada,18-24,2024-10-28 17:48:48,20,True,"['Fantasy', 'Mystery']"
U00021,Canada,18-24,2024-03-07 22:58:01,12,False,['Fantasy']
U00022,United Kingdom,25-34,2024-11-07 20:20:25,28,False,"['Romance', 'Fantasy', 'Horror']"
U00023,United States,18-24,2024-12-28 14:57:37,31,False,"['Horror', 'Mystery']"
U00024,Singapore,25-34,2024-10-08 20:34:35,13,False,"['Comedy', 'Sci-Fi', 'Horror']"
U00025,Germany,45+,2024-06-08 11:08:09,27,False,['Sci-Fi']
U00026,Australia,18-24,2024-01-31 16:34:28,24,False,"['Romance', 'Action', 'Documentary']"
U00027,United Kingdom,45+,2024-12-12 22:25:01,23,False,"['Sci-Fi', 'Comedy']"
U00028,Germany,45+,2024-12-27 00:27:41,15,True,['Romance']
U00029,Canada,35-44,2024-09-04 02:11:53,23,False,"['Comedy', 'Action', 'Animation', 'Mystery']"
U00030,Canada,25-34,2025-01-05 08:18:25,16,False,"['Comedy', 'Fantasy', 'Horror', 'Documentary']"
U00031,Canada,25-34,2025-02-06 19:15:46,25,False,['Animation']
U00032,United States,25-34,2024-09-21 22:51:22,20,True,"['Drama', 'Animation', 'Horror', 'Sci-Fi']"
U00033,India,25-34,2024-01-25 15:33:29,13,False,['Action']
U00034,Canada,13-17,2025-03-25 23:46:09,22,False,"['Horror', 'Romance']"
U00035,Singapore,45+,2024-08-29 07:16:20,33,False,"['Horror', 'Mystery', 'Drama']"
U00036,India,25-34,2024-12-13 15:35:45,24,False,"['Romance', 'Mystery', 'Comedy']"
U00037,Singapore,35-44,2025-04-15 22:39:44,17,False,"['Mystery', 'Drama']"
U00038,Germany,18-24,2024-07-06 11:56:35,18,False,"['Sci-Fi', 'Romance']"
U00039,United States,13-17,2024-11-17 13:42:09,17,False,['Action']
U00040,Australia,25-34,2024-01-11 04:22:03,26,False,"['Action', 'Romance', 'Comedy', 'Sci-Fi']"
U00041,United States,25-34,2025-04-02 13:41:23,19,False,"['Animation', 'Romance', 'Comedy', 'Documentary']"
U00042,Germany,25-34,2024-01-31 14:04:39,20,False,"['Action', 'Romance']"
U00043,Australia,18-24,2024-10-06 18:15:34,17,False,"['Documentary', 'Drama', 'Mystery']"
U00044,United Kingdom,18-24,2024-06-30 21:06:46,16,False,['Animation']
U00045,India,25-34,2024-01-19 12:03:17,14,False,"['Sci-Fi', 'Action', 'Drama']"
U00046,Singapore,18-24,2024-08-26 21:48:10,17,False,"['Fantasy', 'Drama', 'Animation']"
U00047,Canada,45+,2025-04-28 16:50:42,30,False,"['Drama', 'Fantasy']"
U00048,Singapore,18-24,2024-03-27 06:32:12,18,False,['Documentary']
U00049,Australia,18-24,2024-05-31 02:30:37,13,False,"['Drama', 'Comedy', 'Romance']"
U00050,Germany,18-24,2024-04-07 21:11:08,25,False,"['Action', 'Horror', 'Drama']"
U00051,Germany,25-34,2024-03-05 14:39:17,16,False,['Horror']
U00052,United States,25-34,2024-04-29 00:27:45,22,False,"['Comedy', 'Romance', 'Documentary', 'Sci-Fi']"
U00053,United Kingdom,25-34,2024-10-22 15:18:59,10,False,"['Fantasy', 'Sci-Fi', 'Documentary', 'Horror']"
U00054,Canada,45+,2025-02-07 12:36:34,25,True,"['Animation', 'Action', 'Documentary', 'Romance']"
U00055,Canada,18-24,2024-12-22 21:20:21,14,False,"['Documentary', 'Romance']"
U00056,India,25-34,2025-02-02 18:08:22,28,False,"['Comedy', 'Animation']"
U00057,Canada,13-17,2025-01-04 23:10:47,11,True,"['Action', 'Mystery']"
U00058,United States,18-24,2024-07-16 23:30:24,22,False,"['Sci-Fi', 'Documentary', 'Mystery']"
U00059,Germany,25-34,2025-04-10 10:14:22,27,True,"['Drama', 'Animation', 'Comedy', 'Fantasy']"
U00060,Australia,13-17,2024-03-30 02:41:50,18,False,"['Action', 'Drama']"
U00061,Singapore,25-34,2024-12-27 18:48:49,18,True,"['Documentary', 'Action', 'Romance', 'Fantasy']"
U00062,Germany,25-34,2024-02-27 08:09:04,24,False,['Action']
U00063,United Kingdom,35-44,2025-01-30 19:25:01,23,False,"['Fantasy', 'Drama', 'Sci-Fi']"
U00064,Singapore,25-34,2024-02-15 01:06:01,21,False,"['Documentary', 'Mystery', 'Drama', 'Comedy']"
U00065,United Kingdom,25-34,2024-04-21 18:23:15,20,False,['Fantasy']
U00066,United Kingdom,18-24,2024-07-21 06:59:34,14,False,"['Sci-Fi', 'Romance', 'Animation', 'Action']"
U00067,Singapore,13-17,2024-12-25 00:58:06,17,False,"['Animation', 'Mystery', 'Action', 'Documentary']"
U00068,United Kingdom,18-24,2024-01-24 13:05:25,15,False,"['Documentary', 'Action', 'Drama', 'Sci-Fi']"
U00069,India,25-34,2024-05-13 01:15:43,23,False,"['Fantasy', 'Documentary', 'Comedy']"
U00070,Canada,45+,2024-06-21 11:44:36,23,False,"['Documentary', 'Comedy', 'Romance', 'Animation']"
U00071,Germany,13-17,2025-01-12 22:30:40,22,False,"['Documentary', 'Horror']"
U00072,United States,25-34,2025-05-12 02:42:16,21,False,"['Action', 'Drama']"
U00073,Canada,35-44,2024-11-13 12:35:16,10,False,"['Sci-Fi', 'Mystery']"
U00074,India,35-44,2024-09-19 09:07:02,13,False,['Comedy']
U00075,Australia,25-34,2024-06-22 20:33:38,18,False,"['Comedy', 'Sci-Fi', 'Mystery']"
U00076,Canada,25-34,2025-03-01 07:22:29,14,False,"['Documentary', 'Sci-Fi', 'Action']"
U00077,United Kingdom,25-34,2024-02-25 10:41:40,20,False,"['Documentary', 'Romance']"
U00078,United States,35-44,2024-03-07 19:55:54,28,False,"['Documentary', 'Romance', 'Mystery']"
U00079,Canada,18-24,2024-04-14 00:16:26,22,False,"['Mystery', 'Romance']"
U00080,Australia,45+,2024-05-18 14:19:17,25,False,"['Animation', 'Romance', 'Sci-Fi']"
U00081,Singapore,13-17,2024-08-26 15:28:59,24,False,"['Fantasy', 'Mystery', 'Sci-Fi']"
U00082,Canada,35-44,2025-05-04 08:44:53,20,False,"['Horror', 'Action', 'Mystery']"
U00083,United States,18-24,2024-12-02 06:05:25,21,False,"['Documentary', 'Mystery', 'Sci-Fi']"
U00084,Germany,18-24,2024-07-17 07:06:42,16,False,"['Romance', 'Action']"
U00085,Australia,13-17,2024-04-19 08:32:16,18,False,"['Comedy', 'Documentary', 'Romance']"
U00086,Australia,25-34,2024-12-01 05:25:23,19,False,"['Action', 'Sci-Fi', 'Horror']"
U00087,India,18-24,2024-05-10 20:54:36,21,False,"['Mystery', 'Drama', 'Documentary', 'Romance']"
U00088,United Kingdom,18-24,2025-05-19 15:46:51,21,False,"['Drama', 'Horror']"
U00089,Germany,25-34,2024-09-03 23:37:43,23,False,"['Animation', 'Horror']"
U00090,Germany,25-34,2024-10-11 18:10:28,23,False,"['Sci-Fi', 'Romance', 'Documentary']"
U00091,Canada,35-44,2025-04-12 02:35:56,23,False,['Comedy']
U00092,Germany,35-44,2024-06-06 20:43:57,12,True,"['Horror', 'Documentary', 'Action', 'Drama']"
U00093,Germany,25-34,2024-08-31 22:08:54,18,False,"['Romance', 'Action']"
U00094,United Kingdom,18-24,2024-10-02 00:24:59,24,False,"['Romance', 'Animation', 'Drama']"
U00095,Singapore,18-24,2024-05-20 03:29:21,17,False,"['Romance', 'Horror', 'Comedy']"
U00096,United Kingdom,45+,2024-01-29 05:56:18,16,False,"['Action', 'Drama', 'Mystery']"
U00097,United States,18-24,2024-05-26 16:43:30,15,False,['Romance']
U00098,Australia,25-34,2024-02-28 02:17:07,19,False,"['Fantasy', 'Drama', 'Mystery', 'Romance']"
U00099,Australia,45+,2024-12-15 07:50:19,18,False,"['Action', 'Fantasy', 'Animation', 'Mystery']"
U00100,India,45+,2024-01-04 16:58:44,24,True,['Fantasy']
U00101,Germany,25-34,2024-06-12 15:03:32,18,False,"['Comedy', 'Drama', 'Mystery', 'Sci-Fi']"
U00102,United States,25-34,2025-04-02 03:16:41,28,False,['Documentary']
U00103,Germany,25-34,2024-10-20 23:23:45,17,False,['Action']
U00104,India,35-44,2024-12-13 01:14:51,17,False,"['Documentary', 'Fantasy']"
U00105,Germany,13-17,2024-12-11 14:55:46,19,False,"['Drama', 'Sci-Fi', 'Animation', 'Documentary']"
U00106,Germany,18-24,2024-06-03 05:40:32,27,False,"['Sci-Fi', 'Fantasy', 'Comedy', 'Documentary']"
U00107,Germany,25-34,2024-11-22 21:49:12,32,False,"['Drama', 'Documentary', 'Mystery', 'Animation']"
U00108,Australia,18-24,2024-04-24 08:10:15,16,False,"['Action', 'Romance', 'Horror', 'Comedy']"
U00109,Canada,25-34,2024-11-24 13:17:22,19,False,"['Horror', 'Comedy', 'Action', 'Animation']"
U00110,Australia,18-24,2024-12-19 03:36:52,17,False,"['Romance', 'Horror', 'Documentary']"
U00111,United States,35-44,2025-03-28 23:09:53,16,False,"['Documentary', 'Fantasy', 'Sci-Fi', 'Comedy']"
U00112,Germany,35-44,2025-04-20 09:33:13,25,False,['Comedy']
U00113,Canada,25-34,2024-01-13 09:33:49,18,False,"['Comedy', 'Romance', 'Mystery']"
U00114,Canada,35-44,2024-06-03 15:43:04,14,False,"['Mystery', 'Comedy']"
U00115,Canada,18-24,2024-10-09 20:35:52,20,False,"['Fantasy', 'Documentary', 'Action', 'Sci-Fi']"
U00116,Canada,25-34,2024-06-15 05:54:19,25,False,"['Romance', 'Horror', 'Mystery']"
U00117,India,18-24,2024-11-15 19:19:03,31,False,"['Sci-Fi', 'Drama', 'Action']"
U00118,India,35-44,2025-03-17 15:25:08,26,False,"['Comedy', 'Documentary']"
U00119,United States,35-44,2024-05-13 09:40:51,14,False,"['Drama', 'Horror']"
U00120,India,45+,2025-04-06 21:00:25,18,False,['Drama']
U00121,Canada,35-44,2025-04-01 00:04:22,22,False,"['Fantasy', 'Romance', 'Horror', 'Sci-Fi']"
U00122,Australia,45+,2025-04-17 13:21:56,19,False,"['Romance', 'Fantasy', 'Horror']"
U00123,Australia,18-24,2024-02-08 00:26:01,21,False,"['Documentary', 'Drama', 'Horror']"
U00124,Canada,45+,2024-05-31 13:27:26,21,False,"['Horror', 'Animation']"
U00125,Germany,25-34,2024-03-05 03:55:52,21,False,"['Mystery', 'Horror', 'Animation', 'Romance']"
U00126,Canada,25-34,2024-03-03 04:50:18,14,False,"['Action', 'Romance']"
U00127,India,25-34,2024-01-28 11:24:37,14,False,"['Horror', 'Romance', 'Animation', 'Documentary']"
U00128,Germany,18-24,2024-08-15 11:29:23,20,False,['Drama']
U00129,Australia,18-24,2024-02-15 02:16:07,25,True,"['Fantasy', 'Mystery']"
U00130,Australia,18-24,2024-06-01 21:51:01,19,False,"['Mystery', 'Drama', 'Comedy', 'Animation']"
U00131,Canada,18-24,2025-05-22 08:45:39,20,False,"['Horror', 'Documentary', 'Sci-Fi']"
U00132,Canada,25-34,2025-04-01 23:01:03,21,False,"['Horror', 'Drama', 'Action', 'Animation']"
U00133,India,35-44,2025-04-29 11:23:54,15,True,"['Horror', 'Romance']"
U00134,Canada,25-34,2024-01-19 22:33:58,26,False,"['Comedy', 'Fantasy']"
U00135,Germany,25-34,2024-12-07 16:34:44,25,False,"['Animation', 'Documentary']"
U00136,United Kingdom,25-34,2024-11-23 17:11:19,28,False,"['Sci-Fi', 'Fantasy', 'Action', 'Drama']"
U00137,Australia,25-34,2024-03-09 15:20:22,28,False,"['Drama', 'Mystery']"
U00138,India,18-24,2025-04-13 11:53:54,23,False,"['Romance', 'Mystery', 'Sci-Fi', 'Horror']"
U00139,United Kingdom,35-44,2024-07-28 01:31:02,35,False,"['Action', 'Sci-Fi', 'Comedy', 'Romance']"
U00140,Canada,18-24,2025-05-19 22:31:33,30,False,"['Drama', 'Comedy']"
U00141,Singapore,35-44,2024-02-28 22:13:04,25,False,"['Drama', 'Action', 'Horror']"
U00142,United States,35-44,2024-12-02 02:49:13,21,False,['Comedy']
U00143,United States,25-34,2024-03-08 14:10:04,25,False,['Fantasy']
U00144,United Kingdom,35-44,2025-05-06 02:38:38,20,True,['Mystery']
U00145,Singapore,18-24,2024-11-10 03:04:57,23,False,['Action']
U00146,Germany,35-44,2024-02-09 02:46:57,22,False,['Horror']
U00147,India,35-44,2024-04-21 01:30:58,22,False,"['Animation', 'Horror', 'Comedy']"
U00148,United States,35-44,2024-07-04 17:55:32,20,True,"['Comedy', 'Mystery']"
U00149,Germany,25-34,2024-01-07 15:33:56,22,False,"['Mystery', 'Action']"
U00150,India,35-44,2024-01-05 12:07:55,16,False,"['Comedy', 'Action']"
U00151,Germany,45+,2025-04-23 11:21:14,19,False,"['Mystery', 'Sci-Fi', 'Romance']"
U00152,United States,25-34,2025-05-22 06:31:41,16,False,"['Comedy', 'Sci-Fi', 'Mystery']"
U00153,Singapore,35-44,2024-10-04 05:18:46,24,False,"['Sci-Fi', 'Comedy', 'Fantasy']"
U00154,United Kingdom,35-44,2025-04-11 17:01:48,16,False,"['Animation', 'Sci-Fi']"
U00155,Canada,25-34,2024-12-04 18:02:17,21,False,"['Horror', 'Sci-Fi', 'Comedy']"
U00156,Australia,45+,2024-01-15 12:04:34,17,False,"['Documentary', 'Romance', 'Mystery']"
U00157,India,18-24,2025-01-04 09:26:42,21,False,"['Romance', 'Action', 'Mystery']"
U00158,Canada,25-34,2024-01-10 08:59:23,15,False,"['Mystery', 'Fantasy', 'Romance']"
U00159,Canada,18-24,2025-02-26 03:13:26,28,False,"['Action', 'Animation', 'Sci-Fi', 'Horror']"
U00160,Germany,18-24,2024-07-08 17:21:26,21,False,"['Drama', 'Mystery', 'Romance']"
U00161,Singapore,35-44,2024-03-14 00:43:18,19,False,"['Documentary', 'Sci-Fi', 'Horror', 'Animation']"
U00162,Australia,18-24,2024-05-13 15:56:20,19,False,['Animation']
U00163,United Kingdom,18-24,2024-12-19 07:02:09,15,False,"['Documentary', 'Animation', 'Fantasy', 'Mystery']"
U00164,United Kingdom,18-24,2025-03-13 20:44:08,21,False,"['Documentary', 'Fantasy', 'Romance', 'Comedy']"
U00165,United Kingdom,25-34,2024-10-22 01:32:38,16,False,['Action']
U00166,Germany,35-44,2024-03-23 23:17:25,22,False,"['Action', 'Animation', 'Romance']"
U00167,United Kingdom,35-44,2025-04-10 09:06:51,17,False,"['Documentary', 'Horror']"
U00168,United States,18-24,2025-02-12 18:22:42,20,False,"['Comedy', 'Action']"
U00169,United Kingdom,25-34,2024-07-30 21:40:11,32,False,"['Animation', 'Drama', 'Documentary', 'Horror']"
U00170,India,25-34,2024-10-13 15:44:09,12,False,"['Mystery', 'Action']"
U00171,India,25-34,2025-05-13 08:27:03,23,False,"['Documentary', 'Drama']"
U00172,India,25-34,2024-07-14 02:40:37,15,False,"['Comedy', 'Fantasy', 'Documentary', 'Horror']"
U00173,Germany,18-24,2024-01-14 07:48:25,17,True,"['Animation', 'Sci-Fi']"
U00174,Germany,25-34,2024-03-16 08:05:26,20,True,"['Horror', 'Fantasy']"
U00175,Australia,25-34,2024-11-06 08:44:01,24,False,['Comedy']
U00176,Canada,25-34,2025-05-30 19:21:13,21,False,['Action']
U00177,Germany,25-34,2025-01-17 12:42:14,22,False,"['Drama', 'Animation', 'Romance', 'Fantasy']"
U00178,United States,35-44,2024-11-15 11:58:18,20,False,"['Mystery', 'Drama']"
U00179,Singapore,35-44,2024-06-15 23:48:24,19,False,"['Mystery', 'Horror', 'Action']"
U00180,Canada,18-24,2024-08-15 03:51:17,22,False,"['Sci-Fi', 'Animation']"
U00181,Singapore,35-44,2024-01-20 20:07:58,12,False,"['Animation', 'Mystery', 'Comedy', 'Documentary']"
U00182,United States,35-44,2024-07-10 20:57:02,17,False,"['Documentary', 'Romance', 'Action', 'Animation']"
U00183,Canada,18-24,2024-11-18 08:00:09,15,False,"['Animation', 'Documentary', 'Mystery', 'Horror']"
U00184,Australia,25-34,2025-04-13 06:16:33,24,False,['Mystery']
U00185,Canada,18-24,2025-04-21 21:26:00,15,False,['Drama']
U00186,Canada,35-44,2025-02-28 13:20:52,22,False,"['Fantasy', 'Romance', 'Sci-Fi']"
U00187,United States,18-24,2024-01-12 02:45:02,23,False,"['Drama', 'Action']"
U00188,United Kingdom,25-34,2025-02-23 09:11:35,26,False,['Comedy']
U00189,United States,18-24,2024-04-23 00:36:39,16,False,"['Action', 'Horror', 'Comedy']"
U00190,United Kingdom,25-34,2024-11-14 13:47:26,16,False,"['Romance', 'Mystery', 'Drama']"
U00191,Australia,45+,2025-05-04 06:47:14,21,False,['Comedy']
U00192,Australia,18-24,2025-04-04 01:45:54,25,False,['Mystery']
U00193,Australia,35-44,2024-12-09 12:00:36,11,False,"['Action', 'Comedy', 'Drama', 'Horror']"
U00194,United Kingdom,45+,2024-06-03 17:26:45,19,False,['Mystery']
U00195,Singapore,35-44,2024-09-26 07:07:16,22,False,"['Comedy', 'Action', 'Animation']"
U00196,India,18-24,2024-12-29 19:35:08,22,False,"['Sci-Fi', 'Horror']"
U00197,United Kingdom,35-44,2024-09-22 20:20:06,22,False,['Drama']
U00198,India,13-17,2024-07-28 02:23:15,19,False,['Action']
U00199,United Kingdom,18-24,2024-07-27 06:28:18,19,False,"['Fantasy', 'Romance']"
U00200,Singapore,35-44,2024-11-06 04:47:06,26,False,"['Action', 'Mystery', 'Sci-Fi', 'Documentary']"
U00201,United Kingdom,25-34,2024-01-19 12:00:38,23,False,['Romance']
U00202,Singapore,25-34,2025-05-31 01:04:56,24,False,"['Horror', 'Animation', 'Romance']"
U00203,Canada,18-24,2024-02-22 18:25:28,10,False,['Horror']
U00204,Australia,35-44,2025-05-23 23:59:00,22,False,"['Comedy', 'Action', 'Drama']"
U00205,Canada,35-44,2024-01-19 06:56:35,24,False,"['Mystery', 'Drama', 'Horror', 'Comedy']"
U00206,United States,25-34,2024-09-22 00:34:36,12,False,"['Horror', 'Drama']"
U00207,Germany,35-44,2024-08-03 21:21:31,24,False,"['Comedy', 'Animation', 'Fantasy', 'Sci-Fi']"
U00208,Singapore,18-24,2024-10-23 16:29:51,24,False,"['Action', 'Mystery']"
U00209,United States,18-24,2024-08-12 03:44:11,19,True,['Sci-Fi']
U00210,Germany,25-34,2025-04-08 21:58:06,15,False,"['Mystery', 'Sci-Fi']"
U00211,United States,45+,2024-01-09 14:46:53,22,False,['Horror']
U00212,Germany,18-24,2025-05-24 13:46:04,23,False,"['Comedy', 'Action']"
U00213,Germany,18-24,2024-12-22 10:31:06,20,False,"['Mystery', 'Sci-Fi', 'Drama', 'Animation']"
U00214,Canada,18-24,2025-02-06 12:57:56,22,False,"['Comedy', 'Horror']"
U00215,Germany,35-44,2024-03-13 06:42:39,20,False,['Sci-Fi']
U00216,United States,18-24,2024-02-03 16:48:31,11,False,"['Comedy', 'Action', 'Romance', 'Fantasy']"
U00217,India,25-34,2024-07-24 06:16:22,23,True,['Documentary']
U00218,India,45+,2024-06-15 19:18:49,18,False,"['Mystery', 'Horror']"
U00219,Canada,13-17,2025-02-08 18:56:15,24,True,"['Horror', 'Fantasy', 'Drama', 'Mystery']"
U00220,Singapore,25-34,2025-04-08 12:32:43,20,False,"['Comedy', 'Action', 'Animation', 'Documentary']"
U00221,India,25-34,2024-08-08 23:57:21,24,False,"['Horror', 'Sci-Fi', 'Animation']"
U00222,Canada,35-44,2025-02-01 05:43:04,25,False,['Documentary']
U00223,Australia,18-24,2024-01-31 19:01:09,19,False,"['Action', 'Romance', 'Documentary', 'Comedy']"
U00224,United States,25-34,2025-01-18 17:37:40,20,False,"['Drama', 'Animation']"
U00225,Germany,18-24,2024-02-21 08:34:19,28,False,"['Romance', 'Fantasy', 'Documentary', 'Comedy']"
U00226,United Kingdom,35-44,2024-12-11 07:35:29,12,False,"['Action', 'Sci-Fi']"
U00227,Germany,35-44,2024-07-16 13:42:08,25,False,['Romance']
U00228,Australia,18-24,2024-08-02 16:35:37,20,False,"['Sci-Fi', 'Comedy', 'Romance']"
U00229,Canada,18-24,2024-05-22 20:59:35,15,False,"['Sci-Fi', 'Drama', 'Mystery']"
U00230,United States,35-44,2024-07-27 11:25:05,19,False,"['Drama', 'Fantasy']"
U00231,Canada,13-17,2025-03-28 01:45:41,25,True,['Comedy']
U00232,Germany,18-24,2025-02-22 05:14:03,28,False,"['Comedy', 'Documentary']"
U00233,India,25-34,2024-06-24 22:39:49,20,False,"['Fantasy', 'Mystery', 'Sci-Fi']"
U00234,Germany,18-24,2024-05-31 21:13:33,19,False,"['Fantasy', 'Action', 'Horror', 'Documentary']"
U00235,Canada,18-24,2024-09-20 05:06:51,22,False,"['Horror', 'Drama', 'Action']"
U00236,Germany,25-34,2024-12-20 01:23:37,19,False,"['Romance', 'Fantasy']"
U00237,Australia,18-24,2024-04-04 06:31:06,13,False,"['Drama', 'Documentary']"
U00238,Canada,25-34,2025-01-10 10:47:43,19,False,"['Action', 'Drama', 'Fantasy', 'Comedy']"
U00239,United Kingdom,35-44,2025-05-05 11:20:41,20,False,"['Mystery', 'Romance']"
U00240,Australia,25-34,2025-03-12 15:15:02,22,False,"['Mystery', 'Action', 'Romance']"
U00241,India,18-24,2024-10-10 10:59:23,34,False,"['Documentary', 'Comedy', 'Fantasy', 'Drama']"
U00242,Australia,35-44,2024-06-14 09:08:25,21,False,"['Mystery', 'Comedy', 'Horror']"
U00243,India,18-24,2024-06-16 05:56:11,24,False,"['Action', 'Documentary', 'Mystery']"
U00244,Australia,35-44,2025-01-18 13:21:43,19,False,"['Mystery', 'Action']"
U00245,Australia,18-24,2024-08-23 03:46:37,19,False,"['Romance', 'Animation']"
U00246,India,35-44,2024-02-25 01:19:35,20,False,"['Comedy', 'Horror']"
U00247,Germany,18-24,2024-12-16 08:14:59,24,False,"['Mystery', 'Horror', 'Action', 'Romance']"
U00248,United Kingdom,18-24,2024-03-12 09:04:11,14,False,"['Comedy', 'Fantasy', 'Romance']"
U00249,Germany,25-34,2025-05-25 05:28:42,28,False,"['Documentary', 'Animation', 'Comedy', 'Mystery']"
U00250,India,13-17,2024-08-03 18:18:20,24,False,"['Sci-Fi', 'Action', 'Comedy', 'Romance']"
U00251,United States,18-24,2024-06-25 19:30:20,14,False,['Comedy']
U00252,Canada,35-44,2024-01-29 13:14:29,18,False,"['Action', 'Romance']"
U00253,United States,35-44,2024-03-27 17:06:37,24,False,"['Drama', 'Mystery', 'Animation']"
U00254,United Kingdom,18-24,2025-05-04 23:02:26,19,False,"['Action', 'Sci-Fi']"
U00255,Australia,35-44,2024-10-04 16:32:45,21,False,"['Fantasy', 'Sci-Fi', 'Romance', 'Action']"
U00256,United States,35-44,2025-04-11 06:43:23,22,False,['Horror']
U00257,Australia,35-44,2025-05-09 05:01:48,21,False,"['Romance', 'Animation', 'Comedy']"
U00258,India,25-34,2024-01-26 07:10:09,22,False,"['Action', 'Horror', 'Sci-Fi', 'Romance']"
U00259,United States,25-34,2024-07-15 20:46:41,27,False,['Documentary']
U00260,Australia,25-34,2025-03-09 09:46:18,17,False,"['Romance', 'Sci-Fi', 'Comedy', 'Horror']"
U00261,Germany,25-34,2024-09-13 06:15:59,17,False,"['Comedy', 'Mystery', 'Romance', 'Action']"
U00262,United States,45+,2024-09-20 02:06:38,25,False,"['Sci-Fi', 'Horror', 'Romance', 'Animation']"
U00263,United Kingdom,18-24,2024-10-21 17:45:01,16,True,"['Action', 'Sci-Fi', 'Animation']"
U00264,Singapore,18-24,2024-12-28 21:57:19,19,False,"['Comedy', 'Fantasy', 'Sci-Fi', 'Romance']"
U00265,Singapore,18-24,2025-04-30 08:03:19,14,True,"['Sci-Fi', 'Mystery', 'Action']"
U00266,Australia,45+,2025-04-03 13:02:31,17,False,"['Sci-Fi', 'Action', 'Documentary']"
U00267,Canada,25-34,2024-11-19 04:07:07,24,False,['Comedy']
U00268,United Kingdom,25-34,2024-10-25 07:05:57,20,True,['Sci-Fi']
U00269,Australia,35-44,2024-07-05 15:14:08,24,False,['Mystery']
U00270,Australia,45+,2024-03-01 03:23:11,22,False,"['Sci-Fi', 'Drama']"
U00271,United Kingdom,18-24,2025-01-01 13:24:23,13,False,"['Sci-Fi', 'Fantasy', 'Romance']"
U00272,India,35-44,2024-01-02 07:59:43,24,False,"['Comedy', 'Drama', 'Fantasy', 'Horror']"
U00273,United States,35-44,2024-12-26 22:55:25,21,False,"['Fantasy', 'Romance']"
U00274,Singapore,13-17,2024-09-13 21:48:08,23,True,"['Romance', 'Sci-Fi', 'Action', 'Animation']"
U00275,United Kingdom,35-44,2025-02-10 14:37:04,19,False,"['Mystery', 'Sci-Fi', 'Action']"
U00276,Canada,18-24,2025-05-05 18:04:20,25,False,"['Animation', 'Mystery', 'Fantasy', 'Drama']"
U00277,Canada,25-34,2024-10-12 21:27:56,20,False,"['Comedy', 'Action', 'Animation', 'Drama']"
U00278,Germany,25-34,2024-10-23 01:05:31,26,False,"['Romance', 'Fantasy']"
U00279,India,18-24,2024-09-08 23:19:14,20,False,"['Fantasy', 'Sci-Fi', 'Mystery']"
U00280,India,18-24,2024-07-11 19:25:43,16,False,['Romance']
U00281,United States,18-24,2024-02-15 22:46:38,13,False,"['Horror', 'Action']"
U00282,Canada,18-24,2024-01-16 23:40:49,21,False,"['Romance', 'Sci-Fi', 'Animation', 'Mystery']"
U00283,Australia,25-34,2025-01-08 19:04:56,25,False,"['Documentary', 'Fantasy', 'Horror', 'Sci-Fi']"
U00284,Canada,18-24,2025-04-18 01:03:52,19,False,"['Horror', 'Romance', 'Animation', 'Mystery']"
U00285,Canada,18-24,2024-01-28 20:13:47,22,False,"['Animation', 'Mystery', 'Fantasy', 'Comedy']"
U00286,Singapore,25-34,2024-06-18 03:21:35,21,False,"['Action', 'Sci-Fi', 'Romance', 'Mystery']"
U00287,United States,25-34,2024-11-10 10:37:00,22,False,"['Romance', 'Horror', 'Documentary']"
U00288,Australia,25-34,2024-12-30 08:52:40,19,False,"['Drama', 'Horror']"
U00289,Canada,45+,2025-01-15 03:24:16,15,False,['Comedy']
U00290,Canada,18-24,2024-12-24 22:05:42,17,False,"['Mystery', 'Animation', 'Fantasy']"
U00291,Germany,35-44,2024-02-13 08:34:24,24,False,"['Comedy', 'Sci-Fi']"
U00292,United States,18-24,2024-05-11 06:10:56,21,False,"['Mystery', 'Action', 'Sci-Fi', 'Documentary']"
U00293,Singapore,35-44,2024-08-30 14:22:46,17,False,"['Sci-Fi', 'Animation']"
U00294,United Kingdom,45+,2024-02-02 23:21:04,21,False,"['Mystery', 'Action', 'Sci-Fi', 'Documentary']"
U00295,Canada,35-44,2024-06-26 10:13:57,27,False,"['Horror', 'Romance', 'Mystery', 'Fantasy']"
U00296,Canada,25-34,2024-07-18 01:05:04,19,False,"['Horror', 'Comedy', 'Action']"
U00297,Germany,25-34,2025-05-20 16:13:55,18,False,"['Animation', 'Fantasy']"
U00298,Canada,18-24,2024-06-12 22:57:41,24,False,['Sci-Fi']
U00299,United States,25-34,2025-05-17 04:46:12,20,True,"['Romance', 'Comedy', 'Drama']"
U00300,India,35-44,2024-12-28 00:46:53,25,False,"['Documentary', 'Comedy', 'Drama', 'Fantasy']"
U00301,United Kingdom,45+,2024-12-23 21:41:59,15,False,"['Documentary', 'Drama', 'Sci-Fi']"
U00302,Germany,25-34,2025-02-27 19:51:40,17,False,['Fantasy']
U00303,India,18-24,2025-03-11 11:24:45,15,False,"['Romance', 'Drama']"
U00304,Singapore,25-34,2024-04-25 00:06:09,19,False,"['Drama', 'Mystery', 'Romance', 'Comedy']"
U00305,Canada,18-24,2024-08-05 14:42:07,20,False,"['Animation', 'Drama', 'Romance']"
U00306,India,18-24,2024-09-30 02:17:28,27,False,"['Animation', 'Fantasy']"
U00307,United Kingdom,18-24,2025-05-19 23:39:31,23,False,"['Sci-Fi', 'Romance']"
U00308,Canada,35-44,2024-01-21 23:52:06,25,False,"['Horror', 'Comedy', 'Romance']"
U00309,United Kingdom,18-24,2024-09-03 11:57:24,17,False,"['Action', 'Drama', 'Comedy', 'Documentary']"
U00310,India,18-24,2024-04-20 18:29:10,19,False,"['Fantasy', 'Comedy']"
U00311,Australia,13-17,2024-04-16 22:03:21,24,False,"['Horror', 'Comedy', 'Sci-Fi', 'Animation']"
U00312,Australia,35-44,2025-01-28 19:56:16,17,False,"['Romance', 'Drama', 'Action', 'Comedy']"
U00313,India,25-34,2024-04-14 09:05:29,21,False,"['Animation', 'Action']"
U00314,United States,13-17,2025-02-14 04:29:10,18,False,"['Romance', 'Documentary']"
U00315,United States,13-17,2025-05-28 20:35:13,20,False,"['Horror', 'Action', 'Sci-Fi', 'Documentary']"
U00316,Australia,25-34,2025-02-05 09:37:35,20,False,"['Sci-Fi', 'Comedy']"
U00317,Germany,18-24,2024-03-28 20:23:18,22,False,['Action']
U00318,Germany,25-34,2024-03-14 14:44:57,14,False,"['Documentary', 'Drama', 'Action']"
U00319,Singapore,25-34,2024-08-13 23:51:02,25,False,"['Horror', 'Documentary', 'Action']"
U00320,Germany,45+,2024-10-11 21:14:20,33,True,"['Comedy', 'Animation', 'Documentary']"
U00321,United Kingdom,18-24,2025-02-06 09:41:38,21,False,"['Mystery', 'Comedy', 'Animation']"
U00322,India,25-34,2024-08-06 12:57:57,26,False,"['Documentary', 'Horror']"
U00323,Australia,18-24,2024-03-27 08:55:25,16,True,['Romance']
U00324,Singapore,45+,2025-05-27 14:21:43,11,False,"['Horror', 'Romance']"
U00325,Singapore,45+,2025-04-12 15:43:44,21,False,"['Animation', 'Mystery', 'Horror', 'Sci-Fi']"
U00326,United States,35-44,2024-12-04 03:41:56,17,False,"['Comedy', 'Horror', 'Fantasy', 'Action']"
U00327,United States,25-34,2024-12-25 13:15:45,29,False,"['Drama', 'Sci-Fi', 'Animation']"
U00328,India,18-24,2025-04-28 11:59:15,21,False,['Mystery']
U00329,India,35-44,2024-09-02 12:07:07,23,False,"['Sci-Fi', 'Animation', 'Mystery', 'Romance']"
U00330,Canada,35-44,2024-03-16 03:30:23,12,False,"['Action', 'Animation', 'Documentary', 'Horror']"
U00331,Canada,18-24,2024-11-09 06:45:25,23,False,"['Animation', 'Action', 'Sci-Fi']"
U00332,United Kingdom,25-34,2024-08-21 02:26:08,13,False,['Horror']
U00333,United Kingdom,25-34,2025-02-17 11:19:16,19,False,['Animation']
U00334,Germany,35-44,2025-02-02 22:06:25,22,False,['Horror']
U00335,Canada,25-34,2024-08-31 17:39:08,20,False,"['Comedy', 'Mystery', 'Action']"
U00336,Germany,25-34,2024-07-09 04:22:43,19,False,['Animation']
U00337,Singapore,25-34,2024-08-06 04:51:03,9,False,"['Animation', 'Fantasy']"
U00338,United Kingdom,18-24,2024-11-23 00:09:55,22,False,"['Sci-Fi', 'Horror', 'Action']"
U00339,United States,18-24,2024-11-25 08:14:04,12,False,"['Documentary', 'Mystery', 'Comedy', 'Sci-Fi']"
U00340,Singapore,13-17,2024-09-21 13:12:01,23,False,"['Documentary', 'Comedy', 'Sci-Fi']"
U00341,Australia,35-44,2024-10-01 23:32:42,23,False,"['Comedy', 'Animation', 'Mystery']"
U00342,United Kingdom,25-34,2025-05-27 19:51:36,22,False,"['Fantasy', 'Documentary', 'Sci-Fi']"
U00343,Australia,25-34,2024-05-11 04:21:10,24,False,"['Documentary', 'Comedy', 'Drama']"
U00344,Canada,18-24,2024-03-30 21:24:37,27,False,"['Drama', 'Action']"
U00345,Singapore,18-24,2025-02-17 04:03:47,20,False,"['Fantasy', 'Horror', 'Drama', 'Comedy']"
U00346,United States,25-34,2025-04-28 13:48:23,19,False,"['Sci-Fi', 'Animation', 'Comedy', 'Romance']"
U00347,Singapore,18-24,2024-11-10 16:35:11,17,False,['Sci-Fi']
U00348,Singapore,18-24,2024-07-26 14:41:32,23,False,['Animation']
U00349,United States,35-44,2024-06-29 04:16:53,20,False,['Animation']
U00350,United States,18-24,2024-08-29 22:51:24,24,False,"['Comedy', 'Action']"
U00351,Canada,18-24,2024-01-28 02:52:09,16,True,"['Sci-Fi', 'Horror', 'Action']"
U00352,India,25-34,2024-09-30 06:53:31,17,False,['Drama']
U00353,United Kingdom,35-44,2024-05-19 09:06:39,21,False,['Drama']
U00354,Canada,18-24,2024-05-17 04:40:05,20,False,['Animation']
U00355,Singapore,35-44,2024-10-16 16:51:47,24,False,"['Romance', 'Animation']"
U00356,Singapore,45+,2025-05-13 05:03:41,16,False,['Romance']
U00357,United States,25-34,2024-04-16 10:19:09,25,False,"['Documentary', 'Drama']"
U00358,Singapore,25-34,2025-04-16 05:43:59,11,False,"['Drama', 'Animation']"
U00359,India,35-44,2024-09-25 12:47:09,19,False,['Drama']
U00360,Germany,25-34,2025-05-17 23:48:23,32,False,['Action']
U00361,Germany,25-34,2024-07-16 14:29:17,24,False,['Animation']
U00362,Singapore,25-34,2025-05-30 09:46:40,13,False,"['Fantasy', 'Mystery']"
U00363,United States,18-24,2024-12-07 04:48:59,17,False,"['Sci-Fi', 'Comedy', 'Animation']"
U00364,Singapore,18-24,2024-12-12 06:52:46,20,False,"['Romance', 'Fantasy', 'Comedy']"
U00365,India,25-34,2024-10-18 04:25:17,28,False,"['Horror', 'Sci-Fi', 'Animation', 'Mystery']"
U00366,Canada,18-24,2024-08-21 12:30:49,21,True,"['Comedy', 'Romance']"
U00367,Canada,25-34,2024-09-28 11:37:24,32,False,"['Horror', 'Fantasy']"
U00368,United Kingdom,25-34,2025-03-15 19:54:22,22,False,"['Drama', 'Mystery', 'Action']"
U00369,India,45+,2025-02-13 15:28:25,22,False,"['Mystery', 'Action', 'Romance']"
U00370,Germany,13-17,2024-01-13 07:22:15,18,False,['Mystery']
U00371,United Kingdom,25-34,2024-12-25 02:49:46,15,False,"['Fantasy', 'Comedy', 'Mystery', 'Drama']"
U00372,Australia,25-34,2025-03-07 09:17:07,18,False,['Animation']
U00373,United Kingdom,13-17,2025-01-19 17:16:01,24,True,['Fantasy']
U00374,United Kingdom,18-24,2024-09-14 02:19:29,20,False,"['Romance', 'Fantasy', 'Comedy', 'Drama']"
U00375,Singapore,18-24,2024-06-22 11:03:22,14,True,"['Drama', 'Romance', 'Animation', 'Comedy']"
U00376,India,18-24,2024-12-14 01:18:50,22,True,['Horror']
U00377,Germany,18-24,2024-12-09 02:56:53,28,True,"['Documentary', 'Sci-Fi', 'Action', 'Drama']"
U00378,Germany,25-34,2024-07-12 09:09:48,28,False,"['Fantasy', 'Sci-Fi', 'Mystery']"
U00379,United Kingdom,25-34,2024-07-29 01:59:41,19,False,['Mystery']
U00380,United States,13-17,2024-07-09 13:52:33,25,False,"['Action', 'Fantasy', 'Drama', 'Romance']"
U00381,India,18-24,2024-01-24 06:19:34,16,False,"['Romance', 'Mystery', 'Documentary', 'Horror']"
U00382,Singapore,18-24,2024-01-17 09:32:47,29,False,"['Mystery', 'Action', 'Animation']"
U00383,Singapore,25-34,2024-02-12 22:51:14,21,False,['Drama']
U00384,United States,18-24,2024-08-07 02:22:45,23,False,"['Horror', 'Documentary', 'Drama', 'Mystery']"
U00385,India,25-34,2024-09-20 21:14:21,14,False,['Horror']
U00386,India,18-24,2024-07-30 02:51:31,29,False,"['Fantasy', 'Romance', 'Action']"
U00387,India,13-17,2025-05-08 19:45:34,19,False,"['Comedy', 'Drama']"
U00388,Germany,45+,2024-04-26 05:12:28,19,False,"['Documentary', 'Animation', 'Horror', 'Action']"
U00389,Singapore,18-24,2024-07-22 03:53:39,17,False,"['Horror', 'Romance']"
U00390,United States,18-24,2024-05-07 20:47:13,16,False,"['Action', 'Documentary', 'Drama']"
U00391,Germany,18-24,2024-06-03 23:17:07,21,False,"['Action', 'Drama']"
U00392,United States,45+,2024-10-29 00:00:14,17,False,"['Horror', 'Mystery', 'Documentary', 'Fantasy']"
U00393,United Kingdom,25-34,2024-06-09 05:21:00,14,False,"['Sci-Fi', 'Drama']"
U00394,Australia,25-34,2024-06-13 06:54:29,16,False,"['Drama', 'Mystery']"
U00395,Germany,45+,2024-12-12 19:37:16,27,False,['Horror']
U00396,Singapore,18-24,2025-03-05 05:45:56,23,False,"['Romance', 'Sci-Fi', 'Mystery', 'Comedy']"
U00397,India,45+,2024-04-19 21:31:14,25,True,"['Horror', 'Drama']"
U00398,United States,18-24,2024-02-27 14:03:59,24,False,"['Animation', 'Mystery', 'Romance']"
U00399,United States,25-34,2024-05-03 19:28:04,27,False,"['Animation', 'Romance', 'Horror']"
U00400,United Kingdom,25-34,2024-10-25 15:25:06,14,False,['Horror']
U00401,Singapore,18-24,2025-05-11 03:48:45,22,False,['Horror']
U00402,Germany,45+,2024-03-23 17:50:05,26,False,['Fantasy']
U00403,United Kingdom,18-24,2024-01-23 02:39:02,25,False,"['Mystery', 'Romance', 'Sci-Fi']"
U00404,Singapore,45+,2024-09-30 02:24:34,21,True,"['Action', 'Animation', 'Comedy']"
U00405,Canada,18-24,2025-05-27 07:29:20,19,False,['Animation']
U00406,Canada,25-34,2024-10-12 15:59:21,23,True,"['Horror', 'Action']"
U00407,Canada,45+,2025-04-22 22:47:07,24,False,"['Comedy', 'Action', 'Fantasy']"
U00408,United States,18-24,2024-11-28 01:37:46,23,False,"['Comedy', 'Mystery']"
U00409,Singapore,45+,2024-01-17 08:07:48,25,False,"['Drama', 'Animation', 'Sci-Fi', 'Action']"
U00410,India,25-34,2024-08-08 23:29:19,29,False,['Sci-Fi']
U00411,United States,35-44,2025-02-02 02:43:34,20,False,['Mystery']
U00412,United States,18-24,2024-09-20 09:33:42,27,False,"['Romance', 'Drama', 'Fantasy', 'Sci-Fi']"
U00413,United States,25-34,2024-04-10 17:03:50,19,False,"['Animation', 'Sci-Fi', 'Drama', 'Mystery']"
U00414,India,25-34,2024-04-03 13:15:36,18,False,"['Documentary', 'Romance']"
U00415,India,25-34,2024-12-09 01:10:50,17,True,"['Documentary', 'Romance']"
U00416,Australia,18-24,2024-08-27 09:05:40,19,False,"['Action', 'Horror']"
U00417,Singapore,18-24,2024-10-23 19:50:33,16,False,"['Romance', 'Animation', 'Mystery']"
U00418,India,35-44,2024-07-11 20:33:39,18,False,"['Comedy', 'Sci-Fi', 'Fantasy', 'Documentary']"
U00419,United Kingdom,13-17,2024-06-24 06:50:50,19,False,"['Animation', 'Documentary']"
U00420,Canada,35-44,2024-12-10 09:21:17,23,False,['Sci-Fi']
U00421,Singapore,45+,2024-01-05 00:19:09,12,False,"['Comedy', 'Fantasy']"
U00422,Australia,13-17,2024-08-12 19:16:04,21,True,"['Fantasy', 'Drama']"
U00423,Germany,18-24,2024-07-10 15:33:05,17,False,"['Sci-Fi', 'Animation']"
U00424,Australia,25-34,2025-02-06 22:04:16,18,False,"['Drama', 'Sci-Fi', 'Romance', 'Horror']"
U00425,United Kingdom,18-24,2025-01-11 14:11:16,19,False,"['Documentary', 'Romance', 'Fantasy']"
U00426,United States,25-34,2024-08-08 05:42:35,14,False,"['Documentary', 'Romance']"
U00427,Singapore,25-34,2024-05-15 19:43:35,18,False,"['Animation', 'Mystery', 'Comedy']"
U00428,Germany,25-34,2024-05-01 21:26:55,17,False,"['Sci-Fi', 'Mystery', 'Animation']"
U00429,India,18-24,2024-04-19 05:15:58,20,True,"['Romance', 'Drama', 'Mystery']"
U00430,Germany,25-34,2024-05-21 11:55:46,24,False,['Horror']
U00431,India,25-34,2025-01-28 05:14:52,23,False,"['Fantasy', 'Comedy', 'Drama', 'Action']"
U00432,Germany,18-24,2024-01-24 09:53:56,23,True,"['Horror', 'Animation', 'Mystery']"
U00433,Germany,25-34,2024-01-14 12:11:08,21,False,"['Fantasy', 'Mystery', 'Romance', 'Animation']"
U00434,India,35-44,2024-10-06 03:18:45,21,False,['Horror']
U00435,Canada,25-34,2024-04-25 12:38:03,16,False,['Fantasy']
U00436,India,25-34,2025-03-05 13:34:12,18,False,"['Action', 'Sci-Fi', 'Romance']"
U00437,Canada,18-24,2025-01-23 21:20:57,25,True,['Drama']
U00438,Singapore,18-24,2025-02-01 15:08:17,22,False,['Documentary']
U00439,India,18-24,2024-08-24 06:48:06,19,False,['Fantasy']
U00440,United Kingdom,13-17,2024-08-14 08:05:30,13,False,['Action']
U00441,Singapore,45+,2024-08-08 00:39:53,21,False,"['Drama', 'Romance', 'Mystery']"
U00442,United Kingdom,18-24,2024-04-11 09:27:40,15,False,"['Fantasy', 'Horror']"
U00443,India,35-44,2024-10-20 07:23:01,19,False,"['Drama', 'Horror', 'Romance', 'Animation']"
U00444,Canada,18-24,2025-03-22 10:06:53,18,False,"['Mystery', 'Comedy', 'Sci-Fi']"
U00445,Canada,18-24,2024-05-12 16:16:55,20,False,"['Action', 'Drama', 'Documentary']"
U00446,Australia,25-34,2024-01-30 08:32:20,19,False,"['Action', 'Romance']"
U00447,United Kingdom,18-24,2024-10-18 22:53:08,20,True,"['Drama', 'Comedy', 'Action']"
U00448,Singapore,35-44,2024-07-25 09:33:20,18,False,"['Fantasy', 'Comedy']"
U00449,Canada,45+,2025-02-16 06:48:25,21,False,['Action']
U00450,United Kingdom,35-44,2025-03-18 20:52:50,17,False,['Romance']
U00451,Singapore,18-24,2025-05-06 11:31:40,16,False,['Animation']
U00452,Singapore,35-44,2024-07-22 06:32:10,24,False,"['Comedy', 'Mystery', 'Action']"
U00453,Canada,18-24,2025-04-11 04:53:06,17,False,"['Mystery', 'Action']"
U00454,India,45+,2024-03-01 22:35:55,28,False,"['Romance', 'Drama']"
U00455,Australia,25-34,2024-07-11 16:54:00,27,False,"['Documentary', 'Animation', 'Fantasy', 'Drama']"
U00456,Canada,18-24,2024-05-17 11:54:05,15,False,"['Romance', 'Fantasy']"
U00457,United States,18-24,2025-04-22 05:50:04,17,False,"['Action', 'Mystery', 'Documentary', 'Romance']"
U00458,Australia,13-17,2024-11-06 05:09:55,22,False,['Fantasy']
U00459,Germany,18-24,2024-07-08 03:33:01,10,False,"['Drama', 'Comedy']"
U00460,India,45+,2024-03-19 14:27:41,23,False,"['Action', 'Comedy']"
U00461,Germany,35-44,2025-02-08 19:19:49,14,False,"['Fantasy', 'Romance', 'Animation', 'Drama']"
U00462,India,45+,2024-12-04 14:26:15,23,False,['Fantasy']
U00463,Germany,18-24,2025-03-16 23:33:50,26,False,"['Mystery', 'Fantasy', 'Drama', 'Sci-Fi']"
U00464,United Kingdom,25-34,2024-08-14 12:42:47,17,False,['Mystery']
U00465,India,18-24,2024-03-18 12:02:39,23,False,"['Drama', 'Animation']"
U00466,Singapore,25-34,2024-06-21 21:06:17,28,False,"['Horror', 'Sci-Fi']"
U00467,United States,18-24,2024-11-16 13:52:49,21,False,"['Romance', 'Comedy', 'Drama']"
U00468,Australia,18-24,2024-05-04 13:24:12,26,False,"['Action', 'Mystery', 'Romance']"
U00469,United States,25-34,2024-02-06 13:22:13,24,False,['Fantasy']
U00470,Singapore,18-24,2025-03-01 15:52:42,23,False,"['Action', 'Comedy', 'Horror']"
U00471,Germany,25-34,2024-10-01 06:50:36,31,False,"['Romance', 'Drama']"
U00472,Germany,25-34,2024-07-24 01:55:49,20,False,['Documentary']
U00473,Canada,18-24,2024-10-12 19:42:24,21,False,"['Mystery', 'Comedy']"
U00474,Canada,45+,2025-01-16 19:03:02,26,True,"['Sci-Fi', 'Documentary', 'Fantasy']"
U00475,Australia,25-34,2024-01-01 16:42:25,19,False,"['Drama', 'Animation', 'Comedy', 'Mystery']"
U00476,Germany,35-44,2024-08-15 15:55:38,20,False,"['Horror', 'Drama', 'Animation', 'Comedy']"
U00477,Germany,25-34,2024-05-11 10:35:06,18,False,['Horror']
U00478,India,35-44,2024-02-17 11:53:16,14,False,['Fantasy']
U00479,Australia,35-44,2024-01-19 14:20:21,21,False,"['Mystery', 'Action']"
U00480,India,35-44,2024-08-15 17:47:53,21,False,"['Drama', 'Sci-Fi', 'Documentary', 'Romance']"
U00481,United Kingdom,25-34,2024-10-08 05:25:50,15,False,"['Sci-Fi', 'Fantasy', 'Horror']"
U00482,Germany,18-24,2024-09-19 11:23:23,13,False,"['Comedy', 'Fantasy', 'Documentary', 'Romance']"
U00483,United States,18-24,2025-02-08 18:56:20,14,False,"['Horror', 'Documentary']"
U00484,Germany,25-34,2024-08-24 16:54:21,15,False,"['Fantasy', 'Horror']"
U00485,Canada,18-24,2024-10-31 23:20:58,15,False,"['Romance', 'Drama', 'Horror']"
U00486,United States,18-24,2025-02-25 23:55:37,22,False,"['Drama', 'Romance', 'Fantasy', 'Action']"
U00487,United Kingdom,18-24,2024-12-05 19:40:56,14,False,"['Mystery', 'Animation']"
U00488,Canada,25-34,2025-04-15 21:50:36,24,False,"['Animation', 'Fantasy', 'Action']"
U00489,Germany,18-24,2024-04-24 13:34:27,12,False,"['Documentary', 'Mystery', 'Animation', 'Comedy']"
U00490,Australia,25-34,2025-02-10 18:20:59,13,False,"['Fantasy', 'Horror', 'Mystery', 'Sci-Fi']"
U00491,Singapore,35-44,2024-12-26 05:10:39,18,False,"['Comedy', 'Documentary']"
U00492,Singapore,35-44,2024-10-28 07:09:28,24,False,"['Sci-Fi', 'Action', 'Mystery']"
U00493,Germany,18-24,2024-01-02 22:28:33,22,False,['Drama']
U00494,Australia,25-34,2024-10-06 22:18:39,20,False,"['Documentary', 'Comedy']"
U00495,United Kingdom,25-34,2025-03-19 19:51:11,16,False,['Mystery']
U00496,United Kingdom,25-34,2024-11-29 06:23:44,23,False,"['Romance', 'Horror', 'Fantasy', 'Mystery']"
U00497,India,25-34,2024-01-03 15:16:15,23,False,"['Sci-Fi', 'Action']"
U00498,United Kingdom,18-24,2024-05-28 19:23:53,21,False,"['Fantasy', 'Animation']"
U00499,Singapore,45+,2024-10-21 08:26:59,12,False,"['Animation', 'Mystery', 'Fantasy', 'Drama']"
U00500,United Kingdom,18-24,2025-02-23 17:23:44,22,False,"['Horror', 'Sci-Fi']"
U00501,India,35-44,2024-08-18 00:36:37,19,False,"['Animation', 'Mystery', 'Romance', 'Documentary']"
U00502,Australia,25-34,2025-03-18 23:46:19,20,False,['Comedy']
U00503,Singapore,18-24,2025-02-15 11:00:17,20,False,"['Documentary', 'Horror', 'Sci-Fi', 'Fantasy']"
U00504,Singapore,35-44,2024-05-18 03:37:50,24,True,"['Mystery', 'Animation']"
U00505,United States,18-24,2024-04-10 18:59:49,16,False,"['Animation', 'Mystery', 'Fantasy']"
U00506,Canada,35-44,2025-04-11 18:10:05,10,False,['Documentary']
U00507,Canada,25-34,2024-10-31 14:52:19,18,False,['Horror']
U00508,United States,18-24,2025-03-14 19:04:32,17,False,"['Sci-Fi', 'Comedy']"
U00509,United States,18-24,2025-04-21 17:53:20,26,False,"['Animation', 'Comedy', 'Action', 'Documentary']"
U00510,United States,35-44,2024-08-07 11:01:54,17,False,"['Mystery', 'Horror']"
U00511,Singapore,18-24,2024-01-24 15:27:33,14,False,"['Documentary', 'Action']"
U00512,Germany,35-44,2025-04-14 22:52:28,22,False,"['Documentary', 'Horror', 'Mystery', 'Fantasy']"
U00513,Germany,35-44,2024-10-28 16:59:13,15,False,"['Documentary', 'Fantasy', 'Action']"
U00514,Germany,25-34,2024-03-03 06:24:25,16,False,"['Fantasy', 'Horror', 'Action']"
U00515,Singapore,18-24,2024-09-30 21:41:35,18,False,['Romance']
U00516,India,35-44,2024-01-15 11:15:26,14,False,"['Documentary', 'Sci-Fi', 'Horror', 'Mystery']"
U00517,Singapore,45+,2024-05-29 19:49:53,17,False,"['Drama', 'Comedy', 'Animation']"
U00518,India,18-24,2024-06-28 20:19:53,21,False,"['Fantasy', 'Horror', 'Romance', 'Comedy']"
U00519,Canada,18-24,2024-08-22 21:36:16,28,False,['Sci-Fi']
U00520,Australia,18-24,2024-10-19 07:55:34,16,True,"['Horror', 'Romance']"
U00521,United Kingdom,18-24,2025-03-09 23:12:31,18,False,"['Romance', 'Animation']"
U00522,United States,35-44,2024-06-30 16:41:59,21,False,['Fantasy']
U00523,United States,25-34,2025-01-15 03:56:41,25,False,"['Sci-Fi', 'Romance']"
U00524,Germany,25-34,2025-05-02 01:10:35,26,False,"['Comedy', 'Horror']"
U00525,United Kingdom,18-24,2025-01-21 23:36:11,22,False,"['Action', 'Fantasy']"
U00526,United Kingdom,18-24,2024-05-11 16:26:40,25,False,"['Documentary', 'Sci-Fi', 'Romance']"
U00527,Singapore,18-24,2024-12-16 09:17:57,21,False,"['Drama', 'Horror', 'Fantasy', 'Documentary']"
U00528,United States,35-44,2024-05-25 09:17:44,26,True,['Comedy']
U00529,Singapore,25-34,2024-09-04 01:56:02,16,False,"['Comedy', 'Documentary', 'Mystery', 'Horror']"
U00530,Singapore,18-24,2024-11-24 04:56:27,21,False,"['Horror', 'Animation', 'Comedy', 'Fantasy']"
U00531,Australia,35-44,2024-05-31 14:22:53,15,False,"['Sci-Fi', 'Documentary', 'Animation', 'Fantasy']"
U00532,United States,18-24,2024-01-02 23:56:34,16,False,"['Comedy', 'Horror']"
U00533,United States,18-24,2025-03-08 19:31:28,16,False,"['Drama', 'Documentary', 'Action', 'Comedy']"
U00534,United States,18-24,2025-01-11 03:31:40,18,False,"['Mystery', 'Comedy', 'Action', 'Horror']"
U00535,Australia,45+,2024-03-04 15:51:45,26,False,['Fantasy']
U00536,United States,35-44,2024-07-14 03:38:28,18,False,"['Fantasy', 'Romance', 'Documentary']"
U00537,Canada,25-34,2024-05-15 07:05:18,31,False,"['Romance', 'Sci-Fi']"
U00538,India,13-17,2025-05-20 11:53:43,19,False,['Romance']
U00539,Canada,18-24,2025-05-01 21:57:19,20,False,"['Fantasy', 'Sci-Fi']"
U00540,India,25-34,2024-12-23 11:06:34,16,False,"['Action', 'Sci-Fi', 'Documentary']"
U00541,Australia,18-24,2024-08-15 21:06:21,15,False,['Fantasy']
U00542,India,45+,2024-01-27 23:52:59,15,True,['Fantasy']
U00543,United States,35-44,2024-05-07 15:47:04,20,False,"['Sci-Fi', 'Drama', 'Romance']"
U00544,United States,25-34,2024-02-17 21:19:33,11,False,"['Drama', 'Romance', 'Fantasy']"
U00545,Germany,35-44,2025-02-12 04:01:18,33,True,['Animation']
U00546,India,45+,2024-02-15 13:59:23,19,False,"['Animation', 'Action']"
U00547,Canada,25-34,2024-12-16 06:33:19,14,False,"['Comedy', 'Drama', 'Romance']"
U00548,Australia,25-34,2025-05-07 12:08:13,15,False,"['Fantasy', 'Horror']"
U00549,Canada,45+,2024-06-08 04:51:44,28,False,"['Documentary', 'Horror']"
U00550,Australia,18-24,2024-12-19 15:42:41,19,False,"['Comedy', 'Horror', 'Drama']"
U00551,Germany,35-44,2025-03-30 12:04:45,17,False,"['Action', 'Drama']"
U00552,United Kingdom,18-24,2024-08-09 01:44:07,28,False,"['Action', 'Romance']"
U00553,Germany,25-34,2024-08-20 01:15:04,24,False,"['Comedy', 'Drama']"
U00554,United Kingdom,35-44,2024-04-13 15:35:21,25,False,"['Sci-Fi', 'Documentary']"
U00555,Singapore,25-34,2024-08-09 00:30:49,19,False,"['Fantasy', 'Horror', 'Romance', 'Documentary']"
U00556,Canada,25-34,2025-03-27 16:07:19,31,False,"['Action', 'Sci-Fi', 'Comedy']"
U00557,Germany,25-34,2024-12-08 22:50:03,17,False,['Fantasy']
U00558,Singapore,18-24,2024-04-14 04:54:21,17,False,"['Action', 'Comedy']"
U00559,Germany,18-24,2024-09-29 05:18:54,15,False,"['Documentary', 'Romance', 'Comedy', 'Action']"
U00560,Germany,18-24,2024-12-31 08:28:32,20,False,"['Romance', 'Comedy']"
U00561,Canada,25-34,2024-02-09 23:38:59,16,False,"['Fantasy', 'Animation', 'Action', 'Horror']"
U00562,India,25-34,2025-01-29 15:19:43,23,False,['Horror']
U00563,Canada,18-24,2024-04-14 01:05:44,17,False,['Comedy']
U00564,United States,35-44,2024-06-01 08:05:33,19,False,['Horror']
U00565,Singapore,18-24,2024-08-03 06:00:13,19,False,"['Romance', 'Sci-Fi', 'Documentary']"
U00566,United States,25-34,2024-09-18 00:58:55,22,False,['Sci-Fi']
U00567,United States,25-34,2025-04-18 13:53:31,23,False,"['Animation', 'Romance']"
U00568,United States,18-24,2024-04-25 06:51:03,21,False,"['Animation', 'Horror', 'Action']"
U00569,Australia,35-44,2024-05-12 06:33:16,15,False,['Drama']
U00570,Canada,25-34,2024-07-14 21:45:33,19,False,"['Sci-Fi', 'Romance']"
U00571,Singapore,13-17,2025-03-19 05:05:13,18,False,['Documentary']
U00572,United Kingdom,45+,2025-05-13 23:23:15,15,False,"['Horror', 'Fantasy', 'Action', 'Documentary']"
U00573,United States,35-44,2024-08-22 23:20:45,23,False,"['Action', 'Sci-Fi', 'Drama']"
U00574,India,35-44,2024-12-24 08:27:24,20,False,['Documentary']
U00575,India,35-44,2025-04-19 05:24:05,29,False,"['Horror', 'Sci-Fi', 'Animation', 'Drama']"
U00576,United Kingdom,45+,2025-03-13 16:47:20,13,False,['Sci-Fi']
U00577,Singapore,18-24,2024-12-18 05:09:56,14,False,"['Action', 'Sci-Fi', 'Comedy']"
U00578,Canada,25-34,2024-10-06 11:45:34,15,False,"['Romance', 'Mystery']"
U00579,Singapore,25-34,2025-05-23 21:47:04,26,False,"['Action', 'Fantasy']"
U00580,India,18-24,2024-05-03 14:00:18,25,False,"['Horror', 'Action', 'Drama', 'Fantasy']"
U00581,India,18-24,2024-07-06 13:10:44,20,False,['Drama']
U00582,Germany,18-24,2025-01-03 13:24:47,16,False,"['Action', 'Fantasy', 'Comedy', 'Animation']"
U00583,India,25-34,2024-01-11 19:14:33,25,False,"['Animation', 'Documentary', 'Mystery', 'Drama']"
U00584,India,35-44,2024-09-15 19:02:50,17,False,"['Drama', 'Comedy']"
U00585,United Kingdom,35-44,2025-03-17 17:49:26,10,False,"['Documentary', 'Romance', 'Action']"
U00586,Singapore,18-24,2024-04-01 10:20:26,16,False,['Comedy']
U00587,Australia,18-24,2025-02-19 04:54:13,21,False,['Mystery']
U00588,India,25-34,2024-08-01 05:25:48,31,False,"['Drama', 'Animation', 'Fantasy']"
U00589,Germany,25-34,2025-03-20 21:13:37,13,False,['Action']
U00590,Germany,45+,2024-11-24 05:05:50,19,False,"['Mystery', 'Comedy']"
U00591,Germany,35-44,2024-03-22 06:11:48,17,False,"['Fantasy', 'Documentary', 'Mystery']"
U00592,Singapore,45+,2025-01-15 03:59:51,23,True,"['Drama', 'Sci-Fi']"
U00593,United States,35-44,2024-01-30 00:44:14,18,False,"['Mystery', 'Animation', 'Fantasy', 'Sci-Fi']"
U00594,Singapore,45+,2024-05-05 17:53:01,24,False,"['Fantasy', 'Documentary', 'Animation', 'Sci-Fi']"
U00595,United Kingdom,25-34,2025-04-04 07:09:30,18,False,"['Drama', 'Horror']"
U00596,Germany,13-17,2025-03-28 21:22:29,12,False,"['Animation', 'Sci-Fi']"
U00597,Australia,18-24,2024-01-24 22:56:42,25,False,"['Comedy', 'Horror']"
U00598,Germany,18-24,2024-07-15 05:28:12,22,False,"['Mystery', 'Animation', 'Sci-Fi', 'Romance']"
U00599,Australia,18-24,2024-02-18 16:00:03,23,False,"['Horror', 'Drama', 'Fantasy']"
U00600,Australia,18-24,2024-05-20 04:15:51,26,False,"['Comedy', 'Romance']"
U00601,Australia,45+,2025-05-15 04:10:41,23,False,['Action']
U00602,Germany,18-24,2024-04-10 21:02:58,15,False,"['Documentary', 'Drama', 'Fantasy', 'Sci-Fi']"
U00603,Germany,45+,2024-11-27 15:07:56,18,False,"['Action', 'Sci-Fi', 'Drama', 'Romance']"
U00604,India,35-44,2025-02-19 18:09:28,18,True,"['Romance', 'Documentary', 'Comedy', 'Action']"
U00605,Germany,25-34,2025-03-31 11:11:16,20,False,"['Drama', 'Action', 'Mystery', 'Sci-Fi']"
U00606,Canada,25-34,2024-07-02 02:28:26,21,False,['Drama']
U00607,United Kingdom,18-24,2024-12-26 06:46:46,17,False,"['Horror', 'Documentary']"
U00608,Canada,25-34,2024-09-06 22:00:54,17,False,"['Drama', 'Action']"
U00609,Singapore,18-24,2024-02-25 11:49:39,14,False,"['Romance', 'Drama']"
U00610,Singapore,45+,2024-04-25 04:44:54,19,False,"['Documentary', 'Mystery']"
U00611,Germany,18-24,2025-01-21 19:17:27,21,False,"['Romance', 'Drama', 'Animation', 'Fantasy']"
U00612,Canada,18-24,2024-12-20 17:01:04,24,True,"['Horror', 'Documentary', 'Animation']"
U00613,Germany,35-44,2024-09-26 09:43:44,23,False,"['Fantasy', 'Romance', 'Documentary']"
U00614,United Kingdom,25-34,2025-02-07 19:03:45,21,False,"['Horror', 'Animation', 'Sci-Fi', 'Action']"
U00615,Australia,25-34,2024-12-23 09:09:42,10,False,['Comedy']
U00616,Australia,25-34,2024-06-24 11:35:18,23,False,"['Animation', 'Mystery', 'Horror', 'Action']"
U00617,United States,18-24,2024-05-31 23:21:55,16,False,"['Horror', 'Sci-Fi', 'Comedy', 'Mystery']"
U00618,United States,25-34,2025-05-03 14:32:42,15,False,['Sci-Fi']
U00619,India,18-24,2025-05-17 10:34:48,10,False,"['Horror', 'Mystery']"
U00620,India,18-24,2024-01-16 19:48:59,25,False,['Horror']
U00621,Canada,18-24,2025-02-12 19:40:30,23,False,"['Documentary', 'Romance', 'Animation', 'Sci-Fi']"
U00622,Canada,18-24,2024-03-09 17:33:28,18,False,['Documentary']
U00623,United States,18-24,2025-03-21 06:07:16,22,False,"['Sci-Fi', 'Comedy']"
U00624,United Kingdom,25-34,2024-10-31 09:40:10,26,False,"['Animation', 'Action', 'Documentary']"
U00625,Australia,18-24,2024-12-21 13:54:16,19,False,"['Romance', 'Comedy', 'Horror', 'Documentary']"
U00626,United States,18-24,2024-12-28 15:03:22,31,False,"['Fantasy', 'Comedy', 'Documentary', 'Drama']"
U00627,United Kingdom,25-34,2024-11-08 17:50:25,21,False,"['Comedy', 'Action']"
U00628,United Kingdom,18-24,2024-05-09 14:28:28,21,False,"['Comedy', 'Animation']"
U00629,Canada,25-34,2025-02-21 07:36:03,15,False,['Horror']
U00630,United Kingdom,45+,2024-10-13 10:54:51,19,False,"['Fantasy', 'Romance']"
U00631,Germany,25-34,2024-10-08 19:04:31,23,True,"['Action', 'Documentary', 'Fantasy', 'Animation']"
U00632,United Kingdom,45+,2024-06-13 14:32:11,21,False,"['Action', 'Animation']"
U00633,Canada,18-24,2024-01-06 04:35:32,12,False,['Fantasy']
U00634,United Kingdom,13-17,2024-10-13 11:08:21,16,False,"['Action', 'Sci-Fi']"
U00635,United States,35-44,2024-06-27 09:53:18,21,False,"['Romance', 'Animation', 'Action', 'Sci-Fi']"
U00636,Australia,35-44,2024-12-06 20:56:16,24,False,"['Sci-Fi', 'Drama', 'Horror', 'Fantasy']"
U00637,United States,35-44,2024-07-07 10:56:19,18,False,['Comedy']
U00638,United Kingdom,18-24,2025-05-17 22:36:08,16,False,"['Sci-Fi', 'Fantasy']"
U00639,Germany,35-44,2024-12-18 00:17:14,16,False,"['Animation', 'Comedy']"
U00640,Singapore,18-24,2024-08-23 14:17:11,22,False,"['Fantasy', 'Animation']"
U00641,Australia,18-24,2025-01-01 03:19:49,17,False,"['Fantasy', 'Mystery', 'Action']"
U00642,Singapore,18-24,2024-12-01 03:03:52,20,False,['Comedy']
U00643,Germany,45+,2024-11-16 19:42:26,13,False,['Horror']
U00644,Canada,18-24,2024-10-25 20:18:39,14,False,"['Drama', 'Mystery', 'Fantasy', 'Comedy']"
U00645,Germany,35-44,2025-04-26 18:43:23,13,False,"['Fantasy', 'Documentary', 'Action']"
U00646,United Kingdom,25-34,2024-06-13 04:13:16,18,False,['Documentary']
U00647,Canada,35-44,2024-08-11 12:33:06,20,False,['Documentary']
U00648,Canada,35-44,2024-05-10 20:01:11,14,False,"['Mystery', 'Horror']"
U00649,Singapore,35-44,2024-10-21 10:24:44,14,False,"['Animation', 'Horror', 'Fantasy']"
U00650,Germany,18-24,2025-05-25 17:29:59,16,False,"['Documentary', 'Romance']"
U00651,Canada,13-17,2024-11-10 12:40:14,18,False,"['Romance', 'Animation', 'Comedy']"
U00652,Australia,25-34,2024-04-16 22:37:26,22,False,['Mystery']
U00653,United States,18-24,2025-04-21 10:07:51,17,False,"['Comedy', 'Action', 'Sci-Fi']"
U00654,Germany,18-24,2025-02-12 13:44:07,22,False,"['Action', 'Animation', 'Fantasy']"
U00655,Canada,18-24,2024-08-15 13:10:02,20,False,"['Fantasy', 'Documentary', 'Drama']"
U00656,Canada,18-24,2024-03-16 18:51:22,14,False,"['Action', 'Fantasy', 'Sci-Fi']"
U00657,Germany,18-24,2024-07-27 04:11:39,20,False,"['Fantasy', 'Action', 'Sci-Fi', 'Comedy']"
U00658,Australia,18-24,2025-02-19 20:23:25,12,False,"['Action', 'Sci-Fi', 'Romance']"
U00659,India,45+,2024-10-25 08:46:23,21,False,"['Comedy', 'Drama', 'Documentary']"
U00660,United Kingdom,18-24,2024-04-06 00:31:06,15,True,"['Romance', 'Action', 'Animation']"
U00661,United States,45+,2024-03-22 23:18:32,18,False,"['Fantasy', 'Action']"
U00662,Germany,45+,2025-05-15 00:28:46,25,False,"['Animation', 'Sci-Fi']"
U00663,India,18-24,2024-08-19 05:15:00,20,False,"['Sci-Fi', 'Mystery']"
U00664,United States,35-44,2024-12-20 15:44:05,21,False,['Drama']
U00665,Australia,25-34,2024-07-05 10:52:19,21,False,"['Action', 'Fantasy', 'Drama', 'Horror']"
U00666,Australia,25-34,2024-02-16 14:11:13,22,False,"['Comedy', 'Fantasy', 'Documentary']"
U00667,Canada,18-24,2024-07-31 23:18:48,19,False,"['Drama', 'Animation']"
U00668,Singapore,18-24,2024-12-24 08:56:30,18,False,"['Fantasy', 'Mystery', 'Action']"
U00669,Singapore,18-24,2024-06-21 08:04:43,22,False,"['Horror', 'Drama']"
U00670,India,25-34,2024-11-08 01:43:35,26,False,"['Drama', 'Animation']"
U00671,Singapore,45+,2024-08-14 11:56:42,22,True,"['Horror', 'Sci-Fi', 'Fantasy', 'Mystery']"
U00672,Australia,25-34,2024-06-23 12:16:25,22,False,"['Horror', 'Fantasy']"
U00673,Australia,35-44,2024-05-11 20:16:39,24,False,['Animation']
U00674,India,45+,2024-05-14 19:12:44,16,False,"['Animation', 'Romance']"
U00675,Australia,25-34,2024-05-12 04:49:17,29,False,"['Drama', 'Documentary', 'Action', 'Comedy']"
U00676,Germany,13-17,2025-01-06 14:23:01,18,False,['Documentary']
U00677,Australia,35-44,2024-06-23 09:37:38,19,False,['Documentary']
U00678,India,18-24,2025-01-18 06:48:42,25,False,"['Mystery', 'Comedy', 'Documentary', 'Romance']"
U00679,Canada,13-17,2024-06-09 19:38:21,17,False,"['Romance', 'Comedy']"
U00680,Singapore,25-34,2024-06-18 03:58:12,22,False,"['Mystery', 'Comedy', 'Sci-Fi']"
U00681,Germany,45+,2025-04-22 19:54:53,23,False,['Romance']
U00682,India,18-24,2025-03-29 00:13:33,17,False,"['Sci-Fi', 'Mystery', 'Drama', 'Animation']"
U00683,Singapore,25-34,2024-07-26 03:56:00,25,False,"['Action', 'Comedy', 'Horror', 'Fantasy']"
U00684,Singapore,18-24,2024-05-18 23:36:29,20,False,"['Horror', 'Sci-Fi', 'Romance']"
U00685,United States,18-24,2025-01-04 23:29:36,25,False,['Fantasy']
U00686,Germany,18-24,2024-02-06 02:52:40,24,False,"['Fantasy', 'Drama', 'Animation']"
U00687,United Kingdom,35-44,2024-08-23 23:40:03,20,False,"['Animation', 'Fantasy', 'Comedy']"
U00688,Australia,35-44,2024-11-06 03:09:36,19,True,"['Mystery', 'Animation', 'Documentary']"
U00689,Canada,18-24,2024-12-15 09:02:50,12,False,"['Fantasy', 'Romance']"
U00690,Germany,18-24,2024-02-25 08:31:53,22,False,"['Romance', 'Sci-Fi']"
U00691,Singapore,18-24,2024-01-02 13:10:52,10,False,"['Documentary', 'Mystery']"
U00692,Germany,13-17,2024-05-23 00:50:51,18,False,"['Action', 'Fantasy']"
U00693,Singapore,25-34,2024-03-02 15:33:52,26,False,"['Documentary', 'Sci-Fi', 'Animation']"
U00694,Singapore,25-34,2024-09-19 05:10:07,23,False,"['Animation', 'Drama']"
U00695,India,25-34,2025-04-20 09:12:06,21,False,['Mystery']
U00696,United States,18-24,2024-05-28 01:09:00,17,False,['Fantasy']
U00697,Germany,25-34,2024-08-22 13:36:58,10,False,"['Horror', 'Romance', 'Comedy', 'Action']"
U00698,Australia,18-24,2024-04-21 03:40:28,23,False,['Documentary']
U00699,India,18-24,2024-01-23 17:39:51,14,False,"['Comedy', 'Sci-Fi', 'Romance', 'Action']"
U00700,India,45+,2024-12-29 13:07:28,27,False,"['Drama', 'Documentary', 'Action']"
U00701,Canada,35-44,2024-05-12 13:23:29,25,True,['Drama']
U00702,Australia,45+,2024-10-09 19:10:04,23,False,['Sci-Fi']
U00703,United States,45+,2024-12-19 03:48:33,17,False,['Drama']
U00704,United States,25-34,2025-03-10 03:45:27,27,False,"['Mystery', 'Drama', 'Horror']"
U00705,India,45+,2024-04-05 22:35:14,15,False,"['Action', 'Animation', 'Documentary', 'Drama']"
U00706,Canada,25-34,2024-10-27 12:01:15,14,True,['Fantasy']
U00707,India,13-17,2025-04-15 20:45:56,21,False,['Sci-Fi']
U00708,Australia,18-24,2024-09-06 22:36:46,18,False,"['Comedy', 'Documentary']"
U00709,Canada,18-24,2024-01-21 23:55:03,21,False,['Drama']
U00710,Canada,18-24,2024-05-15 01:40:07,20,False,"['Comedy', 'Action', 'Documentary']"
U00711,Australia,18-24,2025-02-14 21:10:39,12,False,['Horror']
U00712,Canada,35-44,2025-02-13 11:57:12,24,False,"['Horror', 'Comedy']"
U00713,Germany,35-44,2024-06-11 14:14:05,16,False,"['Romance', 'Animation', 'Drama', 'Sci-Fi']"
U00714,Germany,25-34,2024-04-11 18:46:31,20,False,"['Drama', 'Comedy', 'Animation', 'Action']"
U00715,Singapore,18-24,2024-05-30 20:17:45,22,False,"['Horror', 'Animation', 'Documentary']"
U00716,Germany,35-44,2024-05-05 05:34:12,5,False,"['Animation', 'Romance', 'Action']"
U00717,Canada,18-24,2025-01-18 01:55:34,18,False,"['Documentary', 'Sci-Fi']"
U00718,Canada,13-17,2025-03-11 02:25:52,30,False,"['Drama', 'Horror', 'Romance', 'Fantasy']"
U00719,United States,18-24,2024-01-25 02:13:13,20,False,"['Fantasy', 'Horror', 'Romance', 'Animation']"
U00720,Australia,18-24,2025-01-18 04:43:00,23,False,"['Comedy', 'Romance', 'Mystery']"
U00721,India,18-24,2025-01-24 00:29:18,17,False,['Horror']
U00722,Singapore,35-44,2024-11-12 20:32:03,15,True,['Romance']
U00723,Germany,35-44,2025-03-26 11:01:08,22,False,"['Animation', 'Drama', 'Romance']"
U00724,India,25-34,2024-01-21 02:55:33,15,False,"['Fantasy', 'Animation', 'Mystery']"
U00725,Germany,18-24,2024-12-27 18:31:32,23,True,"['Drama', 'Mystery']"
U00726,India,35-44,2024-03-06 19:00:45,18,False,"['Romance', 'Drama']"
U00727,Germany,25-34,2025-04-08 18:03:03,17,False,"['Mystery', 'Sci-Fi', 'Horror']"
U00728,India,18-24,2024-09-15 11:28:19,19,False,"['Action', 'Mystery', 'Romance', 'Documentary']"
U00729,Canada,25-34,2024-02-16 23:26:04,23,False,"['Action', 'Mystery', 'Comedy']"
U00730,Australia,25-34,2025-01-20 20:34:24,22,False,"['Action', 'Documentary']"
U00731,Germany,25-34,2025-01-22 08:18:19,20,False,['Sci-Fi']
U00732,United Kingdom,18-24,2024-08-27 22:33:48,19,False,"['Fantasy', 'Romance']"
U00733,Singapore,25-34,2024-06-09 11:43:42,23,False,"['Animation', 'Mystery', 'Documentary']"
U00734,Germany,18-24,2024-01-09 22:34:18,16,False,"['Romance', 'Horror', 'Mystery', 'Drama']"
U00735,United States,18-24,2025-04-14 10:00:22,19,False,['Fantasy']
U00736,Australia,18-24,2024-04-05 06:25:19,18,False,"['Romance', 'Mystery', 'Action']"
U00737,Germany,45+,2025-03-11 16:07:39,22,False,"['Mystery', 'Sci-Fi', 'Romance']"
U00738,United Kingdom,18-24,2024-10-31 09:25:01,17,False,['Documentary']
U00739,Germany,18-24,2024-12-20 05:59:57,15,False,['Comedy']
U00740,Singapore,18-24,2024-12-24 21:50:42,13,False,"['Sci-Fi', 'Romance', 'Mystery', 'Comedy']"
U00741,Germany,35-44,2025-03-19 15:11:11,16,False,"['Horror', 'Comedy', 'Documentary', 'Romance']"
U00742,Germany,25-34,2024-01-18 06:46:42,19,False,"['Animation', 'Mystery']"
U00743,Australia,45+,2025-05-27 10:36:30,26,False,"['Sci-Fi', 'Action', 'Documentary', 'Horror']"
U00744,United States,18-24,2024-01-23 09:39:37,28,False,"['Comedy', 'Fantasy']"
U00745,Germany,18-24,2025-05-31 12:22:45,26,False,"['Mystery', 'Documentary']"
U00746,United Kingdom,25-34,2024-05-15 02:20:09,20,False,"['Mystery', 'Romance', 'Documentary']"
U00747,Canada,18-24,2025-03-13 07:18:55,20,False,"['Mystery', 'Sci-Fi', 'Comedy']"
U00748,United Kingdom,35-44,2024-02-13 04:05:20,20,False,"['Fantasy', 'Sci-Fi', 'Mystery']"
U00749,United Kingdom,35-44,2024-08-26 07:08:32,11,False,"['Documentary', 'Comedy', 'Horror']"
U00750,United States,25-34,2024-10-07 04:28:07,16,False,"['Animation', 'Sci-Fi']"
U00751,Singapore,45+,2025-05-08 09:15:44,27,False,"['Drama', 'Comedy', 'Documentary', 'Romance']"
U00752,United States,25-34,2024-03-04 22:53:39,17,False,"['Comedy', 'Action']"
U00753,India,18-24,2024-01-19 20:39:19,21,False,"['Documentary', 'Drama', 'Animation']"
U00754,Singapore,25-34,2024-12-01 03:06:19,24,False,"['Action', 'Mystery', 'Comedy']"
U00755,Canada,13-17,2024-01-26 11:00:48,21,False,"['Sci-Fi', 'Romance']"
U00756,Canada,35-44,2025-02-05 19:48:42,24,False,"['Drama', 'Action']"
U00757,Germany,18-24,2024-01-20 19:33:34,16,False,['Action']
U00758,United Kingdom,18-24,2025-05-16 18:10:14,21,True,"['Horror', 'Animation']"
U00759,India,25-34,2024-10-02 09:51:47,18,False,['Mystery']
U00760,Germany,13-17,2025-05-05 07:50:00,8,False,"['Sci-Fi', 'Horror', 'Mystery']"
U00761,United States,18-24,2024-03-06 11:26:04,22,False,"['Horror', 'Drama', 'Romance', 'Sci-Fi']"
U00762,Canada,25-34,2024-05-21 07:54:53,25,False,"['Mystery', 'Sci-Fi', 'Animation']"
U00763,Singapore,18-24,2024-08-23 04:11:26,30,False,"['Animation', 'Romance', 'Mystery']"
U00764,Singapore,25-34,2024-01-16 04:54:51,19,False,['Documentary']
U00765,United Kingdom,18-24,2024-02-23 05:07:45,15,False,"['Sci-Fi', 'Horror', 'Romance', 'Mystery']"
U00766,Germany,18-24,2024-06-19 07:20:48,24,False,"['Romance', 'Fantasy', 'Comedy']"
U00767,Australia,18-24,2025-01-16 01:14:04,15,False,"['Romance', 'Mystery']"
U00768,Canada,35-44,2025-01-01 06:49:16,16,False,"['Romance', 'Action']"
U00769,India,45+,2024-02-14 21:07:15,30,False,"['Documentary', 'Drama', 'Sci-Fi']"
U00770,United Kingdom,18-24,2024-01-31 22:00:48,19,False,['Romance']
U00771,Australia,45+,2024-12-05 04:01:10,17,False,['Animation']
U00772,Singapore,25-34,2024-07-04 23:18:52,23,False,['Action']
U00773,India,25-34,2025-02-13 12:39:35,25,True,['Action']
U00774,Germany,35-44,2024-06-03 02:00:45,21,False,['Horror']
U00775,Germany,35-44,2024-07-06 14:00:37,19,False,"['Action', 'Sci-Fi', 'Documentary']"
U00776,Singapore,35-44,2024-04-23 09:38:26,23,False,['Drama']
U00777,United Kingdom,25-34,2024-05-17 18:45:12,24,True,['Action']
U00778,India,25-34,2024-12-31 01:40:13,18,False,"['Comedy', 'Drama']"
U00779,United States,18-24,2024-08-31 15:04:44,23,False,"['Horror', 'Drama', 'Fantasy', 'Comedy']"
U00780,Germany,18-24,2024-12-06 18:04:32,21,True,"['Horror', 'Mystery', 'Action', 'Romance']"
U00781,Singapore,25-34,2024-02-10 15:56:10,23,False,"['Action', 'Horror', 'Sci-Fi', 'Romance']"
U00782,Australia,13-17,2024-10-03 20:24:38,19,False,"['Comedy', 'Animation']"
U00783,India,18-24,2024-08-25 02:52:30,16,False,['Action']
U00784,India,18-24,2025-04-15 20:53:30,22,True,"['Documentary', 'Animation']"
U00785,Canada,18-24,2024-08-06 22:33:07,19,False,"['Documentary', 'Action', 'Romance', 'Mystery']"
U00786,Australia,25-34,2024-02-23 07:44:48,19,False,"['Drama', 'Documentary', 'Sci-Fi']"
U00787,India,25-34,2024-12-26 10:32:39,19,False,"['Fantasy', 'Animation', 'Sci-Fi']"
U00788,Australia,25-34,2024-03-18 09:20:38,22,False,['Comedy']
U00789,Canada,18-24,2025-04-14 23:44:43,14,True,"['Comedy', 'Sci-Fi']"
U00790,India,25-34,2024-07-17 05:50:37,16,False,"['Sci-Fi', 'Animation', 'Comedy', 'Mystery']"
U00791,India,18-24,2025-02-09 14:30:11,15,True,"['Action', 'Fantasy', 'Romance']"
U00792,Canada,35-44,2024-12-05 02:11:04,16,False,"['Romance', 'Horror', 'Fantasy']"
U00793,Germany,25-34,2024-08-28 08:07:46,17,False,"['Horror', 'Animation', 'Fantasy', 'Sci-Fi']"
U00794,Germany,25-34,2024-10-28 23:15:21,18,False,"['Comedy', 'Romance']"
U00795,Canada,25-34,2024-04-04 11:09:22,17,False,['Drama']
U00796,United Kingdom,45+,2024-02-08 06:43:17,16,False,"['Horror', 'Mystery']"
U00797,Singapore,35-44,2025-01-31 04:12:17,20,False,['Horror']
U00798,Canada,25-34,2025-05-10 12:08:05,26,False,"['Romance', 'Animation']"
U00799,United Kingdom,25-34,2025-03-21 14:41:28,16,False,"['Mystery', 'Comedy']"
U00800,Canada,13-17,2024-06-06 17:14:39,15,False,['Mystery']
U00801,India,45+,2024-07-04 02:24:09,17,False,"['Drama', 'Comedy', 'Documentary', 'Mystery']"
U00802,United Kingdom,18-24,2024-07-04 14:07:55,18,False,"['Romance', 'Horror']"
U00803,Canada,18-24,2024-12-29 05:19:05,24,False,"['Sci-Fi', 'Fantasy', 'Horror', 'Comedy']"
U00804,Singapore,45+,2024-11-18 09:59:54,19,False,"['Documentary', 'Sci-Fi']"
U00805,Germany,35-44,2025-02-15 18:41:39,22,True,['Fantasy']
U00806,Germany,13-17,2025-05-03 15:36:49,18,False,"['Horror', 'Animation', 'Drama', 'Sci-Fi']"
U00807,Canada,18-24,2024-07-21 20:40:23,16,False,"['Fantasy', 'Animation', 'Documentary']"
U00808,India,13-17,2024-12-08 14:38:08,27,False,"['Horror', 'Animation', 'Comedy']"
U00809,United Kingdom,25-34,2024-09-15 17:12:32,11,False,['Drama']
U00810,Singapore,18-24,2025-05-08 14:49:38,27,False,['Documentary']
U00811,India,45+,2024-07-02 00:31:34,16,False,"['Horror', 'Drama']"
U00812,Singapore,45+,2024-04-06 23:37:50,19,False,"['Mystery', 'Animation', 'Action', 'Comedy']"
U00813,Australia,25-34,2024-07-14 20:37:44,21,False,"['Animation', 'Action', 'Mystery', 'Sci-Fi']"
U00814,United States,25-34,2024-11-15 22:11:36,20,False,['Comedy']
U00815,Germany,18-24,2025-05-07 21:20:12,20,False,['Sci-Fi']
U00816,Germany,18-24,2025-03-04 12:43:45,22,False,['Romance']
U00817,India,35-44,2024-01-10 11:47:50,15,False,"['Horror', 'Action', 'Comedy']"
U00818,India,18-24,2024-09-20 03:58:32,26,False,['Fantasy']
U00819,Australia,18-24,2024-03-23 06:24:10,20,True,['Animation']
U00820,Singapore,18-24,2024-07-06 05:51:03,21,False,"['Action', 'Mystery', 'Comedy', 'Sci-Fi']"
U00821,India,13-17,2025-05-03 00:29:15,10,True,"['Drama', 'Documentary', 'Mystery']"
U00822,Australia,25-34,2025-05-24 02:53:01,23,False,"['Documentary', 'Sci-Fi', 'Animation', 'Mystery']"
U00823,India,35-44,2024-03-20 10:49:22,18,False,['Comedy']
U00824,Australia,35-44,2024-03-13 21:22:15,23,False,"['Comedy', 'Fantasy', 'Animation', 'Action']"
U00825,Australia,25-34,2024-12-25 23:50:26,14,False,"['Animation', 'Mystery', 'Fantasy']"
U00826,India,35-44,2024-07-31 10:48:48,19,False,"['Horror', 'Animation']"
U00827,Australia,25-34,2024-08-11 18:34:56,21,False,['Comedy']
U00828,Singapore,35-44,2025-03-27 12:49:17,27,False,"['Action', 'Documentary', 'Drama']"
U00829,Singapore,25-34,2025-04-20 22:46:00,20,True,"['Animation', 'Horror']"
U00830,India,18-24,2025-04-10 13:09:54,23,False,"['Horror', 'Drama', 'Romance']"
U00831,United States,45+,2025-02-08 19:13:29,24,False,['Comedy']
U00832,United States,18-24,2025-05-21 20:34:52,19,False,"['Horror', 'Comedy']"
U00833,Canada,13-17,2025-01-07 04:02:18,32,False,"['Drama', 'Comedy']"
U00834,United States,18-24,2025-04-02 11:11:20,22,False,"['Romance', 'Horror']"
U00835,Germany,18-24,2024-10-06 09:01:20,15,False,"['Romance', 'Horror']"
U00836,Germany,18-24,2024-01-27 08:16:29,18,False,"['Fantasy', 'Animation', 'Action']"
U00837,Germany,25-34,2025-02-26 02:36:55,26,False,['Documentary']
U00838,United States,35-44,2025-04-25 16:32:33,22,True,"['Comedy', 'Horror', 'Action', 'Mystery']"
U00839,India,18-24,2024-06-10 11:12:26,24,False,['Animation']
U00840,Singapore,25-34,2024-08-09 08:41:54,15,False,"['Drama', 'Mystery', 'Action']"
U00841,United Kingdom,18-24,2024-10-22 18:46:51,21,False,"['Fantasy', 'Mystery']"
U00842,Australia,35-44,2024-12-02 21:17:27,16,False,"['Mystery', 'Fantasy']"
U00843,Singapore,18-24,2024-12-14 20:18:58,18,False,"['Action', 'Drama', 'Romance', 'Mystery']"
U00844,India,18-24,2024-07-22 20:10:29,18,False,"['Action', 'Sci-Fi']"
U00845,India,25-34,2025-03-17 17:34:22,14,False,"['Horror', 'Action']"
U00846,India,25-34,2025-02-24 15:59:36,21,False,"['Animation', 'Documentary', 'Action']"
U00847,United States,35-44,2025-05-02 03:39:29,19,False,"['Horror', 'Documentary', 'Romance']"
U00848,India,25-34,2024-10-24 18:00:22,21,False,['Animation']
U00849,Germany,35-44,2024-02-10 01:06:20,22,False,"['Drama', 'Horror']"
U00850,Australia,18-24,2025-03-13 03:31:04,13,False,"['Fantasy', 'Sci-Fi', 'Horror']"
U00851,Singapore,13-17,2024-02-11 02:19:27,19,False,"['Mystery', 'Drama']"
U00852,Germany,18-24,2024-04-10 04:18:59,15,True,"['Sci-Fi', 'Mystery', 'Horror', 'Animation']"
U00853,Singapore,13-17,2024-05-27 10:26:55,17,False,"['Comedy', 'Documentary', 'Mystery', 'Fantasy']"
U00854,United States,18-24,2024-04-05 15:16:12,23,False,"['Drama', 'Horror', 'Comedy', 'Fantasy']"
U00855,United Kingdom,25-34,2025-01-09 04:10:58,18,False,"['Mystery', 'Horror']"
U00856,Germany,18-24,2024-08-15 16:11:43,23,False,['Documentary']
U00857,United States,25-34,2024-04-23 09:24:56,25,True,"['Drama', 'Action', 'Mystery', 'Documentary']"
U00858,India,25-34,2024-01-03 10:57:25,22,False,"['Animation', 'Documentary', 'Drama', 'Action']"
U00859,Australia,25-34,2024-04-21 20:59:17,26,False,"['Action', 'Mystery', 'Documentary']"
U00860,Germany,25-34,2024-12-24 04:55:10,15,False,['Animation']
U00861,Singapore,18-24,2025-02-14 15:35:31,20,False,"['Drama', 'Horror', 'Action']"
U00862,Singapore,18-24,2024-06-02 01:26:04,23,False,['Sci-Fi']
U00863,India,25-34,2024-02-07 20:48:41,24,True,['Horror']
U00864,Germany,25-34,2024-10-15 02:58:13,22,False,['Comedy']
U00865,Germany,18-24,2025-02-08 18:10:48,15,False,"['Mystery', 'Action', 'Romance']"
U00866,Australia,18-24,2024-02-06 04:36:15,11,False,"['Documentary', 'Fantasy']"
U00867,Germany,25-34,2025-02-15 07:04:51,24,True,"['Drama', 'Romance']"
U00868,Germany,25-34,2024-03-29 05:21:18,20,False,['Sci-Fi']
U00869,Canada,18-24,2024-05-13 08:05:28,20,False,"['Drama', 'Mystery', 'Romance', 'Animation']"
U00870,India,25-34,2024-11-18 00:26:11,23,False,"['Drama', 'Sci-Fi', 'Horror', 'Mystery']"
U00871,Canada,35-44,2024-01-27 13:26:13,38,False,['Comedy']
U00872,United States,13-17,2024-06-07 00:39:42,22,False,['Mystery']
U00873,India,35-44,2024-03-12 19:18:27,23,False,"['Action', 'Sci-Fi']"
U00874,India,18-24,2024-04-21 00:16:11,12,False,['Horror']
U00875,Australia,25-34,2025-02-03 20:21:41,21,False,"['Romance', 'Comedy', 'Action']"
U00876,Canada,25-34,2024-04-28 07:31:38,25,False,"['Documentary', 'Horror', 'Action', 'Drama']"
U00877,Canada,13-17,2024-01-23 11:44:28,18,False,"['Sci-Fi', 'Mystery', 'Documentary']"
U00878,Germany,45+,2024-04-21 01:28:43,26,False,"['Action', 'Animation', 'Mystery', 'Fantasy']"
U00879,Canada,25-34,2024-02-14 20:27:00,18,False,"['Documentary', 'Comedy', 'Romance']"
U00880,Australia,45+,2024-11-18 00:20:04,22,False,"['Action', 'Fantasy', 'Animation', 'Mystery']"
U00881,India,18-24,2025-05-17 23:00:29,18,False,['Sci-Fi']
U00882,Germany,35-44,2024-03-27 16:42:45,15,False,"['Sci-Fi', 'Romance']"
U00883,Canada,45+,2025-01-11 19:40:41,14,False,"['Animation', 'Romance', 'Drama']"
U00884,United States,25-34,2024-07-06 12:27:37,14,False,['Animation']
U00885,Germany,18-24,2024-02-07 03:12:30,18,False,"['Drama', 'Sci-Fi', 'Fantasy']"
U00886,Germany,25-34,2024-12-21 15:18:00,14,False,"['Sci-Fi', 'Fantasy', 'Mystery', 'Comedy']"
U00887,India,25-34,2024-04-18 12:26:34,16,False,['Horror']
U00888,United States,45+,2024-09-22 13:37:49,24,True,"['Comedy', 'Romance', 'Fantasy', 'Drama']"
U00889,India,25-34,2024-09-19 04:10:03,27,False,"['Comedy', 'Horror', 'Drama', 'Mystery']"
U00890,United States,18-24,2024-11-04 19:03:39,22,False,"['Animation', 'Drama']"
U00891,India,18-24,2024-03-10 18:22:58,18,False,"['Animation', 'Action', 'Horror']"
U00892,Australia,25-34,2024-05-09 17:15:13,11,False,"['Fantasy', 'Horror', 'Drama', 'Comedy']"
U00893,Canada,45+,2025-01-16 04:59:34,26,False,"['Mystery', 'Action']"
U00894,Singapore,13-17,2025-04-27 05:07:34,12,False,"['Documentary', 'Action', 'Fantasy', 'Drama']"
U00895,Germany,35-44,2024-01-07 01:28:41,23,False,"['Documentary', 'Drama', 'Action', 'Horror']"
U00896,Australia,45+,2024-08-01 23:24:49,20,False,"['Mystery', 'Action']"
U00897,Canada,18-24,2025-03-31 16:20:25,23,False,"['Mystery', 'Comedy', 'Animation']"
U00898,India,18-24,2024-05-28 08:38:54,16,False,"['Animation', 'Sci-Fi', 'Romance', 'Action']"
U00899,India,25-34,2024-08-19 10:00:37,20,False,['Mystery']
U00900,Australia,25-34,2025-04-12 12:52:45,21,False,['Action']
U00901,India,18-24,2025-05-15 22:54:49,28,False,"['Sci-Fi', 'Mystery']"
U00902,India,35-44,2024-12-04 18:50:00,27,False,['Animation']
U00903,United States,25-34,2024-12-24 20:51:10,24,False,"['Comedy', 'Drama', 'Animation', 'Fantasy']"
U00904,Singapore,45+,2024-11-13 09:50:24,16,False,"['Comedy', 'Animation', 'Action', 'Drama']"
U00905,Canada,35-44,2024-05-26 15:15:01,21,False,"['Sci-Fi', 'Fantasy']"
U00906,Australia,35-44,2025-04-03 10:36:12,23,False,"['Action', 'Sci-Fi', 'Animation']"
U00907,United Kingdom,25-34,2024-01-18 14:47:21,19,False,"['Sci-Fi', 'Action', 'Documentary', 'Fantasy']"
U00908,United States,18-24,2024-01-31 06:22:04,14,False,"['Mystery', 'Animation']"
U00909,United Kingdom,25-34,2024-11-07 03:05:52,27,False,"['Mystery', 'Comedy', 'Romance']"
U00910,India,18-24,2025-03-09 01:55:38,24,False,"['Sci-Fi', 'Horror', 'Mystery', 'Fantasy']"
U00911,Germany,25-34,2025-02-24 23:04:14,20,False,"['Romance', 'Documentary']"
U00912,United States,18-24,2024-12-16 10:56:27,16,False,"['Drama', 'Action']"
U00913,United Kingdom,25-34,2024-07-13 13:04:11,13,False,"['Drama', 'Comedy']"
U00914,Singapore,18-24,2024-07-05 02:47:26,15,False,"['Romance', 'Documentary', 'Sci-Fi', 'Drama']"
U00915,Australia,18-24,2024-08-08 01:31:04,15,False,"['Action', 'Sci-Fi', 'Animation', 'Mystery']"
U00916,Canada,18-24,2024-05-12 12:48:26,14,False,['Horror']
U00917,Canada,25-34,2024-08-04 16:41:46,19,False,"['Sci-Fi', 'Action']"
U00918,Germany,35-44,2024-02-24 04:25:53,22,False,"['Animation', 'Comedy', 'Fantasy']"
U00919,United States,18-24,2024-06-14 08:56:54,22,False,"['Horror', 'Drama']"
U00920,Australia,35-44,2025-05-01 12:50:53,17,False,"['Animation', 'Horror', 'Romance']"
U00921,Singapore,35-44,2024-12-31 11:35:50,16,False,"['Animation', 'Horror']"
U00922,Australia,18-24,2024-03-14 08:50:43,18,False,"['Romance', 'Fantasy', 'Animation']"
U00923,Canada,25-34,2024-05-28 00:06:36,23,False,"['Sci-Fi', 'Action', 'Drama', 'Documentary']"
U00924,United States,25-34,2024-05-14 03:06:48,22,False,"['Action', 'Fantasy']"
U00925,United States,18-24,2024-05-25 14:59:33,9,False,"['Drama', 'Romance', 'Mystery', 'Fantasy']"
U00926,Singapore,25-34,2024-12-23 07:15:28,14,False,"['Romance', 'Sci-Fi', 'Drama', 'Mystery']"
U00927,Canada,18-24,2025-04-07 17:17:00,19,False,['Drama']
U00928,United Kingdom,35-44,2025-01-02 03:34:17,19,False,"['Romance', 'Horror', 'Sci-Fi', 'Animation']"
U00929,United Kingdom,45+,2024-09-09 12:23:30,18,False,"['Comedy', 'Animation', 'Romance']"
U00930,Australia,35-44,2024-03-24 02:49:05,25,False,['Drama']
U00931,Canada,25-34,2024-03-14 20:58:08,18,True,['Horror']
U00932,Australia,25-34,2025-02-24 21:44:21,20,False,['Animation']
U00933,United States,45+,2024-12-16 07:58:48,20,False,"['Romance', 'Action', 'Animation']"
U00934,Australia,18-24,2024-09-20 19:38:39,18,False,['Animation']
U00935,Canada,18-24,2024-10-25 09:47:50,20,False,"['Horror', 'Sci-Fi']"
U00936,Singapore,25-34,2025-03-14 15:39:01,26,False,['Romance']
U00937,United States,18-24,2025-02-24 17:48:24,19,False,"['Documentary', 'Action', 'Sci-Fi', 'Fantasy']"
U00938,United States,18-24,2024-02-15 03:02:13,18,True,"['Sci-Fi', 'Horror', 'Action', 'Documentary']"
U00939,Canada,13-17,2024-07-23 06:29:27,15,False,"['Sci-Fi', 'Romance', 'Action', 'Animation']"
U00940,Canada,25-34,2024-01-23 03:26:04,14,False,"['Sci-Fi', 'Animation']"
U00941,Australia,18-24,2024-07-17 22:32:48,21,False,"['Mystery', 'Animation', 'Comedy', 'Fantasy']"
U00942,United Kingdom,18-24,2024-11-25 07:46:35,22,False,['Mystery']
U00943,Singapore,13-17,2024-04-17 17:51:47,17,False,"['Fantasy', 'Documentary', 'Animation', 'Romance']"
U00944,Canada,18-24,2024-03-18 13:29:42,20,False,['Romance']
U00945,India,35-44,2024-09-10 19:28:42,20,False,"['Documentary', 'Horror', 'Fantasy', 'Romance']"
U00946,India,18-24,2024-09-28 09:34:03,22,False,['Animation']
U00947,Singapore,25-34,2025-01-04 04:34:23,29,False,"['Fantasy', 'Mystery']"
U00948,India,35-44,2024-01-08 07:03:41,26,False,['Romance']
U00949,Singapore,18-24,2024-05-08 04:58:25,19,True,"['Comedy', 'Documentary', 'Fantasy', 'Horror']"
U00950,United States,35-44,2025-02-07 05:21:44,20,False,"['Mystery', 'Documentary', 'Fantasy', 'Sci-Fi']"
U00951,India,25-34,2024-12-18 13:59:44,22,True,"['Animation', 'Comedy']"
U00952,United Kingdom,25-34,2025-04-10 01:22:13,19,False,"['Fantasy', 'Romance', 'Mystery']"
U00953,Australia,13-17,2025-02-25 05:39:56,20,True,['Romance']
U00954,United Kingdom,13-17,2025-03-09 16:51:26,16,False,"['Action', 'Fantasy']"
U00955,Germany,45+,2024-09-21 00:05:35,15,False,['Documentary']
U00956,Australia,35-44,2025-05-10 11:14:30,15,False,"['Documentary', 'Romance']"
U00957,United Kingdom,45+,2024-08-03 01:00:04,16,False,"['Drama', 'Comedy']"
U00958,Australia,45+,2025-04-11 21:36:43,19,False,"['Documentary', 'Fantasy', 'Comedy']"
U00959,Singapore,13-17,2024-07-21 14:03:31,17,False,['Sci-Fi']
U00960,United Kingdom,35-44,2024-08-17 13:22:32,18,False,"['Comedy', 'Documentary', 'Fantasy', 'Animation']"
U00961,United States,25-34,2024-12-20 11:35:26,21,False,"['Horror', 'Sci-Fi']"
U00962,United Kingdom,35-44,2024-07-24 22:42:16,24,False,"['Sci-Fi', 'Documentary', 'Drama']"
U00963,Germany,13-17,2024-03-17 01:13:09,20,False,['Romance']
U00964,United States,18-24,2025-04-08 07:50:49,10,False,"['Horror', 'Documentary', 'Sci-Fi']"
U00965,Singapore,35-44,2024-08-22 03:54:52,18,False,"['Animation', 'Mystery', 'Fantasy', 'Comedy']"
U00966,Australia,35-44,2025-04-24 05:27:23,18,False,"['Sci-Fi', 'Horror', 'Fantasy', 'Animation']"
U00967,Australia,25-34,2024-07-25 08:13:32,21,False,"['Romance', 'Horror']"
U00968,United Kingdom,18-24,2025-05-17 22:56:54,24,False,"['Fantasy', 'Comedy', 'Mystery', 'Romance']"
U00969,Singapore,18-24,2024-11-07 16:49:49,19,False,"['Mystery', 'Action']"
U00970,India,45+,2025-02-01 05:16:48,23,False,['Mystery']
U00971,United Kingdom,25-34,2025-01-25 14:40:07,16,False,"['Animation', 'Horror']"
U00972,United Kingdom,25-34,2024-04-14 10:16:38,21,True,"['Animation', 'Mystery', 'Fantasy']"
U00973,Canada,25-34,2025-02-25 14:32:55,30,True,"['Drama', 'Documentary', 'Action', 'Horror']"
U00974,Canada,25-34,2025-05-03 12:59:27,15,False,"['Sci-Fi', 'Mystery', 'Drama']"
U00975,United States,25-34,2024-12-07 19:19:52,17,False,"['Romance', 'Sci-Fi']"
U00976,United States,25-34,2025-05-04 16:07:52,19,False,"['Sci-Fi', 'Mystery', 'Action', 'Comedy']"
U00977,India,35-44,2025-03-13 10:14:59,25,False,"['Romance', 'Mystery', 'Horror']"
U00978,Australia,45+,2024-12-10 09:21:28,20,False,['Sci-Fi']
U00979,United Kingdom,45+,2024-09-03 17:10:40,19,False,"['Romance', 'Sci-Fi']"
U00980,Canada,25-34,2025-03-19 05:08:00,22,False,['Comedy']
U00981,Australia,25-34,2024-04-05 21:39:02,16,False,"['Fantasy', 'Action']"
U00982,Australia,35-44,2024-10-17 03:04:37,15,False,"['Mystery', 'Horror', 'Action']"
U00983,Canada,35-44,2025-02-25 17:31:58,21,False,"['Fantasy', 'Mystery', 'Sci-Fi']"
U00984,Australia,25-34,2025-05-03 02:43:37,19,False,"['Documentary', 'Mystery']"
U00985,Australia,25-34,2024-05-18 02:23:50,25,False,['Action']
U00986,Australia,35-44,2024-02-18 13:33:46,23,False,"['Comedy', 'Documentary', 'Animation', 'Sci-Fi']"
U00987,Australia,25-34,2024-06-21 08:20:03,26,False,"['Mystery', 'Action']"
U00988,United Kingdom,35-44,2025-03-22 16:03:41,19,False,['Fantasy']
U00989,United States,18-24,2024-09-27 19:40:44,18,False,"['Documentary', 'Fantasy', 'Action', 'Romance']"
U00990,Germany,25-34,2024-01-29 16:41:20,24,False,"['Horror', 'Documentary', 'Romance', 'Action']"
U00991,United Kingdom,25-34,2024-03-02 17:03:04,14,False,['Comedy']
U00992,Canada,13-17,2024-06-24 07:38:25,16,False,"['Horror', 'Sci-Fi', 'Documentary', 'Fantasy']"
U00993,United States,35-44,2024-06-26 04:38:39,16,False,"['Fantasy', 'Romance', 'Documentary']"
U00994,Canada,25-34,2024-03-10 23:07:14,23,True,"['Romance', 'Documentary', 'Sci-Fi', 'Action']"
U00995,Canada,18-24,2024-09-12 11:20:27,20,False,"['Comedy', 'Horror', 'Mystery']"
U00996,Australia,35-44,2024-09-04 17:06:29,22,False,"['Comedy', 'Sci-Fi']"
U00997,Canada,35-44,2024-04-13 01:00:44,25,False,"['Documentary', 'Drama', 'Animation', 'Mystery']"
U00998,United Kingdom,35-44,2024-04-30 01:42:37,22,False,"['Horror', 'Comedy', 'Fantasy', 'Animation']"
U00999,Singapore,18-24,2024-12-09 12:10:37,19,False,['Sci-Fi']
U01000,Canada,35-44,2025-05-07 05:18:50,16,False,"['Fantasy', 'Comedy', 'Action']"
U01001,Germany,25-34,2025-05-30 04:33:05,16,True,"['Sci-Fi', 'Fantasy', 'Comedy', 'Animation']"
U01002,Germany,25-34,2024-10-16 04:03:32,25,True,"['Sci-Fi', 'Fantasy', 'Drama', 'Animation']"
U01003,Canada,13-17,2024-01-20 21:41:03,28,False,['Comedy']
U01004,Singapore,25-34,2025-04-09 03:02:34,18,True,['Sci-Fi']
U01005,India,35-44,2025-05-06 10:04:13,16,False,"['Horror', 'Animation', 'Action']"
U01006,Singapore,25-34,2024-05-23 18:08:58,12,False,"['Fantasy', 'Sci-Fi', 'Romance']"
U01007,Germany,25-34,2024-07-25 23:38:42,26,False,"['Mystery', 'Horror', 'Fantasy', 'Documentary']"
U01008,Canada,35-44,2024-01-14 10:19:46,20,False,['Sci-Fi']
U01009,Germany,25-34,2025-02-18 05:19:55,22,False,['Horror']
U01010,Canada,18-24,2025-02-05 00:19:38,16,True,['Horror']
U01011,United States,45+,2024-01-11 15:56:49,23,False,"['Sci-Fi', 'Horror', 'Romance', 'Action']"
U01012,Germany,35-44,2024-12-29 03:06:07,23,False,"['Action', 'Animation']"
U01013,United States,45+,2024-07-31 22:37:40,18,False,"['Action', 'Mystery']"
U01014,United Kingdom,45+,2024-10-09 00:27:37,16,False,"['Comedy', 'Animation', 'Action', 'Romance']"
U01015,Canada,45+,2024-04-22 21:06:10,16,False,"['Mystery', 'Sci-Fi', 'Animation']"
U01016,Germany,35-44,2025-02-25 12:46:21,15,True,"['Mystery', 'Drama', 'Documentary']"
U01017,United Kingdom,25-34,2024-07-28 01:52:16,15,False,"['Action', 'Mystery', 'Horror']"
U01018,Canada,18-24,2025-03-10 07:46:00,21,False,"['Mystery', 'Documentary', 'Comedy', 'Sci-Fi']"
U01019,India,25-34,2024-03-17 15:45:10,20,False,['Mystery']
U01020,India,35-44,2024-10-30 22:42:15,30,True,"['Animation', 'Mystery', 'Romance']"
U01021,India,25-34,2024-06-09 08:23:52,20,False,['Mystery']
U01022,India,35-44,2025-05-14 09:13:55,22,False,['Sci-Fi']
U01023,Singapore,18-24,2024-10-14 21:50:31,21,False,"['Documentary', 'Comedy', 'Fantasy']"
U01024,Germany,18-24,2025-01-07 02:11:09,21,False,"['Action', 'Drama']"
U01025,Germany,25-34,2024-02-14 13:25:34,16,False,['Drama']
U01026,India,25-34,2024-12-15 22:40:10,18,False,['Comedy']
U01027,India,18-24,2024-02-22 06:10:35,18,False,"['Action', 'Documentary']"
U01028,United States,18-24,2024-07-05 20:31:17,20,True,"['Sci-Fi', 'Comedy', 'Romance', 'Drama']"
U01029,Canada,35-44,2024-04-25 00:30:43,19,False,"['Documentary', 'Horror', 'Sci-Fi', 'Drama']"
U01030,United Kingdom,25-34,2024-01-02 04:01:27,17,False,"['Documentary', 'Horror', 'Animation']"
U01031,Canada,13-17,2024-10-30 02:39:35,16,False,['Animation']
U01032,United States,13-17,2024-05-04 13:37:00,18,False,"['Romance', 'Fantasy', 'Horror']"
U01033,Germany,25-34,2024-09-22 00:05:57,29,False,"['Horror', 'Sci-Fi']"
U01034,United Kingdom,18-24,2025-01-29 22:43:32,15,False,['Fantasy']
U01035,India,35-44,2024-04-02 02:34:57,19,False,"['Romance', 'Action']"
U01036,Germany,35-44,2025-01-02 00:04:57,27,False,"['Comedy', 'Romance']"
U01037,Singapore,18-24,2024-06-02 13:33:07,16,False,['Fantasy']
U01038,India,25-34,2024-06-20 03:19:21,19,False,['Romance']
U01039,Canada,18-24,2024-10-25 07:21:45,20,False,"['Drama', 'Action', 'Romance', 'Mystery']"
U01040,Germany,18-24,2024-11-19 10:14:00,15,False,"['Action', 'Horror']"
U01041,Australia,35-44,2024-12-04 20:09:07,23,False,"['Fantasy', 'Comedy', 'Horror']"
U01042,Germany,25-34,2024-04-10 23:07:37,18,False,"['Romance', 'Animation', 'Mystery', 'Horror']"
U01043,United Kingdom,35-44,2024-10-26 15:50:46,20,False,"['Comedy', 'Romance', 'Drama']"
U01044,United Kingdom,18-24,2024-05-16 07:05:33,24,False,['Comedy']
U01045,Australia,18-24,2024-05-23 04:01:34,18,False,"['Drama', 'Animation']"
U01046,United States,25-34,2025-05-04 19:26:22,19,False,"['Romance', 'Sci-Fi', 'Comedy']"
U01047,United States,25-34,2024-02-22 04:14:06,18,False,"['Drama', 'Mystery']"
U01048,Australia,45+,2024-08-01 14:44:40,15,False,"['Comedy', 'Animation', 'Documentary']"
U01049,Australia,18-24,2024-08-15 02:47:28,24,False,"['Fantasy', 'Mystery', 'Animation', 'Drama']"
U01050,India,35-44,2024-05-06 15:48:21,27,False,"['Mystery', 'Action']"
U01051,Canada,35-44,2025-02-10 00:47:35,25,False,"['Fantasy', 'Drama', 'Animation', 'Action']"
U01052,United Kingdom,25-34,2024-09-08 20:02:20,15,False,['Animation']
U01053,Canada,18-24,2025-01-06 22:22:59,23,False,['Animation']
U01054,Singapore,25-34,2024-07-19 02:05:34,24,False,"['Sci-Fi', 'Drama', 'Fantasy', 'Romance']"
U01055,India,18-24,2025-04-08 15:08:39,20,False,"['Documentary', 'Sci-Fi', 'Animation']"
U01056,Singapore,35-44,2025-01-12 03:59:46,21,False,"['Action', 'Mystery']"
U01057,Canada,25-34,2024-06-21 06:11:36,17,False,"['Drama', 'Comedy', 'Romance', 'Action']"
U01058,Germany,45+,2025-05-12 09:56:11,23,False,"['Comedy', 'Documentary']"
U01059,United Kingdom,25-34,2025-03-23 05:37:57,19,False,['Romance']
U01060,United Kingdom,25-34,2024-11-01 22:16:40,22,False,"['Animation', 'Mystery', 'Action']"
U01061,Germany,35-44,2024-01-09 12:05:55,24,False,['Fantasy']
U01062,Australia,25-34,2024-11-01 14:57:15,20,True,"['Horror', 'Animation', 'Sci-Fi', 'Drama']"
U01063,United States,45+,2024-12-23 03:59:46,20,False,['Mystery']
U01064,Australia,18-24,2024-07-07 14:51:30,17,False,"['Fantasy', 'Animation', 'Horror', 'Action']"
U01065,Germany,45+,2024-03-15 09:26:37,27,False,"['Drama', 'Romance']"
U01066,United Kingdom,35-44,2024-10-18 21:56:26,18,False,"['Horror', 'Mystery', 'Drama', 'Documentary']"
U01067,Singapore,35-44,2025-02-18 09:10:03,19,False,"['Mystery', 'Horror', 'Documentary', 'Drama']"
U01068,Australia,25-34,2024-06-14 02:13:57,24,False,['Mystery']
U01069,United Kingdom,35-44,2024-08-23 21:54:03,22,False,"['Documentary', 'Horror', 'Drama']"
U01070,India,18-24,2024-01-01 13:33:01,20,False,"['Fantasy', 'Drama', 'Documentary']"
U01071,Australia,35-44,2024-12-29 21:26:42,18,False,"['Action', 'Sci-Fi', 'Mystery', 'Horror']"
U01072,United States,18-24,2025-03-23 18:31:16,23,False,"['Animation', 'Comedy', 'Horror', 'Action']"
U01073,Germany,18-24,2025-02-05 08:57:59,19,False,['Sci-Fi']
U01074,Canada,25-34,2024-08-10 00:32:31,23,False,"['Animation', 'Romance']"
U01075,Canada,18-24,2024-01-24 07:36:41,26,False,"['Documentary', 'Mystery']"
U01076,United States,18-24,2024-09-11 09:50:02,28,True,"['Romance', 'Fantasy', 'Horror', 'Mystery']"
U01077,Australia,35-44,2025-05-01 04:46:35,21,False,"['Romance', 'Drama', 'Mystery']"
U01078,United States,18-24,2024-02-13 04:04:45,15,False,"['Sci-Fi', 'Mystery', 'Drama', 'Horror']"
U01079,United Kingdom,35-44,2024-04-20 14:25:18,22,True,['Animation']
U01080,Germany,18-24,2025-03-08 18:52:02,17,False,"['Sci-Fi', 'Animation', 'Horror']"
U01081,Singapore,35-44,2024-10-20 18:14:31,14,False,['Comedy']
U01082,Singapore,35-44,2024-03-29 01:32:32,19,False,"['Horror', 'Sci-Fi', 'Comedy']"
U01083,Singapore,25-34,2024-01-13 13:01:24,17,False,"['Romance', 'Drama', 'Fantasy', 'Documentary']"
U01084,Canada,35-44,2024-07-31 06:59:14,22,False,"['Animation', 'Documentary', 'Horror', 'Comedy']"
U01085,United States,45+,2024-11-03 13:45:42,17,False,"['Sci-Fi', 'Horror', 'Action', 'Fantasy']"
U01086,Germany,35-44,2025-03-10 10:00:53,24,True,"['Fantasy', 'Sci-Fi']"
U01087,Germany,18-24,2025-04-01 22:03:38,20,False,['Comedy']
U01088,Singapore,25-34,2024-08-24 16:10:14,23,False,['Romance']
U01089,Australia,35-44,2024-08-06 10:09:52,22,False,"['Drama', 'Horror', 'Comedy', 'Animation']"
U01090,India,18-24,2025-04-26 09:44:17,25,False,"['Fantasy', 'Drama', 'Comedy', 'Romance']"
U01091,Canada,35-44,2025-02-05 15:33:58,15,True,"['Animation', 'Documentary', 'Mystery']"
U01092,Canada,18-24,2024-04-18 05:10:18,16,False,"['Documentary', 'Horror', 'Drama']"
U01093,Germany,35-44,2024-12-18 05:13:26,16,False,"['Documentary', 'Comedy']"
U01094,United Kingdom,18-24,2025-01-04 18:36:32,20,False,"['Mystery', 'Sci-Fi', 'Fantasy']"
U01095,United Kingdom,13-17,2024-04-30 22:17:49,17,False,"['Sci-Fi', 'Animation', 'Romance', 'Horror']"
U01096,India,45+,2025-05-20 15:00:20,23,False,"['Fantasy', 'Sci-Fi', 'Animation']"
U01097,Germany,35-44,2024-06-02 11:14:07,16,False,"['Action', 'Fantasy', 'Comedy', 'Documentary']"
U01098,Germany,35-44,2024-10-11 03:36:21,13,False,"['Drama', 'Mystery', 'Documentary', 'Fantasy']"
U01099,India,45+,2024-09-12 06:10:53,34,False,"['Animation', 'Romance', 'Mystery']"
U01100,Canada,25-34,2024-12-23 20:37:04,22,True,"['Comedy', 'Sci-Fi', 'Horror', 'Romance']"
U01101,Canada,18-24,2025-04-11 03:44:48,13,False,['Animation']
U01102,Canada,18-24,2024-07-22 07:09:23,29,False,['Horror']
U01103,Singapore,25-34,2024-07-17 19:15:34,15,False,"['Documentary', 'Sci-Fi']"
U01104,United States,18-24,2025-01-23 10:35:37,21,False,"['Action', 'Mystery', 'Animation']"
U01105,United Kingdom,45+,2025-05-07 07:47:33,18,False,"['Documentary', 'Comedy']"
U01106,United States,13-17,2025-04-14 21:18:33,18,False,['Drama']
U01107,United States,18-24,2025-01-24 04:13:19,14,False,"['Documentary', 'Drama', 'Sci-Fi', 'Animation']"
U01108,Singapore,18-24,2024-12-29 11:30:48,24,False,"['Comedy', 'Animation', 'Drama']"
U01109,Singapore,18-24,2025-02-01 10:23:14,17,False,"['Mystery', 'Sci-Fi']"
U01110,India,18-24,2025-04-28 21:00:12,19,False,"['Comedy', 'Drama', 'Horror', 'Animation']"
U01111,Australia,25-34,2024-01-06 12:00:49,21,False,['Comedy']
U01112,United States,18-24,2024-10-31 08:00:07,23,False,"['Fantasy', 'Documentary', 'Comedy']"
U01113,United States,25-34,2024-01-18 14:17:16,14,False,['Comedy']
U01114,United Kingdom,35-44,2024-10-25 09:07:16,18,False,['Fantasy']
U01115,United States,25-34,2024-07-23 01:42:24,14,False,"['Action', 'Documentary', 'Comedy', 'Horror']"
U01116,Canada,25-34,2024-06-06 11:48:59,17,False,"['Romance', 'Comedy']"
U01117,Singapore,18-24,2025-04-05 15:23:52,10,True,"['Animation', 'Action', 'Mystery', 'Romance']"
U01118,Australia,18-24,2025-01-01 21:03:28,24,False,['Horror']
U01119,Germany,18-24,2024-10-20 08:29:42,23,False,"['Fantasy', 'Animation', 'Sci-Fi']"
U01120,Canada,45+,2025-03-31 23:16:00,20,False,['Action']
U01121,India,25-34,2024-02-20 14:45:12,18,False,"['Animation', 'Action', 'Fantasy', 'Sci-Fi']"
U01122,India,18-24,2024-11-30 03:29:30,17,False,"['Animation', 'Mystery']"
U01123,United States,25-34,2024-03-21 18:40:10,14,False,"['Action', 'Fantasy']"
U01124,United States,35-44,2024-04-30 11:33:02,22,False,['Mystery']
U01125,Germany,25-34,2024-04-05 17:25:03,14,False,['Mystery']
U01126,Germany,25-34,2024-10-08 07:18:21,17,False,"['Action', 'Horror', 'Mystery']"
U01127,Germany,35-44,2024-11-21 05:10:30,22,False,"['Fantasy', 'Sci-Fi', 'Action']"
U01128,Australia,25-34,2025-01-25 19:40:17,17,False,"['Action', 'Comedy', 'Animation']"
U01129,Canada,25-34,2024-08-15 19:15:36,25,False,"['Fantasy', 'Sci-Fi', 'Drama']"
U01130,Australia,18-24,2025-04-30 15:37:12,20,False,"['Mystery', 'Romance']"
U01131,United Kingdom,18-24,2024-07-12 03:19:45,17,False,"['Mystery', 'Animation']"
U01132,Australia,45+,2024-03-21 23:02:37,22,False,"['Action', 'Animation']"
U01133,Germany,25-34,2024-01-19 21:04:33,15,False,"['Sci-Fi', 'Fantasy', 'Comedy']"
U01134,Germany,25-34,2024-03-06 21:59:02,14,False,['Animation']
U01135,Australia,25-34,2024-08-18 03:02:01,20,False,"['Sci-Fi', 'Comedy']"
U01136,India,18-24,2024-08-01 11:48:11,15,False,"['Romance', 'Animation', 'Fantasy', 'Comedy']"
U01137,Germany,35-44,2025-03-17 15:15:39,17,False,['Drama']
U01138,United Kingdom,18-24,2024-03-05 22:35:00,19,False,"['Sci-Fi', 'Horror', 'Documentary']"
U01139,Germany,35-44,2024-05-15 14:58:46,16,False,"['Action', 'Comedy']"
U01140,Canada,25-34,2025-05-21 21:09:43,20,False,"['Animation', 'Drama']"
U01141,Singapore,18-24,2024-01-15 18:25:27,24,False,"['Fantasy', 'Romance', 'Action', 'Sci-Fi']"
U01142,United Kingdom,13-17,2024-08-07 08:46:06,22,False,['Romance']
U01143,Singapore,35-44,2024-04-12 11:42:50,34,False,"['Mystery', 'Sci-Fi', 'Romance', 'Drama']"
U01144,Germany,18-24,2024-10-02 21:02:21,22,False,['Action']
U01145,United Kingdom,18-24,2025-05-18 09:05:39,21,False,"['Comedy', 'Drama', 'Mystery']"
U01146,Canada,35-44,2024-04-27 09:42:18,26,False,"['Documentary', 'Drama', 'Action', 'Comedy']"
U01147,Canada,18-24,2024-07-10 11:30:52,15,False,['Romance']
U01148,Germany,18-24,2024-08-20 04:45:24,26,False,['Horror']
U01149,Australia,18-24,2025-02-16 19:42:24,22,False,"['Fantasy', 'Comedy', 'Animation']"
U01150,Germany,35-44,2025-05-24 02:04:56,14,False,"['Sci-Fi', 'Action', 'Documentary', 'Horror']"
U01151,United Kingdom,18-24,2024-02-19 21:49:09,24,True,['Action']
U01152,Canada,18-24,2024-09-09 15:37:48,19,False,"['Mystery', 'Comedy']"
U01153,Canada,18-24,2025-01-24 02:14:54,15,False,"['Sci-Fi', 'Romance']"
U01154,Singapore,18-24,2024-01-05 13:29:14,17,False,"['Comedy', 'Action', 'Animation', 'Sci-Fi']"
U01155,United Kingdom,18-24,2025-02-20 18:12:11,23,False,"['Animation', 'Sci-Fi']"
U01156,Australia,18-24,2024-05-05 09:16:53,25,False,['Animation']
U01157,India,18-24,2024-09-25 00:17:55,19,False,"['Fantasy', 'Action', 'Documentary']"
U01158,Germany,25-34,2025-05-20 20:40:03,25,False,"['Horror', 'Mystery']"
U01159,United Kingdom,35-44,2024-11-24 08:47:27,14,False,"['Documentary', 'Horror', 'Mystery', 'Animation']"
U01160,United Kingdom,18-24,2025-05-26 08:20:58,21,False,"['Mystery', 'Sci-Fi', 'Animation', 'Documentary']"
U01161,Australia,18-24,2024-11-07 23:49:51,21,False,"['Animation', 'Mystery']"
U01162,Canada,45+,2024-04-18 19:47:53,18,False,"['Fantasy', 'Romance', 'Comedy']"
U01163,Germany,35-44,2024-12-24 02:03:09,23,True,['Animation']
U01164,Canada,25-34,2024-11-14 02:11:48,30,False,['Comedy']
U01165,Canada,18-24,2024-06-09 15:20:53,26,True,"['Action', 'Sci-Fi', 'Animation', 'Comedy']"
U01166,India,25-34,2024-02-09 18:16:42,23,False,"['Action', 'Comedy', 'Drama', 'Documentary']"
U01167,India,18-24,2024-12-01 02:57:55,17,False,"['Mystery', 'Drama']"
U01168,United Kingdom,18-24,2024-10-25 12:53:45,28,False,"['Action', 'Documentary']"
U01169,Singapore,18-24,2025-02-03 23:10:15,28,False,"['Horror', 'Animation', 'Documentary']"
U01170,Singapore,25-34,2024-03-06 02:25:26,25,False,['Drama']
U01171,Australia,18-24,2024-10-05 12:45:56,22,False,"['Animation', 'Comedy']"
U01172,Australia,25-34,2025-02-27 05:57:07,28,False,"['Drama', 'Fantasy']"
U01173,United Kingdom,18-24,2025-04-05 18:34:29,13,False,['Comedy']
U01174,United States,18-24,2025-04-30 18:14:47,11,True,"['Drama', 'Romance', 'Comedy']"
U01175,India,35-44,2024-04-19 13:58:19,21,False,"['Drama', 'Fantasy']"
U01176,United Kingdom,35-44,2024-03-30 10:25:13,21,False,"['Sci-Fi', 'Mystery']"
U01177,United Kingdom,18-24,2024-10-24 19:06:16,17,False,"['Action', 'Romance']"
U01178,United States,25-34,2024-08-27 05:19:57,17,False,"['Drama', 'Comedy']"
U01179,United States,18-24,2024-05-01 03:35:14,18,False,"['Animation', 'Mystery']"
U01180,India,18-24,2024-02-22 18:08:58,19,False,"['Action', 'Horror', 'Mystery', 'Animation']"
U01181,Australia,35-44,2024-03-15 06:14:22,25,False,"['Drama', 'Sci-Fi', 'Fantasy', 'Animation']"
U01182,Singapore,18-24,2024-06-24 08:02:57,20,False,"['Action', 'Animation', 'Documentary', 'Sci-Fi']"
U01183,Australia,25-34,2025-01-17 07:35:12,20,False,"['Documentary', 'Action', 'Sci-Fi']"
U01184,Canada,25-34,2024-02-03 15:43:58,25,False,"['Animation', 'Mystery', 'Fantasy']"
U01185,United Kingdom,18-24,2024-02-24 09:17:22,14,False,['Action']
U01186,United Kingdom,18-24,2024-05-16 18:29:35,20,False,"['Horror', 'Fantasy', 'Action']"
U01187,India,18-24,2025-03-27 17:23:12,17,False,"['Fantasy', 'Action', 'Horror', 'Romance']"
U01188,Australia,45+,2025-05-26 22:41:42,19,False,"['Mystery', 'Drama', 'Animation', 'Documentary']"
U01189,Canada,25-34,2024-08-15 13:35:22,25,False,"['Horror', 'Sci-Fi', 'Mystery', 'Documentary']"
U01190,India,18-24,2024-01-24 01:26:14,21,False,['Horror']
U01191,United Kingdom,13-17,2024-01-07 04:08:07,24,False,"['Drama', 'Mystery']"
U01192,United States,25-34,2025-03-20 02:04:44,23,False,"['Romance', 'Documentary']"
U01193,United States,18-24,2024-08-17 22:48:03,16,True,"['Horror', 'Mystery', 'Action']"
U01194,Australia,25-34,2024-02-10 01:01:53,18,False,['Horror']
U01195,Canada,35-44,2025-03-06 21:09:30,19,False,"['Documentary', 'Sci-Fi', 'Mystery']"
U01196,Australia,25-34,2024-09-30 11:47:38,25,False,['Animation']
U01197,Australia,18-24,2024-06-29 19:48:00,12,False,"['Documentary', 'Romance', 'Mystery']"
U01198,Singapore,13-17,2024-08-21 17:54:08,20,False,"['Drama', 'Mystery']"
U01199,Germany,13-17,2024-04-26 08:39:09,24,False,"['Comedy', 'Mystery', 'Animation']"
U01200,Australia,25-34,2025-04-26 14:43:48,21,False,['Mystery']
U01201,Singapore,35-44,2025-02-11 06:34:25,16,False,"['Horror', 'Animation']"
U01202,Canada,18-24,2024-04-12 21:48:38,19,False,"['Romance', 'Drama']"
U01203,Singapore,25-34,2025-01-14 22:40:02,18,False,"['Mystery', 'Romance', 'Sci-Fi']"
U01204,Germany,25-34,2024-08-22 08:23:15,18,False,"['Sci-Fi', 'Drama', 'Action', 'Horror']"
U01205,Australia,18-24,2025-01-22 02:02:39,21,False,"['Action', 'Animation', 'Comedy']"
U01206,Singapore,18-24,2024-01-19 19:18:21,23,False,"['Animation', 'Horror', 'Sci-Fi', 'Action']"
U01207,Canada,18-24,2025-01-10 04:43:37,20,False,['Documentary']
U01208,Germany,25-34,2024-04-26 19:34:17,21,False,"['Comedy', 'Documentary']"
U01209,United States,25-34,2024-12-27 11:26:50,19,True,"['Action', 'Comedy', 'Mystery', 'Fantasy']"
U01210,Singapore,35-44,2024-09-15 01:40:35,19,True,"['Fantasy', 'Sci-Fi', 'Drama', 'Documentary']"
U01211,Australia,35-44,2024-01-14 12:11:06,17,True,['Fantasy']
U01212,Germany,35-44,2025-01-28 21:30:33,15,False,"['Mystery', 'Animation', 'Horror', 'Romance']"
U01213,Canada,45+,2024-05-14 09:34:47,19,False,"['Romance', 'Sci-Fi', 'Horror']"
U01214,Singapore,35-44,2025-05-07 08:22:49,16,False,['Comedy']
U01215,India,35-44,2025-03-10 05:25:09,19,False,"['Fantasy', 'Horror', 'Action']"
U01216,India,35-44,2024-04-09 16:41:29,13,False,"['Drama', 'Action', 'Fantasy', 'Sci-Fi']"
U01217,Canada,35-44,2024-11-06 15:26:51,11,True,"['Fantasy', 'Documentary']"
U01218,Germany,35-44,2024-07-06 04:06:06,20,False,"['Animation', 'Documentary']"
U01219,Germany,45+,2024-11-07 08:02:04,18,False,"['Animation', 'Fantasy', 'Comedy']"
U01220,Canada,25-34,2024-10-14 23:17:40,18,False,"['Comedy', 'Horror', 'Mystery']"
U01221,Australia,25-34,2024-06-01 23:43:59,14,False,"['Fantasy', 'Documentary', 'Comedy', 'Romance']"
U01222,Canada,25-34,2024-12-02 18:36:29,22,False,"['Action', 'Romance', 'Mystery']"
U01223,Singapore,35-44,2024-05-14 12:13:39,20,False,['Drama']
U01224,Australia,25-34,2025-04-14 02:21:08,24,False,['Horror']
U01225,United Kingdom,35-44,2025-05-04 08:51:10,12,True,"['Action', 'Romance', 'Horror', 'Comedy']"
U01226,Singapore,35-44,2024-03-26 18:34:24,25,False,"['Documentary', 'Comedy']"
U01227,India,45+,2025-01-11 05:59:14,18,True,"['Comedy', 'Fantasy', 'Documentary', 'Horror']"
U01228,Singapore,18-24,2025-04-25 11:41:49,16,False,"['Animation', 'Romance', 'Mystery']"
U01229,United States,35-44,2024-03-06 14:09:17,21,True,['Animation']
U01230,United Kingdom,35-44,2025-01-17 09:19:51,21,False,"['Comedy', 'Sci-Fi', 'Mystery', 'Romance']"
U01231,Germany,45+,2025-04-29 19:04:03,29,False,"['Comedy', 'Documentary']"
U01232,Germany,45+,2024-04-26 09:02:58,31,False,"['Mystery', 'Action', 'Documentary']"
U01233,Singapore,25-34,2024-10-28 02:02:55,25,False,"['Drama', 'Documentary', 'Fantasy']"
U01234,Germany,25-34,2025-02-16 11:39:22,22,False,['Comedy']
U01235,Australia,18-24,2024-06-21 08:21:36,14,False,['Mystery']
U01236,United Kingdom,45+,2024-05-02 22:52:35,16,False,"['Mystery', 'Documentary', 'Horror']"
U01237,India,18-24,2024-07-24 07:42:22,26,True,['Comedy']
U01238,India,35-44,2024-06-22 09:30:18,24,False,"['Horror', 'Animation', 'Fantasy', 'Documentary']"
U01239,United Kingdom,35-44,2025-01-10 00:49:08,19,False,"['Animation', 'Drama', 'Action', 'Sci-Fi']"
U01240,India,25-34,2024-07-10 18:28:58,22,False,"['Romance', 'Mystery']"
U01241,Canada,18-24,2024-07-13 12:47:27,23,False,"['Romance', 'Action', 'Mystery', 'Animation']"
U01242,Germany,18-24,2025-05-03 07:26:21,25,False,"['Comedy', 'Romance']"
U01243,Singapore,35-44,2024-10-26 05:03:55,23,False,"['Horror', 'Romance']"
U01244,Canada,25-34,2025-04-25 11:30:34,24,True,"['Mystery', 'Animation', 'Sci-Fi']"
U01245,Singapore,18-24,2025-01-02 07:52:39,20,False,['Horror']
U01246,Singapore,35-44,2025-04-02 15:38:06,15,False,"['Sci-Fi', 'Documentary']"
U01247,Singapore,18-24,2024-04-11 00:12:46,18,False,"['Romance', 'Animation']"
U01248,Canada,35-44,2025-04-30 00:58:56,15,True,"['Mystery', 'Romance', 'Comedy', 'Sci-Fi']"
U01249,United Kingdom,18-24,2025-05-03 04:08:54,23,False,"['Action', 'Documentary', 'Drama']"
U01250,Singapore,18-24,2024-01-22 01:51:14,18,False,['Romance']
U01251,United States,18-24,2024-07-03 03:23:30,14,True,['Action']
U01252,United Kingdom,25-34,2024-08-01 16:07:26,13,False,"['Animation', 'Fantasy']"
U01253,India,25-34,2024-08-04 19:36:07,11,False,"['Fantasy', 'Mystery']"
U01254,Germany,35-44,2025-02-06 10:25:28,25,False,"['Animation', 'Romance', 'Drama']"
U01255,Australia,25-34,2024-12-27 03:09:58,30,False,"['Documentary', 'Fantasy', 'Comedy']"
U01256,India,18-24,2024-04-20 01:27:30,22,False,['Action']
U01257,United States,18-24,2024-11-10 17:48:19,20,False,"['Romance', 'Horror']"
U01258,Canada,18-24,2025-05-18 21:10:44,15,False,['Fantasy']
U01259,Canada,45+,2024-08-15 13:00:24,22,True,"['Sci-Fi', 'Romance', 'Animation']"
U01260,Germany,18-24,2025-04-24 21:16:16,14,False,['Animation']
U01261,United States,45+,2024-12-01 21:59:57,24,False,"['Romance', 'Drama']"
U01262,Singapore,18-24,2025-04-23 04:54:52,20,False,"['Drama', 'Documentary']"
U01263,Canada,18-24,2025-04-11 18:17:37,28,False,"['Horror', 'Romance']"
U01264,Germany,18-24,2024-01-09 14:53:35,16,False,"['Horror', 'Comedy', 'Romance']"
U01265,United States,18-24,2025-02-17 17:55:08,25,True,"['Mystery', 'Comedy', 'Horror', 'Fantasy']"
U01266,India,35-44,2024-04-07 18:14:54,23,False,['Comedy']
U01267,India,25-34,2025-03-02 03:24:20,15,False,"['Sci-Fi', 'Action']"
U01268,United Kingdom,18-24,2025-02-21 17:51:30,16,False,"['Documentary', 'Drama', 'Action']"
U01269,Singapore,25-34,2024-05-13 14:19:53,24,True,"['Sci-Fi', 'Mystery', 'Comedy']"
U01270,India,25-34,2024-02-04 05:38:00,25,False,"['Horror', 'Action']"
U01271,United Kingdom,45+,2024-08-04 19:57:24,19,False,"['Animation', 'Drama', 'Sci-Fi']"
U01272,India,45+,2024-06-05 15:19:36,8,False,"['Documentary', 'Action', 'Comedy', 'Drama']"
U01273,Singapore,25-34,2024-10-13 07:47:16,16,False,"['Action', 'Horror']"
U01274,Australia,35-44,2024-02-12 09:41:50,15,False,['Horror']
U01275,Germany,35-44,2024-01-23 20:19:10,22,True,"['Animation', 'Sci-Fi', 'Mystery', 'Fantasy']"
U01276,Australia,25-34,2024-08-14 00:03:37,17,False,"['Sci-Fi', 'Romance', 'Animation', 'Horror']"
U01277,Australia,35-44,2025-02-01 23:34:52,15,False,['Comedy']
U01278,Germany,18-24,2024-06-11 20:12:30,20,False,"['Fantasy', 'Romance']"
U01279,India,35-44,2024-06-16 05:32:03,14,False,"['Sci-Fi', 'Horror']"
U01280,Singapore,45+,2024-03-25 19:09:57,18,False,"['Horror', 'Sci-Fi', 'Animation']"
U01281,Germany,18-24,2024-05-26 02:27:07,31,False,"['Comedy', 'Mystery', 'Sci-Fi']"
U01282,Germany,35-44,2024-06-03 11:11:48,28,False,"['Documentary', 'Action']"
U01283,United Kingdom,45+,2024-05-14 01:17:42,15,True,"['Documentary', 'Romance']"
U01284,Germany,18-24,2024-06-26 16:23:19,17,False,"['Action', 'Mystery', 'Comedy', 'Romance']"
U01285,United Kingdom,25-34,2024-05-26 12:10:11,13,False,['Horror']
U01286,India,45+,2024-12-17 23:35:55,24,True,"['Fantasy', 'Documentary', 'Horror']"
U01287,Singapore,45+,2024-06-23 18:05:16,18,False,"['Animation', 'Sci-Fi', 'Action']"
U01288,United States,18-24,2025-01-25 05:01:25,20,False,['Mystery']
U01289,India,18-24,2024-11-08 16:39:47,25,False,"['Documentary', 'Romance', 'Mystery']"
U01290,Australia,25-34,2024-11-27 03:07:38,19,True,"['Documentary', 'Romance', 'Fantasy']"
U01291,United States,18-24,2024-10-28 16:52:42,17,False,"['Documentary', 'Sci-Fi', 'Horror']"
U01292,Singapore,18-24,2025-04-22 02:54:36,19,False,"['Horror', 'Animation', 'Documentary', 'Mystery']"
U01293,Canada,13-17,2024-05-12 04:52:17,27,False,"['Fantasy', 'Horror', 'Mystery', 'Drama']"
U01294,India,18-24,2025-05-22 21:26:11,27,False,"['Horror', 'Documentary', 'Mystery']"
U01295,Singapore,25-34,2024-04-16 17:18:44,18,False,['Romance']
U01296,Canada,25-34,2024-03-12 11:09:02,18,True,['Animation']
U01297,United States,25-34,2025-03-03 05:27:08,21,False,['Romance']
U01298,Australia,35-44,2025-04-08 05:03:44,20,False,"['Horror', 'Fantasy', 'Documentary', 'Animation']"
U01299,Canada,25-34,2024-02-17 22:30:40,22,False,"['Sci-Fi', 'Action']"
U01300,India,18-24,2024-11-06 02:08:09,16,False,"['Horror', 'Documentary']"
U01301,Germany,13-17,2024-09-22 03:06:20,18,False,"['Mystery', 'Fantasy', 'Action', 'Documentary']"
U01302,United Kingdom,18-24,2024-04-23 19:08:43,21,False,"['Sci-Fi', 'Animation', 'Fantasy']"
U01303,Australia,18-24,2024-09-26 03:07:09,23,True,"['Action', 'Comedy', 'Fantasy']"
U01304,Singapore,18-24,2024-12-20 13:13:16,21,False,"['Drama', 'Action', 'Romance', 'Sci-Fi']"
U01305,Australia,13-17,2024-10-23 19:53:22,22,False,"['Animation', 'Romance', 'Fantasy', 'Action']"
U01306,Australia,18-24,2024-09-25 17:09:09,16,False,"['Animation', 'Fantasy']"
U01307,United States,25-34,2025-04-02 21:08:47,22,False,['Animation']
U01308,United States,25-34,2024-04-26 14:22:51,14,False,['Fantasy']
U01309,United Kingdom,45+,2024-11-18 13:31:27,15,False,"['Comedy', 'Fantasy', 'Action']"
U01310,Germany,35-44,2024-06-12 15:59:31,14,False,"['Mystery', 'Fantasy']"
U01311,Canada,25-34,2025-05-18 08:50:51,16,False,"['Sci-Fi', 'Comedy']"
U01312,United Kingdom,18-24,2024-05-10 01:11:38,23,False,['Action']
U01313,Germany,25-34,2025-03-26 11:44:56,27,False,"['Drama', 'Sci-Fi', 'Romance']"
U01314,Germany,18-24,2024-11-22 19:26:27,15,False,"['Sci-Fi', 'Horror', 'Drama', 'Documentary']"
U01315,Singapore,25-34,2024-04-21 00:29:49,18,False,['Romance']
U01316,United Kingdom,18-24,2025-01-27 05:50:15,20,False,"['Documentary', 'Animation', 'Drama']"
U01317,Australia,25-34,2024-05-04 16:36:09,19,False,"['Comedy', 'Horror']"
U01318,Australia,18-24,2024-05-15 14:49:46,24,False,['Animation']
U01319,Canada,25-34,2024-06-27 05:57:26,16,False,"['Drama', 'Sci-Fi', 'Comedy', 'Romance']"
U01320,United Kingdom,35-44,2024-12-18 10:56:49,30,False,"['Documentary', 'Action', 'Sci-Fi']"
U01321,India,35-44,2024-07-21 09:54:39,21,False,"['Romance', 'Drama', 'Animation']"
U01322,United States,25-34,2024-10-21 05:51:33,20,False,"['Documentary', 'Romance', 'Horror', 'Action']"
U01323,Canada,25-34,2024-10-12 21:33:48,15,False,['Drama']
U01324,Singapore,13-17,2024-04-11 15:46:32,16,False,"['Romance', 'Sci-Fi']"
U01325,Singapore,35-44,2024-04-30 05:01:00,16,False,"['Drama', 'Animation']"
U01326,United States,25-34,2024-06-07 15:01:51,22,False,"['Sci-Fi', 'Animation', 'Comedy', 'Romance']"
U01327,Australia,18-24,2024-04-24 22:51:32,26,False,"['Fantasy', 'Mystery']"
U01328,India,18-24,2025-04-19 23:40:45,15,False,"['Animation', 'Romance', 'Action']"
U01329,Australia,45+,2024-07-16 04:17:11,17,False,['Drama']
U01330,United Kingdom,25-34,2024-07-28 07:41:44,22,False,"['Sci-Fi', 'Animation', 'Action', 'Fantasy']"
U01331,Canada,25-34,2024-12-13 10:27:46,24,False,['Comedy']
U01332,Germany,25-34,2025-02-11 10:28:35,17,False,"['Documentary', 'Mystery', 'Action', 'Comedy']"
U01333,United Kingdom,25-34,2024-12-21 18:15:45,18,False,"['Documentary', 'Mystery']"
U01334,Germany,25-34,2024-10-11 23:00:37,9,False,"['Horror', 'Sci-Fi', 'Fantasy', 'Drama']"
U01335,Canada,18-24,2025-05-19 15:39:23,21,False,"['Drama', 'Action', 'Mystery']"
U01336,Singapore,25-34,2025-04-10 05:13:27,16,True,['Horror']
U01337,Australia,25-34,2024-04-14 15:34:14,20,False,"['Drama', 'Action']"
U01338,United Kingdom,13-17,2024-03-23 17:39:06,19,False,"['Fantasy', 'Animation', 'Action', 'Comedy']"
U01339,Germany,35-44,2024-07-22 02:35:46,17,False,"['Mystery', 'Animation', 'Documentary']"
U01340,United Kingdom,18-24,2025-03-07 21:17:56,18,False,"['Fantasy', 'Action', 'Mystery', 'Documentary']"
U01341,Canada,25-34,2025-05-13 17:43:06,26,False,"['Romance', 'Sci-Fi', 'Fantasy', 'Animation']"
U01342,India,25-34,2024-12-29 06:11:29,9,False,"['Romance', 'Drama', 'Horror', 'Comedy']"
U01343,India,25-34,2024-12-22 17:37:42,13,False,"['Romance', 'Action']"
U01344,Australia,25-34,2024-04-30 19:42:26,11,False,"['Drama', 'Mystery', 'Comedy', 'Sci-Fi']"
U01345,United States,45+,2024-11-02 04:59:30,24,False,"['Documentary', 'Fantasy', 'Animation', 'Romance']"
U01346,Singapore,25-34,2024-04-05 07:02:38,23,False,"['Romance', 'Sci-Fi', 'Horror']"
U01347,Germany,35-44,2024-10-05 23:55:41,26,False,['Action']
U01348,Australia,35-44,2024-04-10 04:03:00,23,False,"['Comedy', 'Mystery']"
U01349,Germany,18-24,2024-02-09 00:55:58,21,False,['Romance']
U01350,Australia,18-24,2025-05-15 02:09:05,12,False,"['Action', 'Documentary', 'Sci-Fi']"
U01351,India,25-34,2025-04-06 20:58:55,13,False,"['Comedy', 'Action', 'Fantasy']"
U01352,United Kingdom,18-24,2024-12-20 07:28:45,33,False,['Animation']
U01353,Canada,18-24,2024-11-19 09:16:07,16,False,"['Horror', 'Drama', 'Mystery', 'Romance']"
U01354,Singapore,18-24,2024-05-04 01:53:24,17,False,"['Sci-Fi', 'Animation']"
U01355,United States,25-34,2024-10-22 13:14:57,22,False,"['Documentary', 'Horror', 'Romance']"
U01356,Canada,18-24,2025-01-21 18:15:03,20,False,"['Mystery', 'Sci-Fi', 'Fantasy', 'Romance']"
U01357,United Kingdom,35-44,2024-10-05 22:07:12,27,False,"['Action', 'Animation']"
U01358,India,25-34,2024-05-25 18:17:42,23,False,['Documentary']
U01359,India,35-44,2024-07-21 14:52:17,26,False,"['Animation', 'Horror']"
U01360,United Kingdom,18-24,2025-03-10 18:44:17,19,False,"['Sci-Fi', 'Horror', 'Comedy']"
U01361,India,25-34,2024-05-11 15:52:46,19,False,"['Drama', 'Horror']"
U01362,India,13-17,2025-05-12 01:04:19,25,False,"['Animation', 'Fantasy', 'Mystery', 'Action']"
U01363,United Kingdom,25-34,2025-01-25 12:02:06,13,False,"['Romance', 'Fantasy', 'Documentary']"
U01364,United States,18-24,2025-04-05 06:04:18,27,False,['Action']
U01365,Canada,45+,2024-09-20 10:42:49,18,False,"['Horror', 'Action']"
U01366,India,18-24,2024-04-25 16:08:13,16,False,"['Comedy', 'Drama', 'Documentary']"
U01367,United Kingdom,25-34,2024-01-18 13:07:18,19,False,"['Mystery', 'Drama']"
U01368,Canada,18-24,2024-10-03 13:17:50,22,False,"['Fantasy', 'Comedy', 'Drama']"
U01369,Singapore,25-34,2024-07-25 07:57:52,20,False,"['Romance', 'Drama']"
U01370,Australia,25-34,2024-02-28 18:33:31,21,False,"['Animation', 'Mystery']"
U01371,Singapore,18-24,2025-04-25 02:06:50,16,False,['Documentary']
U01372,United Kingdom,18-24,2025-05-16 15:03:23,17,False,"['Drama', 'Action', 'Comedy', 'Mystery']"
U01373,Canada,18-24,2024-07-12 07:17:01,17,False,"['Documentary', 'Mystery', 'Romance', 'Comedy']"
U01374,United Kingdom,18-24,2024-12-11 09:08:18,19,False,"['Romance', 'Drama', 'Fantasy']"
U01375,Singapore,45+,2024-08-01 15:23:42,20,False,"['Action', 'Romance']"
U01376,Singapore,25-34,2024-09-13 20:24:47,20,False,"['Sci-Fi', 'Drama', 'Documentary']"
U01377,Singapore,13-17,2024-11-18 14:06:34,20,False,['Sci-Fi']
U01378,Germany,45+,2024-08-03 07:04:23,19,True,"['Horror', 'Romance', 'Sci-Fi', 'Documentary']"
U01379,Canada,13-17,2025-02-18 11:10:51,22,False,"['Action', 'Documentary', 'Sci-Fi', 'Drama']"
U01380,Canada,25-34,2024-04-07 21:24:09,20,False,"['Fantasy', 'Action']"
U01381,Singapore,35-44,2024-12-11 14:15:55,17,False,"['Animation', 'Comedy']"
U01382,United States,45+,2025-05-23 06:39:50,14,False,"['Mystery', 'Fantasy', 'Animation']"
U01383,United Kingdom,35-44,2025-03-15 11:28:44,13,False,"['Fantasy', 'Mystery', 'Documentary', 'Sci-Fi']"
U01384,Singapore,25-34,2024-01-24 15:18:07,25,True,"['Romance', 'Horror', 'Fantasy', 'Mystery']"
U01385,United Kingdom,45+,2024-02-28 22:08:49,11,False,['Documentary']
U01386,United States,13-17,2024-11-21 01:19:32,22,True,"['Documentary', 'Sci-Fi', 'Animation']"
U01387,Canada,45+,2025-04-23 00:20:39,20,False,['Horror']
U01388,United Kingdom,35-44,2025-03-12 08:40:01,21,False,['Documentary']
U01389,Singapore,45+,2025-04-12 07:51:48,24,False,"['Documentary', 'Action']"
U01390,Singapore,18-24,2024-03-18 09:46:44,20,False,"['Action', 'Mystery']"
U01391,United Kingdom,18-24,2024-09-25 09:35:44,20,False,['Comedy']
U01392,Canada,25-34,2025-01-10 06:46:11,17,False,"['Documentary', 'Sci-Fi', 'Mystery', 'Horror']"
U01393,Singapore,25-34,2024-11-18 23:48:06,12,False,"['Documentary', 'Comedy', 'Sci-Fi']"
U01394,Germany,25-34,2025-02-05 17:20:56,23,False,"['Sci-Fi', 'Drama']"
U01395,United States,45+,2024-04-20 00:35:03,16,False,"['Comedy', 'Action', 'Fantasy', 'Animation']"
U01396,Australia,25-34,2024-08-24 07:07:31,23,False,"['Fantasy', 'Comedy', 'Animation']"
U01397,Australia,18-24,2024-08-19 14:07:54,14,False,"['Documentary', 'Comedy']"
U01398,Australia,25-34,2025-04-30 22:00:46,21,False,"['Mystery', 'Documentary', 'Fantasy', 'Drama']"
U01399,India,18-24,2024-04-14 19:08:35,22,False,['Romance']
U01400,United Kingdom,18-24,2024-06-17 17:36:44,30,False,"['Action', 'Drama']"
U01401,Germany,18-24,2024-01-12 08:41:11,15,False,"['Comedy', 'Mystery', 'Animation']"
U01402,United States,35-44,2024-03-19 10:55:31,14,False,"['Sci-Fi', 'Romance', 'Comedy', 'Animation']"
U01403,United Kingdom,35-44,2025-05-22 03:02:42,26,False,"['Horror', 'Comedy', 'Drama', 'Action']"
U01404,United Kingdom,25-34,2025-03-14 06:01:41,14,False,"['Drama', 'Mystery', 'Action', 'Documentary']"
U01405,United States,18-24,2024-05-13 23:29:23,19,False,"['Animation', 'Romance']"
U01406,United States,25-34,2024-12-28 23:16:09,19,False,['Sci-Fi']
U01407,United Kingdom,35-44,2024-11-02 15:17:16,19,False,"['Action', 'Documentary', 'Drama']"
U01408,Singapore,35-44,2025-04-13 16:49:38,17,False,"['Documentary', 'Comedy', 'Animation']"
U01409,India,25-34,2024-06-04 05:30:24,16,False,['Sci-Fi']
U01410,United States,35-44,2025-05-29 01:54:04,22,False,"['Horror', 'Romance', 'Animation']"
U01411,India,25-34,2024-07-10 14:40:23,24,False,"['Sci-Fi', 'Fantasy', 'Horror']"
U01412,Canada,25-34,2025-01-05 14:46:46,25,False,['Documentary']
U01413,United States,35-44,2024-07-24 15:25:31,18,False,['Sci-Fi']
U01414,Germany,18-24,2024-12-13 04:23:08,20,False,['Mystery']
U01415,Australia,18-24,2024-06-22 05:15:35,25,False,"['Documentary', 'Comedy', 'Horror', 'Action']"
U01416,Germany,18-24,2025-03-11 23:36:15,13,False,"['Mystery', 'Fantasy', 'Romance', 'Horror']"
U01417,Australia,25-34,2024-11-25 12:51:22,21,False,"['Fantasy', 'Animation', 'Mystery']"
U01418,Canada,25-34,2024-05-29 07:06:01,25,False,"['Documentary', 'Horror', 'Mystery']"
U01419,Singapore,25-34,2025-05-11 19:17:50,16,False,['Mystery']
U01420,Canada,25-34,2025-01-01 15:28:16,13,False,['Sci-Fi']
U01421,Singapore,18-24,2024-08-09 14:29:55,13,False,"['Sci-Fi', 'Horror', 'Comedy']"
U01422,Singapore,35-44,2024-03-11 06:03:51,21,False,"['Drama', 'Mystery', 'Documentary']"
U01423,Australia,18-24,2025-05-18 05:02:16,12,False,"['Comedy', 'Romance', 'Fantasy']"
U01424,Australia,45+,2025-01-25 07:57:32,27,False,"['Romance', 'Mystery', 'Action', 'Sci-Fi']"
U01425,United States,18-24,2024-12-11 06:01:41,19,False,"['Fantasy', 'Mystery', 'Sci-Fi', 'Documentary']"
U01426,Germany,25-34,2025-03-06 17:15:14,27,False,"['Comedy', 'Animation']"
U01427,Australia,25-34,2024-11-09 21:20:45,27,False,"['Horror', 'Drama', 'Sci-Fi']"
U01428,Singapore,35-44,2024-04-29 22:43:11,17,False,['Fantasy']
U01429,United States,18-24,2024-05-02 13:59:04,17,False,"['Mystery', 'Fantasy', 'Documentary', 'Horror']"
U01430,Germany,45+,2024-02-10 21:09:48,17,False,"['Fantasy', 'Drama']"
U01431,Canada,25-34,2024-02-02 12:43:12,24,False,"['Romance', 'Horror']"
U01432,United States,25-34,2025-01-11 17:25:51,14,False,['Horror']
U01433,United States,25-34,2025-03-16 10:48:23,23,False,"['Mystery', 'Drama', 'Horror']"
U01434,Canada,13-17,2024-03-25 17:55:11,12,False,"['Fantasy', 'Documentary']"
U01435,United Kingdom,25-34,2024-10-23 17:57:25,18,False,"['Animation', 'Comedy']"
U01436,India,18-24,2024-03-05 01:29:29,23,False,"['Sci-Fi', 'Action', 'Mystery', 'Horror']"
U01437,United Kingdom,18-24,2024-08-02 06:02:49,14,False,"['Drama', 'Sci-Fi', 'Comedy', 'Mystery']"
U01438,Australia,25-34,2025-02-12 19:26:16,26,False,"['Horror', 'Comedy', 'Mystery']"
U01439,United Kingdom,25-34,2025-02-23 18:53:25,22,False,"['Sci-Fi', 'Mystery']"
U01440,Singapore,18-24,2025-05-05 12:07:26,25,False,"['Horror', 'Animation', 'Romance', 'Documentary']"
U01441,Germany,18-24,2024-06-09 13:40:52,17,False,"['Fantasy', 'Action']"
U01442,Canada,18-24,2025-05-05 11:53:28,17,False,['Romance']
U01443,Singapore,18-24,2025-02-09 03:07:22,22,False,"['Animation', 'Horror', 'Documentary', 'Action']"
U01444,Canada,25-34,2024-06-24 01:39:42,32,False,"['Drama', 'Documentary', 'Mystery', 'Animation']"
U01445,India,18-24,2024-06-18 13:22:30,24,False,"['Horror', 'Drama', 'Documentary', 'Action']"
U01446,India,35-44,2024-02-25 14:38:12,20,False,"['Sci-Fi', 'Action', 'Romance', 'Comedy']"
U01447,Singapore,18-24,2025-04-21 02:17:37,22,False,"['Fantasy', 'Comedy', 'Mystery']"
U01448,Singapore,18-24,2024-04-15 02:36:31,14,False,"['Mystery', 'Sci-Fi', 'Drama']"
U01449,Germany,35-44,2024-05-18 12:55:58,19,False,"['Animation', 'Action', 'Mystery']"
U01450,India,18-24,2024-08-01 11:32:12,25,False,"['Action', 'Drama', 'Horror']"
U01451,United Kingdom,25-34,2024-03-12 02:46:17,22,False,"['Sci-Fi', 'Action', 'Documentary', 'Mystery']"
U01452,India,45+,2025-02-20 16:31:42,10,False,"['Drama', 'Sci-Fi']"
U01453,India,45+,2024-12-26 21:59:02,16,False,"['Sci-Fi', 'Horror']"
U01454,United States,35-44,2024-03-21 23:25:11,22,False,"['Mystery', 'Comedy', 'Horror']"
U01455,Australia,18-24,2024-03-25 04:36:31,33,False,"['Romance', 'Fantasy']"
U01456,India,25-34,2024-01-12 08:55:57,20,False,"['Action', 'Documentary', 'Drama']"
U01457,Singapore,45+,2025-05-05 19:41:48,14,False,"['Drama', 'Horror', 'Mystery']"
U01458,Canada,45+,2024-08-13 07:12:33,23,False,"['Drama', 'Horror', 'Documentary', 'Animation']"
U01459,United States,18-24,2024-12-04 22:07:40,21,False,"['Fantasy', 'Mystery', 'Drama']"
U01460,Canada,18-24,2024-03-18 12:51:34,21,False,"['Animation', 'Action', 'Drama', 'Fantasy']"
U01461,Germany,18-24,2024-04-29 08:31:08,17,False,"['Horror', 'Drama', 'Romance']"
U01462,United Kingdom,18-24,2024-10-06 22:48:26,19,False,['Horror']
U01463,India,25-34,2024-04-17 23:01:31,13,False,"['Drama', 'Sci-Fi', 'Horror']"
U01464,India,18-24,2024-11-12 21:15:06,16,False,"['Animation', 'Fantasy', 'Horror', 'Romance']"
U01465,Germany,18-24,2025-04-22 15:26:29,17,False,"['Mystery', 'Action']"
U01466,India,18-24,2024-06-06 17:40:32,14,False,"['Mystery', 'Horror']"
U01467,Australia,25-34,2024-11-10 06:18:03,23,False,"['Horror', 'Drama']"
U01468,United Kingdom,18-24,2025-04-18 09:36:22,14,False,"['Action', 'Comedy']"
U01469,Germany,25-34,2025-04-07 01:28:34,24,False,['Animation']
U01470,India,18-24,2024-01-04 23:47:40,24,False,"['Documentary', 'Drama', 'Horror', 'Comedy']"
U01471,Singapore,45+,2024-02-26 23:40:27,19,False,"['Romance', 'Comedy']"
U01472,Australia,18-24,2025-05-24 20:44:31,17,True,['Mystery']
U01473,Canada,25-34,2025-04-23 10:15:58,18,False,"['Sci-Fi', 'Comedy']"
U01474,United States,18-24,2024-06-15 10:15:40,20,False,"['Horror', 'Documentary', 'Romance', 'Drama']"
U01475,Singapore,18-24,2024-09-25 20:46:18,14,False,"['Mystery', 'Sci-Fi', 'Fantasy', 'Action']"
U01476,United Kingdom,18-24,2024-10-23 03:17:19,19,False,"['Mystery', 'Animation', 'Comedy']"
U01477,Canada,18-24,2024-12-11 13:46:44,17,False,"['Drama', 'Animation', 'Comedy']"
U01478,United Kingdom,18-24,2025-01-22 22:42:28,28,False,['Mystery']
U01479,United States,25-34,2024-07-11 18:38:19,28,False,"['Horror', 'Action']"
U01480,United Kingdom,25-34,2025-04-05 02:17:22,15,False,"['Mystery', 'Comedy', 'Romance', 'Drama']"
U01481,United States,18-24,2024-01-31 13:48:47,18,True,['Sci-Fi']
U01482,India,25-34,2024-01-17 18:26:54,11,False,['Animation']
U01483,United Kingdom,25-34,2025-05-10 06:31:19,14,True,['Comedy']
U01484,India,18-24,2024-04-01 14:23:27,23,False,"['Documentary', 'Sci-Fi']"
U01485,United Kingdom,18-24,2025-05-29 04:58:33,15,False,['Comedy']
U01486,Singapore,18-24,2024-05-27 20:12:08,18,False,['Comedy']
U01487,United States,18-24,2024-07-07 11:17:50,17,False,['Drama']
U01488,India,25-34,2024-01-15 11:09:08,23,False,['Mystery']
U01489,India,45+,2025-05-02 23:30:47,16,False,"['Action', 'Mystery', 'Animation', 'Horror']"
U01490,Canada,45+,2024-07-04 18:10:44,18,False,"['Documentary', 'Action']"
U01491,United States,45+,2024-03-27 17:08:52,18,False,['Documentary']
U01492,Canada,25-34,2024-09-06 21:17:26,17,True,"['Comedy', 'Drama', 'Romance']"
U01493,India,18-24,2024-03-20 23:19:28,20,True,"['Animation', 'Sci-Fi', 'Mystery', 'Romance']"
U01494,United Kingdom,18-24,2025-02-12 07:32:20,24,False,"['Sci-Fi', 'Mystery']"
U01495,United Kingdom,18-24,2024-02-07 19:10:18,19,False,['Animation']
U01496,Canada,13-17,2024-09-15 02:20:45,15,True,"['Comedy', 'Fantasy', 'Documentary', 'Animation']"
U01497,Canada,18-24,2024-07-21 06:52:14,18,False,"['Action', 'Comedy']"
U01498,Germany,25-34,2024-01-20 05:18:56,15,False,"['Sci-Fi', 'Romance', 'Horror']"
U01499,Canada,18-24,2024-01-28 00:57:58,16,False,"['Romance', 'Drama', 'Sci-Fi', 'Animation']"
U01500,Germany,18-24,2024-09-25 03:33:59,13,False,"['Romance', 'Horror']"
U01501,Canada,35-44,2024-07-23 00:54:23,16,False,"['Fantasy', 'Mystery']"
U01502,United States,18-24,2024-03-08 01:53:38,23,False,"['Action', 'Animation']"
U01503,United States,35-44,2024-03-12 13:08:54,22,False,"['Animation', 'Romance']"
U01504,United Kingdom,18-24,2025-02-20 02:16:39,27,True,"['Mystery', 'Comedy']"
U01505,Australia,25-34,2025-01-12 16:23:19,19,False,['Sci-Fi']
U01506,United States,18-24,2024-11-10 05:26:27,24,False,"['Fantasy', 'Horror', 'Action', 'Animation']"
U01507,Singapore,25-34,2025-03-06 20:21:49,22,False,"['Comedy', 'Romance', 'Action']"
U01508,Canada,18-24,2024-02-05 19:57:25,21,False,"['Romance', 'Documentary', 'Mystery', 'Comedy']"
U01509,Singapore,18-24,2024-12-21 14:24:49,23,False,"['Action', 'Comedy']"
U01510,Australia,25-34,2025-01-24 01:22:18,19,True,['Sci-Fi']
U01511,United Kingdom,18-24,2024-04-13 15:43:53,21,False,"['Fantasy', 'Mystery']"
U01512,United States,18-24,2024-10-04 07:16:03,20,False,"['Sci-Fi', 'Comedy', 'Action']"
U01513,Germany,45+,2025-01-31 11:03:08,13,False,['Documentary']
U01514,United Kingdom,13-17,2024-11-07 23:53:11,19,False,"['Romance', 'Comedy']"
U01515,United States,25-34,2024-05-08 23:47:54,19,False,"['Romance', 'Drama']"
U01516,Singapore,25-34,2024-12-09 16:13:16,20,False,['Drama']
U01517,Canada,18-24,2025-01-27 15:44:04,17,False,"['Horror', 'Mystery', 'Romance', 'Drama']"
U01518,India,25-34,2024-01-06 00:28:45,22,False,"['Mystery', 'Romance', 'Action']"
U01519,Canada,18-24,2024-10-20 08:16:08,18,True,['Romance']
U01520,Canada,35-44,2024-09-17 21:14:30,18,False,['Action']
U01521,Singapore,18-24,2024-07-08 14:10:08,19,False,"['Sci-Fi', 'Documentary']"
U01522,Australia,18-24,2024-01-23 20:53:50,20,False,['Comedy']
U01523,United States,18-24,2024-02-13 03:58:24,18,False,['Action']
U01524,United States,45+,2025-01-22 20:04:30,25,False,"['Sci-Fi', 'Drama', 'Action', 'Horror']"
U01525,Australia,35-44,2025-03-03 19:44:16,21,False,"['Action', 'Documentary', 'Drama']"
U01526,India,45+,2024-08-04 18:08:00,23,False,['Animation']
U01527,United Kingdom,25-34,2025-04-30 19:12:48,16,False,"['Drama', 'Romance', 'Comedy']"
U01528,India,25-34,2025-04-24 14:25:18,22,False,"['Romance', 'Fantasy', 'Mystery', 'Sci-Fi']"
U01529,India,25-34,2024-12-10 06:42:28,26,False,['Drama']
U01530,Singapore,45+,2024-10-27 08:05:30,22,False,['Documentary']
U01531,India,25-34,2025-05-13 16:01:54,22,False,"['Mystery', 'Horror', 'Comedy', 'Fantasy']"
U01532,India,18-24,2024-11-11 06:22:45,18,False,['Sci-Fi']
U01533,Singapore,25-34,2025-04-27 22:27:16,21,False,"['Comedy', 'Horror']"
U01534,United States,25-34,2025-05-21 03:12:42,24,False,['Animation']
U01535,Germany,18-24,2024-04-10 14:42:03,21,False,['Comedy']
U01536,India,18-24,2024-12-07 13:42:03,17,False,"['Mystery', 'Horror', 'Sci-Fi', 'Fantasy']"
U01537,United States,18-24,2025-01-13 00:52:58,32,False,['Romance']
U01538,India,35-44,2025-02-27 23:35:30,23,False,"['Fantasy', 'Horror', 'Documentary', 'Action']"
U01539,Australia,18-24,2024-06-29 14:10:27,22,False,"['Comedy', 'Mystery', 'Documentary']"
U01540,Australia,35-44,2025-03-21 10:46:48,25,False,"['Mystery', 'Documentary', 'Action']"
U01541,Canada,25-34,2024-09-09 01:06:55,27,False,"['Fantasy', 'Mystery', 'Sci-Fi']"
U01542,United States,35-44,2024-07-18 23:49:08,25,False,"['Action', 'Horror', 'Documentary', 'Animation']"
U01543,India,18-24,2024-03-22 03:37:37,22,False,"['Drama', 'Documentary']"
U01544,Canada,45+,2024-06-15 01:28:53,22,False,"['Action', 'Drama', 'Romance']"
U01545,United States,25-34,2025-05-18 23:03:47,25,True,"['Comedy', 'Mystery']"
U01546,Australia,18-24,2025-01-05 06:35:44,18,False,"['Documentary', 'Animation']"
U01547,Australia,18-24,2025-01-10 09:54:45,20,True,"['Horror', 'Mystery', 'Fantasy', 'Action']"
U01548,Germany,18-24,2025-04-08 01:13:29,21,False,"['Drama', 'Mystery']"
U01549,Canada,18-24,2024-05-17 23:47:53,21,False,"['Horror', 'Animation', 'Sci-Fi']"
U01550,India,35-44,2024-12-08 00:29:54,14,True,"['Romance', 'Animation']"
U01551,United States,45+,2024-07-11 01:13:14,16,False,"['Romance', 'Drama', 'Horror', 'Documentary']"
U01552,Germany,25-34,2025-03-14 09:51:54,16,False,"['Mystery', 'Drama', 'Animation', 'Action']"
U01553,Canada,25-34,2024-08-06 10:10:05,20,False,"['Drama', 'Fantasy', 'Animation']"
U01554,Australia,25-34,2025-03-17 23:20:38,18,False,['Comedy']
U01555,Canada,35-44,2025-01-21 11:23:54,21,False,"['Animation', 'Documentary', 'Horror']"
U01556,United States,35-44,2025-02-03 02:23:43,17,False,"['Documentary', 'Action', 'Fantasy', 'Comedy']"
U01557,Singapore,18-24,2025-04-23 14:03:06,26,False,['Mystery']
U01558,Germany,45+,2025-02-12 18:05:21,25,False,"['Documentary', 'Romance', 'Animation', 'Fantasy']"
U01559,Singapore,18-24,2024-06-15 04:25:45,19,False,"['Comedy', 'Animation']"
U01560,Germany,35-44,2024-09-26 14:57:41,14,False,['Documentary']
U01561,United Kingdom,45+,2024-09-01 06:46:51,25,False,"['Action', 'Romance', 'Animation']"
U01562,United States,35-44,2024-02-03 09:18:22,27,False,"['Animation', 'Horror', 'Action']"
U01563,United States,18-24,2024-11-02 16:31:10,19,False,"['Drama', 'Action', 'Documentary']"
U01564,Singapore,25-34,2024-08-14 03:36:32,27,False,"['Action', 'Horror']"
U01565,Canada,18-24,2024-07-22 08:36:44,17,False,"['Mystery', 'Documentary', 'Romance']"
U01566,Canada,35-44,2024-02-26 16:08:58,17,False,"['Mystery', 'Comedy', 'Sci-Fi', 'Horror']"
U01567,Singapore,18-24,2024-09-17 15:52:54,18,True,"['Romance', 'Documentary', 'Fantasy', 'Comedy']"
U01568,Australia,25-34,2024-10-26 08:42:57,15,False,['Documentary']
U01569,Singapore,45+,2024-02-24 15:37:12,18,True,"['Mystery', 'Horror', 'Romance']"
U01570,Singapore,18-24,2024-11-24 06:18:08,27,False,"['Fantasy', 'Animation']"
U01571,India,18-24,2024-03-27 16:30:13,15,False,"['Mystery', 'Animation', 'Horror', 'Fantasy']"
U01572,United Kingdom,25-34,2024-03-15 23:14:24,20,True,"['Comedy', 'Documentary']"
U01573,Germany,25-34,2024-07-26 08:51:51,24,False,"['Horror', 'Comedy']"
U01574,Germany,18-24,2024-07-20 03:43:58,18,False,"['Horror', 'Comedy', 'Sci-Fi', 'Romance']"
U01575,United States,13-17,2025-04-18 00:33:47,21,False,"['Fantasy', 'Romance', 'Horror']"
U01576,United Kingdom,25-34,2024-02-04 23:41:22,23,False,"['Romance', 'Documentary', 'Animation']"
U01577,Canada,25-34,2024-06-29 14:50:04,20,False,"['Sci-Fi', 'Romance']"
U01578,Germany,25-34,2025-01-14 17:56:21,29,False,"['Documentary', 'Action']"
U01579,India,18-24,2025-05-22 11:18:58,19,False,"['Fantasy', 'Animation', 'Romance']"
U01580,Australia,25-34,2025-01-19 01:26:03,18,False,"['Romance', 'Animation', 'Drama']"
U01581,United Kingdom,18-24,2025-05-04 03:01:53,22,False,"['Comedy', 'Mystery']"
U01582,United States,18-24,2025-05-05 16:48:25,21,False,"['Romance', 'Sci-Fi', 'Comedy']"
U01583,Canada,35-44,2024-02-26 10:30:30,30,False,"['Romance', 'Mystery']"
U01584,United Kingdom,18-24,2024-08-25 08:48:21,20,False,['Action']
U01585,Australia,25-34,2025-01-19 22:48:30,20,False,"['Fantasy', 'Animation', 'Comedy']"
U01586,United Kingdom,45+,2024-01-05 10:46:13,18,False,['Comedy']
U01587,Germany,25-34,2024-08-21 16:56:50,21,True,"['Animation', 'Drama', 'Sci-Fi']"
U01588,India,25-34,2024-12-21 18:33:24,21,False,"['Sci-Fi', 'Horror', 'Action']"
U01589,Singapore,18-24,2025-02-13 22:08:02,20,False,['Mystery']
U01590,India,18-24,2024-08-02 14:04:27,19,False,"['Documentary', 'Comedy', 'Horror']"
U01591,Germany,18-24,2025-03-22 04:17:24,18,False,['Drama']
U01592,United Kingdom,35-44,2024-12-14 06:35:37,18,False,['Romance']
U01593,United Kingdom,35-44,2024-01-24 12:30:34,16,False,['Sci-Fi']
U01594,India,18-24,2024-05-23 13:54:23,19,False,"['Horror', 'Mystery']"
U01595,Australia,18-24,2025-04-29 21:41:28,22,False,"['Animation', 'Romance']"
U01596,United States,18-24,2024-01-02 05:52:48,18,False,"['Documentary', 'Drama', 'Romance', 'Horror']"
U01597,Australia,25-34,2024-02-25 20:26:37,16,False,['Sci-Fi']
U01598,Germany,25-34,2024-06-27 02:30:32,20,True,"['Drama', 'Romance', 'Animation']"
U01599,Germany,25-34,2025-05-28 19:12:32,31,False,"['Documentary', 'Sci-Fi', 'Romance', 'Horror']"
U01600,Australia,45+,2024-12-30 09:03:48,23,False,"['Mystery', 'Action']"
U01601,United Kingdom,18-24,2024-03-17 08:10:20,24,False,"['Sci-Fi', 'Documentary', 'Romance', 'Action']"
U01602,Germany,25-34,2024-07-22 05:44:58,17,False,"['Animation', 'Romance', 'Sci-Fi']"
U01603,Germany,25-34,2025-04-30 17:50:36,19,False,"['Comedy', 'Sci-Fi', 'Mystery']"
U01604,United Kingdom,18-24,2024-04-23 07:30:45,25,False,"['Comedy', 'Sci-Fi', 'Drama']"
U01605,India,45+,2024-10-24 12:34:42,27,False,['Sci-Fi']
U01606,Singapore,18-24,2024-08-27 21:23:49,17,False,"['Mystery', 'Sci-Fi', 'Documentary']"
U01607,United States,35-44,2025-01-28 03:46:54,18,False,['Documentary']
U01608,Australia,35-44,2025-01-23 23:08:25,16,False,"['Romance', 'Sci-Fi']"
U01609,United States,45+,2025-03-06 19:23:26,18,False,"['Documentary', 'Mystery', 'Fantasy']"
U01610,India,25-34,2024-03-02 17:55:32,16,False,['Fantasy']
U01611,Germany,18-24,2024-08-22 15:18:01,19,False,"['Romance', 'Mystery', 'Sci-Fi', 'Comedy']"
U01612,United States,35-44,2024-12-23 15:15:33,19,False,"['Sci-Fi', 'Fantasy']"
U01613,Australia,35-44,2024-08-04 14:56:49,23,False,['Horror']
U01614,Australia,25-34,2024-12-11 00:24:16,16,False,"['Animation', 'Fantasy', 'Comedy', 'Romance']"
U01615,India,35-44,2024-11-24 16:34:01,19,False,"['Mystery', 'Documentary', 'Comedy', 'Romance']"
U01616,United States,18-24,2024-07-10 16:06:56,19,False,"['Fantasy', 'Romance']"
U01617,Germany,25-34,2024-02-21 18:21:58,17,False,"['Romance', 'Action']"
U01618,Canada,35-44,2025-05-16 15:55:53,25,False,['Fantasy']
U01619,India,18-24,2025-03-03 00:57:13,16,False,"['Sci-Fi', 'Comedy']"
U01620,Singapore,25-34,2025-04-07 13:30:12,18,True,"['Romance', 'Documentary', 'Action']"
U01621,United States,45+,2024-06-04 00:11:39,18,False,"['Documentary', 'Fantasy', 'Comedy', 'Mystery']"
U01622,India,35-44,2024-06-12 10:55:53,23,False,"['Action', 'Fantasy']"
U01623,Singapore,35-44,2024-06-16 05:13:08,24,False,['Horror']
U01624,India,18-24,2024-01-17 01:46:41,23,False,['Drama']
U01625,Canada,45+,2024-03-28 17:41:37,20,False,"['Horror', 'Fantasy', 'Sci-Fi', 'Mystery']"
U01626,Singapore,18-24,2024-06-08 09:26:45,17,False,"['Mystery', 'Action']"
U01627,Australia,25-34,2025-05-25 11:18:50,17,False,"['Fantasy', 'Animation', 'Sci-Fi', 'Horror']"
U01628,Australia,25-34,2024-04-15 20:11:23,25,False,"['Action', 'Comedy']"
U01629,United Kingdom,35-44,2024-09-19 12:57:27,29,False,['Documentary']
U01630,India,45+,2024-10-09 22:18:06,10,False,"['Action', 'Drama']"
U01631,Australia,35-44,2024-07-05 00:26:50,25,False,"['Sci-Fi', 'Fantasy']"
U01632,Singapore,25-34,2025-04-19 23:46:50,11,False,"['Horror', 'Fantasy', 'Romance']"
U01633,India,25-34,2024-02-18 04:45:16,18,False,"['Documentary', 'Fantasy']"
U01634,Singapore,25-34,2025-03-25 23:08:52,13,True,"['Documentary', 'Action', 'Fantasy']"
U01635,United Kingdom,25-34,2025-01-19 12:07:38,16,False,"['Drama', 'Animation', 'Comedy', 'Fantasy']"
U01636,Canada,13-17,2024-06-07 02:43:41,18,False,"['Horror', 'Sci-Fi']"
U01637,United States,25-34,2025-01-31 21:54:57,24,False,"['Comedy', 'Documentary', 'Mystery']"
U01638,Australia,35-44,2024-08-09 14:02:17,23,False,"['Animation', 'Drama']"
U01639,United States,35-44,2025-05-16 19:56:29,23,True,"['Drama', 'Comedy', 'Horror', 'Sci-Fi']"
U01640,United States,35-44,2024-01-19 21:24:56,21,True,"['Romance', 'Fantasy', 'Animation']"
U01641,Germany,18-24,2024-01-16 09:02:53,19,False,"['Romance', 'Comedy']"
U01642,India,25-34,2024-10-08 07:58:50,18,False,"['Horror', 'Documentary']"
U01643,Canada,13-17,2025-04-26 13:34:02,21,False,['Sci-Fi']
U01644,Australia,18-24,2024-02-02 18:16:11,13,False,"['Drama', 'Fantasy', 'Sci-Fi']"
U01645,India,25-34,2025-02-06 04:27:54,18,False,['Mystery']
U01646,United Kingdom,18-24,2025-04-30 06:13:31,18,False,"['Sci-Fi', 'Action', 'Fantasy', 'Documentary']"
U01647,United Kingdom,13-17,2024-09-08 10:56:17,12,False,"['Documentary', 'Sci-Fi']"
U01648,Australia,25-34,2025-03-24 04:54:54,15,False,"['Sci-Fi', 'Action']"
U01649,Singapore,25-34,2025-01-26 08:07:13,22,False,"['Sci-Fi', 'Documentary', 'Horror']"
U01650,Germany,25-34,2024-04-20 17:38:24,18,False,"['Mystery', 'Sci-Fi', 'Fantasy']"
U01651,United States,18-24,2025-03-17 14:39:19,17,True,"['Sci-Fi', 'Comedy', 'Horror']"
U01652,India,25-34,2024-12-27 13:45:59,20,False,"['Animation', 'Drama', 'Comedy', 'Documentary']"
U01653,India,25-34,2024-01-07 12:04:38,17,False,['Fantasy']
U01654,Australia,25-34,2024-10-20 15:59:48,16,True,"['Sci-Fi', 'Horror', 'Comedy', 'Fantasy']"
U01655,United States,25-34,2024-12-04 07:29:59,19,False,"['Mystery', 'Sci-Fi']"
U01656,United States,13-17,2025-02-18 07:14:47,16,True,['Fantasy']
U01657,Germany,45+,2025-02-02 18:02:00,17,False,"['Documentary', 'Romance']"
U01658,Singapore,18-24,2024-09-02 21:53:28,17,False,"['Action', 'Mystery']"
U01659,Germany,25-34,2024-06-03 13:50:49,21,False,['Fantasy']
U01660,United States,18-24,2024-04-09 03:30:23,29,False,"['Comedy', 'Mystery', 'Drama']"
U01661,Australia,25-34,2024-02-16 00:22:14,21,False,"['Romance', 'Horror', 'Comedy']"
U01662,Australia,18-24,2024-11-26 19:10:36,17,False,"['Fantasy', 'Action', 'Mystery']"
U01663,United States,35-44,2025-05-11 04:49:42,21,False,['Romance']
U01664,Canada,18-24,2024-02-11 12:07:05,20,False,"['Mystery', 'Documentary']"
U01665,Canada,25-34,2024-12-29 07:13:32,24,False,['Action']
U01666,United Kingdom,18-24,2024-10-29 05:34:04,15,True,"['Fantasy', 'Horror']"
U01667,Germany,13-17,2024-03-29 20:46:49,24,False,"['Comedy', 'Action', 'Drama', 'Mystery']"
U01668,Australia,25-34,2024-04-19 23:14:28,25,False,"['Sci-Fi', 'Documentary', 'Mystery', 'Action']"
U01669,Canada,25-34,2024-05-27 01:28:38,27,False,['Action']
U01670,Germany,25-34,2024-12-20 02:41:28,24,False,"['Action', 'Animation']"
U01671,Germany,45+,2024-06-03 09:50:29,19,False,['Action']
U01672,Canada,35-44,2025-03-04 02:21:34,10,False,"['Romance', 'Fantasy', 'Horror']"
U01673,United States,45+,2024-07-10 03:55:19,24,False,"['Animation', 'Comedy']"
U01674,Germany,18-24,2024-02-26 14:58:58,25,False,"['Animation', 'Sci-Fi', 'Horror', 'Fantasy']"
U01675,Germany,35-44,2024-02-19 08:39:19,30,False,"['Drama', 'Documentary']"
U01676,Singapore,25-34,2024-07-25 22:31:55,22,False,['Documentary']
U01677,United States,25-34,2024-07-29 21:13:08,23,True,"['Drama', 'Action']"
U01678,United Kingdom,45+,2025-01-14 05:32:09,18,False,"['Drama', 'Fantasy']"
U01679,Singapore,25-34,2024-09-04 10:08:17,24,False,"['Sci-Fi', 'Action', 'Mystery', 'Romance']"
U01680,Canada,35-44,2024-03-25 15:13:39,17,False,"['Action', 'Horror']"
U01681,Singapore,35-44,2024-04-20 06:25:11,21,False,"['Romance', 'Fantasy']"
U01682,India,18-24,2024-10-19 21:25:32,20,False,"['Romance', 'Horror']"
U01683,India,25-34,2024-06-21 18:21:06,25,False,"['Comedy', 'Documentary']"
U01684,Germany,25-34,2024-12-13 08:10:41,12,False,['Comedy']
U01685,United Kingdom,45+,2025-04-22 04:46:50,25,False,"['Action', 'Fantasy']"
U01686,Canada,35-44,2024-07-02 10:16:44,15,False,['Documentary']
U01687,United Kingdom,18-24,2024-10-12 07:40:56,19,False,['Documentary']
U01688,United Kingdom,18-24,2025-03-06 03:14:09,25,False,"['Action', 'Animation', 'Romance', 'Horror']"
U01689,Singapore,18-24,2024-04-18 18:02:52,24,False,"['Sci-Fi', 'Drama', 'Action']"
U01690,India,25-34,2024-09-21 00:14:48,24,False,"['Action', 'Mystery', 'Drama', 'Sci-Fi']"
U01691,Germany,18-24,2024-06-06 19:29:05,21,False,"['Sci-Fi', 'Mystery', 'Drama']"
U01692,Singapore,35-44,2024-11-20 03:45:07,27,False,['Mystery']
U01693,Australia,25-34,2025-01-19 04:09:21,14,False,"['Sci-Fi', 'Romance', 'Fantasy']"
U01694,United Kingdom,35-44,2024-03-13 19:56:58,32,False,['Romance']
U01695,United States,18-24,2024-04-06 22:04:44,16,True,"['Comedy', 'Action']"
U01696,Australia,25-34,2024-01-12 23:22:17,20,False,['Documentary']
U01697,Canada,18-24,2024-01-07 05:35:33,17,False,"['Sci-Fi', 'Comedy', 'Horror']"
U01698,United States,35-44,2024-01-27 05:41:17,17,False,"['Documentary', 'Sci-Fi']"
U01699,United Kingdom,18-24,2024-12-31 10:06:27,22,False,['Romance']
U01700,Singapore,18-24,2025-04-12 07:50:28,17,False,"['Action', 'Fantasy', 'Horror', 'Sci-Fi']"
U01701,United States,18-24,2024-07-30 19:36:45,30,False,"['Horror', 'Action', 'Mystery', 'Romance']"
U01702,United States,35-44,2025-04-01 07:49:36,34,False,"['Sci-Fi', 'Documentary']"
U01703,Australia,18-24,2025-01-12 05:57:41,18,False,"['Fantasy', 'Romance', 'Drama']"
U01704,United States,25-34,2025-02-21 12:35:40,18,False,['Horror']
U01705,Singapore,35-44,2025-01-17 12:37:18,16,False,"['Action', 'Drama', 'Romance']"
U01706,Singapore,35-44,2024-04-13 04:47:12,16,False,"['Comedy', 'Fantasy']"
U01707,Singapore,18-24,2024-09-27 13:53:34,19,False,['Mystery']
U01708,Singapore,18-24,2024-09-28 15:53:27,21,False,"['Horror', 'Action', 'Drama']"
U01709,United States,25-34,2024-11-27 17:04:08,16,False,"['Action', 'Drama', 'Mystery', 'Romance']"
U01710,United States,18-24,2025-02-15 14:13:15,21,False,['Drama']
U01711,United Kingdom,25-34,2024-02-28 05:41:55,19,False,"['Horror', 'Documentary', 'Drama', 'Action']"
U01712,Canada,18-24,2024-12-14 19:17:42,19,False,"['Comedy', 'Fantasy', 'Mystery', 'Romance']"
U01713,Singapore,25-34,2025-03-06 16:17:26,16,False,"['Animation', 'Sci-Fi']"
U01714,Germany,18-24,2024-02-29 17:23:13,30,False,"['Action', 'Mystery']"
U01715,Australia,25-34,2024-08-02 12:50:35,19,False,['Documentary']
U01716,Singapore,18-24,2025-04-07 23:52:30,25,False,"['Comedy', 'Drama', 'Fantasy']"
U01717,Australia,25-34,2024-01-13 14:26:20,21,False,"['Documentary', 'Action']"
U01718,United Kingdom,18-24,2024-03-24 01:44:49,12,False,"['Fantasy', 'Mystery', 'Documentary', 'Animation']"
U01719,United Kingdom,45+,2025-02-19 15:01:21,22,False,"['Horror', 'Documentary']"
U01720,Canada,25-34,2024-03-29 19:38:27,25,False,['Romance']
U01721,India,18-24,2024-12-28 22:12:54,20,False,['Drama']
U01722,Germany,13-17,2025-04-10 19:42:54,23,False,"['Mystery', 'Drama']"
U01723,Australia,18-24,2024-09-14 18:16:01,15,False,['Comedy']
U01724,Germany,18-24,2024-09-07 13:07:37,19,False,"['Comedy', 'Animation', 'Documentary']"
U01725,Canada,18-24,2024-08-09 15:55:26,15,False,"['Horror', 'Romance', 'Mystery']"
U01726,Germany,35-44,2024-07-11 18:50:30,23,False,"['Documentary', 'Comedy']"
U01727,Singapore,25-34,2024-07-15 11:41:44,15,False,['Sci-Fi']
U01728,Canada,18-24,2024-10-13 05:46:22,13,False,"['Sci-Fi', 'Romance']"
U01729,Canada,25-34,2025-04-07 23:55:55,18,False,"['Documentary', 'Drama']"
U01730,India,18-24,2025-05-22 09:10:41,19,False,['Action']
U01731,Germany,45+,2025-03-23 15:43:53,26,False,"['Mystery', 'Horror', 'Animation', 'Romance']"
U01732,Singapore,13-17,2024-03-02 20:22:28,26,False,"['Documentary', 'Animation', 'Comedy', 'Action']"
U01733,Australia,35-44,2024-06-07 14:23:58,18,False,['Animation']
U01734,Singapore,35-44,2025-01-26 08:13:16,22,False,['Mystery']
U01735,Singapore,18-24,2024-10-09 00:55:41,17,False,"['Horror', 'Drama']"
U01736,Germany,18-24,2024-06-21 20:18:55,20,False,"['Documentary', 'Drama', 'Comedy']"
U01737,Canada,18-24,2024-06-09 21:14:53,18,True,"['Horror', 'Fantasy']"
U01738,India,35-44,2024-03-01 12:20:50,15,False,['Horror']
U01739,India,25-34,2024-06-20 20:38:50,12,True,"['Drama', 'Romance', 'Action']"
U01740,United States,25-34,2024-08-06 03:20:56,23,False,"['Documentary', 'Drama', 'Animation']"
U01741,Canada,35-44,2024-08-03 00:48:22,20,False,['Romance']
U01742,Germany,35-44,2024-10-10 16:55:32,18,False,"['Animation', 'Fantasy', 'Sci-Fi', 'Action']"
U01743,Canada,25-34,2024-05-21 03:16:26,22,False,"['Comedy', 'Action', 'Romance', 'Sci-Fi']"
U01744,India,25-34,2024-04-16 11:34:19,15,False,"['Action', 'Horror']"
U01745,United States,35-44,2025-04-03 20:19:19,22,False,"['Comedy', 'Animation', 'Drama']"
U01746,Singapore,18-24,2024-07-28 12:35:00,8,False,"['Documentary', 'Comedy', 'Drama']"
U01747,Singapore,35-44,2024-05-11 16:56:52,14,False,"['Documentary', 'Mystery', 'Sci-Fi', 'Animation']"
U01748,United Kingdom,13-17,2024-11-24 15:28:05,25,False,"['Romance', 'Sci-Fi', 'Comedy']"
U01749,Germany,18-24,2024-10-07 09:04:27,19,False,"['Mystery', 'Comedy', 'Romance']"
U01750,Germany,35-44,2024-10-25 00:34:01,17,False,"['Drama', 'Action', 'Fantasy']"
U01751,Singapore,18-24,2024-04-24 12:33:57,18,False,['Horror']
U01752,Singapore,18-24,2025-01-08 20:58:35,18,False,"['Romance', 'Action']"
U01753,Australia,18-24,2024-04-09 09:58:44,26,True,"['Documentary', 'Romance', 'Comedy', 'Horror']"
U01754,United Kingdom,25-34,2025-03-08 10:06:26,23,False,"['Sci-Fi', 'Romance', 'Fantasy']"
U01755,Australia,35-44,2024-08-07 05:36:56,24,False,"['Mystery', 'Horror']"
U01756,United Kingdom,18-24,2024-07-30 12:36:47,32,False,"['Mystery', 'Action', 'Drama', 'Horror']"
U01757,United Kingdom,13-17,2024-07-19 20:23:29,19,False,"['Animation', 'Mystery', 'Drama', 'Sci-Fi']"
U01758,Australia,25-34,2024-08-06 16:10:40,21,False,"['Drama', 'Documentary']"
U01759,Canada,45+,2024-12-09 23:15:53,27,False,['Comedy']
U01760,Australia,18-24,2024-09-13 18:57:21,18,False,"['Drama', 'Comedy', 'Fantasy']"
U01761,United Kingdom,45+,2024-03-06 13:28:59,14,False,"['Documentary', 'Horror']"
U01762,United Kingdom,35-44,2024-10-19 19:18:45,19,False,"['Drama', 'Fantasy', 'Action']"
U01763,India,18-24,2024-05-18 01:00:59,21,False,"['Animation', 'Drama', 'Sci-Fi', 'Action']"
U01764,Australia,35-44,2024-02-26 00:04:03,20,False,"['Fantasy', 'Horror', 'Animation']"
U01765,Australia,25-34,2025-03-10 05:51:50,19,False,"['Mystery', 'Action']"
U01766,Singapore,25-34,2024-06-10 15:10:46,13,False,"['Mystery', 'Action', 'Sci-Fi', 'Documentary']"
U01767,Canada,25-34,2024-11-03 15:17:56,22,False,"['Documentary', 'Horror']"
U01768,Canada,35-44,2024-03-29 20:50:00,19,False,"['Action', 'Horror', 'Animation']"
U01769,India,35-44,2024-06-24 10:06:19,19,False,['Animation']
U01770,United States,35-44,2024-07-18 11:39:39,16,False,"['Sci-Fi', 'Mystery', 'Action', 'Comedy']"
U01771,United Kingdom,45+,2024-03-10 05:24:01,14,False,"['Romance', 'Drama', 'Comedy']"
U01772,United Kingdom,25-34,2025-05-18 05:22:38,23,False,"['Comedy', 'Documentary']"
U01773,United Kingdom,35-44,2024-06-10 02:20:36,17,False,"['Animation', 'Horror']"
U01774,United Kingdom,35-44,2024-10-28 06:31:32,26,False,"['Sci-Fi', 'Drama', 'Documentary', 'Mystery']"
U01775,Germany,18-24,2024-10-19 08:57:44,22,False,"['Documentary', 'Sci-Fi', 'Horror']"
U01776,India,13-17,2024-08-09 23:45:57,23,False,"['Comedy', 'Mystery', 'Action']"
U01777,United Kingdom,25-34,2024-10-29 18:13:33,24,True,['Sci-Fi']
U01778,United States,35-44,2024-10-19 14:08:41,21,False,['Mystery']
U01779,United Kingdom,18-24,2024-02-11 09:27:46,23,False,"['Mystery', 'Action']"
U01780,Australia,35-44,2024-12-11 21:54:06,21,False,['Animation']
U01781,India,13-17,2024-02-29 01:06:11,29,False,"['Comedy', 'Documentary', 'Animation', 'Drama']"
U01782,United Kingdom,18-24,2024-08-12 20:54:09,19,False,['Sci-Fi']
U01783,India,25-34,2024-07-07 13:21:11,14,False,"['Action', 'Animation']"
U01784,Singapore,18-24,2024-08-19 11:10:59,23,False,"['Horror', 'Drama']"
U01785,Germany,35-44,2024-02-07 04:10:31,26,False,"['Animation', 'Drama', 'Action', 'Mystery']"
U01786,United States,18-24,2024-12-28 14:59:06,24,False,"['Horror', 'Comedy', 'Documentary', 'Romance']"
U01787,United States,45+,2024-08-04 09:33:58,23,False,"['Action', 'Horror']"
U01788,India,18-24,2024-02-01 11:10:58,23,False,['Drama']
U01789,Canada,45+,2024-01-02 19:50:17,22,False,"['Fantasy', 'Drama']"
U01790,Germany,25-34,2024-10-06 05:19:10,15,False,"['Mystery', 'Drama']"
U01791,Australia,18-24,2024-12-10 10:55:00,18,False,"['Comedy', 'Horror', 'Mystery', 'Romance']"
U01792,Singapore,18-24,2024-10-09 23:14:36,22,False,"['Action', 'Mystery']"
U01793,United Kingdom,18-24,2025-01-07 11:19:10,23,False,['Fantasy']
U01794,United States,25-34,2025-01-26 05:46:55,27,False,"['Animation', 'Sci-Fi', 'Romance', 'Mystery']"
U01795,Canada,35-44,2025-03-26 19:21:24,21,False,"['Comedy', 'Horror']"
U01796,United States,25-34,2025-05-23 00:39:21,16,False,"['Horror', 'Fantasy', 'Sci-Fi']"
U01797,Singapore,25-34,2025-04-02 10:31:36,17,False,['Mystery']
U01798,United States,25-34,2025-02-15 09:43:31,18,False,"['Sci-Fi', 'Drama', 'Romance']"
U01799,Canada,25-34,2024-08-10 19:30:18,21,True,"['Mystery', 'Documentary', 'Fantasy', 'Drama']"
U01800,Canada,25-34,2024-09-17 11:00:32,16,False,"['Mystery', 'Horror']"
U01801,India,25-34,2024-11-14 11:53:59,22,False,['Romance']
U01802,Canada,35-44,2024-03-28 14:34:30,16,False,"['Sci-Fi', 'Action']"
U01803,Canada,45+,2024-12-16 08:18:10,29,False,"['Horror', 'Sci-Fi']"
U01804,United States,18-24,2024-10-31 03:08:31,24,False,"['Sci-Fi', 'Mystery', 'Fantasy', 'Animation']"
U01805,India,13-17,2024-09-25 22:34:52,25,False,"['Documentary', 'Drama', 'Horror', 'Sci-Fi']"
U01806,India,18-24,2025-03-07 07:58:50,20,False,['Sci-Fi']
U01807,India,25-34,2024-12-21 06:21:18,22,False,['Horror']
U01808,Canada,18-24,2025-04-27 01:23:37,17,False,['Comedy']
U01809,India,45+,2025-05-19 20:33:02,22,False,"['Romance', 'Sci-Fi', 'Comedy', 'Fantasy']"
U01810,Singapore,25-34,2025-03-02 16:27:04,25,False,"['Drama', 'Action']"
U01811,United States,25-34,2024-06-03 00:26:28,13,False,"['Drama', 'Documentary', 'Sci-Fi', 'Mystery']"
U01812,Australia,35-44,2024-04-07 16:43:20,27,False,"['Romance', 'Animation', 'Fantasy', 'Horror']"
U01813,Australia,18-24,2024-06-03 17:50:58,16,False,"['Documentary', 'Mystery']"
U01814,Canada,35-44,2025-01-03 09:38:28,27,False,['Mystery']
U01815,Singapore,13-17,2025-03-22 20:10:06,28,False,"['Horror', 'Comedy', 'Action']"
U01816,India,25-34,2025-03-31 00:57:45,27,False,"['Documentary', 'Sci-Fi', 'Comedy']"
U01817,United States,45+,2024-12-19 14:51:11,22,False,['Action']
U01818,United States,35-44,2024-12-18 02:03:30,22,False,"['Sci-Fi', 'Mystery', 'Animation', 'Documentary']"
U01819,India,35-44,2025-05-07 03:38:52,21,False,['Animation']
U01820,United Kingdom,18-24,2024-12-20 12:48:40,9,False,['Romance']
U01821,United Kingdom,35-44,2024-03-13 21:12:00,22,False,['Comedy']
U01822,Germany,25-34,2024-09-15 14:00:49,17,False,"['Documentary', 'Horror', 'Action']"
U01823,United Kingdom,25-34,2024-07-04 10:27:24,26,False,"['Documentary', 'Horror', 'Animation', 'Sci-Fi']"
U01824,Singapore,18-24,2024-11-25 07:36:03,15,True,"['Sci-Fi', 'Fantasy', 'Documentary']"
U01825,Germany,18-24,2024-11-24 17:25:53,13,False,"['Animation', 'Action', 'Documentary', 'Fantasy']"
U01826,Singapore,25-34,2024-06-01 04:40:33,17,False,['Drama']
U01827,India,18-24,2024-06-03 22:38:46,21,False,"['Romance', 'Horror', 'Documentary', 'Sci-Fi']"
U01828,Singapore,35-44,2024-05-31 14:39:04,26,True,"['Comedy', 'Romance']"
U01829,Australia,35-44,2025-03-03 22:17:11,21,False,"['Action', 'Fantasy', 'Horror', 'Drama']"
U01830,Singapore,45+,2024-12-04 16:51:49,8,False,"['Documentary', 'Fantasy']"
U01831,United Kingdom,18-24,2025-05-02 14:32:04,10,False,"['Action', 'Documentary', 'Comedy']"
U01832,Singapore,45+,2025-04-23 21:46:07,25,False,['Romance']
U01833,Australia,18-24,2025-03-18 23:27:05,22,True,['Animation']
U01834,India,25-34,2024-04-02 21:33:01,25,False,"['Documentary', 'Drama']"
U01835,United Kingdom,35-44,2024-06-21 15:11:57,17,False,['Romance']
U01836,India,18-24,2024-01-30 17:15:32,24,False,"['Comedy', 'Romance', 'Fantasy', 'Mystery']"
U01837,Singapore,13-17,2024-02-18 08:31:19,20,True,"['Action', 'Drama', 'Comedy']"
U01838,United Kingdom,13-17,2024-04-29 11:01:01,14,False,['Documentary']
U01839,United States,25-34,2024-05-24 19:57:25,17,False,['Animation']
U01840,Canada,35-44,2024-01-08 22:58:00,16,False,"['Romance', 'Animation', 'Mystery', 'Horror']"
U01841,United Kingdom,18-24,2025-03-11 17:54:04,16,True,"['Sci-Fi', 'Fantasy', 'Horror']"
U01842,India,18-24,2024-09-29 11:04:54,12,False,['Mystery']
U01843,Germany,25-34,2024-12-05 01:20:47,17,False,"['Horror', 'Documentary', 'Sci-Fi', 'Comedy']"
U01844,Germany,18-24,2024-12-03 21:19:25,17,False,"['Documentary', 'Action', 'Horror']"
U01845,Germany,35-44,2025-05-14 18:44:31,22,False,"['Drama', 'Comedy', 'Animation', 'Horror']"
U01846,Australia,45+,2024-03-17 04:05:59,17,False,"['Fantasy', 'Horror']"
U01847,United Kingdom,35-44,2024-06-26 03:59:09,17,False,"['Mystery', 'Horror', 'Documentary', 'Comedy']"
U01848,Canada,35-44,2024-06-08 10:24:17,19,False,"['Mystery', 'Documentary']"
U01849,Canada,25-34,2024-10-12 02:39:57,27,False,"['Mystery', 'Sci-Fi', 'Documentary']"
U01850,United States,35-44,2024-09-29 00:57:02,22,False,"['Mystery', 'Comedy', 'Documentary', 'Romance']"
U01851,India,18-24,2025-02-12 10:47:39,17,False,"['Documentary', 'Romance']"
U01852,United States,18-24,2024-10-16 20:24:37,23,False,"['Fantasy', 'Action']"
U01853,Canada,25-34,2024-04-30 23:22:19,26,False,"['Sci-Fi', 'Animation', 'Documentary', 'Drama']"
U01854,United States,18-24,2024-10-18 23:12:41,25,False,"['Sci-Fi', 'Romance']"
U01855,India,35-44,2025-05-13 10:25:42,20,False,['Fantasy']
U01856,Germany,25-34,2024-10-26 06:32:26,36,False,"['Action', 'Horror', 'Mystery', 'Animation']"
U01857,United Kingdom,45+,2024-11-02 06:28:13,18,False,['Animation']
U01858,Australia,18-24,2024-03-31 23:48:14,17,False,"['Drama', 'Documentary']"
U01859,Canada,25-34,2024-01-05 01:59:34,23,False,"['Animation', 'Romance', 'Horror', 'Fantasy']"
U01860,Germany,35-44,2024-04-18 08:33:26,14,False,"['Sci-Fi', 'Documentary', 'Action', 'Fantasy']"
U01861,Germany,18-24,2024-01-14 00:06:06,15,False,"['Animation', 'Sci-Fi']"
U01862,United Kingdom,25-34,2024-08-21 19:31:51,21,False,['Fantasy']
U01863,Germany,25-34,2025-04-01 02:32:10,19,False,"['Horror', 'Documentary', 'Romance']"
U01864,United Kingdom,45+,2024-08-18 23:12:08,25,False,['Horror']
U01865,Germany,35-44,2024-11-29 14:39:11,22,False,"['Horror', 'Sci-Fi', 'Action', 'Fantasy']"
U01866,United Kingdom,18-24,2025-03-18 08:35:06,21,False,"['Documentary', 'Drama', 'Fantasy', 'Comedy']"
U01867,India,25-34,2025-01-29 12:12:13,26,False,['Animation']
U01868,Germany,25-34,2024-12-02 08:57:09,23,False,['Action']
U01869,India,18-24,2025-02-09 08:04:13,23,False,"['Mystery', 'Fantasy']"
U01870,Germany,25-34,2024-05-25 01:13:14,28,True,"['Romance', 'Sci-Fi', 'Mystery']"
U01871,India,18-24,2024-08-05 09:03:53,22,False,['Fantasy']
U01872,United States,18-24,2024-07-25 06:42:01,13,False,"['Horror', 'Comedy', 'Action']"
U01873,Australia,25-34,2025-02-16 21:10:06,21,False,"['Sci-Fi', 'Fantasy', 'Animation']"
U01874,Singapore,18-24,2024-07-30 08:05:35,18,False,"['Mystery', 'Sci-Fi']"
U01875,United Kingdom,25-34,2025-04-29 16:54:09,16,True,['Romance']
U01876,India,18-24,2024-04-06 11:32:28,20,False,"['Fantasy', 'Mystery']"
U01877,United States,35-44,2024-03-30 00:17:56,20,False,"['Mystery', 'Comedy', 'Animation', 'Action']"
U01878,Singapore,18-24,2025-01-05 06:12:48,20,False,"['Action', 'Fantasy', 'Documentary']"
U01879,Germany,35-44,2025-01-30 01:24:15,25,False,['Comedy']
U01880,India,13-17,2024-12-17 01:28:01,16,False,"['Romance', 'Documentary']"
U01881,United Kingdom,25-34,2024-06-08 03:04:59,15,False,"['Sci-Fi', 'Documentary', 'Drama', 'Comedy']"
U01882,United States,18-24,2024-01-05 17:17:37,13,False,"['Animation', 'Action']"
U01883,United States,18-24,2024-06-15 05:05:06,23,False,"['Action', 'Drama', 'Animation']"
U01884,Germany,25-34,2024-08-29 05:57:03,22,False,['Sci-Fi']
U01885,Australia,35-44,2024-08-01 09:27:43,23,False,['Comedy']
U01886,United States,45+,2025-04-21 16:46:23,28,False,['Romance']
U01887,Australia,18-24,2025-03-22 13:01:54,21,False,"['Mystery', 'Documentary', 'Comedy', 'Fantasy']"
U01888,United Kingdom,18-24,2025-02-04 16:38:42,16,False,"['Romance', 'Documentary', 'Sci-Fi']"
U01889,India,35-44,2024-01-12 09:40:18,23,False,"['Action', 'Horror']"
U01890,Canada,25-34,2024-03-06 20:58:54,25,False,['Horror']
U01891,United States,18-24,2024-08-12 08:09:22,22,False,['Animation']
U01892,United States,35-44,2024-11-17 09:52:36,18,False,"['Horror', 'Action', 'Documentary']"
U01893,Singapore,25-34,2024-12-17 14:01:52,23,False,"['Horror', 'Romance', 'Sci-Fi', 'Comedy']"
U01894,Australia,25-34,2024-06-02 04:17:39,21,False,"['Horror', 'Fantasy']"
U01895,India,18-24,2024-02-27 02:02:06,15,False,['Animation']
U01896,Germany,25-34,2024-06-18 15:54:00,23,False,"['Horror', 'Action', 'Documentary', 'Sci-Fi']"
U01897,Australia,18-24,2025-02-13 14:16:57,18,True,"['Horror', 'Drama', 'Comedy']"
U01898,Singapore,35-44,2025-05-25 01:21:16,16,False,"['Horror', 'Romance', 'Fantasy', 'Comedy']"
U01899,Germany,18-24,2025-05-01 23:07:38,21,True,['Sci-Fi']
U01900,United Kingdom,35-44,2024-11-02 16:51:32,23,False,"['Mystery', 'Fantasy']"
U01901,Canada,35-44,2024-02-17 00:19:09,20,False,"['Fantasy', 'Animation', 'Horror', 'Sci-Fi']"
U01902,Canada,35-44,2025-05-15 07:29:48,16,True,"['Comedy', 'Animation']"
U01903,Germany,13-17,2024-03-20 01:46:49,23,False,"['Animation', 'Documentary', 'Action']"
U01904,United States,18-24,2024-05-18 17:01:40,17,False,['Documentary']
U01905,United Kingdom,25-34,2025-05-18 14:35:54,20,False,['Sci-Fi']
U01906,United States,25-34,2024-09-17 12:11:29,24,False,"['Horror', 'Drama', 'Mystery']"
U01907,United Kingdom,45+,2024-04-12 06:59:34,20,False,"['Mystery', 'Romance', 'Sci-Fi']"
U01908,United States,18-24,2024-09-16 14:10:17,25,False,['Horror']
U01909,India,35-44,2024-02-10 19:29:00,27,False,"['Fantasy', 'Comedy']"
U01910,Singapore,18-24,2024-06-12 04:58:28,17,False,"['Sci-Fi', 'Horror', 'Romance']"
U01911,India,18-24,2025-05-07 06:48:17,24,False,"['Horror', 'Documentary']"
U01912,Singapore,18-24,2024-06-03 08:37:26,26,False,"['Action', 'Sci-Fi', 'Fantasy']"
U01913,India,35-44,2025-04-06 11:39:45,19,False,"['Romance', 'Horror', 'Sci-Fi']"
U01914,Germany,18-24,2024-10-07 16:46:23,20,False,"['Drama', 'Animation', 'Action']"
U01915,United Kingdom,18-24,2024-12-05 00:14:29,16,False,['Action']
U01916,Canada,35-44,2024-12-29 10:46:08,24,False,"['Romance', 'Action']"
U01917,United States,25-34,2024-10-12 02:09:17,20,False,"['Documentary', 'Romance', 'Fantasy']"
U01918,Canada,13-17,2024-01-18 17:35:05,17,False,['Comedy']
U01919,Canada,13-17,2025-04-20 05:50:21,23,False,"['Mystery', 'Documentary']"
U01920,Canada,25-34,2024-09-02 14:06:18,17,False,"['Horror', 'Comedy']"
U01921,United Kingdom,18-24,2024-12-04 21:41:35,22,False,"['Romance', 'Mystery']"
U01922,Canada,18-24,2024-10-13 08:32:07,25,False,"['Comedy', 'Animation', 'Drama', 'Action']"
U01923,Germany,25-34,2024-12-06 09:23:08,19,False,"['Sci-Fi', 'Romance', 'Action', 'Comedy']"
U01924,Canada,18-24,2024-07-02 09:04:26,26,False,"['Romance', 'Horror']"
U01925,United Kingdom,25-34,2025-03-12 04:27:01,21,False,"['Drama', 'Comedy']"
U01926,India,18-24,2024-04-25 23:20:01,25,False,['Animation']
U01927,United Kingdom,18-24,2024-12-03 17:28:20,22,False,"['Horror', 'Drama']"
U01928,India,18-24,2024-10-25 18:43:47,14,False,"['Fantasy', 'Sci-Fi', 'Comedy', 'Animation']"
U01929,United States,18-24,2024-09-17 09:37:22,21,False,"['Mystery', 'Animation']"
U01930,Singapore,13-17,2024-01-12 08:33:51,22,False,"['Drama', 'Sci-Fi', 'Mystery', 'Animation']"
U01931,India,18-24,2024-07-20 11:39:51,12,False,['Sci-Fi']
U01932,Canada,45+,2024-01-25 13:59:39,23,False,"['Fantasy', 'Romance']"
U01933,Germany,35-44,2024-09-17 02:53:07,17,False,"['Sci-Fi', 'Mystery', 'Drama']"
U01934,Singapore,18-24,2024-12-21 13:44:01,19,False,"['Romance', 'Drama', 'Comedy']"
U01935,United States,25-34,2024-09-27 02:54:54,29,False,"['Fantasy', 'Mystery']"
U01936,United States,25-34,2025-01-26 09:29:41,18,False,['Comedy']
U01937,United Kingdom,35-44,2024-07-05 13:12:07,21,False,"['Drama', 'Animation']"
U01938,Canada,18-24,2024-06-07 06:34:42,27,False,"['Documentary', 'Fantasy', 'Comedy']"
U01939,Singapore,18-24,2024-08-19 16:15:11,13,False,"['Horror', 'Fantasy']"
U01940,United States,18-24,2024-04-28 11:03:55,27,False,['Drama']
U01941,United States,13-17,2025-02-18 13:37:36,21,False,"['Mystery', 'Romance', 'Animation']"
U01942,United States,18-24,2025-02-22 15:07:09,19,False,"['Drama', 'Fantasy', 'Documentary']"
U01943,Singapore,35-44,2024-08-03 08:05:52,18,False,"['Romance', 'Action', 'Comedy']"
U01944,India,45+,2025-02-13 18:06:04,10,False,['Drama']
U01945,United Kingdom,18-24,2024-01-14 05:08:44,19,False,"['Documentary', 'Animation', 'Sci-Fi', 'Horror']"
U01946,India,25-34,2024-03-21 00:32:52,21,False,['Horror']
U01947,United States,18-24,2024-05-26 07:42:13,15,False,['Horror']
U01948,Singapore,25-34,2024-07-19 13:19:11,19,False,"['Action', 'Documentary']"
U01949,India,25-34,2024-04-29 19:27:10,14,False,"['Action', 'Horror']"
U01950,United Kingdom,13-17,2024-09-21 19:14:52,23,False,"['Romance', 'Animation', 'Mystery']"
U01951,Singapore,35-44,2025-02-14 06:45:56,17,False,"['Comedy', 'Documentary', 'Romance', 'Mystery']"
U01952,Australia,45+,2024-08-23 20:57:27,21,False,"['Drama', 'Horror']"
U01953,India,25-34,2024-08-20 06:49:41,16,False,"['Sci-Fi', 'Romance']"
U01954,Canada,25-34,2024-01-31 23:12:34,20,False,"['Mystery', 'Sci-Fi']"
U01955,Singapore,25-34,2024-05-24 22:05:35,23,False,"['Mystery', 'Sci-Fi']"
U01956,United Kingdom,18-24,2025-02-21 08:26:32,15,False,"['Documentary', 'Action']"
U01957,Canada,18-24,2025-02-23 03:13:34,14,False,"['Horror', 'Fantasy', 'Action']"
U01958,Canada,25-34,2024-02-23 21:49:02,17,False,"['Action', 'Sci-Fi']"
U01959,Australia,13-17,2024-01-10 22:26:31,21,False,"['Fantasy', 'Drama']"
U01960,United States,35-44,2025-03-05 15:17:05,20,False,"['Fantasy', 'Drama']"
U01961,Germany,25-34,2024-03-31 02:06:16,24,False,['Mystery']
U01962,Singapore,25-34,2024-10-24 00:59:08,24,False,"['Action', 'Sci-Fi', 'Documentary', 'Romance']"
U01963,India,18-24,2025-03-03 12:51:19,23,False,['Sci-Fi']
U01964,Germany,45+,2025-02-11 01:09:47,18,False,"['Mystery', 'Fantasy', 'Romance', 'Documentary']"
U01965,Germany,18-24,2024-10-11 16:29:11,25,False,"['Action', 'Sci-Fi', 'Mystery', 'Comedy']"
U01966,Germany,18-24,2024-07-13 17:21:30,26,False,['Animation']
U01967,United Kingdom,18-24,2025-02-03 23:26:47,13,False,"['Mystery', 'Comedy', 'Horror']"
U01968,Canada,25-34,2025-03-09 08:05:16,21,False,"['Horror', 'Romance', 'Animation']"
U01969,Germany,45+,2024-09-22 15:48:56,19,False,"['Romance', 'Sci-Fi', 'Drama', 'Horror']"
U01970,United States,18-24,2025-05-01 23:52:58,18,False,['Romance']
U01971,Germany,45+,2025-02-01 22:57:06,22,False,"['Fantasy', 'Romance', 'Animation']"
U01972,Singapore,18-24,2024-02-02 18:58:20,13,False,"['Drama', 'Horror', 'Documentary']"
U01973,Australia,25-34,2024-05-31 22:37:02,22,False,"['Action', 'Fantasy', 'Documentary', 'Sci-Fi']"
U01974,United Kingdom,13-17,2025-02-17 04:54:16,19,False,"['Action', 'Drama', 'Comedy']"
U01975,Canada,25-34,2024-03-01 00:18:58,19,False,"['Fantasy', 'Sci-Fi', 'Comedy', 'Mystery']"
U01976,India,25-34,2025-01-01 10:22:13,16,False,"['Sci-Fi', 'Horror', 'Documentary']"
U01977,Singapore,25-34,2024-06-25 01:53:08,16,False,"['Mystery', 'Romance', 'Documentary']"
U01978,United Kingdom,18-24,2024-04-17 00:46:25,19,False,['Comedy']
U01979,India,35-44,2024-10-06 03:12:45,24,False,"['Comedy', 'Fantasy', 'Romance', 'Animation']"
U01980,Germany,45+,2025-04-26 16:33:42,16,False,"['Horror', 'Sci-Fi']"
U01981,Australia,25-34,2025-04-09 02:10:24,22,False,"['Mystery', 'Action']"
U01982,Australia,25-34,2024-07-27 23:20:12,25,False,"['Animation', 'Fantasy']"
U01983,India,35-44,2024-01-02 21:50:29,19,False,"['Animation', 'Action']"
U01984,Germany,18-24,2025-04-03 21:28:17,16,False,['Documentary']
U01985,Australia,35-44,2025-04-08 21:10:09,16,False,"['Action', 'Romance', 'Documentary']"
U01986,Germany,18-24,2024-11-08 20:15:03,27,True,"['Mystery', 'Animation', 'Action']"
U01987,Germany,35-44,2024-11-20 23:14:17,15,True,"['Sci-Fi', 'Animation', 'Romance']"
U01988,United States,18-24,2024-09-29 07:53:18,19,False,['Comedy']
U01989,United States,18-24,2024-01-07 11:04:10,20,False,"['Romance', 'Documentary']"
U01990,Singapore,25-34,2024-03-23 11:22:22,19,False,"['Documentary', 'Animation', 'Comedy', 'Sci-Fi']"
U01991,Canada,25-34,2024-03-15 03:06:42,23,False,"['Animation', 'Documentary', 'Mystery']"
U01992,Canada,35-44,2025-04-17 16:58:37,17,False,"['Documentary', 'Action', 'Drama']"
U01993,United Kingdom,45+,2024-01-26 18:16:51,18,False,['Sci-Fi']
U01994,Australia,18-24,2024-10-14 19:03:39,17,False,"['Comedy', 'Mystery', 'Fantasy']"
U01995,Germany,18-24,2024-07-06 13:38:49,17,False,['Comedy']
U01996,India,18-24,2024-01-04 03:35:40,14,False,"['Romance', 'Horror', 'Sci-Fi', 'Comedy']"
U01997,Canada,25-34,2025-04-20 05:52:19,23,False,"['Fantasy', 'Documentary', 'Action', 'Mystery']"
U01998,Singapore,25-34,2024-01-10 10:52:28,18,False,"['Mystery', 'Horror', 'Romance']"
U01999,United States,35-44,2025-03-18 10:45:54,31,False,['Fantasy']
U02000,United States,35-44,2025-02-06 00:51:55,23,False,"['Sci-Fi', 'Action', 'Fantasy']"
U02001,Singapore,13-17,2025-02-14 08:00:57,25,True,"['Fantasy', 'Animation']"
U02002,India,25-34,2024-03-24 17:18:22,23,False,"['Documentary', 'Animation']"
U02003,United Kingdom,25-34,2025-03-31 12:30:07,21,False,"['Fantasy', 'Horror', 'Mystery', 'Action']"
U02004,Canada,25-34,2024-11-05 13:08:47,21,False,"['Romance', 'Comedy', 'Sci-Fi', 'Animation']"
U02005,Germany,18-24,2024-07-26 19:33:12,22,False,"['Drama', 'Romance', 'Sci-Fi']"
U02006,India,18-24,2024-12-18 02:51:53,18,False,['Comedy']
U02007,Canada,25-34,2024-06-25 12:36:51,14,True,['Fantasy']
U02008,United States,18-24,2024-05-24 10:22:05,18,False,"['Drama', 'Animation']"
U02009,Germany,35-44,2024-05-29 00:18:40,26,False,"['Action', 'Comedy', 'Animation', 'Fantasy']"
U02010,Australia,18-24,2024-10-21 08:02:44,14,False,"['Romance', 'Sci-Fi', 'Mystery', 'Animation']"
U02011,Canada,25-34,2024-11-06 17:47:39,26,False,['Documentary']
U02012,United Kingdom,25-34,2024-05-04 05:07:49,13,False,"['Horror', 'Mystery', 'Action', 'Sci-Fi']"
U02013,United States,35-44,2024-05-06 23:32:26,24,False,"['Mystery', 'Horror', 'Fantasy', 'Sci-Fi']"
U02014,Singapore,18-24,2025-05-04 05:52:54,15,False,"['Sci-Fi', 'Documentary', 'Drama', 'Mystery']"
U02015,Australia,18-24,2024-09-23 04:37:31,30,False,"['Horror', 'Romance', 'Sci-Fi']"
U02016,United Kingdom,18-24,2025-03-20 16:59:28,19,False,['Fantasy']
U02017,United Kingdom,25-34,2024-06-19 16:50:15,17,False,"['Fantasy', 'Action', 'Comedy', 'Drama']"
U02018,Germany,18-24,2024-05-28 22:02:05,24,False,['Animation']
U02019,Germany,35-44,2024-05-26 02:28:07,27,False,"['Action', 'Animation', 'Drama', 'Sci-Fi']"
U02020,Canada,18-24,2024-09-30 09:31:48,26,False,['Comedy']
U02021,United Kingdom,18-24,2025-02-06 18:38:04,18,False,"['Comedy', 'Romance', 'Animation']"
U02022,Australia,25-34,2024-09-15 19:51:08,27,False,"['Drama', 'Romance', 'Horror', 'Mystery']"
U02023,Australia,35-44,2024-06-01 11:37:10,22,True,"['Documentary', 'Comedy', 'Horror', 'Romance']"
U02024,Australia,35-44,2025-05-11 07:58:06,23,True,"['Romance', 'Comedy']"
U02025,India,35-44,2024-10-22 22:39:35,19,False,['Fantasy']
U02026,Canada,25-34,2024-07-22 17:06:32,21,False,['Comedy']
U02027,Australia,35-44,2024-01-06 00:09:11,20,True,['Drama']
U02028,Singapore,25-34,2024-10-17 16:07:10,16,False,"['Romance', 'Comedy']"
U02029,Canada,18-24,2024-11-17 02:09:13,11,False,['Drama']
U02030,United Kingdom,25-34,2025-04-25 03:23:29,24,False,['Animation']
U02031,Canada,35-44,2024-04-29 06:31:32,25,False,"['Sci-Fi', 'Romance']"
U02032,United States,18-24,2024-03-25 04:09:34,20,False,"['Mystery', 'Drama', 'Animation', 'Sci-Fi']"
U02033,India,25-34,2025-05-31 15:13:27,26,False,"['Sci-Fi', 'Drama']"
U02034,Australia,25-34,2024-10-11 14:25:31,18,False,"['Animation', 'Action', 'Horror', 'Mystery']"
U02035,Singapore,25-34,2024-01-14 21:24:59,25,False,"['Comedy', 'Documentary', 'Horror']"
U02036,Germany,18-24,2024-02-24 15:11:22,21,False,"['Fantasy', 'Horror', 'Drama']"
U02037,Australia,25-34,2024-09-02 18:41:19,14,False,['Romance']
U02038,India,35-44,2024-11-15 05:55:36,15,False,"['Documentary', 'Mystery', 'Comedy']"
U02039,Singapore,18-24,2024-05-05 23:51:04,22,False,"['Action', 'Animation', 'Mystery']"
U02040,Canada,18-24,2024-07-08 01:23:49,25,False,['Fantasy']
U02041,United Kingdom,13-17,2025-01-15 15:21:39,19,False,"['Animation', 'Action', 'Fantasy', 'Documentary']"
U02042,Singapore,13-17,2025-05-15 06:25:42,26,False,['Drama']
U02043,Germany,45+,2024-09-10 21:04:39,22,False,['Action']
U02044,Germany,25-34,2024-08-02 18:23:49,22,False,"['Fantasy', 'Animation', 'Drama', 'Documentary']"
U02045,United States,18-24,2024-07-05 16:56:04,23,False,"['Fantasy', 'Drama']"
U02046,Singapore,18-24,2024-03-11 09:48:58,13,False,['Romance']
U02047,Canada,45+,2024-01-28 06:49:03,21,False,"['Romance', 'Comedy', 'Mystery']"
U02048,Canada,18-24,2025-03-07 04:16:17,24,True,"['Sci-Fi', 'Documentary', 'Animation', 'Fantasy']"
U02049,Germany,35-44,2024-01-20 04:50:00,25,False,"['Mystery', 'Romance', 'Action', 'Horror']"
U02050,Australia,18-24,2025-02-28 09:18:50,24,False,"['Drama', 'Romance', 'Comedy', 'Horror']"
U02051,United States,18-24,2024-05-07 20:01:18,20,False,"['Drama', 'Sci-Fi', 'Documentary', 'Romance']"
U02052,United Kingdom,25-34,2024-12-25 05:49:05,22,False,"['Sci-Fi', 'Fantasy', 'Documentary']"
U02053,United Kingdom,13-17,2025-05-06 23:20:18,24,False,"['Documentary', 'Animation', 'Comedy', 'Horror']"
U02054,Singapore,25-34,2025-01-22 03:15:24,21,False,['Sci-Fi']
U02055,Germany,18-24,2025-01-12 03:55:29,16,False,"['Sci-Fi', 'Drama', 'Horror', 'Documentary']"
U02056,United Kingdom,35-44,2024-05-16 20:35:11,18,False,"['Comedy', 'Action']"
U02057,Germany,35-44,2024-11-05 06:04:22,22,False,"['Romance', 'Animation', 'Horror', 'Sci-Fi']"
U02058,Germany,35-44,2024-11-27 22:35:59,16,False,"['Comedy', 'Animation', 'Horror', 'Documentary']"
U02059,United Kingdom,13-17,2024-08-07 21:05:55,25,False,['Comedy']
U02060,United Kingdom,35-44,2024-01-20 15:45:02,27,False,"['Drama', 'Mystery', 'Romance']"
U02061,Singapore,45+,2025-04-16 17:28:12,20,False,['Action']
U02062,Canada,18-24,2024-04-11 19:00:46,28,False,"['Action', 'Fantasy', 'Horror', 'Drama']"
U02063,United States,18-24,2025-05-18 06:37:41,19,False,"['Documentary', 'Comedy', 'Animation']"
U02064,Germany,35-44,2025-04-26 23:43:24,21,False,['Animation']
U02065,Australia,18-24,2024-01-10 18:03:36,24,True,"['Sci-Fi', 'Action', 'Horror']"
U02066,Canada,25-34,2025-01-17 04:25:53,21,False,"['Horror', 'Comedy']"
U02067,Germany,35-44,2024-11-23 19:41:22,15,False,"['Romance', 'Horror', 'Animation']"
U02068,Singapore,13-17,2024-04-29 06:11:05,19,False,"['Mystery', 'Animation', 'Comedy']"
U02069,United Kingdom,25-34,2025-02-24 05:00:33,20,False,"['Action', 'Comedy', 'Horror']"
U02070,United Kingdom,25-34,2024-02-27 14:02:28,21,False,['Comedy']
U02071,United States,18-24,2024-05-08 13:44:09,16,True,['Comedy']
U02072,Australia,35-44,2025-05-05 14:11:32,19,False,"['Mystery', 'Drama', 'Comedy']"
U02073,United Kingdom,18-24,2025-01-19 01:09:13,29,False,['Romance']
U02074,United Kingdom,18-24,2024-02-28 00:01:28,19,False,['Horror']
U02075,Australia,35-44,2024-03-15 11:44:41,31,False,"['Mystery', 'Horror', 'Fantasy', 'Documentary']"
U02076,United Kingdom,18-24,2024-05-12 21:43:30,30,False,['Drama']
U02077,Canada,35-44,2024-02-06 11:31:41,16,False,"['Documentary', 'Romance']"
U02078,Canada,18-24,2024-04-04 10:07:21,24,False,['Fantasy']
U02079,United States,25-34,2024-10-22 14:24:42,18,False,"['Mystery', 'Comedy', 'Animation']"
U02080,India,18-24,2024-01-04 20:36:39,14,False,['Action']
U02081,Germany,25-34,2024-05-28 14:38:36,16,False,"['Animation', 'Drama']"
U02082,India,35-44,2024-06-11 09:47:03,18,False,['Romance']
U02083,United Kingdom,35-44,2025-05-16 22:32:32,15,False,['Documentary']
U02084,Australia,45+,2025-05-18 15:36:41,22,False,"['Drama', 'Romance', 'Documentary', 'Mystery']"
U02085,India,25-34,2025-03-13 02:37:37,22,False,"['Documentary', 'Action', 'Comedy', 'Horror']"
U02086,Australia,35-44,2024-06-25 18:20:10,22,False,"['Drama', 'Mystery']"
U02087,Germany,25-34,2024-09-29 14:51:43,25,False,"['Sci-Fi', 'Action', 'Mystery', 'Comedy']"
U02088,Australia,45+,2024-09-17 17:24:53,27,False,"['Drama', 'Fantasy', 'Animation', 'Horror']"
U02089,United Kingdom,25-34,2025-03-20 17:02:10,16,False,['Documentary']
U02090,India,35-44,2025-01-20 15:34:16,24,False,"['Comedy', 'Mystery', 'Animation']"
U02091,Singapore,18-24,2025-04-13 16:46:59,19,False,['Sci-Fi']
U02092,United Kingdom,25-34,2024-10-11 21:48:06,25,False,"['Mystery', 'Animation', 'Horror', 'Documentary']"
U02093,Germany,35-44,2025-04-20 05:25:09,15,False,['Animation']
U02094,United States,18-24,2025-01-19 10:29:00,18,False,"['Animation', 'Comedy', 'Drama', 'Documentary']"
U02095,United States,18-24,2025-01-16 23:24:00,17,False,['Fantasy']
U02096,Germany,45+,2024-12-08 01:34:40,13,False,['Animation']
U02097,Singapore,25-34,2024-06-22 12:55:40,21,False,"['Mystery', 'Romance', 'Animation']"
U02098,Singapore,18-24,2024-11-10 15:02:59,18,False,"['Horror', 'Romance', 'Comedy', 'Mystery']"
U02099,Germany,18-24,2024-07-03 08:29:43,24,True,"['Documentary', 'Fantasy', 'Drama', 'Horror']"
U02100,United States,18-24,2024-12-01 20:50:37,22,False,"['Animation', 'Action']"
U02101,Singapore,25-34,2024-05-11 17:26:53,26,True,"['Action', 'Sci-Fi']"
U02102,Australia,45+,2025-02-17 04:01:53,23,False,"['Action', 'Mystery']"
U02103,United States,45+,2024-10-22 09:31:13,16,False,"['Drama', 'Animation']"
U02104,India,25-34,2025-01-02 04:03:17,22,False,"['Drama', 'Action']"
U02105,Singapore,25-34,2024-04-24 15:58:59,19,False,"['Drama', 'Comedy', 'Action', 'Mystery']"
U02106,United States,18-24,2025-02-13 08:20:35,24,False,"['Animation', 'Sci-Fi', 'Documentary']"
U02107,Germany,35-44,2025-02-18 22:43:12,20,False,"['Comedy', 'Drama', 'Animation']"
U02108,India,18-24,2024-03-16 06:34:31,22,False,"['Romance', 'Drama', 'Sci-Fi']"
U02109,United States,18-24,2024-06-29 23:00:07,20,False,"['Documentary', 'Comedy', 'Mystery', 'Fantasy']"
U02110,United States,45+,2024-12-16 08:34:32,17,False,"['Comedy', 'Mystery']"
U02111,United States,35-44,2025-03-27 14:56:21,23,False,"['Drama', 'Documentary', 'Comedy']"
U02112,Australia,18-24,2025-01-16 00:58:04,24,True,['Action']
U02113,Singapore,25-34,2024-08-31 20:48:30,26,False,"['Horror', 'Drama', 'Documentary', 'Comedy']"
U02114,Singapore,25-34,2024-06-04 01:59:00,20,False,"['Romance', 'Horror', 'Action', 'Drama']"
U02115,Germany,18-24,2025-04-15 10:53:15,27,False,"['Mystery', 'Documentary']"
U02116,United States,18-24,2025-03-28 03:45:19,22,False,"['Drama', 'Horror', 'Animation']"
U02117,Singapore,18-24,2025-04-08 15:47:26,17,False,"['Comedy', 'Romance', 'Drama', 'Action']"
U02118,Canada,25-34,2024-06-06 12:51:41,24,False,"['Animation', 'Sci-Fi', 'Mystery', 'Drama']"
U02119,Canada,25-34,2024-08-13 15:09:02,17,False,"['Documentary', 'Action', 'Fantasy', 'Horror']"
U02120,Australia,25-34,2024-05-06 01:28:08,14,False,"['Documentary', 'Comedy', 'Horror', 'Fantasy']"
U02121,Germany,18-24,2025-05-08 11:57:34,15,False,"['Documentary', 'Mystery', 'Action']"
U02122,Singapore,45+,2025-03-24 06:56:14,16,False,"['Documentary', 'Animation', 'Action']"
U02123,Australia,25-34,2024-03-30 13:53:56,12,False,['Action']
U02124,Australia,35-44,2024-05-07 17:01:19,15,False,"['Comedy', 'Documentary']"
U02125,Germany,18-24,2024-10-12 09:50:16,15,False,"['Mystery', 'Animation']"
U02126,United States,25-34,2024-08-02 19:33:16,29,False,"['Sci-Fi', 'Drama', 'Fantasy', 'Documentary']"
U02127,United Kingdom,35-44,2024-08-25 18:29:10,17,False,"['Sci-Fi', 'Animation', 'Documentary', 'Drama']"
U02128,Australia,18-24,2024-07-09 05:11:11,13,False,"['Comedy', 'Romance', 'Documentary']"
U02129,India,18-24,2024-12-14 10:11:24,13,True,"['Documentary', 'Action', 'Mystery']"
U02130,United Kingdom,18-24,2025-04-09 07:09:03,23,False,"['Comedy', 'Action']"
U02131,Germany,18-24,2025-04-19 04:53:22,22,False,"['Drama', 'Animation']"
U02132,Singapore,25-34,2024-08-23 08:33:54,26,False,['Sci-Fi']
U02133,Canada,18-24,2025-03-04 00:28:36,25,False,"['Animation', 'Drama']"
U02134,United Kingdom,18-24,2024-12-24 22:59:06,15,True,"['Fantasy', 'Mystery']"
U02135,Canada,25-34,2024-04-11 19:14:20,19,False,"['Animation', 'Documentary', 'Drama', 'Fantasy']"
U02136,Australia,18-24,2025-02-14 12:26:05,13,False,"['Drama', 'Horror']"
U02137,Canada,18-24,2024-06-30 03:58:35,20,False,"['Drama', 'Sci-Fi', 'Horror', 'Action']"
U02138,India,25-34,2024-11-20 15:01:39,15,False,"['Comedy', 'Action']"
U02139,Canada,18-24,2025-01-07 13:38:47,15,False,['Action']
U02140,United Kingdom,18-24,2025-05-02 21:21:40,16,False,"['Documentary', 'Drama']"
U02141,Australia,18-24,2025-05-05 06:43:50,16,True,"['Mystery', 'Comedy', 'Horror']"
U02142,Singapore,13-17,2025-02-18 21:30:48,22,False,"['Comedy', 'Drama', 'Mystery']"
U02143,Singapore,25-34,2024-09-18 14:16:27,25,False,['Romance']
U02144,Australia,13-17,2024-07-25 21:45:49,17,False,"['Animation', 'Sci-Fi']"
U02145,United Kingdom,18-24,2024-08-16 02:45:09,26,False,"['Horror', 'Romance', 'Documentary', 'Mystery']"
U02146,Canada,45+,2025-05-06 13:40:24,23,False,"['Action', 'Sci-Fi']"
U02147,United States,45+,2024-04-16 00:03:03,21,False,"['Romance', 'Mystery']"
U02148,Singapore,18-24,2024-09-28 04:55:28,11,False,"['Action', 'Fantasy']"
U02149,Germany,18-24,2024-12-17 07:57:37,13,False,['Mystery']
U02150,Germany,25-34,2024-01-12 16:08:21,21,False,"['Mystery', 'Action']"
U02151,United Kingdom,35-44,2024-11-24 05:46:00,17,False,"['Horror', 'Animation', 'Mystery', 'Sci-Fi']"
U02152,United Kingdom,35-44,2024-05-14 10:14:41,13,False,"['Action', 'Comedy', 'Documentary']"
U02153,Germany,18-24,2024-05-25 02:14:58,17,False,"['Mystery', 'Romance', 'Action']"
U02154,Canada,18-24,2024-11-17 10:25:14,22,False,"['Drama', 'Romance', 'Sci-Fi', 'Documentary']"
U02155,Australia,25-34,2024-01-05 14:18:40,21,False,['Documentary']
U02156,Canada,35-44,2024-03-22 01:45:33,16,False,['Comedy']
U02157,Canada,35-44,2024-08-23 05:15:49,21,False,"['Drama', 'Fantasy']"
U02158,Australia,18-24,2024-10-28 23:06:58,15,False,['Sci-Fi']
U02159,Germany,25-34,2024-07-05 22:42:29,31,False,['Mystery']
U02160,United Kingdom,18-24,2024-06-08 00:02:54,19,False,['Animation']
U02161,Germany,25-34,2024-10-03 06:39:18,17,False,"['Mystery', 'Action', 'Horror']"
U02162,United States,45+,2024-06-04 09:48:10,21,False,"['Romance', 'Fantasy', 'Comedy', 'Drama']"
U02163,United Kingdom,25-34,2024-01-01 23:15:47,23,False,"['Romance', 'Fantasy', 'Mystery', 'Horror']"
U02164,Singapore,18-24,2024-10-01 01:11:39,19,False,"['Action', 'Documentary']"
U02165,Singapore,25-34,2025-03-14 15:12:43,17,False,"['Animation', 'Fantasy', 'Drama', 'Action']"
U02166,Singapore,25-34,2024-10-29 07:28:51,17,False,"['Action', 'Fantasy']"
U02167,United Kingdom,35-44,2024-07-06 02:46:17,20,False,"['Sci-Fi', 'Drama', 'Horror', 'Comedy']"
U02168,Germany,18-24,2024-09-06 09:17:53,26,False,"['Fantasy', 'Documentary', 'Horror']"
U02169,Singapore,35-44,2024-03-13 11:05:09,21,False,"['Documentary', 'Sci-Fi']"
U02170,Singapore,18-24,2024-05-02 08:07:06,17,False,"['Sci-Fi', 'Action']"
U02171,India,18-24,2024-08-14 09:39:35,18,False,"['Drama', 'Fantasy']"
U02172,Germany,18-24,2024-11-02 05:42:29,18,False,"['Comedy', 'Fantasy', 'Sci-Fi']"
U02173,Singapore,13-17,2024-09-08 08:29:16,26,True,"['Romance', 'Fantasy', 'Mystery', 'Drama']"
U02174,Germany,18-24,2025-05-12 19:30:24,17,False,"['Drama', 'Documentary', 'Horror']"
U02175,United States,25-34,2024-11-25 12:53:34,25,False,"['Comedy', 'Fantasy']"
U02176,Germany,18-24,2024-01-12 21:17:17,21,False,['Animation']
U02177,India,18-24,2024-09-28 04:46:14,16,False,"['Horror', 'Action', 'Fantasy']"
U02178,Canada,18-24,2024-10-28 07:27:29,14,False,['Horror']
U02179,Australia,18-24,2024-01-23 12:02:26,21,False,['Fantasy']
U02180,Canada,35-44,2024-07-18 01:18:34,28,False,"['Comedy', 'Fantasy', 'Mystery']"
U02181,Australia,45+,2025-03-26 13:43:29,17,False,"['Drama', 'Action']"
U02182,United States,13-17,2024-07-03 12:20:11,18,True,['Horror']
U02183,Australia,35-44,2024-08-24 00:21:46,23,False,"['Comedy', 'Documentary']"
U02184,Australia,35-44,2024-04-24 08:09:32,27,False,"['Animation', 'Action', 'Sci-Fi']"
U02185,Australia,45+,2024-02-09 19:15:51,15,True,['Romance']
U02186,United Kingdom,18-24,2024-06-13 12:15:33,23,False,"['Romance', 'Drama', 'Action', 'Horror']"
U02187,United Kingdom,18-24,2025-02-03 13:15:09,23,True,['Fantasy']
U02188,United States,25-34,2025-05-23 07:07:45,14,False,"['Action', 'Mystery', 'Documentary']"
U02189,Canada,35-44,2024-12-07 07:11:45,25,False,['Horror']
U02190,Australia,35-44,2025-03-05 13:38:46,16,False,['Action']
U02191,United Kingdom,25-34,2024-12-01 18:13:25,18,False,"['Documentary', 'Horror']"
U02192,United Kingdom,18-24,2024-12-06 13:25:28,23,False,"['Drama', 'Animation']"
U02193,United Kingdom,35-44,2024-08-08 17:08:56,24,False,"['Action', 'Drama', 'Comedy']"
U02194,United States,35-44,2024-02-01 15:29:13,24,False,"['Action', 'Comedy']"
U02195,Australia,18-24,2024-07-31 05:26:51,18,False,"['Horror', 'Documentary']"
U02196,Germany,25-34,2025-03-23 03:20:55,21,True,"['Drama', 'Sci-Fi']"
U02197,United Kingdom,25-34,2024-10-04 06:53:23,29,False,"['Mystery', 'Animation']"
U02198,Singapore,25-34,2025-01-28 22:31:05,17,True,"['Romance', 'Documentary']"
U02199,Canada,25-34,2024-01-27 03:46:31,18,False,['Comedy']
U02200,United States,35-44,2024-04-14 01:06:13,20,False,['Drama']
U02201,United Kingdom,45+,2024-06-03 13:28:04,17,False,"['Drama', 'Mystery', 'Action']"
U02202,India,25-34,2024-07-04 18:43:19,14,False,"['Fantasy', 'Comedy']"
U02203,India,18-24,2025-05-25 17:47:27,18,False,"['Drama', 'Fantasy', 'Documentary']"
U02204,United Kingdom,18-24,2024-08-26 19:31:19,20,False,"['Fantasy', 'Romance', 'Mystery', 'Drama']"
U02205,Canada,18-24,2024-12-08 08:29:03,21,True,"['Fantasy', 'Horror']"
U02206,Germany,18-24,2024-11-29 04:22:12,9,False,['Fantasy']
U02207,India,18-24,2024-08-04 14:08:06,15,False,"['Sci-Fi', 'Fantasy', 'Romance']"
U02208,Germany,25-34,2025-05-14 14:11:22,19,True,"['Horror', 'Fantasy', 'Mystery']"
U02209,United States,18-24,2024-04-24 23:04:52,27,True,"['Documentary', 'Sci-Fi', 'Fantasy']"
U02210,India,18-24,2024-01-18 20:27:46,20,False,['Romance']
U02211,Australia,35-44,2025-01-20 06:33:27,24,False,"['Animation', 'Romance', 'Mystery', 'Fantasy']"
U02212,Germany,18-24,2024-12-04 00:23:43,17,False,"['Action', 'Sci-Fi', 'Documentary', 'Romance']"
U02213,Australia,25-34,2024-05-14 13:40:55,16,False,['Action']
U02214,India,45+,2025-03-24 17:40:55,14,False,"['Sci-Fi', 'Fantasy', 'Action', 'Documentary']"
U02215,India,25-34,2024-03-24 22:41:17,25,False,"['Animation', 'Romance']"
U02216,United Kingdom,18-24,2024-05-09 17:59:40,21,False,"['Comedy', 'Romance']"
U02217,Canada,18-24,2024-03-20 21:13:15,27,False,['Sci-Fi']
U02218,Singapore,25-34,2024-04-06 06:55:02,19,False,"['Drama', 'Animation']"
U02219,United Kingdom,25-34,2025-01-12 00:41:55,22,False,"['Animation', 'Comedy', 'Romance', 'Sci-Fi']"
U02220,United States,18-24,2024-12-29 16:50:42,17,False,"['Sci-Fi', 'Action', 'Drama', 'Romance']"
U02221,Singapore,25-34,2024-11-28 07:59:22,15,False,"['Animation', 'Documentary', 'Horror', 'Drama']"
U02222,United States,25-34,2025-03-21 00:20:00,31,False,"['Drama', 'Mystery']"
U02223,India,18-24,2024-02-06 02:09:14,23,False,['Animation']
U02224,United Kingdom,25-34,2024-11-16 18:15:04,18,False,['Fantasy']
U02225,United Kingdom,18-24,2024-02-29 11:27:04,18,False,"['Documentary', 'Sci-Fi', 'Drama']"
U02226,Australia,18-24,2025-05-09 01:52:33,17,False,"['Romance', 'Comedy', 'Sci-Fi', 'Mystery']"
U02227,Singapore,35-44,2024-11-23 16:46:18,21,False,"['Horror', 'Animation', 'Mystery', 'Comedy']"
U02228,Singapore,18-24,2025-01-27 21:10:51,23,False,['Documentary']
U02229,United Kingdom,25-34,2024-10-22 06:24:30,22,False,['Action']
U02230,Singapore,25-34,2024-07-17 08:33:29,14,False,"['Animation', 'Drama']"
U02231,Australia,18-24,2024-12-20 15:52:34,22,False,"['Drama', 'Horror']"
U02232,India,45+,2025-03-08 02:00:11,24,False,['Action']
U02233,Singapore,18-24,2024-04-02 01:06:24,29,False,['Sci-Fi']
U02234,India,18-24,2025-03-26 17:53:21,29,False,['Animation']
U02235,Australia,45+,2025-01-10 15:30:09,13,False,['Drama']
U02236,Germany,35-44,2024-02-14 09:09:05,28,False,['Romance']
U02237,United States,25-34,2025-04-28 23:05:05,20,False,['Sci-Fi']
U02238,United States,13-17,2024-04-03 04:20:15,20,False,"['Fantasy', 'Comedy']"
U02239,Canada,18-24,2024-11-06 17:49:56,16,False,"['Documentary', 'Mystery', 'Drama']"
U02240,Singapore,25-34,2024-03-08 00:00:29,18,True,"['Documentary', 'Fantasy', 'Romance']"
U02241,United States,18-24,2024-04-11 09:34:52,23,False,"['Animation', 'Romance', 'Comedy']"
U02242,Australia,18-24,2024-11-28 10:16:31,18,False,"['Horror', 'Romance', 'Sci-Fi']"
U02243,Canada,35-44,2024-12-17 07:46:48,22,False,['Horror']
U02244,India,18-24,2024-12-21 03:54:06,21,False,['Romance']
U02245,Australia,18-24,2024-06-26 08:57:27,16,False,"['Drama', 'Romance', 'Action']"
U02246,Germany,13-17,2025-02-28 01:14:22,32,False,['Romance']
U02247,Australia,25-34,2024-01-26 11:33:44,27,False,['Action']
U02248,United States,25-34,2025-03-17 16:00:24,28,False,['Documentary']
U02249,United States,35-44,2024-06-05 07:25:06,20,False,['Horror']
U02250,United Kingdom,18-24,2024-11-16 20:56:22,30,False,"['Sci-Fi', 'Drama', 'Comedy']"
U02251,Canada,18-24,2025-04-13 04:29:59,24,True,"['Horror', 'Fantasy', 'Comedy']"
U02252,Canada,25-34,2024-05-12 02:04:35,19,False,"['Action', 'Documentary', 'Mystery', 'Sci-Fi']"
U02253,United States,18-24,2024-07-31 13:25:00,16,False,"['Horror', 'Mystery', 'Documentary', 'Comedy']"
U02254,Canada,25-34,2025-03-04 05:52:46,22,False,"['Animation', 'Documentary', 'Drama', 'Comedy']"
U02255,United Kingdom,45+,2025-03-23 00:46:03,17,False,"['Comedy', 'Fantasy', 'Sci-Fi', 'Drama']"
U02256,Australia,25-34,2024-05-01 14:36:30,24,False,"['Horror', 'Documentary']"
U02257,Germany,25-34,2024-09-19 23:26:42,20,False,"['Documentary', 'Animation']"
U02258,Australia,45+,2024-06-21 07:58:25,8,False,"['Romance', 'Sci-Fi', 'Animation', 'Action']"
U02259,India,18-24,2024-09-24 06:39:46,18,False,"['Comedy', 'Mystery', 'Documentary', 'Horror']"
U02260,Singapore,45+,2024-07-15 00:35:07,22,False,"['Romance', 'Sci-Fi', 'Fantasy']"
U02261,India,25-34,2024-01-03 16:43:26,16,False,"['Drama', 'Documentary', 'Romance', 'Horror']"
U02262,Singapore,25-34,2025-04-22 23:28:37,19,False,"['Action', 'Animation', 'Sci-Fi']"
U02263,India,45+,2024-11-25 09:11:14,20,False,"['Horror', 'Romance']"
U02264,Canada,25-34,2024-08-26 16:22:00,21,False,"['Sci-Fi', 'Action', 'Fantasy']"
U02265,India,25-34,2024-02-25 17:45:15,19,False,"['Horror', 'Romance', 'Drama']"
U02266,India,18-24,2024-02-06 20:18:44,16,False,['Romance']
U02267,Australia,25-34,2024-09-04 12:18:37,17,False,"['Drama', 'Horror', 'Comedy']"
U02268,Germany,25-34,2024-12-01 13:52:53,19,False,['Drama']
U02269,India,18-24,2024-05-14 14:00:41,23,False,"['Mystery', 'Action']"
U02270,Singapore,35-44,2025-01-19 20:25:48,21,False,"['Horror', 'Sci-Fi']"
U02271,United Kingdom,25-34,2024-07-21 20:41:16,22,False,"['Fantasy', 'Documentary']"
U02272,United Kingdom,18-24,2024-01-06 17:21:34,18,True,"['Drama', 'Romance', 'Action', 'Fantasy']"
U02273,United Kingdom,13-17,2024-10-04 16:03:20,20,False,['Horror']
U02274,Canada,25-34,2024-04-03 14:42:51,26,False,"['Horror', 'Romance']"
U02275,United States,13-17,2024-01-08 11:28:14,28,False,"['Mystery', 'Romance', 'Sci-Fi']"
U02276,United Kingdom,18-24,2024-03-08 06:26:27,16,False,"['Action', 'Documentary', 'Drama']"
U02277,United States,25-34,2024-05-27 03:06:47,18,False,['Sci-Fi']
U02278,India,18-24,2024-09-23 04:23:42,19,False,['Documentary']
U02279,United Kingdom,18-24,2025-05-26 15:06:17,14,False,"['Romance', 'Drama', 'Fantasy']"
U02280,Australia,25-34,2024-04-22 20:34:45,24,False,['Documentary']
U02281,Germany,18-24,2024-01-30 16:12:30,15,False,"['Comedy', 'Action']"
U02282,United Kingdom,45+,2024-04-08 21:09:50,17,False,"['Mystery', 'Documentary', 'Sci-Fi']"
U02283,United Kingdom,45+,2024-06-14 03:02:03,21,True,"['Horror', 'Comedy']"
U02284,Germany,25-34,2024-04-16 02:42:15,24,False,"['Horror', 'Comedy', 'Romance', 'Fantasy']"
U02285,Australia,45+,2024-06-15 04:11:51,21,False,"['Comedy', 'Animation', 'Horror']"
U02286,Germany,35-44,2025-05-16 00:03:47,22,False,"['Comedy', 'Fantasy', 'Mystery', 'Drama']"
U02287,Singapore,18-24,2024-07-15 03:25:13,24,False,"['Animation', 'Horror', 'Mystery']"
U02288,Germany,35-44,2024-11-24 03:33:54,18,False,"['Documentary', 'Fantasy']"
U02289,Singapore,18-24,2024-12-20 00:45:41,20,False,"['Action', 'Fantasy', 'Drama']"
U02290,United Kingdom,25-34,2024-03-08 06:47:18,15,False,['Horror']
U02291,United Kingdom,25-34,2024-05-08 02:00:18,23,False,"['Documentary', 'Horror']"
U02292,United Kingdom,13-17,2024-08-02 22:12:24,19,False,['Fantasy']
U02293,United States,18-24,2024-08-25 23:01:19,24,False,"['Mystery', 'Comedy']"
U02294,Germany,45+,2024-01-07 19:31:29,17,False,"['Animation', 'Documentary']"
U02295,Germany,18-24,2024-11-29 09:28:01,34,False,"['Fantasy', 'Sci-Fi']"
U02296,Germany,18-24,2024-06-04 10:59:41,15,False,"['Horror', 'Romance', 'Drama', 'Fantasy']"
U02297,United States,18-24,2024-06-15 15:22:19,14,False,"['Horror', 'Animation']"
U02298,Canada,25-34,2024-11-07 18:06:00,29,False,['Mystery']
U02299,United States,35-44,2025-05-05 12:22:12,25,False,"['Drama', 'Comedy', 'Action']"
U02300,Singapore,35-44,2025-03-23 04:27:48,13,False,"['Drama', 'Action', 'Sci-Fi', 'Comedy']"
U02301,United States,25-34,2025-05-21 11:46:40,19,False,"['Horror', 'Mystery', 'Comedy', 'Romance']"
U02302,United States,18-24,2024-08-01 18:44:29,23,False,"['Drama', 'Action', 'Comedy']"
U02303,Canada,13-17,2024-03-02 20:54:34,17,False,"['Drama', 'Comedy', 'Sci-Fi']"
U02304,Singapore,25-34,2024-04-21 15:52:54,25,False,"['Mystery', 'Animation', 'Horror', 'Sci-Fi']"
U02305,Singapore,35-44,2024-06-26 18:07:01,22,False,"['Action', 'Comedy', 'Drama', 'Documentary']"
U02306,India,35-44,2024-06-04 05:23:16,16,False,"['Fantasy', 'Drama', 'Comedy']"
U02307,United Kingdom,25-34,2024-04-17 12:31:02,20,False,"['Horror', 'Sci-Fi', 'Mystery']"
U02308,United States,25-34,2024-03-19 00:04:40,24,False,"['Action', 'Comedy']"
U02309,United Kingdom,25-34,2024-04-06 13:41:07,32,False,"['Drama', 'Mystery']"
U02310,Canada,25-34,2024-12-06 07:54:45,20,False,['Sci-Fi']
U02311,United States,25-34,2024-09-10 20:04:40,20,False,"['Action', 'Horror', 'Documentary', 'Animation']"
U02312,India,25-34,2024-01-20 10:03:21,21,False,"['Documentary', 'Action', 'Mystery']"
U02313,Canada,25-34,2024-10-18 11:58:00,15,False,"['Sci-Fi', 'Animation']"
U02314,India,45+,2025-03-11 11:54:52,23,False,"['Drama', 'Action', 'Mystery', 'Animation']"
U02315,United States,25-34,2024-08-08 01:29:25,18,False,"['Mystery', 'Fantasy', 'Action', 'Romance']"
U02316,India,13-17,2024-06-13 17:07:21,24,False,"['Action', 'Drama']"
U02317,India,18-24,2024-05-20 21:51:39,20,False,"['Comedy', 'Mystery', 'Animation']"
U02318,Canada,25-34,2024-07-15 03:49:03,17,False,"['Animation', 'Romance']"
U02319,Germany,25-34,2024-05-24 01:08:11,17,False,['Action']
U02320,Germany,25-34,2025-04-22 19:38:50,20,False,"['Sci-Fi', 'Drama', 'Action', 'Mystery']"
U02321,India,35-44,2025-05-27 22:19:34,17,False,"['Documentary', 'Sci-Fi']"
U02322,India,18-24,2024-06-26 11:30:32,25,False,['Horror']
U02323,United Kingdom,25-34,2025-04-22 12:59:19,14,False,['Mystery']
U02324,Australia,35-44,2025-03-17 07:23:25,25,False,"['Mystery', 'Animation', 'Fantasy']"
U02325,Germany,25-34,2024-02-09 05:45:10,19,True,"['Horror', 'Animation', 'Romance']"
U02326,Germany,25-34,2024-09-10 18:18:20,21,False,['Horror']
U02327,United Kingdom,18-24,2024-12-05 10:28:49,16,False,"['Sci-Fi', 'Horror']"
U02328,United States,25-34,2024-08-06 05:48:10,18,False,"['Sci-Fi', 'Fantasy', 'Action', 'Documentary']"
U02329,India,35-44,2024-08-24 04:56:14,24,False,"['Romance', 'Drama']"
U02330,United States,45+,2024-09-12 11:36:48,15,False,"['Documentary', 'Drama', 'Action', 'Comedy']"
U02331,India,25-34,2024-12-22 02:48:19,23,False,"['Drama', 'Fantasy', 'Comedy']"
U02332,Singapore,18-24,2024-05-31 21:00:52,23,True,['Fantasy']
U02333,United States,25-34,2024-11-04 15:05:18,27,False,['Fantasy']
U02334,Germany,35-44,2024-05-05 21:14:12,21,False,"['Mystery', 'Comedy']"
U02335,Canada,18-24,2025-04-04 17:50:37,24,False,"['Romance', 'Horror']"
U02336,Canada,35-44,2024-02-13 18:37:29,15,False,"['Horror', 'Drama']"
U02337,Canada,18-24,2024-02-04 15:11:27,22,False,"['Horror', 'Mystery', 'Drama']"
U02338,Germany,13-17,2024-01-20 12:08:46,34,True,"['Sci-Fi', 'Drama']"
U02339,India,18-24,2024-06-29 17:48:39,24,False,"['Romance', 'Animation', 'Horror']"
U02340,India,18-24,2024-11-09 10:18:46,19,False,['Sci-Fi']
U02341,United Kingdom,35-44,2025-05-24 12:00:39,23,False,"['Sci-Fi', 'Drama']"
U02342,United Kingdom,25-34,2024-08-23 01:14:50,17,False,"['Comedy', 'Action', 'Sci-Fi']"
U02343,Canada,18-24,2024-04-04 05:47:47,21,False,"['Horror', 'Romance', 'Sci-Fi', 'Comedy']"
U02344,Germany,25-34,2024-07-09 09:10:41,21,False,"['Horror', 'Documentary', 'Sci-Fi', 'Comedy']"
U02345,Australia,18-24,2024-03-06 19:57:11,26,True,"['Horror', 'Drama', 'Documentary']"
U02346,United States,18-24,2024-09-01 00:25:04,18,False,['Comedy']
U02347,United Kingdom,18-24,2025-01-11 21:05:04,21,False,['Documentary']
U02348,Germany,25-34,2024-01-19 08:53:30,23,False,"['Comedy', 'Sci-Fi', 'Action']"
U02349,United States,18-24,2025-02-05 22:24:55,23,False,"['Fantasy', 'Comedy']"
U02350,Canada,35-44,2024-04-28 04:00:15,21,False,"['Action', 'Animation', 'Mystery', 'Sci-Fi']"
U02351,Canada,18-24,2024-12-13 13:34:12,18,False,"['Animation', 'Horror', 'Fantasy']"
U02352,Germany,35-44,2025-02-25 14:40:06,29,False,"['Romance', 'Animation', 'Comedy']"
U02353,Germany,35-44,2025-02-05 07:02:16,17,False,"['Comedy', 'Animation', 'Drama', 'Horror']"
U02354,Canada,18-24,2024-12-12 07:53:07,13,False,"['Romance', 'Fantasy', 'Documentary', 'Action']"
U02355,United Kingdom,18-24,2024-12-24 15:41:50,26,False,"['Drama', 'Animation']"
U02356,United Kingdom,45+,2024-04-07 00:00:01,13,True,"['Drama', 'Romance']"
U02357,United Kingdom,25-34,2024-03-11 04:38:33,10,True,"['Romance', 'Documentary', 'Animation', 'Comedy']"
U02358,United States,25-34,2024-07-16 02:35:24,27,False,"['Animation', 'Romance']"
U02359,Australia,13-17,2024-11-10 10:49:02,30,False,"['Mystery', 'Fantasy', 'Animation', 'Comedy']"
U02360,United States,18-24,2024-11-15 14:12:01,24,False,"['Animation', 'Romance', 'Sci-Fi', 'Action']"
U02361,Australia,25-34,2025-02-05 15:29:09,19,False,"['Animation', 'Sci-Fi', 'Horror', 'Documentary']"
U02362,Germany,35-44,2024-06-08 11:49:13,25,True,"['Horror', 'Fantasy', 'Action']"
U02363,Singapore,18-24,2025-03-23 11:19:48,21,False,"['Sci-Fi', 'Horror']"
U02364,India,35-44,2024-08-20 05:01:37,13,True,"['Mystery', 'Romance']"
U02365,Germany,25-34,2024-05-07 07:17:12,22,False,['Horror']
U02366,India,18-24,2025-01-15 05:03:32,22,False,['Animation']
U02367,United Kingdom,18-24,2024-03-06 21:09:39,25,False,['Fantasy']
U02368,United States,18-24,2024-07-28 13:07:07,15,True,"['Animation', 'Drama']"
U02369,United States,25-34,2025-02-07 19:46:12,20,False,"['Animation', 'Mystery', 'Horror', 'Sci-Fi']"
U02370,United States,25-34,2025-02-02 15:53:38,17,False,"['Fantasy', 'Romance', 'Mystery']"
U02371,India,25-34,2024-05-12 15:15:06,15,False,"['Drama', 'Fantasy', 'Sci-Fi']"
U02372,Germany,18-24,2024-03-27 02:34:46,19,False,"['Fantasy', 'Documentary', 'Animation']"
U02373,India,25-34,2024-01-17 12:10:51,22,False,"['Horror', 'Action']"
U02374,United Kingdom,25-34,2024-02-16 04:58:44,16,False,"['Action', 'Horror', 'Mystery']"
U02375,Australia,25-34,2025-03-02 15:14:59,27,False,"['Drama', 'Romance']"
U02376,Singapore,25-34,2025-02-09 02:57:33,23,False,"['Documentary', 'Sci-Fi']"
U02377,Germany,18-24,2024-09-18 14:20:16,22,False,['Comedy']
U02378,India,25-34,2024-10-21 17:55:08,22,False,"['Romance', 'Action', 'Sci-Fi', 'Drama']"
U02379,Singapore,18-24,2024-06-17 20:51:50,15,True,"['Animation', 'Action', 'Comedy', 'Mystery']"
U02380,Australia,18-24,2024-04-09 06:54:51,20,False,"['Mystery', 'Comedy', 'Sci-Fi']"
U02381,United States,18-24,2024-01-06 21:48:44,31,False,"['Animation', 'Romance', 'Horror', 'Sci-Fi']"
U02382,Canada,25-34,2024-12-13 08:43:56,21,True,"['Comedy', 'Romance']"
U02383,Singapore,25-34,2024-01-19 06:20:34,15,False,['Horror']
U02384,United Kingdom,18-24,2024-02-24 07:09:34,22,False,"['Horror', 'Sci-Fi']"
U02385,United States,35-44,2025-02-13 18:52:10,23,False,"['Action', 'Comedy']"
U02386,Singapore,35-44,2024-10-28 07:46:17,16,False,['Horror']
U02387,Singapore,18-24,2024-09-10 04:16:14,17,False,"['Comedy', 'Sci-Fi', 'Drama', 'Action']"
U02388,Singapore,25-34,2024-04-22 21:51:42,24,False,"['Fantasy', 'Action']"
U02389,Singapore,18-24,2024-03-18 09:45:04,15,False,['Action']
U02390,Singapore,45+,2024-08-29 04:19:43,16,False,['Horror']
U02391,Canada,18-24,2024-07-04 08:20:16,26,False,"['Action', 'Drama']"
U02392,United States,18-24,2024-10-03 03:18:43,22,False,['Animation']
U02393,Australia,25-34,2024-03-26 11:06:22,14,False,"['Fantasy', 'Sci-Fi', 'Drama']"
U02394,United States,18-24,2024-04-29 15:46:24,21,False,"['Comedy', 'Horror']"
U02395,Canada,25-34,2024-02-28 08:38:03,24,True,['Action']
U02396,Australia,25-34,2024-08-07 10:56:44,16,False,['Romance']
U02397,Singapore,18-24,2024-05-22 20:25:38,21,False,"['Romance', 'Mystery']"
U02398,United Kingdom,25-34,2024-04-25 12:42:02,23,False,"['Mystery', 'Comedy', 'Romance']"
U02399,United States,35-44,2024-10-11 02:18:07,19,False,"['Romance', 'Fantasy', 'Action']"
U02400,Germany,35-44,2024-09-14 03:53:54,22,False,"['Comedy', 'Documentary', 'Romance']"
U02401,India,25-34,2024-04-18 13:45:43,26,False,['Documentary']
U02402,Canada,18-24,2024-12-27 09:35:42,37,True,['Sci-Fi']
U02403,Germany,18-24,2024-06-26 16:16:14,16,False,"['Fantasy', 'Romance', 'Horror']"
U02404,Canada,35-44,2024-06-25 11:39:41,12,False,"['Sci-Fi', 'Mystery', 'Comedy']"
U02405,United Kingdom,35-44,2024-09-04 02:09:59,15,False,"['Fantasy', 'Animation', 'Documentary', 'Drama']"
U02406,Germany,25-34,2024-03-12 21:17:51,21,False,"['Sci-Fi', 'Comedy']"
U02407,United Kingdom,35-44,2024-08-05 03:43:44,19,False,"['Romance', 'Horror', 'Action', 'Mystery']"
U02408,Australia,18-24,2024-10-28 02:22:44,33,False,"['Comedy', 'Horror']"
U02409,Canada,25-34,2024-03-07 12:00:49,21,False,"['Documentary', 'Comedy']"
U02410,India,18-24,2024-10-19 01:13:24,18,False,"['Sci-Fi', 'Horror', 'Animation']"
U02411,Canada,18-24,2024-01-21 02:14:41,19,False,"['Animation', 'Comedy']"
U02412,India,25-34,2024-11-08 00:03:44,18,False,"['Romance', 'Mystery', 'Action', 'Drama']"
U02413,Singapore,18-24,2024-01-19 07:58:18,12,False,"['Romance', 'Sci-Fi', 'Fantasy']"
U02414,Australia,45+,2024-03-31 12:27:08,16,False,"['Animation', 'Drama', 'Documentary', 'Mystery']"
U02415,United Kingdom,18-24,2024-06-30 01:01:16,23,False,"['Fantasy', 'Mystery', 'Action', 'Sci-Fi']"
U02416,Canada,35-44,2024-11-13 18:16:09,19,False,"['Action', 'Mystery']"
U02417,Australia,35-44,2025-01-06 14:53:46,16,False,"['Comedy', 'Documentary', 'Horror', 'Action']"
U02418,United States,25-34,2024-08-30 10:27:25,16,False,"['Mystery', 'Drama']"
U02419,United Kingdom,45+,2024-03-08 20:36:56,23,False,['Sci-Fi']
U02420,United Kingdom,25-34,2024-07-19 07:52:51,20,False,"['Fantasy', 'Comedy', 'Horror', 'Animation']"
U02421,United States,18-24,2025-02-10 20:50:57,25,False,"['Comedy', 'Sci-Fi', 'Fantasy', 'Drama']"
U02422,Germany,18-24,2024-02-16 16:39:27,17,False,"['Horror', 'Action', 'Sci-Fi']"
U02423,India,18-24,2025-01-05 00:05:12,25,False,"['Fantasy', 'Romance', 'Documentary']"
U02424,Germany,35-44,2024-07-18 10:41:11,17,False,['Romance']
U02425,United Kingdom,25-34,2024-01-03 00:55:51,20,True,"['Mystery', 'Action', 'Documentary']"
U02426,Canada,18-24,2024-12-25 02:26:16,17,False,"['Romance', 'Comedy', 'Horror']"
U02427,United States,18-24,2024-01-14 19:53:15,22,False,"['Fantasy', 'Romance', 'Animation']"
U02428,United Kingdom,25-34,2024-07-10 02:37:44,18,False,"['Horror', 'Drama', 'Romance', 'Mystery']"
U02429,Germany,35-44,2024-04-10 19:58:19,24,True,['Mystery']
U02430,United States,18-24,2024-10-28 22:07:29,23,False,['Fantasy']
U02431,India,35-44,2024-01-30 00:20:53,23,True,"['Romance', 'Animation', 'Comedy', 'Drama']"
U02432,Canada,25-34,2024-02-17 01:44:27,19,False,"['Romance', 'Documentary']"
U02433,United States,35-44,2024-10-01 16:54:18,15,False,"['Sci-Fi', 'Mystery', 'Romance']"
U02434,United Kingdom,18-24,2025-05-28 20:46:34,18,False,['Horror']
U02435,Canada,25-34,2024-01-21 11:41:42,30,False,"['Sci-Fi', 'Action']"
U02436,Canada,18-24,2024-08-26 04:57:08,25,False,"['Fantasy', 'Documentary', 'Sci-Fi', 'Horror']"
U02437,Australia,18-24,2025-02-18 23:13:46,6,False,['Action']
U02438,Australia,35-44,2024-05-30 07:40:24,19,False,"['Comedy', 'Drama', 'Documentary', 'Action']"
U02439,Germany,25-34,2024-09-11 20:40:24,17,False,"['Romance', 'Documentary', 'Fantasy', 'Drama']"
U02440,India,18-24,2025-03-09 14:23:31,20,False,['Animation']
U02441,United Kingdom,35-44,2025-01-11 08:27:28,18,False,"['Romance', 'Fantasy']"
U02442,India,18-24,2024-05-31 14:10:30,11,False,"['Action', 'Sci-Fi']"
U02443,India,25-34,2025-01-23 02:43:02,23,False,['Drama']
U02444,United States,45+,2024-12-15 08:54:38,20,False,['Romance']
U02445,Australia,25-34,2024-09-18 23:55:37,17,False,"['Documentary', 'Fantasy', 'Action']"
U02446,Singapore,35-44,2024-08-16 01:34:00,35,False,['Documentary']
U02447,Germany,25-34,2025-04-23 09:54:09,17,False,"['Drama', 'Horror', 'Animation', 'Romance']"
U02448,Australia,35-44,2025-03-28 00:04:10,12,False,['Romance']
U02449,Germany,25-34,2025-05-26 22:54:27,20,False,"['Sci-Fi', 'Romance', 'Fantasy', 'Action']"
U02450,United States,25-34,2024-12-15 04:09:15,18,True,"['Mystery', 'Fantasy', 'Documentary', 'Sci-Fi']"
U02451,Germany,18-24,2024-07-04 17:08:08,16,False,"['Comedy', 'Drama', 'Documentary']"
U02452,Singapore,35-44,2024-02-26 16:06:44,20,False,"['Sci-Fi', 'Comedy', 'Romance', 'Horror']"
U02453,India,18-24,2024-03-06 01:43:20,28,False,"['Sci-Fi', 'Mystery']"
U02454,Canada,45+,2025-05-06 18:24:54,19,False,"['Horror', 'Comedy', 'Sci-Fi', 'Action']"
U02455,Germany,18-24,2024-07-06 19:03:33,24,False,"['Animation', 'Documentary', 'Drama', 'Fantasy']"
U02456,Canada,18-24,2024-02-27 02:22:06,30,False,"['Action', 'Comedy', 'Romance', 'Animation']"
U02457,Germany,35-44,2024-04-25 11:22:30,15,False,"['Action', 'Animation']"
U02458,Singapore,18-24,2024-01-11 19:05:56,17,False,"['Sci-Fi', 'Animation', 'Action', 'Drama']"
U02459,Canada,18-24,2024-10-01 12:43:05,19,False,"['Action', 'Comedy']"
U02460,India,35-44,2024-11-01 12:32:45,26,False,"['Animation', 'Romance', 'Action']"
U02461,United Kingdom,18-24,2024-07-14 15:02:00,16,False,['Drama']
U02462,United States,18-24,2025-01-19 17:04:05,16,False,"['Action', 'Mystery']"
U02463,Canada,25-34,2024-09-05 09:24:58,29,False,['Comedy']
U02464,Australia,18-24,2025-05-11 06:55:22,18,False,"['Drama', 'Sci-Fi', 'Documentary']"
U02465,Canada,18-24,2025-01-29 13:37:53,16,False,"['Comedy', 'Sci-Fi']"
U02466,United States,13-17,2024-02-08 22:22:17,16,False,"['Animation', 'Mystery', 'Romance']"
U02467,United Kingdom,18-24,2024-05-21 16:03:08,13,True,"['Animation', 'Sci-Fi']"
U02468,Australia,18-24,2025-01-24 22:26:37,14,False,"['Romance', 'Fantasy']"
U02469,India,13-17,2024-10-04 20:59:10,20,False,"['Sci-Fi', 'Mystery', 'Drama']"
U02470,United States,25-34,2025-01-24 09:56:24,25,True,"['Sci-Fi', 'Drama']"
U02471,Singapore,25-34,2024-06-22 06:40:50,31,False,"['Mystery', 'Horror', 'Comedy', 'Sci-Fi']"
U02472,India,18-24,2024-01-20 17:14:57,16,False,"['Sci-Fi', 'Documentary', 'Action', 'Mystery']"
U02473,United Kingdom,18-24,2025-02-09 19:47:39,14,False,"['Documentary', 'Drama', 'Sci-Fi', 'Mystery']"
U02474,United States,35-44,2025-02-09 20:38:43,12,False,['Romance']
U02475,India,25-34,2024-11-26 15:22:13,24,True,['Comedy']
U02476,United Kingdom,25-34,2024-07-28 01:22:52,28,False,"['Action', 'Drama', 'Fantasy']"
U02477,Canada,25-34,2024-01-05 09:31:36,12,False,"['Sci-Fi', 'Action', 'Horror', 'Mystery']"
U02478,United States,18-24,2025-01-11 07:12:28,12,False,"['Animation', 'Action', 'Comedy', 'Documentary']"
U02479,India,35-44,2024-12-07 05:55:01,23,False,['Animation']
U02480,India,45+,2024-12-11 04:19:10,22,False,"['Comedy', 'Animation']"
U02481,Australia,45+,2024-03-28 23:22:12,28,False,['Fantasy']
U02482,Singapore,18-24,2025-01-13 00:57:54,23,False,['Fantasy']
U02483,United States,18-24,2025-01-09 13:16:14,10,False,"['Sci-Fi', 'Mystery', 'Documentary', 'Horror']"
U02484,United Kingdom,18-24,2025-03-19 07:38:17,14,False,['Mystery']
U02485,United Kingdom,18-24,2024-10-20 07:32:17,15,False,['Drama']
U02486,United Kingdom,18-24,2025-01-13 04:59:11,24,False,"['Mystery', 'Drama', 'Horror', 'Animation']"
U02487,United States,25-34,2024-07-26 13:35:49,21,False,"['Action', 'Drama']"
U02488,India,18-24,2024-12-26 04:20:08,16,False,"['Romance', 'Action', 'Fantasy', 'Mystery']"
U02489,Canada,45+,2024-12-24 19:58:34,17,True,"['Comedy', 'Horror']"
U02490,United Kingdom,18-24,2025-02-07 01:09:13,21,True,['Sci-Fi']
U02491,United Kingdom,13-17,2025-03-18 20:36:34,23,False,"['Romance', 'Sci-Fi', 'Horror', 'Drama']"
U02492,United States,35-44,2024-01-02 15:32:24,17,False,"['Mystery', 'Animation']"
U02493,Singapore,35-44,2025-02-06 14:39:07,20,False,"['Sci-Fi', 'Drama', 'Mystery', 'Horror']"
U02494,Australia,18-24,2025-02-13 17:07:03,22,True,"['Animation', 'Action', 'Mystery']"
U02495,United Kingdom,25-34,2024-10-08 23:03:57,19,False,"['Comedy', 'Action', 'Animation', 'Romance']"
U02496,United States,18-24,2024-09-25 15:34:29,21,False,"['Documentary', 'Animation', 'Action']"
U02497,Germany,18-24,2025-01-08 15:11:28,20,False,['Drama']
U02498,Singapore,25-34,2024-08-23 09:14:26,25,True,"['Drama', 'Animation', 'Fantasy', 'Horror']"
U02499,India,18-24,2024-08-01 23:51:06,27,False,"['Animation', 'Fantasy', 'Horror']"
U02500,Singapore,25-34,2025-02-19 08:04:15,27,False,"['Sci-Fi', 'Action']"
U02501,Australia,18-24,2025-02-11 22:14:10,25,False,['Romance']
U02502,India,25-34,2024-04-16 23:43:07,20,False,"['Sci-Fi', 'Romance', 'Action', 'Fantasy']"
U02503,Germany,35-44,2025-03-04 14:52:33,30,False,"['Romance', 'Fantasy']"
U02504,India,18-24,2024-06-17 19:06:28,18,False,['Fantasy']
U02505,India,13-17,2024-03-11 23:32:30,12,False,"['Action', 'Animation']"
U02506,India,25-34,2025-03-30 03:22:36,25,False,"['Comedy', 'Action']"
U02507,Canada,35-44,2024-05-03 01:29:35,23,False,"['Comedy', 'Sci-Fi', 'Drama']"
U02508,Australia,25-34,2024-04-14 22:26:25,12,False,"['Comedy', 'Animation']"
U02509,United Kingdom,35-44,2024-05-19 14:01:12,14,False,"['Sci-Fi', 'Fantasy']"
U02510,India,25-34,2024-09-11 03:05:55,13,False,"['Comedy', 'Fantasy']"
U02511,United States,18-24,2024-03-26 20:44:31,24,False,"['Animation', 'Documentary', 'Fantasy']"
U02512,Germany,25-34,2024-03-23 11:46:37,17,False,"['Sci-Fi', 'Horror', 'Mystery', 'Documentary']"
U02513,Singapore,18-24,2024-07-21 22:34:27,15,False,"['Action', 'Documentary', 'Romance']"
U02514,Germany,35-44,2024-04-22 16:10:06,22,False,"['Animation', 'Romance', 'Drama']"
U02515,India,18-24,2024-04-09 19:09:21,14,False,['Horror']
U02516,Germany,18-24,2025-04-16 14:07:30,29,False,['Action']
U02517,Australia,25-34,2024-11-03 21:27:06,24,True,"['Romance', 'Action', 'Drama', 'Horror']"
U02518,Canada,25-34,2024-01-08 03:25:58,20,False,"['Animation', 'Mystery', 'Documentary', 'Comedy']"
U02519,United States,25-34,2024-02-22 12:50:39,22,False,"['Fantasy', 'Drama', 'Romance']"
U02520,Singapore,25-34,2025-02-24 19:20:44,20,False,"['Fantasy', 'Sci-Fi', 'Documentary']"
U02521,Canada,45+,2024-05-19 13:09:24,20,False,"['Mystery', 'Horror']"
U02522,India,35-44,2024-03-19 18:56:45,17,False,"['Horror', 'Mystery', 'Action']"
U02523,United States,35-44,2024-12-10 01:46:48,22,False,"['Drama', 'Mystery']"
U02524,United Kingdom,25-34,2025-03-09 06:15:16,19,False,"['Sci-Fi', 'Drama', 'Comedy']"
U02525,India,25-34,2024-07-25 01:08:52,32,False,"['Action', 'Drama']"
U02526,United Kingdom,25-34,2025-01-19 01:36:46,19,False,"['Horror', 'Sci-Fi', 'Animation']"
U02527,Canada,25-34,2024-08-05 21:30:34,23,True,"['Animation', 'Drama']"
U02528,Singapore,18-24,2024-02-26 06:06:14,19,False,"['Drama', 'Comedy']"
U02529,India,25-34,2025-02-16 12:39:23,24,False,['Sci-Fi']
U02530,Australia,13-17,2025-04-20 02:18:49,32,False,['Horror']
U02531,Singapore,13-17,2025-05-23 23:49:09,21,False,['Fantasy']
U02532,Germany,35-44,2024-02-21 17:33:41,18,False,"['Horror', 'Romance', 'Sci-Fi', 'Action']"
U02533,Singapore,13-17,2024-10-19 03:21:39,22,False,['Animation']
U02534,United States,25-34,2024-11-18 07:23:38,21,False,"['Mystery', 'Drama', 'Comedy', 'Romance']"
U02535,Germany,25-34,2024-02-10 21:03:55,20,False,['Comedy']
U02536,Singapore,18-24,2025-05-07 00:02:41,22,False,"['Romance', 'Fantasy']"
U02537,United Kingdom,35-44,2024-02-23 04:49:12,13,False,"['Mystery', 'Action', 'Drama']"
U02538,Canada,18-24,2024-05-18 22:23:18,21,False,['Sci-Fi']
U02539,Canada,35-44,2025-05-15 17:09:25,24,False,"['Romance', 'Comedy']"
U02540,Canada,35-44,2024-10-14 12:04:48,18,False,"['Mystery', 'Romance', 'Horror']"
U02541,United Kingdom,18-24,2024-12-17 03:56:48,27,False,"['Comedy', 'Drama', 'Documentary', 'Mystery']"
U02542,Singapore,18-24,2024-09-12 05:55:51,13,False,"['Animation', 'Sci-Fi', 'Fantasy', 'Horror']"
U02543,Singapore,18-24,2025-01-24 00:38:12,22,False,['Animation']
U02544,United Kingdom,18-24,2024-02-12 02:52:20,18,False,"['Mystery', 'Action', 'Horror', 'Documentary']"
U02545,Germany,18-24,2024-12-15 08:52:36,20,False,['Mystery']
U02546,United Kingdom,45+,2024-04-02 20:41:42,19,False,['Fantasy']
U02547,Germany,18-24,2024-09-18 17:29:43,18,False,"['Romance', 'Sci-Fi', 'Drama', 'Action']"
U02548,Australia,35-44,2024-08-19 19:16:39,28,False,"['Mystery', 'Horror', 'Fantasy', 'Documentary']"
U02549,Canada,18-24,2024-03-19 20:45:43,17,False,"['Action', 'Comedy', 'Mystery', 'Horror']"
U02550,India,45+,2025-02-16 14:34:55,19,False,"['Drama', 'Mystery']"
U02551,Australia,18-24,2024-06-05 01:32:25,20,False,['Documentary']
U02552,United Kingdom,25-34,2025-03-23 21:49:53,17,False,"['Drama', 'Documentary', 'Action']"
U02553,United States,25-34,2024-01-08 18:02:32,22,False,"['Romance', 'Horror', 'Fantasy', 'Animation']"
U02554,United States,18-24,2024-05-02 16:51:32,25,False,"['Comedy', 'Animation', 'Action', 'Romance']"
U02555,Singapore,35-44,2024-06-02 11:20:48,17,False,"['Mystery', 'Sci-Fi', 'Drama', 'Horror']"
U02556,India,18-24,2024-11-04 02:41:38,18,False,"['Sci-Fi', 'Animation']"
U02557,Germany,25-34,2024-07-26 07:58:53,12,False,['Horror']
U02558,Singapore,25-34,2024-03-22 05:19:13,18,False,"['Fantasy', 'Horror', 'Mystery', 'Documentary']"
U02559,India,25-34,2024-10-22 05:46:15,18,False,"['Documentary', 'Romance', 'Mystery']"
U02560,Australia,18-24,2025-05-10 10:17:57,20,False,"['Romance', 'Documentary']"
U02561,Australia,18-24,2024-03-10 02:32:25,27,False,"['Animation', 'Action', 'Drama']"
U02562,United Kingdom,18-24,2024-05-10 09:21:02,17,False,"['Romance', 'Drama', 'Horror', 'Documentary']"
U02563,Australia,18-24,2024-09-04 09:06:47,21,False,"['Animation', 'Sci-Fi', 'Documentary']"
U02564,United Kingdom,18-24,2025-01-10 16:05:19,21,False,"['Horror', 'Fantasy']"
U02565,Canada,45+,2024-03-11 15:04:31,17,False,"['Comedy', 'Romance', 'Documentary', 'Sci-Fi']"
U02566,Canada,25-34,2024-04-29 11:38:57,21,False,['Mystery']
U02567,Germany,25-34,2024-05-01 14:13:17,17,False,['Romance']
U02568,Australia,18-24,2024-11-14 11:59:50,18,False,"['Mystery', 'Horror']"
U02569,United Kingdom,18-24,2024-02-12 14:34:43,20,False,"['Horror', 'Documentary', 'Sci-Fi']"
U02570,Singapore,25-34,2024-12-06 20:09:05,24,False,"['Horror', 'Mystery']"
U02571,Germany,18-24,2024-08-07 23:12:06,30,False,['Fantasy']
U02572,Singapore,18-24,2024-06-18 19:08:09,22,False,"['Animation', 'Romance', 'Comedy', 'Documentary']"
U02573,Germany,25-34,2025-03-21 17:37:22,22,False,"['Romance', 'Drama']"
U02574,United Kingdom,25-34,2025-02-27 08:05:26,23,False,['Action']
U02575,Germany,45+,2025-02-19 02:55:35,20,False,['Mystery']
U02576,United Kingdom,18-24,2025-04-02 17:40:55,14,False,"['Animation', 'Horror', 'Action']"
U02577,United States,25-34,2024-04-30 22:21:07,14,False,"['Action', 'Drama']"
U02578,Canada,18-24,2025-03-18 01:42:27,16,False,"['Fantasy', 'Drama', 'Animation', 'Romance']"
U02579,Singapore,18-24,2024-03-31 23:42:16,27,False,"['Romance', 'Documentary', 'Drama']"
U02580,Canada,35-44,2024-06-20 00:32:39,23,False,"['Sci-Fi', 'Action', 'Mystery', 'Comedy']"
U02581,United Kingdom,18-24,2024-10-14 04:52:28,28,False,['Drama']
U02582,Canada,25-34,2025-01-19 19:46:26,18,False,"['Animation', 'Horror', 'Documentary']"
U02583,United Kingdom,25-34,2024-10-25 15:44:23,27,False,['Comedy']
U02584,Australia,18-24,2024-10-16 06:09:40,25,False,['Action']
U02585,United Kingdom,45+,2024-07-13 15:11:20,22,False,"['Mystery', 'Animation', 'Horror', 'Action']"
U02586,Canada,25-34,2024-11-02 09:19:56,13,False,"['Comedy', 'Documentary', 'Action']"
U02587,United Kingdom,35-44,2024-09-02 15:06:36,17,False,['Horror']
U02588,United Kingdom,25-34,2024-09-03 19:53:25,23,False,"['Mystery', 'Fantasy', 'Horror', 'Animation']"
U02589,Singapore,45+,2024-10-29 19:37:27,20,False,"['Sci-Fi', 'Action', 'Comedy', 'Animation']"
U02590,United Kingdom,18-24,2024-11-06 08:02:25,23,False,"['Romance', 'Fantasy', 'Drama']"
U02591,India,25-34,2024-06-19 14:10:07,18,False,"['Comedy', 'Documentary']"
U02592,United Kingdom,35-44,2024-03-11 03:11:48,27,False,"['Documentary', 'Horror', 'Romance']"
U02593,Canada,18-24,2024-06-03 20:55:43,11,True,['Documentary']
U02594,India,18-24,2024-07-30 08:58:35,24,True,"['Romance', 'Comedy']"
U02595,United Kingdom,45+,2024-03-24 04:44:48,17,False,['Fantasy']
U02596,United States,25-34,2024-04-01 20:33:04,24,False,"['Drama', 'Comedy']"
U02597,Canada,25-34,2025-05-06 15:52:26,30,False,"['Mystery', 'Drama', 'Sci-Fi']"
U02598,Germany,25-34,2024-05-24 19:32:57,20,False,"['Drama', 'Comedy', 'Fantasy']"
U02599,Singapore,35-44,2025-01-17 01:17:18,18,False,"['Drama', 'Documentary', 'Fantasy']"
U02600,United Kingdom,35-44,2024-03-07 01:55:21,25,False,['Romance']
U02601,Singapore,25-34,2025-05-17 16:20:09,30,False,"['Mystery', 'Sci-Fi']"
U02602,United States,18-24,2024-04-19 20:38:43,18,False,['Romance']
U02603,Germany,13-17,2024-07-22 14:59:49,10,False,['Fantasy']
U02604,Canada,25-34,2025-02-08 06:10:41,22,False,['Documentary']
U02605,Germany,35-44,2024-04-14 03:24:05,16,False,['Romance']
U02606,Germany,25-34,2024-10-11 06:22:14,15,False,"['Horror', 'Documentary']"
U02607,Canada,18-24,2025-02-10 02:30:15,23,False,"['Sci-Fi', 'Fantasy', 'Animation']"
U02608,United States,18-24,2024-01-13 05:21:49,24,False,"['Fantasy', 'Comedy', 'Sci-Fi', 'Mystery']"
U02609,Canada,25-34,2024-01-14 02:46:20,16,False,"['Animation', 'Comedy', 'Documentary', 'Fantasy']"
U02610,Germany,35-44,2025-02-11 16:00:42,14,True,"['Drama', 'Mystery']"
U02611,Singapore,18-24,2024-05-15 20:06:11,15,False,"['Fantasy', 'Horror', 'Animation', 'Mystery']"
U02612,Singapore,25-34,2025-04-15 04:41:01,24,False,['Mystery']
U02613,United States,35-44,2025-04-24 11:06:00,21,True,['Fantasy']
U02614,Australia,45+,2025-03-31 04:21:59,20,False,['Sci-Fi']
U02615,India,18-24,2025-05-30 08:02:39,22,False,"['Fantasy', 'Animation', 'Romance', 'Drama']"
U02616,Australia,45+,2025-03-01 11:59:36,15,False,['Documentary']
U02617,Singapore,25-34,2024-07-17 06:12:19,11,False,['Romance']
U02618,India,35-44,2025-05-27 23:25:17,20,True,"['Drama', 'Animation', 'Mystery', 'Comedy']"
U02619,Australia,18-24,2024-06-27 19:32:11,13,False,"['Romance', 'Drama', 'Comedy']"
U02620,Singapore,25-34,2024-10-30 04:04:31,15,False,"['Comedy', 'Drama']"
U02621,Germany,25-34,2024-01-03 22:53:54,27,False,['Sci-Fi']
U02622,United Kingdom,18-24,2025-05-12 15:47:14,15,False,"['Comedy', 'Horror', 'Sci-Fi', 'Romance']"
U02623,India,25-34,2024-11-01 23:41:27,26,False,"['Animation', 'Horror', 'Drama']"
U02624,Singapore,25-34,2025-05-05 13:15:33,20,False,"['Drama', 'Documentary', 'Animation', 'Comedy']"
U02625,Singapore,25-34,2024-07-01 09:54:43,20,False,"['Documentary', 'Action']"
U02626,Australia,13-17,2024-06-10 22:39:58,20,False,"['Fantasy', 'Mystery', 'Horror']"
U02627,Singapore,25-34,2024-09-27 02:01:38,20,True,['Mystery']
U02628,India,18-24,2025-03-22 09:29:09,22,False,"['Documentary', 'Fantasy', 'Drama']"
U02629,Australia,45+,2024-10-10 18:40:31,13,False,['Sci-Fi']
U02630,India,45+,2025-02-13 17:00:02,20,False,"['Romance', 'Documentary']"
U02631,Singapore,18-24,2024-04-20 20:51:14,18,False,"['Horror', 'Romance']"
U02632,Australia,18-24,2025-02-05 02:06:40,22,False,['Fantasy']
U02633,Singapore,18-24,2025-01-13 16:22:26,20,False,"['Drama', 'Fantasy', 'Action']"
U02634,Canada,25-34,2025-04-08 09:03:06,23,False,"['Romance', 'Fantasy', 'Mystery', 'Sci-Fi']"
U02635,India,35-44,2024-01-30 19:09:46,15,False,"['Animation', 'Comedy', 'Mystery', 'Action']"
U02636,India,25-34,2024-07-17 15:01:46,17,False,"['Documentary', 'Fantasy', 'Drama']"
U02637,United Kingdom,18-24,2024-02-15 20:36:01,12,False,"['Action', 'Sci-Fi']"
U02638,Germany,13-17,2024-07-25 19:52:55,26,False,"['Fantasy', 'Drama', 'Documentary', 'Action']"
U02639,United States,18-24,2025-01-27 08:24:43,20,False,['Romance']
U02640,Germany,35-44,2024-11-26 21:46:08,23,False,"['Action', 'Mystery', 'Drama']"
U02641,United States,25-34,2025-01-24 07:09:25,16,False,['Action']
U02642,Canada,25-34,2025-01-16 10:40:43,18,False,"['Comedy', 'Documentary', 'Drama', 'Horror']"
U02643,United States,18-24,2025-05-27 23:49:33,23,False,['Animation']
U02644,Canada,45+,2025-03-30 19:46:40,16,False,"['Animation', 'Mystery', 'Horror', 'Fantasy']"
U02645,Canada,18-24,2024-10-30 02:10:36,13,False,['Sci-Fi']
U02646,India,35-44,2025-03-28 19:29:19,17,False,"['Horror', 'Documentary', 'Action']"
U02647,Canada,35-44,2024-01-25 18:28:12,25,False,"['Horror', 'Sci-Fi', 'Animation']"
U02648,Germany,25-34,2025-01-07 22:22:55,18,False,"['Romance', 'Sci-Fi', 'Animation']"
U02649,Singapore,35-44,2024-09-26 21:24:12,22,False,"['Mystery', 'Drama', 'Documentary', 'Sci-Fi']"
U02650,United Kingdom,18-24,2025-05-09 17:07:32,25,False,['Documentary']
U02651,Singapore,25-34,2024-09-17 10:36:52,26,True,"['Romance', 'Horror', 'Animation']"
U02652,Singapore,18-24,2024-04-02 08:25:26,24,False,"['Comedy', 'Drama']"
U02653,Singapore,25-34,2025-01-09 08:44:11,19,False,['Documentary']
U02654,United Kingdom,18-24,2025-05-06 07:49:00,22,False,"['Mystery', 'Drama']"
U02655,Germany,18-24,2024-01-09 08:43:07,23,False,"['Animation', 'Drama', 'Documentary']"
U02656,Canada,13-17,2024-02-03 04:29:16,20,False,"['Comedy', 'Horror', 'Fantasy']"
U02657,India,18-24,2024-12-07 21:14:45,15,False,"['Horror', 'Fantasy']"
U02658,United States,25-34,2024-10-14 06:09:22,14,False,"['Fantasy', 'Mystery', 'Horror']"
U02659,Australia,25-34,2024-10-10 15:04:19,25,False,"['Horror', 'Romance', 'Drama']"
U02660,United States,18-24,2024-02-16 15:09:49,19,False,"['Sci-Fi', 'Action', 'Fantasy', 'Documentary']"
U02661,Canada,45+,2024-10-22 18:39:20,18,False,"['Fantasy', 'Drama', 'Action', 'Documentary']"
U02662,Germany,45+,2024-10-20 15:45:21,22,False,"['Animation', 'Drama']"
U02663,United States,18-24,2025-03-15 01:51:30,18,False,"['Horror', 'Drama', 'Comedy', 'Action']"
U02664,Canada,25-34,2024-07-20 16:28:52,17,False,"['Horror', 'Mystery']"
U02665,United States,25-34,2024-06-28 20:47:40,32,True,"['Fantasy', 'Documentary', 'Mystery', 'Sci-Fi']"
U02666,Canada,35-44,2024-02-12 04:36:35,20,False,['Action']
U02667,United States,18-24,2024-10-20 02:04:02,24,False,"['Fantasy', 'Sci-Fi', 'Romance']"
U02668,Singapore,35-44,2024-12-01 01:49:59,16,False,"['Comedy', 'Documentary']"
U02669,India,18-24,2024-05-25 03:14:53,19,False,"['Mystery', 'Drama', 'Sci-Fi', 'Comedy']"
U02670,Singapore,18-24,2025-01-13 00:42:17,20,False,"['Mystery', 'Drama', 'Action']"
U02671,Germany,35-44,2025-04-29 23:21:41,14,False,['Fantasy']
U02672,Germany,25-34,2024-03-31 01:17:33,22,False,['Action']
U02673,Germany,35-44,2024-10-23 01:59:45,27,False,['Horror']
U02674,United States,13-17,2024-12-25 00:34:14,18,False,['Drama']
U02675,Singapore,18-24,2024-01-10 13:07:16,18,False,"['Sci-Fi', 'Romance']"
U02676,Australia,13-17,2024-04-02 13:37:19,18,False,"['Animation', 'Sci-Fi', 'Mystery']"
U02677,Singapore,18-24,2024-07-23 13:02:02,21,False,['Mystery']
U02678,Singapore,13-17,2024-03-12 00:48:54,22,False,"['Comedy', 'Documentary', 'Horror', 'Drama']"
U02679,Australia,25-34,2024-07-02 19:13:44,17,False,"['Comedy', 'Sci-Fi']"
U02680,United Kingdom,25-34,2024-03-17 04:29:00,23,False,"['Fantasy', 'Romance']"
U02681,India,25-34,2025-04-08 13:15:41,24,False,['Animation']
U02682,India,18-24,2024-11-05 17:21:56,19,False,"['Drama', 'Documentary', 'Action']"
U02683,United Kingdom,13-17,2024-06-19 04:21:48,29,False,"['Comedy', 'Horror']"
U02684,Germany,25-34,2025-02-06 15:14:10,12,True,"['Action', 'Mystery', 'Comedy', 'Animation']"
U02685,Canada,18-24,2024-01-10 12:30:47,22,False,"['Mystery', 'Sci-Fi', 'Animation', 'Documentary']"
U02686,Canada,35-44,2024-11-04 14:15:25,19,False,['Documentary']
U02687,United States,13-17,2024-12-19 08:09:48,19,False,"['Animation', 'Action', 'Fantasy']"
U02688,Canada,25-34,2025-02-22 10:25:58,20,False,"['Comedy', 'Horror']"
U02689,Australia,35-44,2024-04-24 21:58:16,20,False,"['Romance', 'Drama', 'Comedy']"
U02690,Singapore,25-34,2024-11-01 19:03:03,21,False,"['Mystery', 'Comedy', 'Horror', 'Fantasy']"
U02691,Germany,25-34,2025-01-31 21:20:44,15,False,"['Sci-Fi', 'Fantasy', 'Action', 'Comedy']"
U02692,Australia,25-34,2025-02-16 05:09:43,17,True,"['Documentary', 'Fantasy']"
U02693,Singapore,18-24,2024-03-31 19:27:27,18,True,['Romance']
U02694,United Kingdom,25-34,2025-05-19 20:41:28,22,False,"['Mystery', 'Animation']"
U02695,Singapore,35-44,2024-05-21 15:21:27,15,False,['Action']
U02696,United Kingdom,45+,2024-07-21 03:01:45,19,True,"['Drama', 'Horror', 'Action']"
U02697,India,25-34,2024-04-09 07:03:55,25,False,"['Animation', 'Horror', 'Sci-Fi']"
U02698,United Kingdom,18-24,2024-03-18 12:28:57,20,False,"['Documentary', 'Animation', 'Romance']"
U02699,India,35-44,2024-05-12 01:47:31,20,False,"['Action', 'Romance', 'Drama']"
U02700,India,25-34,2024-03-11 00:00:13,29,False,['Horror']
U02701,Singapore,18-24,2025-01-13 20:10:59,21,False,"['Fantasy', 'Romance', 'Mystery']"
U02702,Germany,18-24,2024-11-04 21:30:07,21,False,"['Sci-Fi', 'Drama']"
U02703,United States,18-24,2024-07-20 15:28:16,30,False,"['Comedy', 'Horror', 'Romance', 'Documentary']"
U02704,Germany,25-34,2024-10-09 20:27:17,21,False,['Action']
U02705,India,18-24,2024-11-08 08:56:49,20,False,"['Drama', 'Animation', 'Mystery', 'Action']"
U02706,United States,13-17,2024-04-05 05:59:33,22,False,"['Fantasy', 'Sci-Fi']"
U02707,Australia,18-24,2024-06-02 12:39:41,20,False,"['Action', 'Sci-Fi']"
U02708,United Kingdom,45+,2025-04-01 01:09:30,20,False,"['Romance', 'Documentary']"
U02709,Germany,18-24,2024-01-07 06:06:16,24,False,"['Documentary', 'Romance', 'Fantasy', 'Comedy']"
U02710,Singapore,18-24,2025-05-09 15:20:01,22,False,"['Drama', 'Mystery']"
U02711,India,25-34,2025-05-13 12:53:51,14,False,"['Horror', 'Action']"
U02712,India,18-24,2024-05-10 21:53:58,27,False,"['Comedy', 'Horror']"
U02713,Singapore,45+,2024-06-14 19:23:00,19,False,"['Mystery', 'Sci-Fi', 'Romance']"
U02714,Canada,45+,2024-04-16 23:00:12,26,False,"['Drama', 'Sci-Fi', 'Horror']"
U02715,Canada,25-34,2024-10-16 20:38:32,15,False,"['Documentary', 'Mystery', 'Fantasy']"
U02716,Canada,25-34,2024-04-20 14:20:32,21,False,"['Comedy', 'Mystery', 'Drama', 'Fantasy']"
U02717,Canada,18-24,2025-02-12 18:47:00,16,False,"['Drama', 'Romance']"
U02718,Australia,13-17,2024-07-19 07:07:34,21,False,"['Fantasy', 'Drama', 'Animation', 'Mystery']"
U02719,Australia,18-24,2025-05-15 03:55:05,21,True,"['Action', 'Animation', 'Drama']"
U02720,United States,18-24,2025-03-17 02:50:34,21,False,"['Animation', 'Documentary', 'Action', 'Sci-Fi']"
U02721,Australia,18-24,2024-07-26 11:30:25,19,False,"['Documentary', 'Action', 'Mystery']"
U02722,Australia,25-34,2024-11-04 02:40:45,20,False,"['Comedy', 'Sci-Fi', 'Drama', 'Fantasy']"
U02723,India,18-24,2024-01-13 14:34:50,19,False,"['Animation', 'Comedy', 'Action']"
U02724,United Kingdom,18-24,2024-02-04 22:12:10,23,True,"['Romance', 'Drama']"
U02725,Germany,25-34,2024-09-18 14:47:19,27,False,"['Romance', 'Fantasy', 'Animation', 'Horror']"
U02726,Australia,25-34,2024-09-01 12:43:28,18,False,"['Horror', 'Drama', 'Documentary', 'Comedy']"
U02727,India,18-24,2024-07-24 22:03:37,22,False,"['Documentary', 'Comedy']"
U02728,India,13-17,2024-02-16 16:50:07,27,False,"['Documentary', 'Mystery']"
U02729,Australia,18-24,2025-03-10 05:03:29,21,False,"['Sci-Fi', 'Animation', 'Horror', 'Fantasy']"
U02730,Canada,18-24,2024-07-29 00:18:17,22,False,"['Mystery', 'Romance']"
U02731,Singapore,35-44,2024-08-30 23:55:02,23,False,"['Mystery', 'Drama', 'Animation', 'Action']"
U02732,Canada,45+,2024-07-27 14:52:40,20,False,"['Fantasy', 'Horror', 'Romance', 'Animation']"
U02733,Singapore,25-34,2024-09-14 03:06:21,19,True,"['Animation', 'Horror', 'Action']"
U02734,United States,25-34,2024-12-01 04:45:35,26,False,"['Mystery', 'Romance']"
U02735,Canada,35-44,2025-01-29 23:30:16,19,False,"['Documentary', 'Fantasy']"
U02736,India,25-34,2024-10-11 01:37:29,22,False,"['Horror', 'Fantasy', 'Documentary']"
U02737,Australia,18-24,2024-03-26 19:23:26,15,False,"['Sci-Fi', 'Action', 'Romance']"
U02738,United States,18-24,2025-03-28 05:57:26,13,False,"['Drama', 'Fantasy']"
U02739,Canada,25-34,2024-05-27 03:41:31,19,True,['Animation']
U02740,United Kingdom,25-34,2024-01-09 09:56:32,20,False,"['Documentary', 'Romance', 'Horror', 'Drama']"
U02741,United States,18-24,2024-01-21 04:24:37,22,False,['Romance']
U02742,India,18-24,2025-02-04 03:46:38,18,False,['Documentary']
U02743,Canada,18-24,2024-07-19 01:22:26,24,False,"['Comedy', 'Animation', 'Mystery']"
U02744,Singapore,18-24,2024-01-12 17:08:40,26,False,"['Romance', 'Documentary', 'Animation', 'Horror']"
U02745,United States,25-34,2025-02-23 12:22:08,20,False,"['Documentary', 'Fantasy', 'Sci-Fi', 'Drama']"
U02746,United Kingdom,25-34,2024-06-06 07:37:41,21,False,"['Comedy', 'Documentary', 'Romance', 'Mystery']"
U02747,United States,25-34,2025-05-20 14:27:24,22,False,"['Comedy', 'Animation']"
U02748,Germany,18-24,2025-03-30 18:51:36,31,False,"['Animation', 'Comedy']"
U02749,United Kingdom,18-24,2024-01-25 21:39:33,11,True,"['Romance', 'Mystery', 'Animation']"
U02750,Singapore,35-44,2024-12-22 22:39:32,11,False,"['Horror', 'Fantasy', 'Sci-Fi']"
U02751,United States,25-34,2024-11-07 20:42:33,21,False,"['Animation', 'Horror', 'Fantasy']"
U02752,India,18-24,2024-03-29 22:08:05,17,False,"['Action', 'Comedy', 'Mystery']"
U02753,Australia,18-24,2024-06-26 08:44:45,17,False,['Comedy']
U02754,Australia,35-44,2024-09-10 17:39:16,27,False,"['Comedy', 'Animation', 'Action', 'Drama']"
U02755,Singapore,35-44,2024-03-16 12:59:30,24,True,"['Romance', 'Drama', 'Mystery']"
U02756,Singapore,35-44,2025-01-08 05:23:13,18,False,"['Action', 'Horror', 'Drama', 'Romance']"
U02757,Singapore,25-34,2024-05-23 08:42:33,16,False,['Drama']
U02758,Australia,25-34,2025-04-29 14:33:21,19,False,"['Drama', 'Sci-Fi', 'Romance', 'Documentary']"
U02759,United Kingdom,25-34,2025-02-18 11:19:17,26,True,['Animation']
U02760,Canada,18-24,2024-11-23 22:39:26,16,False,"['Animation', 'Horror', 'Action', 'Drama']"
U02761,India,25-34,2024-03-02 22:04:30,27,False,"['Fantasy', 'Comedy', 'Horror']"
U02762,Canada,25-34,2024-01-13 18:10:21,23,False,"['Animation', 'Horror', 'Fantasy']"
U02763,United Kingdom,18-24,2024-03-16 10:33:23,18,False,"['Fantasy', 'Sci-Fi']"
U02764,India,35-44,2024-09-15 08:18:02,19,False,['Drama']
U02765,United States,18-24,2025-02-07 21:50:54,14,False,"['Drama', 'Fantasy']"
U02766,Canada,13-17,2024-03-20 01:56:52,14,False,"['Romance', 'Fantasy', 'Action']"
U02767,United Kingdom,18-24,2024-12-31 17:01:39,23,False,['Mystery']
U02768,Singapore,35-44,2024-01-25 16:50:55,17,False,"['Animation', 'Comedy']"
U02769,Canada,45+,2024-05-17 07:39:58,15,False,"['Documentary', 'Romance', 'Sci-Fi', 'Animation']"
U02770,Singapore,25-34,2024-11-05 10:19:11,13,False,"['Comedy', 'Horror', 'Romance']"
U02771,Australia,45+,2025-03-04 06:27:38,20,False,"['Animation', 'Horror', 'Documentary', 'Sci-Fi']"
U02772,India,35-44,2025-02-05 16:02:49,21,False,"['Action', 'Animation', 'Romance', 'Mystery']"
U02773,United States,35-44,2024-10-02 09:07:05,21,False,['Horror']
U02774,Australia,35-44,2024-01-19 15:26:21,21,False,"['Romance', 'Mystery']"
U02775,Canada,18-24,2024-05-31 16:22:04,18,False,"['Comedy', 'Animation', 'Fantasy']"
U02776,United Kingdom,35-44,2025-02-09 02:46:32,25,False,"['Horror', 'Comedy', 'Mystery', 'Sci-Fi']"
U02777,Canada,25-34,2024-02-11 23:38:17,14,False,"['Mystery', 'Sci-Fi', 'Fantasy', 'Drama']"
U02778,Singapore,35-44,2024-12-31 04:51:38,20,True,"['Animation', 'Documentary']"
U02779,United Kingdom,18-24,2024-12-29 22:15:30,22,False,"['Documentary', 'Mystery', 'Romance', 'Fantasy']"
U02780,India,35-44,2025-01-23 18:39:11,26,False,"['Romance', 'Animation']"
U02781,United Kingdom,45+,2024-04-22 07:25:21,23,True,"['Fantasy', 'Animation', 'Comedy', 'Documentary']"
U02782,Singapore,18-24,2024-05-06 12:35:22,18,False,"['Fantasy', 'Horror', 'Mystery', 'Comedy']"
U02783,Germany,45+,2024-04-12 15:00:45,20,False,"['Action', 'Documentary', 'Romance', 'Animation']"
U02784,Germany,18-24,2024-07-22 11:43:56,14,False,['Drama']
U02785,Singapore,18-24,2024-09-27 21:12:12,16,False,"['Sci-Fi', 'Mystery']"
U02786,India,18-24,2024-03-02 21:52:05,11,False,['Action']
U02787,United States,35-44,2024-10-20 08:16:07,20,False,"['Romance', 'Horror', 'Fantasy', 'Drama']"
U02788,India,25-34,2024-05-03 12:09:32,19,False,['Sci-Fi']
U02789,India,18-24,2024-10-17 15:06:43,23,False,"['Documentary', 'Horror', 'Action', 'Animation']"
U02790,Germany,25-34,2024-06-05 13:00:51,17,False,"['Animation', 'Fantasy', 'Action', 'Horror']"
U02791,Singapore,18-24,2025-05-08 13:08:12,22,False,['Drama']
U02792,United States,25-34,2024-06-14 03:34:11,24,False,"['Sci-Fi', 'Fantasy']"
U02793,Germany,35-44,2025-03-26 11:10:17,21,False,"['Drama', 'Documentary']"
U02794,Canada,25-34,2024-03-31 11:53:41,14,False,['Action']
U02795,India,35-44,2024-02-13 21:39:01,31,False,['Mystery']
U02796,Singapore,25-34,2024-04-07 13:32:09,20,False,"['Horror', 'Romance']"
U02797,Singapore,45+,2024-08-04 19:34:53,17,False,"['Romance', 'Animation', 'Fantasy']"
U02798,Canada,18-24,2025-04-11 01:26:40,22,False,['Comedy']
U02799,Australia,18-24,2024-04-01 02:53:14,20,False,"['Comedy', 'Horror', 'Animation']"
U02800,United Kingdom,18-24,2025-02-09 06:33:07,18,False,['Mystery']
U02801,Germany,25-34,2024-12-26 07:14:31,8,False,"['Animation', 'Comedy']"
U02802,Canada,25-34,2024-06-27 02:16:45,24,False,"['Fantasy', 'Action', 'Romance', 'Documentary']"
U02803,Singapore,35-44,2024-06-22 22:11:21,17,False,"['Action', 'Drama', 'Fantasy', 'Comedy']"
U02804,India,18-24,2025-05-04 22:21:39,25,False,"['Documentary', 'Sci-Fi', 'Comedy', 'Romance']"
U02805,United States,13-17,2025-01-04 11:09:16,10,False,"['Mystery', 'Action']"
U02806,Singapore,25-34,2024-05-03 12:33:10,20,False,"['Documentary', 'Comedy', 'Animation', 'Mystery']"
U02807,United Kingdom,45+,2025-04-16 10:20:09,14,True,"['Romance', 'Sci-Fi', 'Mystery', 'Comedy']"
U02808,United Kingdom,18-24,2024-07-29 07:49:41,23,False,"['Drama', 'Action', 'Fantasy']"
U02809,Germany,18-24,2024-02-11 04:51:58,24,False,['Action']
U02810,United States,18-24,2025-02-24 14:13:19,26,False,['Drama']
U02811,Canada,25-34,2025-03-25 03:08:57,17,False,['Drama']
U02812,United Kingdom,18-24,2024-08-16 23:20:02,17,False,['Comedy']
U02813,United States,18-24,2024-12-29 22:19:29,16,False,['Action']
U02814,Singapore,25-34,2024-05-01 07:13:51,28,False,"['Comedy', 'Action']"
U02815,United States,18-24,2025-03-15 15:15:44,21,False,"['Drama', 'Animation', 'Comedy']"
U02816,India,18-24,2024-07-09 12:47:17,17,False,"['Romance', 'Mystery']"
U02817,Australia,13-17,2024-05-18 04:44:14,18,False,"['Fantasy', 'Documentary', 'Drama', 'Sci-Fi']"
U02818,Singapore,45+,2024-09-15 20:56:49,16,True,"['Documentary', 'Drama']"
U02819,India,25-34,2024-05-18 03:44:30,17,False,"['Comedy', 'Mystery', 'Horror', 'Romance']"
U02820,Australia,18-24,2024-11-16 20:57:19,21,False,"['Fantasy', 'Mystery', 'Sci-Fi']"
U02821,Canada,18-24,2025-01-21 13:13:07,16,False,"['Comedy', 'Mystery']"
U02822,Germany,25-34,2024-07-28 16:45:55,18,False,"['Horror', 'Fantasy', 'Animation', 'Sci-Fi']"
U02823,India,35-44,2025-02-09 00:58:55,18,False,"['Romance', 'Drama']"
U02824,Singapore,13-17,2024-08-10 23:37:26,17,False,"['Sci-Fi', 'Documentary', 'Fantasy']"
U02825,Australia,18-24,2025-05-16 14:20:39,22,False,"['Horror', 'Action']"
U02826,Germany,18-24,2024-05-16 11:00:44,28,False,"['Sci-Fi', 'Drama', 'Romance']"
U02827,United Kingdom,25-34,2024-12-30 08:21:47,23,False,['Fantasy']
U02828,Singapore,45+,2024-10-03 18:35:21,20,False,['Horror']
U02829,Australia,25-34,2025-05-02 19:21:11,33,False,"['Mystery', 'Comedy']"
U02830,India,18-24,2024-04-23 11:00:46,22,False,"['Action', 'Romance', 'Horror']"
U02831,Singapore,35-44,2024-04-11 17:15:43,20,False,['Horror']
U02832,Germany,35-44,2025-03-24 12:15:55,21,False,"['Comedy', 'Horror', 'Animation', 'Sci-Fi']"
U02833,United Kingdom,18-24,2025-04-10 20:50:02,23,False,"['Horror', 'Comedy']"
U02834,Canada,18-24,2025-01-21 09:19:50,24,False,['Animation']
U02835,United Kingdom,18-24,2024-09-02 12:21:33,25,False,"['Romance', 'Sci-Fi', 'Documentary', 'Animation']"
U02836,Canada,35-44,2024-07-31 02:44:30,24,False,['Documentary']
U02837,Singapore,25-34,2024-12-10 14:49:25,17,False,"['Sci-Fi', 'Fantasy', 'Animation', 'Drama']"
U02838,Singapore,25-34,2025-01-21 07:36:11,30,False,['Horror']
U02839,United States,35-44,2024-05-22 16:18:46,23,False,"['Romance', 'Mystery', 'Drama', 'Fantasy']"
U02840,Singapore,18-24,2024-01-04 14:48:20,13,False,"['Mystery', 'Animation']"
U02841,Canada,18-24,2024-02-08 00:41:04,28,False,['Drama']
U02842,Australia,13-17,2024-06-27 02:25:20,15,False,"['Drama', 'Comedy', 'Action', 'Animation']"
U02843,Germany,35-44,2024-12-18 10:37:59,18,False,"['Horror', 'Fantasy', 'Animation', 'Comedy']"
U02844,Canada,25-34,2024-08-15 15:15:23,14,False,['Drama']
U02845,Canada,18-24,2024-11-15 16:51:06,12,False,"['Action', 'Documentary']"
U02846,Canada,18-24,2024-08-30 21:15:35,20,False,"['Animation', 'Horror', 'Sci-Fi', 'Drama']"
U02847,Singapore,35-44,2024-05-10 02:34:41,21,False,"['Animation', 'Sci-Fi', 'Horror']"
U02848,United Kingdom,35-44,2025-01-22 02:15:36,22,False,['Sci-Fi']
U02849,United States,25-34,2025-01-09 00:33:52,11,False,"['Drama', 'Sci-Fi', 'Animation']"
U02850,United Kingdom,18-24,2025-05-12 18:30:52,23,False,"['Drama', 'Comedy']"
U02851,United States,45+,2025-03-02 21:06:10,16,False,"['Drama', 'Documentary']"
U02852,United Kingdom,35-44,2024-07-15 11:00:15,14,False,['Fantasy']
U02853,India,25-34,2024-12-30 08:27:15,23,False,"['Horror', 'Romance', 'Mystery']"
U02854,India,25-34,2024-06-30 06:14:34,17,False,['Fantasy']
U02855,Germany,45+,2025-03-27 06:05:47,18,False,['Action']
U02856,India,45+,2024-11-11 15:16:22,17,False,"['Fantasy', 'Sci-Fi']"
U02857,Canada,25-34,2025-03-07 12:07:40,12,False,"['Horror', 'Drama', 'Fantasy']"
U02858,Germany,25-34,2024-05-25 09:47:41,21,False,['Sci-Fi']
U02859,Germany,18-24,2024-01-08 17:08:15,33,False,['Horror']
U02860,Canada,35-44,2024-03-14 01:52:29,14,False,"['Mystery', 'Action', 'Comedy']"
U02861,United States,25-34,2024-10-01 17:10:44,20,False,"['Animation', 'Romance', 'Documentary', 'Horror']"
U02862,Singapore,18-24,2025-05-12 02:47:56,17,False,['Horror']
U02863,Germany,18-24,2024-11-20 04:20:28,26,False,"['Horror', 'Animation', 'Sci-Fi']"
U02864,Australia,45+,2025-02-22 12:38:51,16,True,"['Action', 'Fantasy', 'Drama']"
U02865,India,35-44,2024-08-30 14:25:06,12,False,['Mystery']
U02866,India,45+,2025-05-10 13:03:44,15,False,"['Comedy', 'Fantasy', 'Horror', 'Action']"
U02867,United Kingdom,25-34,2025-05-01 11:24:12,23,False,['Fantasy']
U02868,United States,35-44,2024-04-22 14:52:13,24,False,"['Romance', 'Animation', 'Comedy', 'Drama']"
U02869,Singapore,35-44,2025-03-21 17:47:32,30,False,['Mystery']
U02870,United States,18-24,2024-01-10 04:58:36,20,False,"['Romance', 'Animation', 'Drama']"
U02871,United States,18-24,2024-11-02 08:54:39,25,False,"['Documentary', 'Comedy', 'Drama', 'Fantasy']"
U02872,Singapore,45+,2024-08-14 01:32:29,19,False,['Sci-Fi']
U02873,Germany,13-17,2024-06-04 18:43:51,17,False,"['Sci-Fi', 'Fantasy']"
U02874,United States,25-34,2025-04-27 16:13:12,17,True,"['Documentary', 'Comedy', 'Romance', 'Mystery']"
U02875,United Kingdom,25-34,2024-12-08 10:05:49,17,False,"['Fantasy', 'Comedy', 'Drama']"
U02876,Canada,25-34,2024-03-12 12:20:26,24,True,"['Sci-Fi', 'Documentary', 'Mystery']"
U02877,Australia,18-24,2024-03-12 23:57:23,23,False,"['Horror', 'Drama', 'Romance', 'Mystery']"
U02878,Singapore,35-44,2024-03-01 14:02:16,12,False,"['Animation', 'Horror', 'Action', 'Romance']"
U02879,Singapore,18-24,2024-06-06 04:28:44,20,False,"['Horror', 'Sci-Fi', 'Animation']"
U02880,Singapore,35-44,2024-02-05 15:33:58,21,False,"['Romance', 'Comedy']"
U02881,India,18-24,2024-05-16 14:07:44,22,False,"['Drama', 'Documentary', 'Comedy', 'Horror']"
U02882,United States,25-34,2025-01-30 12:20:35,17,False,"['Comedy', 'Mystery', 'Romance']"
U02883,Canada,35-44,2025-03-27 16:42:50,14,False,"['Mystery', 'Sci-Fi']"
U02884,India,18-24,2025-02-10 07:46:35,25,False,"['Comedy', 'Animation', 'Drama']"
U02885,United Kingdom,18-24,2024-09-13 11:02:07,16,False,"['Comedy', 'Sci-Fi']"
U02886,United States,35-44,2024-12-25 12:13:33,19,True,"['Animation', 'Sci-Fi', 'Drama']"
U02887,Singapore,18-24,2025-05-03 00:17:35,18,True,['Fantasy']
U02888,India,18-24,2024-01-28 13:14:42,22,False,['Romance']
U02889,United States,25-34,2025-04-12 15:51:16,17,False,['Drama']
U02890,United States,45+,2025-01-08 22:33:42,21,True,"['Horror', 'Animation', 'Romance']"
U02891,United States,25-34,2024-07-18 18:23:17,21,False,"['Romance', 'Mystery', 'Animation', 'Action']"
U02892,Canada,18-24,2024-08-19 22:35:10,17,False,"['Animation', 'Comedy', 'Drama']"
U02893,United Kingdom,45+,2024-08-14 17:26:45,23,False,"['Animation', 'Mystery', 'Romance']"
U02894,Singapore,25-34,2024-03-22 15:09:14,20,False,"['Mystery', 'Fantasy', 'Drama']"
U02895,United States,25-34,2024-04-29 01:48:00,22,False,"['Horror', 'Action', 'Animation', 'Fantasy']"
U02896,Canada,25-34,2024-06-01 13:55:24,18,False,['Animation']
U02897,Australia,18-24,2024-01-04 00:08:38,15,False,['Action']
U02898,Australia,18-24,2024-09-16 02:13:47,22,False,"['Mystery', 'Horror']"
U02899,Germany,25-34,2024-09-03 08:48:10,20,False,['Romance']
U02900,United States,13-17,2024-06-19 10:18:55,16,True,"['Comedy', 'Sci-Fi', 'Animation']"
U02901,Canada,25-34,2024-04-01 05:07:20,29,False,"['Comedy', 'Action', 'Romance', 'Fantasy']"
U02902,Germany,18-24,2025-05-16 08:38:54,19,False,"['Mystery', 'Animation', 'Romance', 'Sci-Fi']"
U02903,Singapore,18-24,2024-12-16 18:50:07,18,False,['Fantasy']
U02904,Australia,18-24,2024-09-02 10:35:43,19,False,"['Romance', 'Fantasy', 'Documentary']"
U02905,Australia,25-34,2025-01-08 14:53:19,27,False,"['Documentary', 'Sci-Fi']"
U02906,Singapore,35-44,2024-07-11 09:38:36,28,False,"['Horror', 'Fantasy', 'Comedy', 'Drama']"
U02907,Australia,18-24,2024-04-21 10:16:41,15,False,"['Animation', 'Romance', 'Comedy']"
U02908,Singapore,18-24,2024-12-14 00:38:11,27,False,"['Drama', 'Action', 'Sci-Fi']"
U02909,India,18-24,2025-02-02 09:47:12,26,False,['Action']
U02910,United Kingdom,35-44,2024-12-02 07:57:47,16,False,"['Documentary', 'Romance', 'Fantasy']"
U02911,India,18-24,2024-10-19 19:51:32,33,False,"['Action', 'Documentary', 'Mystery']"
U02912,India,35-44,2024-01-02 06:15:59,13,False,['Comedy']
U02913,Canada,18-24,2024-11-25 18:35:22,21,False,"['Fantasy', 'Action']"
U02914,United States,18-24,2024-11-15 18:01:17,20,False,"['Sci-Fi', 'Romance']"
U02915,United Kingdom,35-44,2024-08-01 05:40:17,14,False,"['Animation', 'Drama', 'Sci-Fi', 'Fantasy']"
U02916,Canada,25-34,2024-05-06 00:41:07,17,False,['Sci-Fi']
U02917,Australia,13-17,2025-05-21 04:47:04,25,True,"['Animation', 'Romance', 'Sci-Fi']"
U02918,Singapore,45+,2024-07-12 23:53:56,22,False,"['Comedy', 'Fantasy', 'Romance']"
U02919,Germany,18-24,2024-05-20 15:23:51,14,True,"['Comedy', 'Fantasy', 'Animation', 'Documentary']"
U02920,United Kingdom,18-24,2024-12-31 04:22:37,18,True,"['Action', 'Comedy']"
U02921,United Kingdom,18-24,2024-09-06 04:14:44,21,False,['Documentary']
U02922,Germany,25-34,2024-10-15 04:02:53,17,False,"['Horror', 'Comedy', 'Fantasy']"
U02923,India,35-44,2024-12-01 04:11:34,19,True,['Fantasy']
U02924,Canada,13-17,2024-07-09 14:16:22,21,False,"['Horror', 'Drama', 'Action']"
U02925,United Kingdom,45+,2024-03-19 17:45:36,14,False,"['Documentary', 'Mystery', 'Action']"
U02926,United States,25-34,2024-03-27 13:13:39,20,False,"['Horror', 'Action', 'Comedy', 'Sci-Fi']"
U02927,Australia,45+,2025-04-30 19:09:21,9,False,"['Sci-Fi', 'Documentary']"
U02928,United Kingdom,35-44,2024-09-18 08:01:22,14,False,"['Mystery', 'Comedy']"
U02929,United States,45+,2024-08-03 14:12:03,17,False,['Fantasy']
U02930,Australia,25-34,2024-06-14 02:41:37,19,True,"['Mystery', 'Animation', 'Romance', 'Drama']"
U02931,United States,18-24,2025-01-08 02:04:01,20,True,"['Drama', 'Action', 'Romance', 'Documentary']"
U02932,Australia,25-34,2025-04-16 23:36:29,24,False,"['Comedy', 'Horror', 'Drama']"
U02933,United States,25-34,2025-02-01 13:06:54,20,False,['Action']
U02934,Canada,25-34,2024-10-03 06:10:23,20,False,"['Drama', 'Mystery']"
U02935,Germany,35-44,2024-09-02 19:27:40,24,False,['Animation']
U02936,United States,18-24,2025-03-23 16:52:52,22,False,"['Action', 'Drama']"
U02937,Germany,35-44,2025-03-18 17:17:18,18,False,"['Animation', 'Documentary', 'Sci-Fi']"
U02938,Germany,18-24,2024-07-20 17:21:58,27,False,"['Fantasy', 'Animation']"
U02939,Singapore,45+,2025-05-13 12:51:44,24,False,['Mystery']
U02940,United States,18-24,2025-03-03 18:50:25,16,False,"['Comedy', 'Action']"
U02941,Germany,18-24,2025-03-13 12:00:41,21,False,"['Animation', 'Horror', 'Drama', 'Comedy']"
U02942,Singapore,35-44,2024-01-30 05:30:35,18,False,"['Documentary', 'Romance', 'Sci-Fi', 'Comedy']"
U02943,Germany,35-44,2024-03-08 05:11:24,23,False,"['Mystery', 'Comedy', 'Horror', 'Fantasy']"
U02944,United States,35-44,2024-06-03 03:03:39,31,False,['Drama']
U02945,Germany,45+,2025-01-28 13:50:03,16,False,"['Fantasy', 'Drama']"
U02946,India,18-24,2024-02-10 10:00:25,19,False,"['Animation', 'Horror', 'Fantasy']"
U02947,Australia,35-44,2024-02-12 20:17:34,24,False,"['Action', 'Comedy', 'Sci-Fi']"
U02948,Canada,18-24,2024-01-17 08:42:55,21,False,"['Drama', 'Comedy']"
U02949,Canada,25-34,2024-04-09 05:24:00,22,False,"['Comedy', 'Sci-Fi']"
U02950,Canada,25-34,2025-04-20 01:14:33,28,False,['Fantasy']
U02951,India,13-17,2025-01-07 20:45:19,17,False,['Drama']
U02952,Canada,25-34,2025-01-05 14:54:26,15,False,"['Sci-Fi', 'Documentary', 'Fantasy', 'Horror']"
U02953,Singapore,35-44,2024-05-31 05:45:09,18,False,"['Romance', 'Drama']"
U02954,Canada,18-24,2024-11-19 04:21:56,25,False,"['Horror', 'Animation', 'Fantasy', 'Mystery']"
U02955,United States,45+,2025-02-06 17:37:51,19,False,"['Animation', 'Drama']"
U02956,Singapore,25-34,2024-10-02 07:10:14,26,True,"['Drama', 'Sci-Fi']"
U02957,India,18-24,2025-03-18 14:56:18,16,False,"['Fantasy', 'Sci-Fi', 'Action', 'Drama']"
U02958,Canada,25-34,2024-10-21 11:01:35,23,False,"['Action', 'Comedy', 'Mystery', 'Romance']"
U02959,Canada,18-24,2024-06-16 19:27:05,19,False,"['Horror', 'Sci-Fi', 'Action']"
U02960,Canada,18-24,2024-11-26 04:52:12,17,True,"['Mystery', 'Drama', 'Romance']"
U02961,Singapore,25-34,2025-05-02 14:26:23,18,False,['Action']
U02962,United Kingdom,18-24,2025-03-03 08:12:07,11,False,['Comedy']
U02963,Singapore,18-24,2024-09-14 16:57:20,28,False,"['Fantasy', 'Drama']"
U02964,India,35-44,2024-11-04 14:11:35,21,False,['Action']
U02965,Germany,18-24,2025-05-19 13:45:05,13,False,"['Action', 'Animation']"
U02966,Australia,35-44,2025-01-22 00:23:24,16,False,"['Comedy', 'Sci-Fi', 'Mystery', 'Horror']"
U02967,United States,35-44,2024-09-16 19:04:44,21,True,"['Mystery', 'Sci-Fi', 'Documentary']"
U02968,United States,18-24,2024-05-25 06:22:32,18,True,"['Documentary', 'Comedy', 'Horror', 'Action']"
U02969,Germany,25-34,2025-04-13 08:05:30,17,False,"['Sci-Fi', 'Action']"
U02970,Australia,18-24,2025-05-19 23:39:34,22,False,"['Documentary', 'Action', 'Animation']"
U02971,Australia,25-34,2024-02-06 13:40:42,22,False,"['Mystery', 'Action', 'Sci-Fi']"
U02972,India,18-24,2024-01-17 11:46:50,22,False,['Horror']
U02973,Australia,45+,2024-02-29 12:08:21,21,False,"['Romance', 'Horror']"
U02974,Singapore,18-24,2024-07-18 20:38:32,12,False,['Animation']
U02975,India,25-34,2024-03-23 15:44:31,21,False,"['Drama', 'Animation', 'Sci-Fi', 'Action']"
U02976,Canada,18-24,2025-04-01 00:28:15,16,False,['Drama']
U02977,Canada,18-24,2025-04-17 15:34:51,23,False,"['Animation', 'Sci-Fi']"
U02978,Singapore,25-34,2024-04-03 07:55:44,23,False,['Comedy']
U02979,United States,25-34,2025-03-04 15:06:01,12,False,['Documentary']
U02980,Canada,45+,2024-03-14 01:43:22,17,True,"['Action', 'Mystery', 'Romance']"
U02981,Germany,13-17,2025-02-11 01:10:02,24,False,"['Drama', 'Horror']"
U02982,India,13-17,2024-07-07 22:15:53,16,False,['Action']
U02983,Germany,18-24,2024-01-21 19:54:15,32,False,['Romance']
U02984,Germany,18-24,2024-08-09 09:02:23,21,False,"['Drama', 'Fantasy', 'Horror']"
U02985,Germany,35-44,2025-03-01 08:49:04,22,False,"['Romance', 'Comedy']"
U02986,Australia,45+,2025-04-27 13:33:12,16,True,"['Mystery', 'Drama', 'Comedy', 'Animation']"
U02987,Germany,35-44,2024-03-03 14:53:55,13,False,"['Horror', 'Sci-Fi']"
U02988,Germany,18-24,2025-03-08 06:34:16,16,False,"['Romance', 'Animation', 'Drama', 'Mystery']"
U02989,Singapore,25-34,2024-05-31 14:36:59,18,True,"['Sci-Fi', 'Action', 'Mystery', 'Fantasy']"
U02990,United Kingdom,35-44,2024-08-27 22:25:27,17,False,"['Comedy', 'Sci-Fi', 'Documentary']"
U02991,Canada,18-24,2024-02-26 05:49:03,25,False,"['Action', 'Documentary']"
U02992,Australia,25-34,2025-05-18 00:40:30,20,False,"['Animation', 'Documentary', 'Horror']"
U02993,United States,18-24,2025-02-12 13:26:52,19,False,['Documentary']
U02994,Germany,18-24,2024-11-28 01:23:25,19,False,"['Animation', 'Action']"
U02995,Germany,35-44,2025-01-10 21:15:59,26,True,"['Mystery', 'Animation', 'Horror', 'Drama']"
U02996,Australia,18-24,2025-03-27 16:21:27,18,False,"['Documentary', 'Mystery', 'Horror', 'Action']"
U02997,United Kingdom,45+,2024-03-15 03:37:24,24,False,"['Fantasy', 'Documentary', 'Action']"
U02998,United Kingdom,18-24,2024-05-07 05:04:30,16,False,"['Drama', 'Documentary', 'Fantasy', 'Romance']"
U02999,Canada,13-17,2024-01-20 07:19:16,24,False,"['Action', 'Fantasy', 'Comedy']"
U03000,Australia,18-24,2024-09-09 19:03:58,15,False,"['Drama', 'Action']"
U03001,Germany,18-24,2024-09-12 11:13:55,15,False,"['Action', 'Fantasy', 'Horror', 'Animation']"
U03002,Australia,25-34,2024-01-16 08:43:52,18,True,"['Drama', 'Documentary']"
U03003,Singapore,18-24,2024-12-08 00:36:08,14,False,"['Drama', 'Documentary']"
U03004,Singapore,25-34,2024-01-05 14:11:07,24,False,['Fantasy']
U03005,Australia,35-44,2025-02-13 21:50:25,15,False,"['Comedy', 'Documentary', 'Fantasy', 'Action']"
U03006,United Kingdom,18-24,2024-12-30 17:15:48,14,False,"['Action', 'Comedy', 'Mystery', 'Drama']"
U03007,Australia,18-24,2025-02-25 10:04:58,19,False,"['Sci-Fi', 'Mystery']"
U03008,United Kingdom,25-34,2024-03-02 03:47:14,26,False,"['Sci-Fi', 'Romance', 'Comedy']"
U03009,Australia,35-44,2025-03-25 23:36:56,22,False,['Animation']
U03010,Germany,25-34,2024-10-10 05:12:16,22,False,"['Romance', 'Action']"
U03011,United Kingdom,18-24,2025-03-22 08:17:47,18,False,"['Comedy', 'Mystery', 'Documentary', 'Action']"
U03012,Canada,25-34,2024-12-25 20:03:39,20,False,"['Action', 'Mystery', 'Animation']"
U03013,India,25-34,2024-12-05 08:31:17,22,False,['Animation']
U03014,Germany,18-24,2024-01-17 15:58:00,15,False,"['Documentary', 'Romance', 'Comedy']"
U03015,Canada,18-24,2024-12-23 18:10:10,24,False,"['Sci-Fi', 'Romance', 'Horror']"
U03016,Canada,45+,2024-08-19 23:58:59,20,False,"['Mystery', 'Comedy', 'Documentary', 'Romance']"
U03017,Canada,18-24,2025-03-15 01:18:16,19,False,"['Action', 'Documentary']"
U03018,United States,18-24,2024-12-19 16:57:26,18,False,"['Action', 'Comedy', 'Mystery']"
U03019,Australia,18-24,2024-02-08 10:35:31,12,False,"['Fantasy', 'Action', 'Sci-Fi']"
U03020,Germany,25-34,2025-04-04 23:46:55,14,False,"['Action', 'Drama']"
U03021,United Kingdom,25-34,2024-02-02 12:31:21,20,False,"['Fantasy', 'Action']"
U03022,India,18-24,2024-06-03 16:50:49,21,True,['Animation']
U03023,United Kingdom,25-34,2024-04-22 02:12:13,18,False,['Comedy']
U03024,United States,25-34,2025-05-18 16:04:43,29,False,['Action']
U03025,United Kingdom,18-24,2024-03-20 04:51:11,20,False,"['Romance', 'Animation', 'Sci-Fi', 'Fantasy']"
U03026,Australia,45+,2025-03-12 15:04:15,16,False,['Sci-Fi']
U03027,India,18-24,2024-04-24 20:39:15,14,False,"['Comedy', 'Mystery']"
U03028,Germany,18-24,2024-12-02 09:04:47,20,False,"['Romance', 'Mystery']"
U03029,United States,45+,2024-02-16 16:59:57,14,False,"['Romance', 'Horror', 'Mystery', 'Comedy']"
U03030,Singapore,35-44,2024-07-21 15:00:42,19,False,['Romance']
U03031,Germany,18-24,2024-11-18 03:28:00,20,False,['Sci-Fi']
U03032,United States,35-44,2025-01-02 15:27:27,21,False,"['Fantasy', 'Animation', 'Sci-Fi']"
U03033,Canada,25-34,2025-03-27 01:55:55,16,False,"['Romance', 'Mystery', 'Documentary', 'Fantasy']"
U03034,India,18-24,2025-02-25 23:19:33,23,False,"['Drama', 'Animation']"
U03035,India,35-44,2024-09-25 03:28:49,24,False,"['Mystery', 'Romance', 'Sci-Fi', 'Animation']"
U03036,Singapore,35-44,2024-06-05 19:20:41,25,False,"['Sci-Fi', 'Drama', 'Animation', 'Comedy']"
U03037,Germany,18-24,2024-05-15 01:34:06,22,True,"['Sci-Fi', 'Comedy', 'Romance']"
U03038,United States,25-34,2025-05-28 07:02:07,30,False,"['Action', 'Comedy', 'Drama']"
U03039,United States,18-24,2024-11-10 11:51:48,26,False,"['Animation', 'Romance']"
U03040,United States,13-17,2025-04-14 18:08:56,15,False,"['Sci-Fi', 'Romance', 'Comedy', 'Horror']"
U03041,United Kingdom,45+,2024-08-12 05:56:43,18,False,['Drama']
U03042,United Kingdom,25-34,2024-09-08 00:06:06,24,False,"['Action', 'Animation', 'Fantasy']"
U03043,United Kingdom,25-34,2025-03-02 21:59:43,23,False,['Comedy']
U03044,Canada,25-34,2025-01-08 16:52:24,25,False,"['Documentary', 'Drama', 'Sci-Fi', 'Horror']"
U03045,United States,25-34,2024-04-13 19:15:44,23,False,['Romance']
U03046,Singapore,18-24,2024-09-27 21:54:08,18,False,"['Horror', 'Animation', 'Comedy']"
U03047,Germany,45+,2024-04-20 08:28:23,11,False,"['Fantasy', 'Action', 'Sci-Fi']"
U03048,Germany,25-34,2025-01-28 09:37:34,16,False,"['Animation', 'Horror', 'Sci-Fi', 'Documentary']"
U03049,United States,25-34,2024-01-16 11:25:49,23,False,['Animation']
U03050,Australia,25-34,2025-03-03 13:11:42,16,False,"['Drama', 'Horror', 'Animation']"
U03051,Germany,18-24,2025-04-25 07:42:00,19,False,"['Drama', 'Fantasy', 'Sci-Fi']"
U03052,United States,18-24,2024-01-13 00:08:43,22,False,['Horror']
U03053,Germany,18-24,2024-11-21 21:52:30,20,False,"['Documentary', 'Sci-Fi']"
U03054,United Kingdom,18-24,2024-02-10 21:52:12,17,False,['Documentary']
U03055,Germany,25-34,2024-07-05 05:02:23,17,False,"['Horror', 'Action', 'Fantasy']"
U03056,Canada,35-44,2024-06-22 22:53:15,21,True,['Fantasy']
U03057,Germany,18-24,2024-09-25 16:26:07,20,False,"['Fantasy', 'Romance', 'Comedy']"
U03058,United States,18-24,2025-04-19 09:44:59,19,False,"['Fantasy', 'Animation', 'Romance', 'Mystery']"
U03059,United Kingdom,25-34,2024-08-26 15:28:53,27,False,['Action']
U03060,United States,18-24,2024-07-24 21:46:43,19,False,['Sci-Fi']
U03061,United States,45+,2024-02-17 23:12:11,16,True,['Drama']
U03062,United Kingdom,18-24,2025-04-03 20:15:05,17,False,"['Comedy', 'Horror']"
U03063,United Kingdom,18-24,2024-06-11 16:48:13,21,False,"['Drama', 'Romance']"
U03064,India,18-24,2024-08-27 01:52:47,28,True,['Drama']
U03065,Australia,45+,2024-02-17 17:16:57,24,False,['Romance']
U03066,Canada,18-24,2024-05-29 08:05:13,20,False,"['Action', 'Comedy', 'Sci-Fi']"
U03067,Germany,25-34,2024-10-13 01:58:10,32,False,"['Documentary', 'Action']"
U03068,Australia,18-24,2025-04-10 15:12:19,19,False,"['Drama', 'Mystery']"
U03069,United States,18-24,2024-06-19 00:54:35,16,False,"['Comedy', 'Mystery', 'Documentary', 'Action']"
U03070,India,35-44,2024-10-16 20:48:10,20,False,['Sci-Fi']
U03071,United Kingdom,18-24,2025-03-28 16:58:42,22,False,"['Animation', 'Fantasy', 'Horror']"
U03072,Canada,13-17,2024-07-05 08:53:20,21,False,"['Action', 'Drama']"
U03073,United States,25-34,2024-06-01 10:12:44,18,False,"['Drama', 'Horror', 'Fantasy']"
U03074,Germany,35-44,2024-01-23 23:00:07,17,True,"['Fantasy', 'Animation']"
U03075,Australia,18-24,2025-04-14 09:56:40,23,False,"['Documentary', 'Fantasy', 'Drama', 'Comedy']"
U03076,Germany,18-24,2024-02-27 08:27:29,19,False,['Action']
U03077,India,45+,2024-04-21 08:54:47,22,False,"['Comedy', 'Animation', 'Mystery', 'Action']"
U03078,Germany,25-34,2024-03-13 00:33:45,20,False,['Drama']
U03079,United States,35-44,2024-12-31 18:48:57,23,False,"['Comedy', 'Animation']"
U03080,Canada,35-44,2024-07-07 14:53:19,26,False,"['Horror', 'Mystery', 'Action']"
U03081,Canada,25-34,2024-12-30 11:18:18,23,False,"['Fantasy', 'Comedy']"
U03082,Germany,18-24,2024-11-09 23:47:14,19,False,"['Sci-Fi', 'Animation', 'Fantasy', 'Romance']"
U03083,United States,18-24,2024-01-08 19:12:03,18,False,"['Animation', 'Mystery', 'Documentary']"
U03084,United States,35-44,2024-06-08 00:34:41,16,False,"['Documentary', 'Animation', 'Mystery', 'Comedy']"
U03085,United Kingdom,35-44,2024-01-03 02:39:23,24,False,"['Fantasy', 'Comedy', 'Horror', 'Documentary']"
U03086,United Kingdom,45+,2024-02-03 21:04:00,26,False,['Animation']
U03087,United States,25-34,2024-09-01 13:01:34,20,False,['Fantasy']
U03088,United States,18-24,2024-05-16 21:44:48,19,False,"['Action', 'Mystery', 'Horror', 'Drama']"
U03089,United States,25-34,2024-02-16 01:44:09,18,False,"['Romance', 'Mystery']"
U03090,Canada,25-34,2024-07-30 06:55:18,21,False,"['Fantasy', 'Action', 'Drama', 'Comedy']"
U03091,United Kingdom,25-34,2024-08-21 15:15:17,21,False,"['Romance', 'Sci-Fi', 'Animation']"
U03092,United Kingdom,35-44,2025-05-28 00:05:06,19,True,"['Sci-Fi', 'Documentary', 'Animation', 'Horror']"
U03093,Germany,25-34,2024-12-08 00:29:45,16,False,"['Sci-Fi', 'Romance']"
U03094,United States,13-17,2024-07-22 04:10:53,17,False,"['Mystery', 'Animation', 'Fantasy', 'Horror']"
U03095,Singapore,25-34,2024-09-01 16:40:24,17,False,['Romance']
U03096,Germany,25-34,2024-02-16 02:44:12,17,False,"['Comedy', 'Fantasy', 'Drama']"
U03097,United States,45+,2024-07-18 21:34:33,27,False,"['Sci-Fi', 'Comedy', 'Romance', 'Fantasy']"
U03098,United Kingdom,25-34,2024-10-27 10:28:21,16,False,"['Animation', 'Mystery', 'Horror', 'Action']"
U03099,United States,25-34,2024-01-11 20:18:32,14,False,['Sci-Fi']
U03100,United States,25-34,2025-04-20 10:53:38,10,False,"['Action', 'Mystery', 'Sci-Fi', 'Horror']"
U03101,United Kingdom,25-34,2024-09-23 07:07:40,14,False,"['Animation', 'Action']"
U03102,India,18-24,2025-02-10 17:19:12,20,False,"['Fantasy', 'Drama', 'Mystery']"
U03103,India,35-44,2024-05-22 11:36:54,18,False,"['Comedy', 'Documentary', 'Action']"
U03104,Canada,45+,2025-03-08 07:47:48,24,False,"['Animation', 'Horror']"
U03105,Australia,25-34,2024-07-08 15:52:05,25,False,['Action']
U03106,United Kingdom,25-34,2025-04-24 21:30:00,23,False,"['Horror', 'Sci-Fi', 'Action']"
U03107,Singapore,18-24,2024-09-26 22:51:07,25,False,['Animation']
U03108,United Kingdom,25-34,2024-11-25 02:13:54,26,True,"['Mystery', 'Animation', 'Comedy', 'Fantasy']"
U03109,Singapore,25-34,2024-04-15 08:40:33,19,False,"['Sci-Fi', 'Drama', 'Romance']"
U03110,United States,35-44,2025-05-29 09:00:04,21,False,"['Drama', 'Romance', 'Comedy']"
U03111,Canada,13-17,2024-04-09 14:16:04,16,False,['Action']
U03112,Germany,35-44,2024-01-18 04:57:27,18,False,"['Horror', 'Animation', 'Documentary', 'Drama']"
U03113,India,18-24,2024-08-15 09:25:36,15,False,"['Comedy', 'Action', 'Animation', 'Fantasy']"
U03114,Singapore,25-34,2025-03-07 14:41:26,25,False,['Horror']
U03115,United Kingdom,25-34,2025-04-21 05:58:36,27,False,"['Documentary', 'Horror', 'Comedy']"
U03116,Canada,18-24,2025-03-19 01:47:18,19,False,"['Mystery', 'Horror']"
U03117,Australia,25-34,2024-10-12 22:22:26,19,True,['Documentary']
U03118,Australia,35-44,2025-04-18 22:25:06,14,False,"['Mystery', 'Sci-Fi', 'Fantasy', 'Documentary']"
U03119,India,25-34,2024-09-11 09:06:02,14,False,"['Fantasy', 'Action', 'Sci-Fi']"
U03120,Singapore,18-24,2024-09-04 05:07:35,25,False,"['Fantasy', 'Mystery']"
U03121,Australia,25-34,2024-04-03 10:45:27,19,False,['Sci-Fi']
U03122,Singapore,18-24,2025-02-11 06:28:31,23,False,"['Romance', 'Animation', 'Mystery', 'Sci-Fi']"
U03123,Canada,25-34,2024-06-12 10:06:10,19,False,['Documentary']
U03124,Australia,25-34,2024-04-10 20:33:27,20,False,['Animation']
U03125,Canada,13-17,2024-07-10 01:20:04,18,False,"['Sci-Fi', 'Drama', 'Comedy']"
U03126,Singapore,25-34,2024-11-07 19:38:23,12,False,"['Comedy', 'Sci-Fi']"
U03127,Germany,35-44,2024-05-19 14:12:29,20,False,"['Horror', 'Animation', 'Romance']"
U03128,Singapore,35-44,2024-07-04 10:04:08,22,False,"['Fantasy', 'Mystery', 'Sci-Fi']"
U03129,Canada,18-24,2024-06-19 16:02:56,16,False,"['Action', 'Romance', 'Sci-Fi']"
U03130,Germany,18-24,2024-11-04 05:19:21,17,False,"['Horror', 'Comedy', 'Romance', 'Documentary']"
U03131,United Kingdom,25-34,2025-01-04 04:13:36,22,False,"['Drama', 'Animation']"
U03132,Canada,18-24,2024-12-15 06:21:17,25,False,"['Romance', 'Drama', 'Mystery']"
U03133,Germany,25-34,2024-03-13 23:31:50,20,False,"['Horror', 'Action']"
U03134,India,18-24,2024-06-28 10:25:40,21,False,"['Drama', 'Comedy', 'Action', 'Fantasy']"
U03135,Australia,18-24,2024-12-01 06:31:39,15,False,"['Sci-Fi', 'Drama', 'Romance']"
U03136,India,25-34,2024-04-21 19:05:05,27,False,['Horror']
U03137,Australia,18-24,2024-02-05 22:00:07,21,False,['Sci-Fi']
U03138,Canada,35-44,2024-06-15 07:30:12,13,False,"['Documentary', 'Romance', 'Horror', 'Fantasy']"
U03139,Canada,13-17,2024-12-16 21:35:01,28,False,"['Comedy', 'Horror', 'Romance', 'Drama']"
U03140,Canada,25-34,2024-12-09 06:22:53,20,False,"['Sci-Fi', 'Fantasy', 'Horror', 'Romance']"
U03141,Canada,18-24,2024-03-08 02:21:02,18,False,"['Action', 'Documentary']"
U03142,United Kingdom,35-44,2024-12-15 22:39:19,20,True,"['Horror', 'Animation']"
U03143,Canada,35-44,2024-04-10 12:28:28,18,True,"['Horror', 'Sci-Fi', 'Fantasy']"
U03144,Canada,18-24,2025-01-18 06:15:37,19,False,"['Drama', 'Animation']"
U03145,Germany,25-34,2024-10-19 21:26:57,16,False,"['Drama', 'Action']"
U03146,Canada,18-24,2024-03-06 10:03:58,19,False,"['Fantasy', 'Romance', 'Animation']"
U03147,Australia,25-34,2024-06-30 01:03:18,15,False,"['Horror', 'Documentary', 'Sci-Fi']"
U03148,Germany,18-24,2025-02-27 04:09:49,22,False,"['Fantasy', 'Action', 'Drama']"
U03149,Singapore,25-34,2024-08-11 16:58:19,28,False,"['Horror', 'Fantasy', 'Comedy']"
U03150,India,18-24,2024-12-21 18:32:16,23,False,['Comedy']
U03151,Australia,35-44,2025-01-21 20:30:17,19,False,"['Animation', 'Mystery', 'Action', 'Documentary']"
U03152,United States,25-34,2024-01-16 18:30:25,19,False,"['Fantasy', 'Drama', 'Comedy']"
U03153,United States,25-34,2025-04-26 13:44:45,18,False,"['Mystery', 'Romance', 'Horror', 'Fantasy']"
U03154,Germany,18-24,2024-06-22 12:05:53,19,True,"['Animation', 'Documentary']"
U03155,India,18-24,2025-02-14 04:35:06,27,False,"['Comedy', 'Documentary', 'Drama', 'Action']"
U03156,Germany,18-24,2024-08-29 06:57:11,24,False,"['Romance', 'Fantasy', 'Mystery', 'Horror']"
U03157,Germany,45+,2024-10-25 06:58:06,19,False,"['Action', 'Sci-Fi']"
U03158,Singapore,35-44,2024-07-05 10:32:30,33,False,"['Sci-Fi', 'Romance', 'Mystery', 'Documentary']"
U03159,Australia,18-24,2025-03-17 02:47:04,20,False,['Fantasy']
U03160,Singapore,35-44,2024-03-01 16:54:31,22,False,"['Comedy', 'Mystery']"
U03161,India,25-34,2025-04-08 07:00:59,24,True,"['Drama', 'Animation']"
U03162,Singapore,13-17,2024-04-17 04:45:09,14,False,"['Action', 'Documentary', 'Romance', 'Animation']"
U03163,United States,25-34,2025-04-01 14:15:05,16,False,['Comedy']
U03164,United Kingdom,18-24,2024-01-13 16:45:28,25,False,['Documentary']
U03165,India,18-24,2024-01-08 02:53:24,20,False,"['Comedy', 'Romance', 'Documentary', 'Fantasy']"
U03166,United Kingdom,25-34,2024-02-18 02:54:05,24,False,"['Fantasy', 'Romance']"
U03167,Germany,18-24,2024-10-10 05:58:08,16,False,"['Sci-Fi', 'Fantasy']"
U03168,United States,35-44,2024-05-17 16:15:06,21,False,['Comedy']
U03169,Germany,25-34,2024-11-05 02:41:30,28,False,"['Comedy', 'Animation', 'Sci-Fi']"
U03170,Australia,35-44,2025-02-27 22:11:27,27,False,"['Horror', 'Romance', 'Fantasy']"
U03171,Australia,25-34,2024-01-15 00:53:00,21,False,['Action']
U03172,Singapore,35-44,2024-09-29 06:31:05,22,False,"['Animation', 'Fantasy']"
U03173,Canada,18-24,2025-01-17 05:01:38,26,False,['Drama']
U03174,United Kingdom,25-34,2024-08-07 11:10:11,24,False,"['Documentary', 'Fantasy', 'Drama']"
U03175,Singapore,25-34,2025-04-23 06:00:35,18,True,"['Horror', 'Romance']"
U03176,Canada,45+,2024-12-08 08:07:04,17,False,"['Mystery', 'Animation', 'Documentary']"
U03177,Australia,18-24,2024-01-18 20:28:55,26,False,['Action']
U03178,United Kingdom,25-34,2024-10-06 23:03:46,16,False,"['Drama', 'Romance']"
U03179,United States,35-44,2024-07-17 12:06:09,17,False,"['Horror', 'Mystery', 'Drama']"
U03180,United States,18-24,2024-03-08 23:49:29,12,False,"['Drama', 'Horror', 'Romance']"
U03181,United States,35-44,2025-05-06 08:36:46,21,False,"['Action', 'Documentary', 'Sci-Fi', 'Drama']"
U03182,United States,18-24,2024-04-25 02:18:38,17,False,"['Comedy', 'Documentary']"
U03183,Germany,18-24,2024-02-13 02:24:33,18,False,"['Romance', 'Drama']"
U03184,India,25-34,2024-04-25 01:03:26,19,False,"['Animation', 'Comedy']"
U03185,Australia,25-34,2025-03-01 12:14:47,14,False,"['Animation', 'Sci-Fi', 'Documentary', 'Horror']"
U03186,Singapore,13-17,2024-11-06 04:12:38,26,True,"['Mystery', 'Comedy']"
U03187,Germany,18-24,2025-02-27 22:12:17,11,False,"['Animation', 'Romance', 'Horror']"
U03188,United Kingdom,18-24,2024-08-26 15:50:06,21,False,"['Romance', 'Fantasy']"
U03189,India,35-44,2024-03-01 11:29:44,19,False,"['Mystery', 'Animation', 'Documentary']"
U03190,Germany,35-44,2024-07-19 09:09:19,20,False,"['Sci-Fi', 'Documentary', 'Fantasy']"
U03191,India,25-34,2024-04-13 06:44:37,25,False,"['Fantasy', 'Mystery', 'Animation', 'Comedy']"
U03192,Australia,18-24,2024-10-14 18:46:43,22,True,"['Sci-Fi', 'Comedy']"
U03193,Australia,25-34,2024-05-19 07:01:35,28,False,"['Sci-Fi', 'Action', 'Comedy']"
U03194,United States,35-44,2025-05-16 13:11:48,15,True,"['Action', 'Animation', 'Comedy']"
U03195,Germany,35-44,2024-07-14 00:20:50,22,False,"['Documentary', 'Comedy', 'Horror']"
U03196,United States,18-24,2024-06-11 10:30:44,34,False,"['Mystery', 'Horror']"
U03197,United States,18-24,2025-05-23 23:37:16,27,True,['Documentary']
U03198,Germany,45+,2024-09-25 22:35:05,20,False,"['Action', 'Comedy', 'Drama']"
U03199,Singapore,35-44,2024-03-29 03:22:46,28,False,"['Action', 'Mystery']"
U03200,United States,18-24,2024-09-05 08:25:52,17,False,['Action']
U03201,Singapore,35-44,2024-05-11 16:14:06,14,False,"['Romance', 'Action', 'Horror']"
U03202,Singapore,18-24,2025-01-05 12:06:24,20,False,['Animation']
U03203,Germany,18-24,2024-10-23 14:28:35,20,False,['Documentary']
U03204,India,35-44,2025-01-12 13:26:29,15,False,"['Sci-Fi', 'Horror', 'Documentary']"
U03205,United Kingdom,25-34,2025-05-01 01:12:25,19,False,"['Documentary', 'Mystery', 'Romance', 'Animation']"
U03206,Australia,25-34,2025-01-11 22:18:34,19,False,"['Sci-Fi', 'Documentary', 'Romance', 'Mystery']"
U03207,Singapore,45+,2024-06-25 01:45:10,23,False,"['Documentary', 'Animation', 'Romance']"
U03208,Germany,35-44,2024-04-14 04:27:17,20,False,"['Animation', 'Sci-Fi', 'Action']"
U03209,United Kingdom,18-24,2024-09-30 16:25:16,17,True,['Comedy']
U03210,United States,25-34,2024-08-20 04:20:51,31,False,"['Horror', 'Fantasy', 'Action', 'Mystery']"
U03211,Singapore,35-44,2024-06-10 20:19:58,18,False,"['Animation', 'Documentary', 'Action', 'Sci-Fi']"
U03212,United States,25-34,2025-02-23 09:03:20,25,False,"['Animation', 'Romance', 'Fantasy']"
U03213,United Kingdom,45+,2025-04-15 03:26:07,20,False,"['Mystery', 'Romance', 'Sci-Fi']"
U03214,Singapore,25-34,2024-07-16 06:01:34,15,False,"['Documentary', 'Drama', 'Mystery']"
U03215,Canada,18-24,2024-12-18 00:28:07,26,False,['Action']
U03216,United States,18-24,2025-05-23 20:38:14,18,False,['Drama']
U03217,India,35-44,2024-01-07 03:33:27,22,True,"['Animation', 'Fantasy', 'Sci-Fi']"
U03218,Canada,45+,2024-07-07 14:16:26,19,False,"['Animation', 'Sci-Fi', 'Mystery']"
U03219,Singapore,18-24,2025-01-16 11:01:17,14,False,"['Animation', 'Horror', 'Drama', 'Comedy']"
U03220,Canada,18-24,2024-09-14 07:02:59,20,False,"['Fantasy', 'Action', 'Animation', 'Sci-Fi']"
U03221,Australia,35-44,2025-02-13 09:43:52,19,False,"['Horror', 'Drama', 'Action', 'Romance']"
U03222,United States,18-24,2024-09-02 07:54:48,22,False,['Comedy']
U03223,Germany,18-24,2024-02-03 07:05:06,18,True,['Horror']
U03224,Germany,35-44,2024-08-12 04:54:01,22,False,"['Horror', 'Animation', 'Drama']"
U03225,Australia,35-44,2024-07-28 03:06:11,19,False,['Fantasy']
U03226,Germany,35-44,2025-03-13 04:35:38,25,False,"['Mystery', 'Horror', 'Sci-Fi', 'Documentary']"
U03227,Australia,25-34,2024-03-17 04:18:44,29,False,"['Animation', 'Sci-Fi']"
U03228,United Kingdom,18-24,2024-03-21 06:39:18,18,False,['Comedy']
U03229,Germany,45+,2024-03-14 03:42:52,11,True,"['Fantasy', 'Animation']"
U03230,Germany,18-24,2024-10-20 11:35:01,14,False,"['Drama', 'Sci-Fi']"
U03231,Germany,18-24,2025-05-29 16:53:54,23,False,"['Comedy', 'Mystery', 'Horror']"
U03232,United States,35-44,2024-11-15 19:36:30,17,False,"['Romance', 'Documentary']"
U03233,Australia,25-34,2025-02-26 00:30:39,16,False,"['Romance', 'Comedy', 'Mystery', 'Horror']"
U03234,India,35-44,2025-03-16 01:57:14,20,False,"['Animation', 'Mystery']"
U03235,Australia,18-24,2024-11-06 12:19:07,20,False,"['Fantasy', 'Horror', 'Action', 'Comedy']"
U03236,Canada,45+,2024-11-10 22:57:20,15,False,"['Documentary', 'Horror', 'Animation', 'Sci-Fi']"
U03237,United Kingdom,25-34,2024-05-05 15:56:30,17,False,"['Fantasy', 'Sci-Fi']"
U03238,Singapore,25-34,2025-05-11 07:55:56,17,False,"['Action', 'Horror', 'Documentary', 'Animation']"
U03239,Singapore,45+,2025-02-11 07:22:19,14,False,"['Comedy', 'Horror']"
U03240,India,18-24,2025-03-26 21:51:25,18,False,"['Documentary', 'Horror', 'Comedy', 'Mystery']"
U03241,United States,35-44,2025-05-23 13:53:19,17,False,['Fantasy']
U03242,United States,25-34,2024-06-29 07:09:54,19,False,"['Drama', 'Sci-Fi']"
U03243,Singapore,35-44,2024-03-15 07:37:16,24,False,"['Documentary', 'Mystery', 'Animation', 'Horror']"
U03244,Canada,35-44,2025-03-20 13:43:09,23,False,"['Action', 'Sci-Fi', 'Fantasy', 'Horror']"
U03245,Germany,25-34,2024-09-01 12:29:16,24,False,"['Action', 'Mystery']"
U03246,Germany,18-24,2025-05-10 12:47:33,27,True,"['Sci-Fi', 'Romance', 'Mystery', 'Fantasy']"
U03247,Germany,18-24,2024-12-25 01:16:27,7,True,['Romance']
U03248,India,45+,2024-05-12 23:18:09,19,False,"['Documentary', 'Mystery', 'Fantasy', 'Drama']"
U03249,India,45+,2024-07-02 10:37:17,25,False,['Fantasy']
U03250,United Kingdom,45+,2024-11-11 11:28:15,17,False,"['Drama', 'Animation', 'Action']"
U03251,United Kingdom,13-17,2024-07-22 20:45:31,25,False,['Action']
U03252,Germany,18-24,2024-05-25 16:37:22,14,False,['Animation']
U03253,United States,35-44,2024-04-18 11:33:53,21,False,"['Horror', 'Drama']"
U03254,United Kingdom,35-44,2024-12-01 19:49:50,13,False,['Comedy']
U03255,United States,18-24,2024-01-19 04:30:24,18,False,"['Sci-Fi', 'Horror', 'Animation', 'Comedy']"
U03256,United States,25-34,2024-02-18 09:55:11,19,False,"['Fantasy', 'Sci-Fi', 'Action']"
U03257,United States,18-24,2024-01-22 23:46:25,17,False,"['Animation', 'Drama', 'Action', 'Romance']"
U03258,United States,25-34,2025-01-14 13:48:17,13,False,"['Comedy', 'Horror']"
U03259,Canada,18-24,2024-01-16 03:50:34,18,False,"['Fantasy', 'Animation', 'Documentary']"
U03260,United Kingdom,18-24,2024-08-05 01:07:27,28,False,"['Action', 'Comedy', 'Romance']"
U03261,Canada,18-24,2024-03-03 17:23:53,24,False,"['Drama', 'Animation', 'Fantasy']"
U03262,Canada,45+,2024-10-30 15:18:26,26,True,"['Animation', 'Documentary']"
U03263,Germany,35-44,2024-01-18 18:59:37,15,False,"['Animation', 'Sci-Fi', 'Documentary', 'Romance']"
U03264,Singapore,45+,2024-01-14 08:54:02,16,False,"['Documentary', 'Action', 'Fantasy', 'Romance']"
U03265,Canada,25-34,2024-07-31 11:48:01,24,False,"['Fantasy', 'Documentary', 'Mystery']"
U03266,Australia,25-34,2024-12-25 13:02:15,27,False,['Action']
U03267,Germany,18-24,2024-02-26 16:13:31,24,False,"['Drama', 'Comedy']"
U03268,Australia,25-34,2024-09-13 10:15:38,18,False,"['Fantasy', 'Drama', 'Horror', 'Comedy']"
U03269,India,18-24,2025-02-22 22:31:37,23,False,"['Horror', 'Documentary', 'Sci-Fi']"
U03270,Singapore,35-44,2024-11-19 06:06:52,18,False,"['Horror', 'Comedy', 'Sci-Fi', 'Animation']"
U03271,United States,35-44,2025-01-22 21:42:54,23,False,"['Mystery', 'Animation']"
U03272,United Kingdom,35-44,2024-06-12 04:48:29,23,False,"['Action', 'Sci-Fi', 'Fantasy']"
U03273,Australia,18-24,2025-05-02 00:37:39,22,False,"['Drama', 'Horror', 'Fantasy', 'Action']"
U03274,United Kingdom,25-34,2024-03-16 09:20:12,19,False,['Romance']
U03275,United States,18-24,2024-11-08 22:42:12,24,False,"['Horror', 'Animation']"
U03276,Singapore,13-17,2024-08-13 02:48:08,17,False,"['Mystery', 'Romance']"
U03277,India,35-44,2024-01-17 09:55:54,15,False,"['Comedy', 'Romance', 'Sci-Fi']"
U03278,United States,25-34,2025-05-03 00:53:34,16,False,"['Action', 'Comedy']"
U03279,Singapore,35-44,2024-12-29 01:28:24,17,False,"['Horror', 'Romance', 'Drama', 'Action']"
U03280,Germany,18-24,2024-04-27 18:28:05,20,False,"['Animation', 'Drama']"
U03281,India,45+,2024-01-28 01:38:20,23,False,['Mystery']
U03282,Germany,45+,2024-12-15 09:48:37,24,False,['Comedy']
U03283,Singapore,25-34,2024-10-08 19:29:35,19,False,"['Sci-Fi', 'Horror', 'Romance']"
U03284,India,35-44,2024-01-26 18:27:31,23,False,"['Sci-Fi', 'Action', 'Drama']"
U03285,United Kingdom,18-24,2025-01-06 06:10:55,19,False,"['Documentary', 'Comedy']"
U03286,Canada,35-44,2024-08-27 04:37:54,22,False,"['Fantasy', 'Drama']"
U03287,India,35-44,2024-05-03 06:31:43,18,False,"['Mystery', 'Fantasy']"
U03288,United States,35-44,2024-05-20 03:08:05,17,False,['Action']
U03289,United States,35-44,2024-08-21 10:25:25,23,False,"['Fantasy', 'Horror', 'Animation', 'Mystery']"
U03290,United States,25-34,2024-01-30 13:09:16,17,False,['Action']
U03291,United Kingdom,35-44,2024-07-09 03:04:49,18,True,"['Documentary', 'Drama', 'Animation']"
U03292,Canada,25-34,2024-04-22 10:10:19,18,False,"['Comedy', 'Documentary', 'Drama']"
U03293,United States,18-24,2024-02-28 08:07:22,19,True,"['Action', 'Drama', 'Documentary']"
U03294,United Kingdom,18-24,2024-03-06 02:11:21,25,False,"['Documentary', 'Mystery']"
U03295,United States,35-44,2024-06-27 15:58:51,26,False,"['Horror', 'Animation', 'Comedy']"
U03296,Germany,25-34,2024-07-16 19:15:26,18,False,"['Horror', 'Action', 'Romance']"
U03297,United States,25-34,2024-06-30 00:21:01,29,False,"['Romance', 'Drama', 'Action', 'Sci-Fi']"
U03298,Singapore,45+,2024-12-22 17:04:45,18,False,"['Animation', 'Sci-Fi', 'Documentary']"
U03299,Canada,25-34,2024-09-26 22:17:12,15,False,"['Sci-Fi', 'Mystery']"
U03300,Germany,18-24,2024-04-09 15:10:39,14,False,"['Mystery', 'Documentary']"
U03301,Australia,25-34,2025-05-17 16:56:16,20,False,"['Romance', 'Documentary', 'Drama', 'Fantasy']"
U03302,United States,25-34,2025-01-12 11:05:53,23,False,"['Action', 'Animation', 'Fantasy', 'Drama']"
U03303,Australia,35-44,2024-08-30 23:58:38,17,False,"['Romance', 'Animation', 'Drama', 'Documentary']"
U03304,United States,25-34,2024-01-26 10:05:12,16,False,"['Drama', 'Documentary', 'Sci-Fi', 'Mystery']"
U03305,India,25-34,2025-04-17 18:11:59,17,False,"['Documentary', 'Drama', 'Action', 'Animation']"
U03306,United States,35-44,2025-01-19 21:52:37,16,False,"['Comedy', 'Documentary', 'Sci-Fi', 'Action']"
U03307,United States,35-44,2024-08-26 15:00:26,23,False,"['Horror', 'Drama']"
U03308,India,35-44,2024-03-24 15:02:21,21,False,"['Action', 'Comedy', 'Drama', 'Fantasy']"
U03309,India,18-24,2024-02-25 14:23:50,19,False,"['Animation', 'Drama', 'Sci-Fi']"
U03310,Singapore,35-44,2024-05-29 20:47:11,22,False,['Drama']
U03311,Canada,25-34,2024-04-28 23:44:13,21,False,['Mystery']
U03312,United Kingdom,18-24,2024-04-18 05:11:12,18,False,"['Fantasy', 'Comedy']"
U03313,Singapore,25-34,2024-07-29 16:28:45,24,False,"['Horror', 'Fantasy']"
U03314,United States,35-44,2024-01-25 02:07:11,20,False,"['Comedy', 'Fantasy', 'Sci-Fi', 'Mystery']"
U03315,United Kingdom,25-34,2024-06-17 05:10:32,20,False,"['Comedy', 'Romance', 'Fantasy', 'Documentary']"
U03316,Germany,35-44,2025-03-26 07:46:21,23,False,"['Drama', 'Horror', 'Documentary', 'Comedy']"
U03317,Australia,18-24,2025-03-23 15:12:35,21,False,['Sci-Fi']
U03318,United Kingdom,18-24,2024-01-05 08:24:12,17,True,"['Documentary', 'Action', 'Romance']"
U03319,United States,18-24,2024-12-16 20:38:04,23,False,"['Romance', 'Documentary']"
U03320,India,25-34,2025-05-27 09:27:25,18,False,"['Drama', 'Sci-Fi', 'Romance']"
U03321,India,25-34,2024-10-25 23:39:04,24,False,"['Documentary', 'Sci-Fi']"
U03322,United States,35-44,2024-07-20 19:21:59,19,False,['Romance']
U03323,Germany,35-44,2024-09-10 23:10:34,16,False,['Mystery']
U03324,Australia,18-24,2024-04-20 05:54:07,14,False,"['Drama', 'Horror', 'Documentary', 'Mystery']"
U03325,Canada,18-24,2024-07-24 09:20:01,21,False,"['Animation', 'Comedy', 'Sci-Fi', 'Documentary']"
U03326,Germany,18-24,2025-04-29 09:30:33,21,False,"['Sci-Fi', 'Fantasy']"
U03327,United States,25-34,2024-11-12 12:05:01,20,False,['Mystery']
U03328,United States,18-24,2024-08-10 18:19:53,18,False,"['Action', 'Comedy']"
U03329,United Kingdom,25-34,2024-03-05 10:07:32,19,False,['Sci-Fi']
U03330,Singapore,35-44,2025-04-13 12:24:34,20,False,"['Mystery', 'Documentary', 'Comedy']"
U03331,Australia,25-34,2024-03-25 00:42:42,19,False,"['Documentary', 'Drama', 'Action', 'Sci-Fi']"
U03332,Germany,18-24,2025-01-08 01:40:34,27,False,"['Sci-Fi', 'Comedy', 'Documentary']"
U03333,United States,18-24,2024-06-05 17:04:03,12,False,"['Comedy', 'Horror']"
U03334,Germany,25-34,2024-05-24 01:05:44,21,False,"['Animation', 'Action', 'Sci-Fi']"
U03335,India,25-34,2024-03-29 12:03:31,17,False,['Documentary']
U03336,United States,18-24,2024-07-12 22:00:04,25,False,"['Fantasy', 'Animation']"
U03337,Canada,35-44,2024-12-16 01:26:27,16,False,"['Drama', 'Horror', 'Action', 'Sci-Fi']"
U03338,India,25-34,2024-08-03 09:40:35,28,False,"['Horror', 'Action', 'Documentary', 'Romance']"
U03339,Singapore,25-34,2024-01-13 19:19:31,25,False,['Mystery']
U03340,Singapore,18-24,2024-05-16 11:45:58,19,False,['Animation']
U03341,Canada,18-24,2024-03-23 19:28:56,19,False,"['Animation', 'Comedy', 'Documentary', 'Sci-Fi']"
U03342,United Kingdom,18-24,2024-07-26 16:52:59,19,False,"['Drama', 'Sci-Fi', 'Documentary']"
U03343,India,18-24,2025-04-11 15:33:41,10,False,"['Sci-Fi', 'Action', 'Fantasy']"
U03344,Australia,25-34,2025-05-12 17:43:32,23,False,['Documentary']
U03345,Canada,25-34,2025-05-30 17:30:55,19,False,"['Sci-Fi', 'Drama']"
U03346,Germany,35-44,2024-02-28 06:02:41,22,False,"['Action', 'Documentary']"
U03347,Australia,45+,2024-09-09 02:01:21,20,False,"['Sci-Fi', 'Drama']"
U03348,India,18-24,2024-01-24 13:36:16,18,False,['Action']
U03349,India,18-24,2024-09-13 02:33:06,29,False,['Horror']
U03350,Germany,35-44,2024-10-25 03:24:43,20,False,['Mystery']
U03351,United States,45+,2025-02-03 20:19:54,21,False,"['Romance', 'Horror', 'Comedy', 'Drama']"
U03352,Singapore,35-44,2024-06-22 22:20:48,21,False,['Animation']
U03353,India,13-17,2024-08-22 19:10:58,21,False,"['Action', 'Comedy', 'Romance']"
U03354,Germany,18-24,2024-08-08 18:28:57,27,False,"['Sci-Fi', 'Documentary']"
U03355,Singapore,13-17,2024-11-18 17:08:54,16,False,"['Horror', 'Romance', 'Action', 'Mystery']"
U03356,Canada,35-44,2024-02-21 14:39:51,21,False,"['Horror', 'Animation', 'Sci-Fi']"
U03357,India,25-34,2024-11-13 00:26:52,11,False,['Drama']
U03358,Singapore,25-34,2024-07-26 06:41:40,12,False,['Comedy']
U03359,United States,25-34,2025-01-17 01:49:39,18,False,['Romance']
U03360,Canada,18-24,2025-05-23 15:15:41,28,False,"['Sci-Fi', 'Action', 'Drama', 'Mystery']"
U03361,Singapore,25-34,2024-04-27 16:19:20,28,True,"['Comedy', 'Documentary', 'Action', 'Sci-Fi']"
U03362,Germany,13-17,2025-01-24 15:04:54,17,False,"['Drama', 'Sci-Fi', 'Action']"
U03363,India,25-34,2024-03-07 00:24:53,20,False,['Comedy']
U03364,Germany,35-44,2025-05-24 06:26:57,18,False,"['Documentary', 'Fantasy', 'Animation']"
U03365,United States,25-34,2024-09-05 16:00:36,19,False,"['Horror', 'Animation']"
U03366,Germany,18-24,2025-01-20 16:58:16,20,False,"['Drama', 'Comedy']"
U03367,Australia,35-44,2025-02-05 23:19:54,13,False,"['Mystery', 'Horror', 'Action']"
U03368,United Kingdom,35-44,2024-11-10 09:25:47,19,False,['Animation']
U03369,United Kingdom,18-24,2024-07-17 17:31:13,20,False,"['Sci-Fi', 'Fantasy', 'Documentary', 'Romance']"
U03370,India,18-24,2025-01-24 22:22:19,21,False,"['Sci-Fi', 'Documentary', 'Animation', 'Mystery']"
U03371,Singapore,25-34,2024-09-03 06:00:37,14,False,"['Drama', 'Romance']"
U03372,United States,18-24,2024-12-06 18:00:34,18,False,"['Romance', 'Animation']"
U03373,United Kingdom,18-24,2024-11-13 01:15:55,22,False,"['Action', 'Drama', 'Fantasy', 'Comedy']"
U03374,Canada,18-24,2024-08-27 22:07:52,18,False,"['Mystery', 'Sci-Fi']"
U03375,Australia,18-24,2024-03-01 12:36:18,16,False,"['Romance', 'Horror', 'Drama', 'Sci-Fi']"
U03376,Canada,25-34,2024-05-31 05:54:53,15,False,"['Documentary', 'Drama', 'Sci-Fi']"
U03377,Canada,25-34,2025-04-29 20:14:45,27,False,"['Animation', 'Sci-Fi', 'Horror']"
U03378,Australia,18-24,2024-09-25 22:22:09,27,False,['Sci-Fi']
U03379,Singapore,35-44,2024-11-24 20:24:11,23,False,"['Comedy', 'Horror']"
U03380,United Kingdom,18-24,2024-05-13 15:23:13,21,False,"['Drama', 'Mystery']"
U03381,Germany,18-24,2024-12-30 21:19:17,24,False,"['Documentary', 'Fantasy']"
U03382,Germany,18-24,2024-09-08 14:40:48,14,False,"['Drama', 'Comedy', 'Romance', 'Action']"
U03383,Singapore,35-44,2024-04-23 02:14:18,22,False,"['Sci-Fi', 'Horror']"
U03384,Singapore,45+,2024-03-16 13:14:53,17,False,"['Drama', 'Comedy']"
U03385,Germany,25-34,2024-07-23 05:16:09,31,False,['Fantasy']
U03386,United States,13-17,2024-10-19 07:25:20,16,False,['Romance']
U03387,Germany,18-24,2024-05-24 20:17:45,24,False,"['Sci-Fi', 'Horror']"
U03388,Germany,18-24,2024-05-06 19:28:48,17,False,"['Comedy', 'Fantasy']"
U03389,United Kingdom,35-44,2024-05-19 09:19:37,13,False,['Horror']
U03390,Australia,18-24,2024-05-31 19:05:21,14,False,"['Drama', 'Fantasy', 'Action']"
U03391,United States,45+,2025-01-17 01:37:52,19,False,"['Drama', 'Sci-Fi']"
U03392,Canada,25-34,2024-09-14 23:56:28,17,False,"['Romance', 'Drama', 'Mystery']"
U03393,Germany,25-34,2024-08-30 12:43:33,27,False,"['Fantasy', 'Horror', 'Comedy', 'Mystery']"
U03394,United States,35-44,2024-03-25 00:37:32,26,True,"['Fantasy', 'Romance']"
U03395,United Kingdom,13-17,2024-10-08 12:52:54,11,False,"['Documentary', 'Drama']"
U03396,Germany,35-44,2025-05-12 13:12:34,25,False,"['Mystery', 'Drama', 'Animation']"
U03397,Canada,18-24,2025-01-20 10:19:19,16,False,"['Sci-Fi', 'Documentary']"
U03398,Singapore,35-44,2024-08-19 01:41:06,23,False,"['Animation', 'Action']"
U03399,India,25-34,2024-06-07 16:53:22,20,False,"['Fantasy', 'Drama', 'Documentary']"
U03400,Germany,18-24,2024-07-01 03:04:50,22,False,"['Mystery', 'Drama', 'Horror', 'Animation']"
U03401,Germany,35-44,2024-01-14 21:18:24,25,False,['Romance']
U03402,Singapore,13-17,2024-01-16 02:16:17,23,False,['Action']
U03403,United States,18-24,2025-02-05 08:56:39,18,False,"['Sci-Fi', 'Comedy']"
U03404,Singapore,35-44,2025-03-11 23:06:00,25,False,['Comedy']
U03405,United Kingdom,25-34,2025-05-15 17:49:33,16,False,"['Horror', 'Romance']"
U03406,United Kingdom,35-44,2024-11-19 13:20:49,24,False,"['Mystery', 'Romance', 'Drama']"
U03407,United Kingdom,25-34,2025-04-25 09:21:45,23,False,"['Fantasy', 'Drama', 'Mystery', 'Comedy']"
U03408,Australia,25-34,2024-08-03 06:45:18,21,False,"['Fantasy', 'Mystery']"
U03409,Australia,18-24,2024-05-11 08:40:20,17,False,['Drama']
U03410,Canada,18-24,2024-05-06 22:34:15,20,False,"['Comedy', 'Documentary', 'Horror', 'Action']"
U03411,India,45+,2024-05-02 08:13:16,21,False,"['Sci-Fi', 'Fantasy']"
U03412,Singapore,18-24,2025-01-20 05:39:54,22,False,"['Comedy', 'Animation', 'Action']"
U03413,United States,25-34,2024-01-06 03:16:59,20,False,"['Romance', 'Horror', 'Documentary']"
U03414,India,18-24,2025-05-03 19:26:54,18,False,['Romance']
U03415,Australia,18-24,2025-02-04 13:53:07,24,False,"['Sci-Fi', 'Drama', 'Romance', 'Horror']"
U03416,United Kingdom,25-34,2024-07-15 21:05:12,17,False,"['Comedy', 'Drama', 'Sci-Fi', 'Animation']"
U03417,Australia,35-44,2024-12-28 20:39:28,9,False,['Fantasy']
U03418,Singapore,35-44,2024-03-10 17:32:32,17,False,"['Horror', 'Drama']"
U03419,India,35-44,2024-08-11 00:43:00,16,False,['Horror']
U03420,United States,18-24,2024-02-26 10:53:18,12,False,"['Documentary', 'Comedy']"
U03421,Canada,25-34,2024-02-27 22:53:56,17,False,['Romance']
U03422,Germany,13-17,2024-01-04 06:56:21,18,False,"['Drama', 'Mystery', 'Documentary']"
U03423,Australia,35-44,2025-02-15 10:25:12,17,False,"['Horror', 'Comedy', 'Action', 'Drama']"
U03424,United Kingdom,18-24,2025-01-19 14:59:56,22,False,['Horror']
U03425,Australia,25-34,2025-04-06 16:01:50,29,False,"['Comedy', 'Documentary', 'Romance']"
U03426,Singapore,18-24,2025-05-22 09:09:14,22,False,"['Sci-Fi', 'Animation']"
U03427,Canada,35-44,2025-05-13 19:06:32,26,False,"['Action', 'Mystery', 'Comedy', 'Horror']"
U03428,Singapore,35-44,2025-05-28 06:52:57,18,False,"['Sci-Fi', 'Mystery', 'Action']"
U03429,Germany,35-44,2024-01-09 04:46:55,21,False,"['Action', 'Mystery', 'Drama']"
U03430,United Kingdom,13-17,2025-02-09 10:19:10,25,False,['Documentary']
U03431,United States,45+,2025-01-08 21:44:19,25,True,"['Comedy', 'Action', 'Animation', 'Mystery']"
U03432,Germany,18-24,2024-03-24 20:22:34,21,False,['Fantasy']
U03433,United States,18-24,2024-03-11 17:32:58,18,True,['Action']
U03434,United Kingdom,18-24,2025-05-20 11:25:08,16,False,"['Documentary', 'Animation']"
U03435,United States,18-24,2025-04-01 06:33:00,24,False,"['Sci-Fi', 'Comedy']"
U03436,Australia,25-34,2024-06-18 11:30:33,23,False,"['Documentary', 'Romance', 'Mystery', 'Animation']"
U03437,United Kingdom,18-24,2024-02-08 15:42:07,25,False,"['Sci-Fi', 'Documentary', 'Drama', 'Fantasy']"
U03438,Australia,18-24,2024-06-21 11:33:07,12,False,"['Horror', 'Mystery']"
U03439,Singapore,25-34,2024-01-03 17:59:04,17,False,['Romance']
U03440,Germany,35-44,2024-12-21 08:28:36,18,False,"['Comedy', 'Animation', 'Romance', 'Drama']"
U03441,Singapore,25-34,2024-07-15 12:57:49,27,False,"['Animation', 'Romance', 'Mystery', 'Action']"
U03442,India,25-34,2024-01-26 08:36:08,15,False,['Documentary']
U03443,Canada,18-24,2025-05-21 12:22:13,21,False,"['Fantasy', 'Horror']"
U03444,United States,35-44,2025-03-02 22:09:02,12,False,['Horror']
U03445,Singapore,13-17,2025-04-12 17:53:49,20,False,"['Sci-Fi', 'Action', 'Mystery']"
U03446,Australia,18-24,2025-05-30 14:27:52,13,False,"['Horror', 'Action', 'Comedy']"
U03447,United Kingdom,18-24,2024-01-08 07:51:19,22,False,"['Documentary', 'Comedy', 'Animation']"
U03448,Canada,25-34,2025-02-04 17:03:56,20,False,"['Romance', 'Documentary']"
U03449,Australia,18-24,2025-02-11 03:38:51,26,False,"['Documentary', 'Animation']"
U03450,Canada,25-34,2025-02-08 03:02:30,22,False,"['Sci-Fi', 'Fantasy']"
U03451,Canada,18-24,2024-05-17 00:47:34,15,False,"['Sci-Fi', 'Fantasy']"
U03452,India,25-34,2024-07-20 19:00:43,22,False,"['Sci-Fi', 'Animation', 'Action', 'Mystery']"
U03453,Canada,25-34,2025-04-25 08:46:21,20,False,['Fantasy']
U03454,United Kingdom,13-17,2024-02-04 01:57:09,16,False,"['Romance', 'Mystery', 'Documentary', 'Fantasy']"
U03455,Germany,25-34,2024-11-27 10:30:36,23,False,"['Fantasy', 'Documentary', 'Action', 'Horror']"
U03456,Singapore,25-34,2025-02-13 19:25:03,10,False,"['Action', 'Comedy']"
U03457,Germany,25-34,2025-02-16 14:08:07,18,False,['Horror']
U03458,India,18-24,2024-11-04 17:32:15,20,True,"['Documentary', 'Action', 'Mystery', 'Romance']"
U03459,Germany,25-34,2025-01-31 11:14:25,24,False,"['Comedy', 'Action']"
U03460,United Kingdom,18-24,2025-04-15 03:04:28,22,True,"['Sci-Fi', 'Comedy']"
U03461,United Kingdom,13-17,2025-01-30 22:46:39,19,False,"['Documentary', 'Drama']"
U03462,Singapore,18-24,2024-02-29 22:52:03,17,False,"['Drama', 'Comedy', 'Animation']"
U03463,Singapore,25-34,2024-05-06 10:15:13,19,False,"['Fantasy', 'Romance', 'Mystery', 'Animation']"
U03464,India,18-24,2024-06-06 17:58:01,24,False,"['Action', 'Fantasy', 'Animation']"
U03465,United Kingdom,25-34,2024-06-26 09:06:16,19,True,"['Horror', 'Documentary']"
U03466,Germany,18-24,2024-07-05 11:01:17,20,False,['Fantasy']
U03467,Canada,35-44,2024-04-23 16:02:45,26,False,['Mystery']
U03468,United States,18-24,2024-12-19 06:08:04,15,False,"['Animation', 'Drama', 'Sci-Fi', 'Horror']"
U03469,Canada,25-34,2024-02-26 23:49:10,25,False,"['Romance', 'Documentary']"
U03470,Singapore,35-44,2025-02-11 06:20:31,23,False,"['Romance', 'Fantasy']"
U03471,United States,18-24,2024-12-06 12:26:41,16,True,"['Documentary', 'Romance', 'Mystery', 'Comedy']"
U03472,Germany,13-17,2025-05-11 20:20:28,23,False,"['Animation', 'Comedy', 'Drama']"
U03473,Germany,25-34,2024-01-04 09:07:16,30,False,"['Documentary', 'Romance', 'Action']"
U03474,Singapore,45+,2024-06-01 17:24:43,27,False,"['Documentary', 'Romance']"
U03475,United Kingdom,45+,2025-04-09 10:33:29,18,False,"['Fantasy', 'Romance', 'Action', 'Comedy']"
U03476,United States,18-24,2024-09-12 05:02:25,18,False,['Drama']
U03477,Canada,35-44,2024-10-16 23:53:22,22,False,['Action']
U03478,Canada,18-24,2024-01-15 23:20:49,17,False,"['Sci-Fi', 'Comedy']"
U03479,United Kingdom,18-24,2025-01-29 00:14:04,16,False,['Romance']
U03480,Germany,25-34,2024-05-10 19:04:24,17,False,"['Documentary', 'Romance', 'Fantasy', 'Mystery']"
U03481,Germany,25-34,2025-05-12 22:27:57,20,False,"['Romance', 'Comedy']"
U03482,United States,25-34,2024-07-12 08:38:07,26,True,"['Sci-Fi', 'Drama']"
U03483,Germany,35-44,2024-04-07 12:25:36,26,False,"['Animation', 'Mystery']"
U03484,United States,18-24,2024-11-02 23:56:50,19,False,['Drama']
U03485,United Kingdom,25-34,2024-09-03 19:57:05,21,False,"['Documentary', 'Fantasy', 'Animation', 'Mystery']"
U03486,India,18-24,2024-08-31 10:15:03,19,False,"['Mystery', 'Comedy', 'Sci-Fi']"
U03487,United Kingdom,13-17,2025-05-06 01:43:19,17,False,"['Action', 'Fantasy', 'Sci-Fi', 'Horror']"
U03488,Singapore,18-24,2024-07-07 10:24:23,17,False,"['Horror', 'Sci-Fi', 'Documentary']"
U03489,Canada,45+,2024-07-24 14:43:24,31,False,"['Drama', 'Mystery', 'Action']"
U03490,Australia,25-34,2024-11-18 15:33:33,11,False,"['Animation', 'Documentary', 'Sci-Fi']"
U03491,India,18-24,2024-03-29 02:28:37,15,True,"['Fantasy', 'Documentary']"
U03492,Australia,25-34,2025-03-04 09:27:47,25,False,"['Romance', 'Horror']"
U03493,United Kingdom,45+,2024-04-28 20:33:24,28,False,['Romance']
U03494,Germany,45+,2024-05-04 22:46:46,18,False,"['Comedy', 'Fantasy']"
U03495,Singapore,25-34,2024-01-06 12:57:42,18,False,['Sci-Fi']
U03496,Canada,18-24,2024-06-26 06:24:14,11,False,"['Romance', 'Animation', 'Sci-Fi']"
U03497,India,25-34,2024-10-28 06:16:53,18,False,['Fantasy']
U03498,Canada,35-44,2024-12-30 10:41:33,20,False,"['Animation', 'Drama']"
U03499,India,35-44,2025-04-09 13:09:27,21,False,"['Drama', 'Animation', 'Documentary']"
U03500,Canada,35-44,2025-02-06 04:41:13,13,False,"['Drama', 'Action']"
U03501,India,25-34,2024-06-14 23:10:52,27,False,"['Comedy', 'Documentary']"
U03502,Australia,18-24,2025-03-02 17:31:27,13,False,['Horror']
U03503,United Kingdom,25-34,2024-04-10 14:02:40,24,False,"['Comedy', 'Fantasy']"
U03504,United States,18-24,2024-04-18 05:22:54,22,False,"['Sci-Fi', 'Horror', 'Drama']"
U03505,India,18-24,2024-07-04 02:52:18,20,False,"['Horror', 'Comedy', 'Animation', 'Sci-Fi']"
U03506,Singapore,25-34,2024-10-05 19:13:28,21,False,"['Drama', 'Romance']"
U03507,Germany,25-34,2024-04-15 00:26:29,19,False,['Fantasy']
U03508,Germany,35-44,2025-04-10 07:20:15,19,True,"['Drama', 'Documentary', 'Animation', 'Romance']"
U03509,India,35-44,2024-05-19 17:33:35,20,False,"['Horror', 'Drama', 'Animation', 'Mystery']"
U03510,United Kingdom,35-44,2024-07-21 15:19:16,23,False,['Sci-Fi']
U03511,Singapore,35-44,2024-11-08 18:49:54,20,False,"['Drama', 'Animation', 'Romance', 'Comedy']"
U03512,Australia,35-44,2024-08-10 05:59:21,20,False,"['Comedy', 'Sci-Fi', 'Animation', 'Mystery']"
U03513,India,13-17,2024-07-27 19:26:47,19,False,"['Documentary', 'Action', 'Fantasy']"
U03514,India,25-34,2025-05-24 03:40:59,14,False,"['Horror', 'Fantasy', 'Animation']"
U03515,United States,18-24,2024-08-13 08:20:26,19,True,"['Comedy', 'Drama']"
U03516,Singapore,18-24,2024-02-28 10:45:26,13,False,['Mystery']
U03517,United States,18-24,2025-01-12 13:06:25,19,False,['Horror']
U03518,Singapore,35-44,2024-12-30 19:06:34,23,False,"['Drama', 'Animation', 'Fantasy', 'Comedy']"
U03519,Australia,35-44,2024-04-23 04:36:32,20,False,['Documentary']
U03520,Singapore,45+,2025-03-15 13:05:04,31,False,"['Animation', 'Action', 'Sci-Fi']"
U03521,Germany,45+,2024-07-21 15:09:20,24,False,['Animation']
U03522,United Kingdom,35-44,2024-03-18 23:02:45,25,False,"['Romance', 'Horror', 'Mystery']"
U03523,Germany,18-24,2024-03-30 03:49:08,14,False,"['Sci-Fi', 'Fantasy', 'Horror']"
U03524,United States,35-44,2025-01-04 08:56:08,22,False,"['Animation', 'Drama', 'Mystery']"
U03525,United Kingdom,35-44,2024-04-21 16:35:09,14,False,"['Comedy', 'Drama', 'Mystery', 'Romance']"
U03526,United States,35-44,2024-08-30 20:30:42,20,True,"['Fantasy', 'Drama', 'Comedy']"
U03527,India,18-24,2025-01-14 12:43:06,21,False,['Animation']
U03528,India,18-24,2025-03-16 22:40:12,12,False,['Drama']
U03529,United States,45+,2024-09-10 03:32:29,20,False,['Animation']
U03530,India,18-24,2025-04-14 03:40:06,22,False,"['Documentary', 'Fantasy', 'Action', 'Mystery']"
U03531,United Kingdom,18-24,2024-06-05 10:54:47,21,False,"['Drama', 'Documentary']"
U03532,India,25-34,2025-03-27 01:47:33,23,False,"['Mystery', 'Drama', 'Romance']"
U03533,India,18-24,2024-05-09 09:58:42,15,False,['Horror']
U03534,Singapore,13-17,2024-02-03 06:53:26,24,False,"['Documentary', 'Action', 'Animation']"
U03535,India,45+,2025-01-10 00:02:21,21,True,"['Romance', 'Fantasy', 'Horror']"
U03536,India,35-44,2025-01-26 07:03:36,14,True,['Mystery']
U03537,India,45+,2025-04-23 21:50:26,19,False,"['Romance', 'Action']"
U03538,India,18-24,2025-04-21 10:18:50,21,False,"['Action', 'Drama']"
U03539,Canada,18-24,2024-02-22 20:39:20,16,False,"['Drama', 'Documentary', 'Romance']"
U03540,Germany,25-34,2024-11-17 05:41:29,25,False,['Action']
U03541,Germany,25-34,2024-12-30 04:36:43,25,False,"['Horror', 'Sci-Fi', 'Drama']"
U03542,Australia,13-17,2024-11-06 15:40:12,16,False,['Sci-Fi']
U03543,India,35-44,2024-01-10 16:00:01,20,False,['Comedy']
U03544,Germany,45+,2024-01-24 06:25:36,24,False,['Action']
U03545,India,25-34,2024-12-12 16:09:12,14,False,['Animation']
U03546,Australia,18-24,2025-03-18 13:39:27,22,False,"['Romance', 'Drama']"
U03547,United Kingdom,18-24,2024-04-02 15:27:44,19,False,"['Action', 'Sci-Fi', 'Horror']"
U03548,Singapore,18-24,2024-01-24 23:46:31,15,False,"['Comedy', 'Mystery', 'Documentary', 'Sci-Fi']"
U03549,United Kingdom,18-24,2024-07-27 20:55:34,21,False,"['Documentary', 'Fantasy', 'Sci-Fi', 'Horror']"
U03550,Australia,25-34,2024-06-11 02:01:37,18,False,"['Romance', 'Animation', 'Fantasy', 'Mystery']"
U03551,Canada,25-34,2025-05-23 03:52:06,21,False,['Comedy']
U03552,Canada,25-34,2025-04-23 16:06:32,22,False,"['Documentary', 'Drama', 'Action', 'Romance']"
U03553,Singapore,35-44,2024-10-15 12:59:33,26,False,"['Romance', 'Action']"
U03554,Australia,18-24,2025-05-06 00:26:15,14,False,['Action']
U03555,United Kingdom,13-17,2024-04-28 07:05:55,21,False,['Mystery']
U03556,Canada,13-17,2025-05-27 19:30:06,25,False,"['Mystery', 'Documentary']"
U03557,Australia,18-24,2024-08-19 02:21:07,16,False,['Mystery']
U03558,United Kingdom,25-34,2024-09-03 07:11:58,19,False,"['Fantasy', 'Action']"
U03559,United States,35-44,2024-01-27 03:18:43,24,False,"['Mystery', 'Comedy', 'Drama']"
U03560,Canada,35-44,2024-04-01 17:32:44,18,False,"['Sci-Fi', 'Fantasy']"
U03561,India,25-34,2024-04-10 12:20:37,15,False,"['Fantasy', 'Sci-Fi', 'Drama', 'Romance']"
U03562,United States,25-34,2024-09-09 06:24:54,15,False,"['Mystery', 'Horror', 'Documentary']"
U03563,United Kingdom,18-24,2024-04-08 02:58:14,21,False,"['Animation', 'Mystery', 'Sci-Fi', 'Comedy']"
U03564,Germany,25-34,2024-02-22 21:29:55,15,True,['Action']
U03565,Germany,18-24,2024-11-08 20:14:28,14,False,['Comedy']
U03566,United States,35-44,2025-03-27 02:25:40,13,False,['Action']
U03567,United Kingdom,25-34,2024-02-06 04:05:12,15,False,['Animation']
U03568,United States,18-24,2024-10-16 19:08:45,26,False,"['Drama', 'Horror']"
U03569,Germany,18-24,2025-05-11 11:15:08,23,False,"['Action', 'Documentary', 'Fantasy', 'Sci-Fi']"
U03570,United States,18-24,2024-07-28 03:06:33,21,False,"['Drama', 'Action', 'Horror']"
U03571,Germany,45+,2024-04-04 14:10:57,20,False,"['Comedy', 'Animation', 'Romance', 'Drama']"
U03572,Germany,18-24,2024-02-11 02:49:01,18,False,"['Mystery', 'Animation']"
U03573,Australia,13-17,2025-04-29 02:01:40,14,False,"['Mystery', 'Animation', 'Romance']"
U03574,United Kingdom,18-24,2024-07-28 12:13:34,20,False,"['Fantasy', 'Mystery']"
U03575,Singapore,35-44,2024-02-24 08:47:25,25,False,['Fantasy']
U03576,Australia,25-34,2025-03-23 19:42:19,26,False,"['Comedy', 'Sci-Fi']"
U03577,Australia,25-34,2025-02-18 15:22:54,19,True,"['Horror', 'Romance']"
U03578,Germany,18-24,2024-12-29 15:51:38,22,False,"['Sci-Fi', 'Animation', 'Action']"
U03579,Singapore,18-24,2024-02-13 14:42:10,17,False,['Sci-Fi']
U03580,India,35-44,2024-02-12 15:06:29,21,True,"['Mystery', 'Horror', 'Animation', 'Action']"
U03581,Singapore,18-24,2024-04-23 03:41:03,22,False,"['Documentary', 'Mystery', 'Fantasy']"
U03582,Germany,13-17,2024-03-23 16:07:42,22,False,"['Fantasy', 'Mystery', 'Romance', 'Drama']"
U03583,United States,25-34,2024-10-01 23:13:31,22,False,['Mystery']
U03584,United Kingdom,18-24,2024-07-21 19:45:49,20,False,"['Comedy', 'Documentary', 'Animation']"
U03585,Germany,18-24,2025-01-30 16:02:56,17,False,['Action']
U03586,United States,35-44,2024-02-22 09:51:43,16,False,"['Horror', 'Animation', 'Comedy', 'Action']"
U03587,Canada,25-34,2025-01-11 08:28:35,19,False,"['Animation', 'Horror', 'Romance']"
U03588,Australia,18-24,2025-04-27 21:34:59,20,False,"['Documentary', 'Action', 'Drama']"
U03589,Australia,18-24,2024-03-08 12:17:33,20,False,['Romance']
U03590,Singapore,35-44,2024-12-03 05:38:22,15,False,"['Horror', 'Drama', 'Romance']"
U03591,India,18-24,2024-09-20 03:47:36,25,False,"['Drama', 'Documentary', 'Horror']"
U03592,United Kingdom,18-24,2024-02-19 00:33:49,24,False,['Fantasy']
U03593,Singapore,25-34,2024-05-31 09:25:31,22,False,"['Fantasy', 'Comedy']"
U03594,Canada,25-34,2025-02-11 10:13:01,13,True,"['Horror', 'Action', 'Documentary']"
U03595,United States,45+,2025-03-25 06:38:07,24,False,['Romance']
U03596,United Kingdom,18-24,2024-07-09 11:10:50,17,False,"['Comedy', 'Documentary']"
U03597,United Kingdom,18-24,2024-02-25 01:45:08,19,False,"['Romance', 'Comedy', 'Mystery']"
U03598,Canada,25-34,2024-05-06 14:21:17,25,False,"['Romance', 'Documentary', 'Fantasy', 'Mystery']"
U03599,United States,25-34,2025-03-12 01:18:33,17,False,"['Drama', 'Romance', 'Fantasy', 'Horror']"
U03600,Australia,18-24,2024-10-21 16:22:23,21,False,"['Drama', 'Documentary']"
U03601,Canada,25-34,2024-08-10 13:26:15,15,False,['Sci-Fi']
U03602,Australia,18-24,2024-01-07 21:55:17,23,False,['Fantasy']
U03603,United States,35-44,2025-02-08 15:44:07,20,False,"['Action', 'Animation', 'Horror']"
U03604,Australia,35-44,2024-08-28 14:39:14,18,False,"['Sci-Fi', 'Action']"
U03605,Singapore,25-34,2024-10-08 21:34:30,17,False,"['Sci-Fi', 'Fantasy']"
U03606,India,45+,2025-03-12 05:55:56,25,False,['Comedy']
U03607,United Kingdom,45+,2024-10-17 18:13:22,23,False,"['Animation', 'Drama', 'Mystery']"
U03608,Australia,18-24,2025-04-24 19:20:19,20,False,['Animation']
U03609,Australia,18-24,2024-10-16 06:57:58,23,False,"['Fantasy', 'Animation', 'Romance']"
U03610,Australia,25-34,2024-06-26 02:25:07,18,False,"['Comedy', 'Fantasy']"
U03611,Canada,18-24,2025-04-22 00:41:30,16,False,"['Fantasy', 'Mystery', 'Drama', 'Action']"
U03612,Australia,18-24,2024-11-28 03:21:11,16,False,"['Animation', 'Horror', 'Fantasy']"
U03613,Australia,18-24,2025-01-28 03:11:31,18,False,['Horror']
U03614,India,45+,2024-04-27 06:25:30,21,False,['Sci-Fi']
U03615,Germany,25-34,2024-12-12 22:24:49,19,False,"['Fantasy', 'Comedy']"
U03616,Canada,35-44,2024-10-16 15:07:25,21,False,"['Sci-Fi', 'Action']"
U03617,India,18-24,2024-02-24 09:12:33,23,False,"['Drama', 'Animation', 'Comedy']"
U03618,United Kingdom,18-24,2024-05-11 07:58:33,20,False,"['Fantasy', 'Sci-Fi', 'Drama']"
U03619,Canada,35-44,2025-04-16 07:46:47,20,False,"['Action', 'Horror']"
U03620,India,13-17,2024-10-22 09:23:29,17,False,"['Romance', 'Drama', 'Animation', 'Sci-Fi']"
U03621,Singapore,18-24,2025-02-04 07:33:04,19,False,['Animation']
U03622,United States,18-24,2024-03-29 18:43:40,22,False,['Fantasy']
U03623,United Kingdom,25-34,2024-04-22 15:10:04,14,False,"['Sci-Fi', 'Drama', 'Mystery']"
U03624,Canada,18-24,2025-05-01 14:48:48,20,False,"['Action', 'Sci-Fi', 'Fantasy']"
U03625,Germany,18-24,2024-08-05 05:27:42,16,False,"['Documentary', 'Comedy']"
U03626,Germany,18-24,2025-04-03 12:52:19,18,False,['Horror']
U03627,Germany,18-24,2025-02-21 21:51:07,20,False,['Comedy']
U03628,United States,13-17,2024-06-23 04:28:53,12,False,"['Romance', 'Horror', 'Drama']"
U03629,Germany,25-34,2025-05-05 21:30:41,17,False,"['Comedy', 'Fantasy']"
U03630,Germany,18-24,2025-02-05 12:49:59,17,False,['Action']
U03631,Canada,18-24,2024-03-07 00:18:21,25,False,"['Action', 'Romance', 'Animation', 'Comedy']"
U03632,Canada,25-34,2024-02-19 09:00:54,17,False,['Documentary']
U03633,India,35-44,2024-03-06 11:19:23,23,False,"['Horror', 'Sci-Fi', 'Romance', 'Action']"
U03634,Germany,18-24,2025-01-17 18:23:53,25,False,"['Comedy', 'Mystery', 'Action', 'Drama']"
U03635,Singapore,18-24,2024-03-15 00:41:50,20,False,['Fantasy']
U03636,Canada,18-24,2024-05-26 00:45:10,25,False,['Animation']
U03637,Canada,45+,2024-08-12 14:21:29,23,False,"['Sci-Fi', 'Mystery', 'Fantasy', 'Animation']"
U03638,Canada,18-24,2024-03-11 03:02:35,29,False,['Mystery']
U03639,India,18-24,2024-06-19 19:58:55,24,False,"['Romance', 'Mystery', 'Horror', 'Drama']"
U03640,Australia,25-34,2024-12-16 14:59:47,26,False,"['Animation', 'Horror', 'Action', 'Documentary']"
U03641,Germany,18-24,2025-05-17 13:54:16,25,False,"['Action', 'Comedy', 'Mystery']"
U03642,Singapore,18-24,2024-08-30 21:21:46,15,False,"['Action', 'Romance']"
U03643,Singapore,18-24,2025-01-21 01:19:31,25,False,"['Documentary', 'Action']"
U03644,Canada,25-34,2024-10-01 01:58:19,27,False,['Fantasy']
U03645,Singapore,25-34,2024-08-29 01:58:12,24,False,"['Fantasy', 'Sci-Fi', 'Romance']"
U03646,Canada,25-34,2024-09-26 02:44:00,20,False,"['Documentary', 'Action']"
U03647,Australia,35-44,2025-05-10 13:39:21,24,False,['Romance']
U03648,Australia,18-24,2024-01-31 17:37:50,13,False,"['Sci-Fi', 'Mystery', 'Animation', 'Action']"
U03649,Singapore,45+,2024-09-22 10:02:19,20,False,"['Romance', 'Documentary', 'Fantasy', 'Mystery']"
U03650,Germany,35-44,2024-01-27 13:31:34,20,False,"['Action', 'Fantasy', 'Drama', 'Animation']"
U03651,India,35-44,2025-03-28 09:20:28,20,False,['Animation']
U03652,India,35-44,2024-11-06 19:17:10,23,False,"['Romance', 'Drama', 'Fantasy']"
U03653,United Kingdom,18-24,2024-01-25 10:17:30,16,False,"['Action', 'Romance', 'Mystery', 'Horror']"
U03654,Canada,18-24,2024-11-18 12:54:44,16,False,"['Fantasy', 'Drama']"
U03655,Australia,25-34,2024-08-13 06:25:47,21,False,['Animation']
U03656,Canada,18-24,2024-01-25 09:20:30,20,False,"['Comedy', 'Horror', 'Documentary']"
U03657,Canada,25-34,2025-05-20 18:20:37,24,True,"['Animation', 'Drama']"
U03658,Singapore,13-17,2024-07-14 15:40:30,20,False,"['Fantasy', 'Animation']"
U03659,United Kingdom,13-17,2024-01-13 07:10:36,20,False,"['Horror', 'Mystery', 'Documentary']"
U03660,Canada,45+,2024-11-12 20:15:31,21,False,"['Sci-Fi', 'Drama', 'Fantasy', 'Action']"
U03661,Canada,25-34,2024-07-13 00:41:27,18,False,['Romance']
U03662,Canada,25-34,2024-12-05 12:05:36,20,False,"['Mystery', 'Romance', 'Animation']"
U03663,Singapore,18-24,2024-03-24 22:32:03,22,False,"['Sci-Fi', 'Action', 'Animation', 'Horror']"
U03664,Singapore,25-34,2025-03-04 05:14:44,24,True,"['Action', 'Mystery', 'Sci-Fi', 'Fantasy']"
U03665,Canada,35-44,2024-08-05 03:22:10,25,False,['Action']
U03666,Canada,25-34,2024-08-05 12:26:46,20,False,['Action']
U03667,Australia,25-34,2025-02-19 13:00:32,18,True,['Drama']
U03668,United States,25-34,2024-10-10 10:46:57,21,False,"['Documentary', 'Animation']"
U03669,United Kingdom,18-24,2024-01-01 16:42:23,21,False,"['Comedy', 'Romance', 'Drama']"
U03670,United States,25-34,2024-10-26 02:46:37,18,False,"['Action', 'Fantasy', 'Comedy', 'Romance']"
U03671,United States,45+,2024-11-29 22:38:32,13,False,['Mystery']
U03672,India,25-34,2024-06-10 07:51:28,24,False,"['Documentary', 'Horror', 'Comedy', 'Sci-Fi']"
U03673,Australia,18-24,2024-04-03 10:52:49,16,False,"['Animation', 'Action', 'Documentary']"
U03674,India,25-34,2024-01-28 19:51:56,22,False,['Drama']
U03675,Australia,25-34,2025-03-13 12:04:24,25,False,"['Animation', 'Mystery', 'Documentary', 'Action']"
U03676,Canada,45+,2024-01-03 04:26:07,24,False,"['Sci-Fi', 'Comedy', 'Horror']"
U03677,United Kingdom,35-44,2024-10-28 15:31:16,14,False,['Mystery']
U03678,Germany,18-24,2025-03-08 06:38:38,20,False,"['Romance', 'Fantasy', 'Sci-Fi']"
U03679,Canada,18-24,2024-07-01 01:10:42,13,False,['Documentary']
U03680,Germany,25-34,2024-04-13 12:28:35,16,False,"['Horror', 'Animation', 'Romance']"
U03681,Australia,13-17,2025-01-04 15:06:25,18,False,['Mystery']
U03682,India,25-34,2024-11-21 20:11:59,20,False,"['Sci-Fi', 'Comedy', 'Romance', 'Documentary']"
U03683,United States,35-44,2024-01-08 16:47:54,16,False,['Animation']
U03684,Canada,25-34,2024-10-25 08:00:18,21,False,"['Documentary', 'Animation', 'Mystery']"
U03685,Singapore,18-24,2024-01-01 04:48:25,18,False,"['Action', 'Mystery']"
U03686,United States,35-44,2024-07-25 14:38:49,19,False,"['Drama', 'Fantasy', 'Action']"
U03687,India,35-44,2024-06-06 04:42:19,12,False,"['Documentary', 'Animation']"
U03688,Singapore,18-24,2025-03-06 21:59:05,16,False,"['Drama', 'Action']"
U03689,Singapore,25-34,2025-05-20 06:03:38,19,False,"['Romance', 'Sci-Fi', 'Animation', 'Drama']"
U03690,United States,25-34,2024-12-27 01:46:01,21,False,"['Documentary', 'Drama', 'Horror', 'Action']"
U03691,United Kingdom,35-44,2025-01-14 16:46:52,19,False,['Action']
U03692,Australia,18-24,2024-01-12 18:10:33,17,False,"['Animation', 'Drama']"
U03693,United States,18-24,2024-02-03 01:56:30,25,True,"['Mystery', 'Sci-Fi']"
U03694,United Kingdom,25-34,2025-02-05 13:13:12,20,False,['Action']
U03695,United Kingdom,13-17,2024-08-09 09:25:08,14,False,"['Drama', 'Animation']"
U03696,Australia,25-34,2024-09-19 02:50:28,25,False,['Romance']
U03697,United Kingdom,35-44,2024-12-23 18:18:17,10,False,"['Horror', 'Animation', 'Romance']"
U03698,United Kingdom,18-24,2024-06-28 09:48:55,17,False,"['Sci-Fi', 'Documentary', 'Fantasy']"
U03699,United Kingdom,25-34,2024-12-18 12:23:49,21,False,"['Fantasy', 'Drama']"
U03700,Germany,45+,2025-01-10 19:11:05,26,False,['Horror']
U03701,United States,25-34,2024-05-04 06:34:30,27,False,['Sci-Fi']
U03702,United States,25-34,2024-12-20 16:42:08,17,False,"['Sci-Fi', 'Action', 'Drama']"
U03703,United States,25-34,2024-03-28 13:58:49,15,False,"['Action', 'Romance']"
U03704,Singapore,18-24,2024-06-09 13:46:43,22,False,"['Drama', 'Romance', 'Animation', 'Documentary']"
U03705,Singapore,18-24,2025-02-07 08:03:58,22,False,"['Horror', 'Comedy']"
U03706,Canada,25-34,2025-05-23 05:32:46,15,False,"['Drama', 'Documentary', 'Animation', 'Fantasy']"
U03707,United States,18-24,2024-02-03 09:56:30,15,False,"['Sci-Fi', 'Animation', 'Mystery']"
U03708,Germany,18-24,2024-12-01 09:10:29,17,False,"['Documentary', 'Fantasy', 'Romance']"
U03709,Canada,13-17,2024-10-21 13:32:52,19,False,['Comedy']
U03710,Germany,35-44,2024-11-09 04:30:52,22,False,"['Romance', 'Comedy', 'Horror', 'Mystery']"
U03711,United Kingdom,13-17,2025-02-10 18:39:54,19,False,"['Animation', 'Horror']"
U03712,Singapore,35-44,2024-02-06 03:04:31,15,False,"['Comedy', 'Romance', 'Action', 'Horror']"
U03713,Germany,18-24,2025-01-17 04:40:35,23,False,['Documentary']
U03714,United States,25-34,2024-05-24 09:47:14,20,False,"['Animation', 'Action', 'Documentary', 'Mystery']"
U03715,Germany,18-24,2024-03-20 18:29:03,26,False,['Mystery']
U03716,United Kingdom,18-24,2024-08-19 02:03:12,19,False,['Mystery']
U03717,United Kingdom,25-34,2024-01-14 23:20:44,25,True,"['Fantasy', 'Drama', 'Action', 'Romance']"
U03718,United States,25-34,2024-11-22 00:48:13,21,False,"['Sci-Fi', 'Drama']"
U03719,Australia,18-24,2024-10-19 04:55:19,16,False,"['Mystery', 'Horror']"
U03720,United States,25-34,2024-09-22 02:22:16,26,False,"['Horror', 'Mystery', 'Action', 'Animation']"
U03721,Australia,25-34,2024-01-16 19:18:04,22,False,"['Fantasy', 'Documentary', 'Mystery', 'Comedy']"
U03722,Australia,18-24,2025-01-29 11:42:45,30,False,"['Romance', 'Action', 'Animation', 'Horror']"
U03723,Germany,25-34,2024-01-19 04:23:34,22,False,"['Sci-Fi', 'Drama', 'Horror', 'Animation']"
U03724,Singapore,18-24,2024-05-15 17:56:24,20,False,"['Action', 'Animation', 'Mystery']"
U03725,India,25-34,2024-07-23 16:17:18,29,False,['Mystery']
U03726,Singapore,18-24,2024-12-29 00:21:50,24,False,"['Drama', 'Sci-Fi']"
U03727,India,25-34,2024-07-29 19:00:41,25,False,['Sci-Fi']
U03728,Canada,18-24,2025-02-26 04:20:10,23,False,['Mystery']
U03729,United Kingdom,25-34,2025-04-28 01:49:39,27,False,"['Action', 'Fantasy', 'Sci-Fi', 'Documentary']"
U03730,Australia,25-34,2025-01-30 12:44:24,19,False,"['Documentary', 'Sci-Fi', 'Fantasy']"
U03731,Germany,45+,2024-01-21 02:41:21,17,False,"['Sci-Fi', 'Horror']"
U03732,Singapore,25-34,2025-02-02 12:39:51,14,False,"['Fantasy', 'Documentary']"
U03733,United Kingdom,35-44,2024-04-16 14:31:47,19,False,['Romance']
U03734,Singapore,18-24,2025-04-04 08:35:44,23,False,"['Animation', 'Action', 'Drama', 'Fantasy']"
U03735,United Kingdom,18-24,2025-05-20 23:04:55,13,True,"['Sci-Fi', 'Documentary', 'Action']"
U03736,United States,18-24,2024-02-13 12:29:14,19,False,"['Animation', 'Action']"
U03737,United Kingdom,25-34,2024-02-20 23:42:24,28,True,"['Animation', 'Action', 'Sci-Fi', 'Horror']"
U03738,Canada,25-34,2024-12-26 10:45:10,20,True,"['Drama', 'Sci-Fi', 'Action', 'Fantasy']"
U03739,Australia,35-44,2024-03-15 02:12:02,15,False,"['Drama', 'Horror']"
U03740,Germany,25-34,2025-05-15 19:21:32,14,False,"['Documentary', 'Action', 'Animation']"
U03741,United States,25-34,2024-10-06 07:53:38,20,False,"['Fantasy', 'Sci-Fi']"
U03742,United Kingdom,18-24,2024-10-23 13:51:26,22,False,"['Fantasy', 'Animation']"
U03743,Singapore,13-17,2025-03-20 18:35:46,17,False,"['Documentary', 'Comedy', 'Action']"
U03744,Canada,35-44,2024-04-22 08:27:38,30,False,"['Action', 'Sci-Fi', 'Comedy', 'Drama']"
U03745,United States,18-24,2024-10-14 08:07:35,13,False,['Drama']
U03746,Singapore,18-24,2025-05-31 08:32:13,22,False,['Fantasy']
U03747,Canada,45+,2024-01-12 09:49:09,27,False,"['Action', 'Mystery', 'Fantasy']"
U03748,Singapore,45+,2024-03-31 07:23:45,24,False,['Fantasy']
U03749,Singapore,25-34,2024-03-16 12:38:02,21,True,"['Documentary', 'Mystery']"
U03750,Singapore,18-24,2024-06-22 11:35:59,16,False,"['Romance', 'Horror', 'Animation', 'Sci-Fi']"
U03751,Australia,35-44,2024-03-08 04:07:17,15,False,"['Sci-Fi', 'Action', 'Romance']"
U03752,Germany,18-24,2024-03-29 22:56:51,20,False,['Comedy']
U03753,Singapore,25-34,2025-03-16 20:06:10,21,False,"['Horror', 'Fantasy', 'Action', 'Drama']"
U03754,United States,18-24,2024-08-28 03:40:32,15,False,['Documentary']
U03755,India,45+,2024-07-04 02:39:20,27,False,"['Sci-Fi', 'Action', 'Animation']"
U03756,United Kingdom,45+,2024-08-04 13:24:48,28,False,"['Sci-Fi', 'Documentary', 'Animation', 'Action']"
U03757,Australia,25-34,2025-05-16 19:35:17,17,False,"['Drama', 'Horror', 'Sci-Fi', 'Comedy']"
U03758,Canada,18-24,2024-09-10 23:19:01,25,False,"['Romance', 'Action']"
U03759,India,25-34,2024-08-30 10:47:25,12,True,"['Fantasy', 'Horror']"
U03760,Canada,18-24,2025-04-24 18:25:04,33,False,"['Romance', 'Mystery', 'Drama', 'Horror']"
U03761,United States,35-44,2024-01-20 06:36:06,17,False,['Animation']
U03762,Canada,18-24,2024-09-04 07:02:56,24,False,"['Fantasy', 'Romance', 'Horror', 'Mystery']"
U03763,Australia,18-24,2025-01-21 20:01:36,12,False,"['Romance', 'Animation', 'Drama']"
U03764,Australia,35-44,2024-09-23 01:29:00,20,False,"['Horror', 'Sci-Fi', 'Drama']"
U03765,United Kingdom,25-34,2025-03-24 20:58:55,20,False,"['Documentary', 'Mystery']"
U03766,United Kingdom,35-44,2025-04-03 09:57:05,26,False,"['Drama', 'Mystery', 'Documentary']"
U03767,Australia,18-24,2024-06-22 20:25:15,26,False,"['Drama', 'Horror', 'Mystery', 'Action']"
U03768,Germany,35-44,2025-02-26 18:44:28,22,False,"['Documentary', 'Horror', 'Mystery']"
U03769,Germany,13-17,2024-05-06 03:13:52,27,False,"['Sci-Fi', 'Fantasy']"
U03770,United Kingdom,13-17,2024-05-03 22:28:15,24,False,"['Comedy', 'Action']"
U03771,United Kingdom,25-34,2025-05-20 08:28:31,20,False,['Romance']
U03772,United Kingdom,18-24,2024-01-07 16:23:06,25,False,['Romance']
U03773,Canada,25-34,2024-07-01 13:50:21,12,False,['Fantasy']
U03774,India,13-17,2024-11-21 10:49:51,20,False,"['Documentary', 'Horror', 'Animation', 'Fantasy']"
U03775,Canada,13-17,2024-08-01 18:49:49,21,False,['Horror']
U03776,United States,35-44,2025-03-12 18:53:47,22,False,['Drama']
U03777,Canada,18-24,2024-05-10 01:40:40,18,False,"['Mystery', 'Romance', 'Comedy', 'Drama']"
U03778,Germany,25-34,2024-10-12 19:45:51,25,False,['Sci-Fi']
U03779,Singapore,35-44,2024-03-05 17:12:31,16,False,"['Drama', 'Mystery', 'Documentary']"
U03780,Canada,18-24,2024-04-19 04:16:59,19,False,"['Romance', 'Documentary', 'Horror', 'Animation']"
U03781,India,35-44,2024-03-30 17:30:10,32,False,"['Romance', 'Horror', 'Drama']"
U03782,United States,18-24,2025-01-18 06:44:02,20,False,"['Drama', 'Mystery', 'Horror', 'Documentary']"
U03783,India,18-24,2024-04-14 19:10:41,24,False,"['Animation', 'Documentary']"
U03784,Germany,18-24,2024-12-12 03:38:36,23,False,"['Sci-Fi', 'Animation', 'Romance', 'Drama']"
U03785,Singapore,35-44,2024-06-27 16:35:45,22,True,"['Comedy', 'Documentary', 'Sci-Fi']"
U03786,Canada,25-34,2024-10-19 02:55:25,25,False,"['Comedy', 'Action', 'Fantasy', 'Romance']"
U03787,United States,25-34,2025-03-27 19:13:51,25,False,"['Drama', 'Animation']"
U03788,India,45+,2025-03-22 08:16:30,17,False,"['Animation', 'Horror']"
U03789,Singapore,18-24,2024-01-06 19:24:29,21,False,"['Action', 'Romance', 'Documentary']"
U03790,United Kingdom,35-44,2025-02-09 10:52:44,23,False,"['Comedy', 'Romance', 'Documentary']"
U03791,India,35-44,2025-05-09 01:37:51,21,False,['Mystery']
U03792,United States,45+,2024-12-11 07:56:58,26,False,"['Fantasy', 'Horror', 'Drama']"
U03793,United States,45+,2024-04-06 18:55:10,20,False,"['Drama', 'Mystery', 'Documentary']"
U03794,Australia,45+,2024-12-09 16:19:32,11,False,"['Romance', 'Sci-Fi']"
U03795,Singapore,18-24,2024-11-24 21:12:36,15,False,"['Fantasy', 'Comedy', 'Action', 'Documentary']"
U03796,United States,35-44,2024-12-08 08:36:37,16,False,"['Horror', 'Romance']"
U03797,Australia,35-44,2024-08-09 16:51:16,7,False,"['Comedy', 'Drama', 'Documentary']"
U03798,India,25-34,2024-09-28 12:14:38,24,False,"['Mystery', 'Drama', 'Documentary', 'Horror']"
U03799,India,18-24,2024-12-03 00:14:10,20,False,"['Drama', 'Sci-Fi']"
U03800,India,45+,2024-08-27 20:20:23,21,False,['Fantasy']
U03801,Singapore,18-24,2025-02-03 22:30:14,22,False,['Comedy']
U03802,Australia,25-34,2025-01-01 20:43:20,17,False,['Sci-Fi']
U03803,Germany,25-34,2024-06-05 17:07:24,19,False,"['Romance', 'Action', 'Sci-Fi', 'Horror']"
U03804,India,18-24,2024-11-11 15:00:55,17,True,"['Animation', 'Mystery']"
U03805,India,35-44,2025-01-26 02:56:40,21,False,['Mystery']
U03806,Germany,18-24,2024-09-10 07:40:43,16,False,"['Mystery', 'Fantasy', 'Documentary', 'Sci-Fi']"
U03807,India,25-34,2025-01-04 15:47:24,19,True,"['Romance', 'Fantasy', 'Mystery', 'Horror']"
U03808,United States,35-44,2024-03-06 11:36:50,17,False,"['Animation', 'Action', 'Documentary', 'Romance']"
U03809,Canada,18-24,2024-07-18 16:29:28,25,False,"['Drama', 'Mystery', 'Horror']"
U03810,Australia,35-44,2024-12-28 21:31:56,16,False,"['Drama', 'Action', 'Mystery', 'Comedy']"
U03811,United States,18-24,2025-04-07 18:31:02,20,False,"['Fantasy', 'Drama']"
U03812,Canada,35-44,2024-11-29 23:33:00,21,False,"['Comedy', 'Action']"
U03813,Australia,45+,2024-12-09 02:52:58,28,False,"['Sci-Fi', 'Romance', 'Comedy', 'Action']"
U03814,Canada,18-24,2024-06-25 22:37:06,15,False,"['Documentary', 'Animation']"
U03815,United Kingdom,25-34,2024-12-28 09:06:10,25,False,['Documentary']
U03816,India,25-34,2024-07-03 05:15:28,18,False,"['Animation', 'Mystery']"
U03817,Canada,25-34,2024-01-27 21:56:15,17,False,['Documentary']
U03818,Germany,35-44,2024-05-07 13:19:52,19,False,"['Comedy', 'Romance', 'Animation']"
U03819,Australia,25-34,2024-11-11 23:55:01,23,False,"['Romance', 'Mystery', 'Animation']"
U03820,Singapore,25-34,2025-05-12 07:26:40,13,False,"['Drama', 'Horror', 'Fantasy', 'Action']"
U03821,India,18-24,2024-09-13 07:47:34,29,False,"['Romance', 'Animation', 'Sci-Fi', 'Action']"
U03822,India,18-24,2025-03-20 17:22:42,24,False,"['Mystery', 'Animation', 'Action', 'Sci-Fi']"
U03823,Canada,35-44,2025-02-06 05:35:27,15,False,"['Action', 'Mystery', 'Fantasy', 'Documentary']"
U03824,United States,18-24,2024-10-17 01:29:46,26,False,"['Fantasy', 'Animation', 'Drama']"
U03825,Australia,25-34,2025-02-19 19:55:32,23,False,"['Fantasy', 'Drama']"
U03826,Singapore,18-24,2024-07-26 15:42:44,19,False,"['Comedy', 'Fantasy', 'Action']"
U03827,United Kingdom,35-44,2024-08-16 21:12:01,15,False,"['Animation', 'Mystery', 'Sci-Fi', 'Fantasy']"
U03828,Canada,25-34,2025-01-15 22:31:40,22,False,"['Romance', 'Fantasy']"
U03829,Australia,25-34,2024-11-26 07:18:04,17,False,"['Drama', 'Mystery']"
U03830,United States,18-24,2024-09-29 20:03:04,17,False,"['Action', 'Fantasy']"
U03831,Singapore,25-34,2024-08-11 23:09:50,27,False,"['Romance', 'Documentary']"
U03832,United States,45+,2025-05-19 12:21:34,22,False,"['Documentary', 'Comedy']"
U03833,Germany,25-34,2024-02-03 23:03:38,15,False,['Comedy']
U03834,Australia,25-34,2024-01-29 11:57:41,14,False,['Animation']
U03835,India,35-44,2024-09-04 15:47:41,26,False,"['Horror', 'Documentary', 'Mystery', 'Drama']"
U03836,Germany,18-24,2024-01-18 17:25:02,19,False,"['Sci-Fi', 'Mystery']"
U03837,United States,25-34,2024-06-25 05:58:24,17,False,['Horror']
U03838,Australia,18-24,2024-10-20 23:19:31,9,False,['Action']
U03839,Singapore,18-24,2024-07-28 11:10:34,16,False,"['Horror', 'Fantasy', 'Comedy']"
U03840,Singapore,35-44,2024-04-15 02:17:18,15,False,['Documentary']
U03841,Singapore,35-44,2024-05-27 04:42:18,21,False,"['Horror', 'Action', 'Mystery', 'Comedy']"
U03842,Canada,45+,2024-11-08 10:12:21,17,False,['Mystery']
U03843,Canada,35-44,2025-05-06 20:59:31,26,False,"['Mystery', 'Romance', 'Fantasy']"
U03844,United Kingdom,25-34,2025-02-07 23:53:48,16,False,"['Comedy', 'Horror']"
U03845,Singapore,18-24,2024-10-10 00:07:46,11,False,['Comedy']
U03846,Canada,25-34,2024-03-12 09:39:57,19,False,"['Romance', 'Mystery', 'Comedy', 'Sci-Fi']"
U03847,Germany,45+,2024-05-05 10:54:38,19,False,"['Romance', 'Animation']"
U03848,United Kingdom,35-44,2024-08-15 19:04:00,28,False,"['Drama', 'Mystery', 'Documentary', 'Fantasy']"
U03849,Germany,25-34,2024-05-07 12:51:01,20,False,['Mystery']
U03850,United States,25-34,2024-12-22 00:58:52,17,False,['Horror']
U03851,Germany,35-44,2024-07-08 07:45:55,22,False,"['Romance', 'Horror', 'Documentary']"
U03852,India,45+,2025-03-07 02:34:45,23,False,['Horror']
U03853,India,35-44,2024-05-19 02:10:41,11,False,"['Documentary', 'Action']"
U03854,United Kingdom,25-34,2024-09-13 14:38:14,21,False,['Mystery']
U03855,Canada,18-24,2025-01-04 08:58:50,25,True,['Horror']
U03856,Australia,25-34,2024-04-16 13:57:13,25,False,"['Drama', 'Comedy', 'Animation']"
U03857,United Kingdom,18-24,2025-01-28 15:56:04,16,False,['Action']
U03858,India,45+,2024-10-29 20:35:49,17,False,['Horror']
U03859,United Kingdom,25-34,2024-11-30 20:08:00,17,False,"['Drama', 'Horror']"
U03860,Canada,25-34,2024-08-22 23:38:52,24,False,"['Sci-Fi', 'Horror', 'Comedy', 'Action']"
U03861,Canada,18-24,2025-04-28 10:44:49,18,False,"['Fantasy', 'Mystery', 'Romance']"
U03862,Australia,25-34,2025-02-03 02:03:02,21,False,"['Sci-Fi', 'Horror', 'Documentary']"
U03863,United States,25-34,2024-04-09 07:03:32,17,False,"['Fantasy', 'Animation', 'Comedy']"
U03864,Australia,18-24,2024-10-14 05:35:16,23,False,"['Documentary', 'Romance']"
U03865,Australia,35-44,2025-04-11 23:52:49,16,False,"['Mystery', 'Drama', 'Horror', 'Action']"
U03866,Germany,18-24,2024-05-24 11:04:43,21,False,"['Fantasy', 'Sci-Fi', 'Comedy', 'Action']"
U03867,Canada,25-34,2024-10-04 08:21:25,30,False,['Drama']
U03868,Germany,18-24,2025-01-25 00:30:26,17,False,"['Mystery', 'Documentary', 'Comedy']"
U03869,United States,25-34,2024-05-21 07:10:15,24,False,"['Comedy', 'Drama']"
U03870,Australia,35-44,2024-09-24 16:12:17,16,False,"['Romance', 'Action', 'Horror', 'Comedy']"
U03871,India,35-44,2024-10-12 21:16:06,22,False,"['Animation', 'Sci-Fi']"
U03872,India,18-24,2024-04-01 18:59:51,18,True,['Animation']
U03873,Singapore,45+,2024-04-01 19:47:26,24,False,"['Action', 'Fantasy', 'Comedy']"
U03874,Canada,35-44,2024-10-18 02:36:04,23,False,"['Documentary', 'Action', 'Animation']"
U03875,Australia,18-24,2024-04-02 10:23:24,27,True,"['Animation', 'Drama', 'Documentary', 'Comedy']"
U03876,Australia,18-24,2025-05-05 06:45:19,22,False,"['Sci-Fi', 'Documentary']"
U03877,Australia,18-24,2024-09-27 19:03:16,16,False,['Romance']
U03878,United States,35-44,2024-12-30 18:02:44,21,False,"['Horror', 'Romance', 'Comedy', 'Fantasy']"
U03879,United States,18-24,2024-07-24 04:34:12,21,False,['Action']
U03880,India,25-34,2024-06-03 11:33:07,26,False,"['Horror', 'Comedy']"
U03881,Singapore,35-44,2024-09-08 12:30:13,27,False,"['Horror', 'Documentary', 'Mystery']"
U03882,United States,35-44,2025-01-02 12:30:51,18,False,"['Documentary', 'Fantasy']"
U03883,Australia,25-34,2024-07-24 12:58:06,12,False,"['Mystery', 'Drama']"
U03884,Canada,35-44,2024-05-26 02:34:44,22,False,"['Mystery', 'Documentary', 'Romance']"
U03885,United States,18-24,2024-03-15 10:28:02,15,False,"['Mystery', 'Comedy']"
U03886,United Kingdom,35-44,2024-10-07 13:40:59,17,False,"['Horror', 'Documentary', 'Animation']"
U03887,India,18-24,2024-12-17 09:28:36,23,False,"['Romance', 'Action', 'Fantasy']"
U03888,United States,18-24,2024-09-29 06:00:00,17,False,"['Sci-Fi', 'Romance', 'Mystery']"
U03889,India,45+,2024-05-11 18:42:49,18,True,['Sci-Fi']
U03890,Germany,18-24,2024-05-07 21:37:33,27,False,['Fantasy']
U03891,Canada,18-24,2024-07-13 22:32:04,20,False,"['Romance', 'Action']"
U03892,Singapore,25-34,2024-06-28 20:30:35,15,False,"['Sci-Fi', 'Mystery', 'Documentary']"
U03893,Canada,18-24,2024-04-15 08:21:50,15,False,['Horror']
U03894,United States,18-24,2025-05-02 02:35:14,16,False,"['Horror', 'Romance', 'Fantasy', 'Sci-Fi']"
U03895,Australia,25-34,2024-06-19 11:34:07,21,False,"['Mystery', 'Comedy', 'Romance']"
U03896,Singapore,35-44,2024-05-09 13:25:35,22,False,"['Fantasy', 'Animation', 'Mystery', 'Sci-Fi']"
U03897,Canada,35-44,2024-11-09 15:18:38,23,False,"['Sci-Fi', 'Action']"
U03898,India,18-24,2025-02-18 03:08:36,22,False,"['Mystery', 'Animation', 'Sci-Fi', 'Action']"
U03899,United Kingdom,25-34,2024-08-28 05:54:27,20,False,"['Comedy', 'Horror', 'Sci-Fi', 'Drama']"
U03900,Singapore,35-44,2024-12-11 00:44:02,13,False,"['Action', 'Romance']"
U03901,Canada,18-24,2024-02-19 02:51:58,15,False,['Comedy']
U03902,Singapore,18-24,2024-10-02 08:51:44,18,False,"['Documentary', 'Action', 'Comedy']"
U03903,Canada,13-17,2024-02-04 10:12:09,15,False,['Romance']
U03904,India,25-34,2024-03-12 02:17:04,25,True,['Fantasy']
U03905,Singapore,18-24,2024-11-02 01:29:38,15,False,"['Fantasy', 'Comedy', 'Animation', 'Romance']"
U03906,Germany,35-44,2024-04-15 18:18:50,26,False,"['Documentary', 'Animation', 'Action']"
U03907,Germany,45+,2024-01-19 21:55:22,29,False,"['Horror', 'Animation']"
U03908,Singapore,18-24,2024-04-02 12:45:15,17,False,"['Drama', 'Sci-Fi', 'Animation', 'Documentary']"
U03909,United States,25-34,2025-02-03 13:09:49,20,False,"['Sci-Fi', 'Horror', 'Documentary', 'Action']"
U03910,Singapore,18-24,2024-10-30 08:56:35,18,False,"['Action', 'Drama', 'Sci-Fi', 'Animation']"
U03911,United States,13-17,2024-07-16 09:20:54,18,False,['Documentary']
U03912,Singapore,35-44,2025-05-18 05:44:19,22,False,"['Mystery', 'Documentary', 'Romance']"
U03913,United States,25-34,2024-07-18 10:25:23,23,False,"['Fantasy', 'Animation']"
U03914,Canada,45+,2025-03-29 12:47:05,25,False,"['Mystery', 'Documentary', 'Romance']"
U03915,Germany,25-34,2024-06-27 08:12:09,25,False,"['Horror', 'Fantasy', 'Comedy', 'Sci-Fi']"
U03916,India,18-24,2024-01-14 01:19:31,16,False,"['Action', 'Drama']"
U03917,India,25-34,2024-02-27 00:00:29,17,False,"['Action', 'Horror']"
U03918,Germany,18-24,2024-05-21 12:23:59,20,False,"['Mystery', 'Horror', 'Sci-Fi', 'Documentary']"
U03919,India,35-44,2024-04-06 11:00:01,20,False,"['Horror', 'Action', 'Animation']"
U03920,Australia,25-34,2024-03-22 07:15:01,21,False,['Romance']
U03921,Singapore,18-24,2024-07-17 04:34:08,21,True,"['Animation', 'Fantasy', 'Sci-Fi', 'Action']"
U03922,Australia,25-34,2025-05-19 10:12:38,16,False,['Action']
U03923,Canada,25-34,2024-04-13 15:50:51,22,False,"['Comedy', 'Animation']"
U03924,United Kingdom,35-44,2024-05-01 19:27:06,22,False,"['Romance', 'Sci-Fi', 'Horror']"
U03925,Australia,18-24,2025-05-29 12:38:53,17,False,['Comedy']
U03926,Australia,13-17,2024-04-14 01:53:38,20,True,['Mystery']
U03927,Canada,18-24,2025-03-05 05:08:59,13,False,"['Fantasy', 'Comedy', 'Documentary']"
U03928,United States,18-24,2024-11-16 23:49:14,22,False,"['Fantasy', 'Mystery', 'Sci-Fi']"
U03929,Australia,25-34,2025-04-24 14:38:10,14,False,['Fantasy']
U03930,Germany,18-24,2024-10-14 13:09:47,20,False,['Romance']
U03931,Australia,25-34,2024-11-02 19:52:55,25,False,['Horror']
U03932,India,25-34,2024-04-26 18:21:54,20,False,"['Romance', 'Fantasy']"
U03933,Australia,18-24,2024-10-24 05:40:49,17,False,['Mystery']
U03934,Germany,45+,2024-12-12 13:53:14,19,False,"['Fantasy', 'Drama']"
U03935,United States,25-34,2025-05-25 04:51:30,16,False,"['Drama', 'Animation', 'Horror', 'Mystery']"
U03936,Germany,18-24,2024-02-20 03:39:55,18,False,"['Action', 'Sci-Fi']"
U03937,Canada,25-34,2024-03-22 00:54:46,19,False,['Documentary']
U03938,Canada,18-24,2024-01-11 00:19:52,25,False,"['Horror', 'Documentary', 'Animation']"
U03939,Germany,35-44,2025-02-12 15:50:07,25,True,['Horror']
U03940,Canada,25-34,2024-02-12 14:36:09,28,False,"['Romance', 'Comedy', 'Documentary']"
U03941,Canada,25-34,2025-04-18 07:17:36,29,False,"['Horror', 'Sci-Fi', 'Animation']"
U03942,United Kingdom,45+,2024-07-07 15:17:05,21,False,"['Drama', 'Action']"
U03943,Singapore,35-44,2024-05-29 01:53:57,22,False,"['Animation', 'Documentary', 'Action']"
U03944,Singapore,35-44,2025-05-19 02:00:09,21,False,['Drama']
U03945,India,18-24,2025-01-07 10:20:19,20,False,['Romance']
U03946,Germany,18-24,2024-10-09 22:14:26,14,False,"['Drama', 'Sci-Fi', 'Horror']"
U03947,India,25-34,2025-04-04 14:11:53,13,False,"['Documentary', 'Horror', 'Sci-Fi']"
U03948,United Kingdom,25-34,2025-01-25 04:38:29,23,False,"['Animation', 'Comedy']"
U03949,Singapore,25-34,2024-11-25 13:41:08,18,False,"['Sci-Fi', 'Mystery']"
U03950,United States,35-44,2024-06-15 05:07:09,22,False,['Sci-Fi']
U03951,United Kingdom,18-24,2025-05-24 19:32:39,11,False,"['Animation', 'Mystery', 'Romance', 'Sci-Fi']"
U03952,United States,18-24,2025-01-06 21:33:32,21,False,"['Mystery', 'Comedy', 'Drama']"
U03953,Germany,25-34,2025-05-03 21:16:51,30,False,['Horror']
U03954,Canada,18-24,2025-05-14 12:22:34,16,False,"['Fantasy', 'Action', 'Horror']"
U03955,Australia,25-34,2024-10-10 23:15:34,26,False,"['Mystery', 'Romance']"
U03956,Singapore,35-44,2024-07-03 23:05:49,31,False,"['Fantasy', 'Action']"
U03957,Canada,25-34,2025-05-04 16:35:52,22,False,['Horror']
U03958,Germany,35-44,2025-05-31 12:19:46,24,False,['Comedy']
U03959,India,25-34,2024-03-04 01:22:21,18,False,"['Romance', 'Horror']"
U03960,United States,35-44,2024-11-26 01:23:26,17,True,"['Documentary', 'Fantasy', 'Romance', 'Sci-Fi']"
U03961,Singapore,18-24,2024-11-07 11:01:34,18,False,['Drama']
U03962,Singapore,35-44,2025-01-22 00:31:20,20,False,"['Horror', 'Sci-Fi', 'Comedy', 'Drama']"
U03963,Australia,35-44,2025-05-19 07:04:34,20,False,['Sci-Fi']
U03964,United Kingdom,18-24,2024-05-10 08:53:27,19,False,"['Fantasy', 'Action', 'Horror', 'Romance']"
U03965,United States,25-34,2025-05-19 10:57:19,22,False,['Action']
U03966,Germany,35-44,2024-11-28 11:28:12,19,False,['Mystery']
U03967,Germany,18-24,2024-02-12 15:44:27,16,False,['Animation']
U03968,United States,35-44,2024-09-21 04:33:56,25,False,"['Drama', 'Mystery', 'Action']"
U03969,Australia,45+,2024-03-10 00:05:56,25,False,"['Animation', 'Action']"
U03970,Australia,35-44,2025-05-09 11:02:38,14,False,"['Comedy', 'Romance', 'Action']"
U03971,Canada,25-34,2025-01-29 13:51:48,16,True,"['Fantasy', 'Romance', 'Action', 'Comedy']"
U03972,Singapore,25-34,2025-04-12 17:12:28,19,False,['Animation']
U03973,India,45+,2024-11-07 12:12:40,21,False,"['Drama', 'Horror']"
U03974,United States,25-34,2024-07-24 01:54:48,12,False,"['Fantasy', 'Comedy', 'Sci-Fi']"
U03975,India,18-24,2024-08-09 11:04:03,26,False,"['Animation', 'Comedy', 'Horror', 'Drama']"
U03976,Australia,13-17,2025-05-04 12:45:35,20,False,['Drama']
U03977,Australia,35-44,2024-03-19 08:38:24,16,False,"['Comedy', 'Romance']"
U03978,Singapore,25-34,2025-04-02 10:45:14,19,False,"['Action', 'Horror']"
U03979,Canada,18-24,2024-08-06 04:18:38,21,False,"['Fantasy', 'Mystery']"
U03980,United States,18-24,2024-11-01 05:28:58,25,False,"['Romance', 'Documentary', 'Fantasy', 'Horror']"
U03981,Canada,35-44,2024-12-10 19:58:26,18,False,"['Action', 'Animation', 'Drama']"
U03982,India,25-34,2024-02-12 10:55:08,15,False,['Romance']
U03983,Australia,35-44,2024-03-17 20:52:30,17,False,['Romance']
U03984,Australia,35-44,2024-03-24 03:05:07,20,False,"['Action', 'Drama', 'Horror', 'Fantasy']"
U03985,Singapore,45+,2025-02-06 13:47:28,17,False,"['Fantasy', 'Horror', 'Drama']"
U03986,United Kingdom,35-44,2024-02-09 17:51:20,19,False,"['Comedy', 'Drama', 'Horror']"
U03987,United Kingdom,18-24,2024-11-11 19:59:38,18,False,"['Romance', 'Sci-Fi']"
U03988,India,25-34,2024-02-25 19:58:42,18,False,"['Mystery', 'Horror', 'Documentary']"
U03989,United Kingdom,13-17,2025-01-31 23:04:03,13,False,"['Comedy', 'Drama', 'Documentary', 'Action']"
U03990,Canada,45+,2025-05-20 02:01:30,21,False,"['Action', 'Comedy', 'Horror']"
U03991,Germany,18-24,2024-08-02 01:10:05,14,False,"['Fantasy', 'Animation', 'Mystery']"
U03992,Germany,25-34,2024-04-19 16:34:18,22,False,"['Horror', 'Comedy', 'Action', 'Romance']"
U03993,India,35-44,2024-08-18 00:09:22,22,False,['Romance']
U03994,United States,18-24,2024-12-23 04:07:25,9,False,"['Animation', 'Drama', 'Comedy', 'Documentary']"
U03995,Canada,35-44,2025-01-11 01:02:20,22,False,"['Animation', 'Documentary', 'Romance']"
U03996,United Kingdom,13-17,2024-11-25 02:02:33,22,False,"['Horror', 'Comedy', 'Drama']"
U03997,India,25-34,2024-10-27 21:21:07,9,False,"['Sci-Fi', 'Mystery']"
U03998,Germany,25-34,2024-11-22 07:14:43,18,False,['Comedy']
U03999,Germany,18-24,2024-04-22 08:49:15,22,False,['Comedy']
U04000,Canada,25-34,2024-04-16 20:46:59,22,False,"['Sci-Fi', 'Mystery', 'Animation', 'Action']"
U04001,United Kingdom,45+,2025-04-26 06:18:08,15,False,"['Comedy', 'Romance', 'Mystery', 'Documentary']"
U04002,Germany,18-24,2024-10-26 12:31:57,18,False,"['Animation', 'Mystery', 'Drama', 'Comedy']"
U04003,India,25-34,2025-03-21 05:33:09,23,False,"['Horror', 'Sci-Fi', 'Romance', 'Mystery']"
U04004,Canada,35-44,2024-11-19 09:40:47,17,False,"['Animation', 'Fantasy']"
U04005,Germany,35-44,2024-08-23 09:04:17,18,False,"['Documentary', 'Horror']"
U04006,Singapore,13-17,2024-10-21 21:35:21,28,False,"['Fantasy', 'Action']"
U04007,United States,45+,2024-12-23 14:44:31,21,False,"['Sci-Fi', 'Drama', 'Animation']"
U04008,Australia,13-17,2024-04-06 05:54:14,23,True,['Animation']
U04009,United States,25-34,2024-08-26 21:50:36,18,False,"['Romance', 'Comedy']"
U04010,India,25-34,2025-01-08 19:44:09,19,False,['Action']
U04011,United Kingdom,35-44,2024-02-15 00:05:21,18,False,"['Fantasy', 'Comedy', 'Action']"
U04012,Singapore,18-24,2024-02-07 20:48:04,11,False,"['Drama', 'Fantasy', 'Comedy']"
U04013,Australia,18-24,2024-03-23 18:23:34,18,False,"['Horror', 'Comedy']"
U04014,Canada,35-44,2024-11-01 15:36:35,22,False,['Mystery']
U04015,United States,18-24,2024-05-03 06:29:18,30,False,"['Mystery', 'Drama']"
U04016,India,25-34,2024-08-13 13:06:20,21,False,"['Romance', 'Fantasy']"
U04017,United States,35-44,2024-03-10 04:18:36,13,False,"['Romance', 'Horror', 'Mystery']"
U04018,United States,25-34,2024-05-09 09:33:21,22,False,"['Action', 'Horror', 'Sci-Fi']"
U04019,United States,18-24,2024-01-10 04:28:51,16,True,['Documentary']
U04020,Australia,18-24,2025-02-21 10:04:57,16,False,['Documentary']
U04021,India,45+,2024-08-29 04:42:07,20,False,"['Sci-Fi', 'Drama', 'Mystery']"
U04022,India,25-34,2024-03-31 22:28:29,25,False,"['Sci-Fi', 'Fantasy', 'Action']"
U04023,Canada,13-17,2024-09-29 01:23:00,23,False,"['Action', 'Mystery', 'Horror']"
U04024,United Kingdom,18-24,2025-04-27 08:26:15,20,False,"['Drama', 'Romance']"
U04025,Canada,18-24,2025-03-02 10:16:03,28,False,"['Action', 'Fantasy', 'Documentary', 'Drama']"
U04026,India,45+,2025-04-02 07:40:58,19,False,['Mystery']
U04027,United States,18-24,2024-07-28 21:42:08,25,False,"['Drama', 'Fantasy', 'Action', 'Animation']"
U04028,Canada,13-17,2024-07-05 10:10:13,25,False,"['Comedy', 'Sci-Fi', 'Action']"
U04029,Australia,25-34,2024-06-12 11:30:16,24,False,['Horror']
U04030,United Kingdom,18-24,2024-06-06 18:20:15,26,False,"['Animation', 'Sci-Fi', 'Action']"
U04031,Canada,18-24,2025-04-20 11:31:13,10,False,"['Animation', 'Documentary', 'Sci-Fi']"
U04032,Canada,45+,2024-03-12 01:56:05,24,False,"['Animation', 'Fantasy', 'Romance']"
U04033,United States,35-44,2025-03-16 04:46:07,24,False,"['Animation', 'Mystery', 'Documentary', 'Drama']"
U04034,United States,18-24,2025-04-18 17:47:43,15,False,"['Horror', 'Animation']"
U04035,United Kingdom,25-34,2025-03-12 08:52:38,18,False,"['Documentary', 'Drama']"
U04036,India,18-24,2024-11-20 10:24:55,19,False,"['Sci-Fi', 'Action', 'Fantasy']"
U04037,Australia,18-24,2025-03-18 08:51:28,27,False,"['Drama', 'Mystery']"
U04038,Australia,25-34,2024-01-17 10:22:14,24,False,"['Fantasy', 'Action', 'Documentary', 'Mystery']"
U04039,United Kingdom,25-34,2025-02-26 12:36:23,23,True,"['Mystery', 'Drama']"
U04040,United Kingdom,35-44,2024-09-21 04:28:50,27,True,"['Sci-Fi', 'Drama', 'Comedy']"
U04041,United Kingdom,35-44,2025-05-10 12:09:44,25,False,"['Fantasy', 'Drama']"
U04042,Australia,18-24,2024-02-14 08:35:36,20,False,"['Fantasy', 'Drama', 'Action']"
U04043,Germany,45+,2025-04-25 20:07:15,20,False,['Sci-Fi']
U04044,India,25-34,2024-10-23 15:05:54,22,False,['Drama']
U04045,United Kingdom,18-24,2024-02-23 16:37:00,21,False,['Fantasy']
U04046,India,35-44,2024-09-20 03:11:49,23,False,"['Drama', 'Fantasy', 'Comedy']"
U04047,Canada,13-17,2024-01-20 04:34:26,12,False,"['Animation', 'Horror']"
U04048,United States,25-34,2024-02-12 19:57:13,23,False,"['Fantasy', 'Comedy', 'Romance', 'Action']"
U04049,United Kingdom,35-44,2024-10-01 21:21:36,26,False,"['Horror', 'Fantasy', 'Action', 'Animation']"
U04050,Canada,18-24,2025-02-25 19:11:53,21,False,"['Horror', 'Drama', 'Fantasy']"
U04051,United Kingdom,35-44,2024-02-25 22:33:13,23,False,"['Documentary', 'Animation', 'Comedy', 'Action']"
U04052,United Kingdom,18-24,2024-05-15 14:49:53,29,False,['Animation']
U04053,Germany,35-44,2024-07-21 07:35:00,24,False,"['Action', 'Animation']"
U04054,Germany,18-24,2024-10-06 22:44:16,24,False,['Drama']
U04055,India,18-24,2024-01-01 08:58:54,19,False,['Drama']
U04056,United Kingdom,18-24,2024-11-26 09:11:39,25,False,"['Mystery', 'Animation']"
U04057,Germany,35-44,2024-09-14 09:37:39,21,False,"['Action', 'Animation']"
U04058,Canada,18-24,2025-05-12 12:16:28,21,False,['Documentary']
U04059,United States,35-44,2024-06-04 18:57:43,20,False,"['Action', 'Romance', 'Documentary', 'Sci-Fi']"
U04060,Australia,18-24,2024-09-12 07:12:55,15,False,['Horror']
U04061,United States,25-34,2024-02-12 04:40:39,22,False,"['Romance', 'Horror']"
U04062,India,18-24,2025-04-19 06:03:14,10,False,['Romance']
U04063,Australia,18-24,2025-03-07 02:43:39,20,False,"['Horror', 'Fantasy', 'Mystery']"
U04064,Canada,45+,2024-07-02 11:04:11,19,False,['Animation']
U04065,Germany,25-34,2024-08-26 01:42:29,28,False,"['Sci-Fi', 'Romance', 'Documentary', 'Fantasy']"
U04066,United Kingdom,25-34,2025-03-19 07:04:50,15,False,"['Mystery', 'Fantasy', 'Action', 'Documentary']"
U04067,Germany,25-34,2024-06-01 17:25:58,14,False,"['Romance', 'Horror', 'Fantasy', 'Drama']"
U04068,United Kingdom,25-34,2024-05-01 22:07:54,19,False,"['Documentary', 'Animation', 'Fantasy', 'Romance']"
U04069,Germany,25-34,2024-05-05 02:21:03,28,False,"['Romance', 'Documentary', 'Horror', 'Fantasy']"
U04070,India,35-44,2024-12-31 18:24:32,14,False,"['Comedy', 'Horror', 'Action']"
U04071,India,25-34,2024-04-19 02:54:54,25,False,"['Romance', 'Horror', 'Mystery', 'Action']"
U04072,Germany,25-34,2024-02-15 19:29:51,29,False,"['Sci-Fi', 'Mystery', 'Documentary']"
U04073,Germany,25-34,2024-03-26 12:55:34,24,False,['Romance']
U04074,Singapore,25-34,2025-05-24 18:54:46,18,False,"['Fantasy', 'Mystery', 'Drama', 'Action']"
U04075,United Kingdom,25-34,2025-03-27 06:19:05,23,False,"['Drama', 'Mystery', 'Sci-Fi']"
U04076,India,25-34,2025-05-08 04:26:34,16,False,"['Comedy', 'Drama', 'Horror', 'Documentary']"
U04077,Singapore,25-34,2024-05-23 08:46:53,14,False,"['Drama', 'Comedy']"
U04078,Australia,35-44,2024-08-16 14:59:12,15,False,"['Fantasy', 'Action', 'Animation']"
U04079,United States,45+,2024-09-10 17:28:33,25,False,"['Drama', 'Action']"
U04080,Germany,45+,2024-09-27 20:59:17,20,False,"['Action', 'Sci-Fi', 'Animation', 'Mystery']"
U04081,Singapore,35-44,2024-01-14 20:38:01,11,False,['Drama']
U04082,United States,25-34,2024-11-05 01:11:25,18,False,"['Documentary', 'Romance', 'Comedy']"
U04083,Germany,35-44,2024-01-21 01:11:32,24,False,"['Action', 'Documentary']"
U04084,Germany,18-24,2024-05-22 04:39:57,19,False,"['Horror', 'Mystery', 'Comedy', 'Fantasy']"
U04085,Canada,25-34,2024-05-31 03:33:42,22,False,"['Comedy', 'Horror']"
U04086,Australia,18-24,2024-12-14 16:50:29,12,False,"['Animation', 'Romance', 'Fantasy']"
U04087,United States,13-17,2025-04-08 11:42:28,16,False,"['Romance', 'Mystery', 'Horror', 'Animation']"
U04088,Singapore,45+,2024-12-27 03:45:23,23,False,"['Action', 'Mystery', 'Sci-Fi']"
U04089,Singapore,35-44,2024-08-13 03:06:53,30,False,"['Romance', 'Mystery']"
U04090,Singapore,25-34,2024-09-28 11:08:56,21,False,['Documentary']
U04091,Germany,18-24,2024-09-21 21:53:52,16,False,"['Horror', 'Romance', 'Action', 'Animation']"
U04092,India,25-34,2024-03-17 09:09:59,17,False,"['Romance', 'Documentary', 'Animation', 'Horror']"
U04093,United Kingdom,25-34,2025-05-09 22:20:38,18,False,"['Action', 'Fantasy']"
U04094,Canada,35-44,2025-04-20 05:15:33,19,False,"['Drama', 'Comedy']"
U04095,Singapore,45+,2024-05-04 02:28:39,21,False,['Romance']
U04096,Canada,18-24,2024-02-29 11:28:45,15,False,['Romance']
U04097,Canada,18-24,2024-03-26 07:49:54,19,False,"['Romance', 'Sci-Fi']"
U04098,United States,18-24,2024-11-21 06:46:05,25,False,['Documentary']
U04099,Germany,18-24,2024-01-16 05:13:35,21,False,"['Animation', 'Romance']"
U04100,United Kingdom,18-24,2024-02-23 07:07:23,24,False,"['Mystery', 'Action', 'Romance']"
U04101,India,13-17,2024-12-01 04:14:56,16,False,"['Animation', 'Horror', 'Romance', 'Comedy']"
U04102,Singapore,18-24,2024-03-16 12:49:03,16,True,"['Documentary', 'Horror']"
U04103,United States,18-24,2024-02-05 13:39:15,22,False,['Animation']
U04104,India,18-24,2024-01-11 14:50:21,15,False,"['Action', 'Animation', 'Fantasy', 'Romance']"
U04105,India,35-44,2024-12-30 21:22:11,11,False,"['Sci-Fi', 'Comedy', 'Animation']"
U04106,Canada,18-24,2024-07-06 20:37:17,27,False,['Animation']
U04107,India,35-44,2024-05-27 01:39:11,12,False,"['Drama', 'Fantasy', 'Action', 'Romance']"
U04108,Germany,18-24,2024-11-26 15:56:25,20,False,"['Romance', 'Animation', 'Comedy']"
U04109,Canada,18-24,2024-03-29 03:51:14,11,False,['Comedy']
U04110,United Kingdom,13-17,2024-09-26 15:19:14,13,False,"['Sci-Fi', 'Comedy']"
U04111,India,35-44,2024-09-07 03:32:16,33,False,"['Fantasy', 'Romance', 'Animation']"
U04112,Canada,18-24,2024-12-14 17:40:54,25,False,"['Documentary', 'Sci-Fi', 'Fantasy']"
U04113,United States,25-34,2024-11-18 13:33:30,15,False,"['Horror', 'Documentary', 'Romance', 'Mystery']"
U04114,Singapore,18-24,2024-12-14 23:38:02,25,False,"['Fantasy', 'Romance', 'Mystery', 'Horror']"
U04115,United Kingdom,45+,2024-04-20 04:32:19,19,False,"['Drama', 'Horror']"
U04116,Canada,18-24,2024-03-13 11:16:32,14,False,"['Romance', 'Horror']"
U04117,India,25-34,2024-10-02 23:43:28,19,False,"['Mystery', 'Documentary']"
U04118,India,35-44,2024-08-22 20:44:12,17,False,"['Action', 'Horror']"
U04119,United States,18-24,2024-11-19 07:26:37,24,False,"['Action', 'Documentary']"
U04120,India,18-24,2025-02-28 10:56:15,19,False,['Action']
U04121,Germany,35-44,2024-12-03 17:12:25,23,False,"['Action', 'Drama']"
U04122,Singapore,18-24,2025-05-29 05:49:42,25,False,"['Comedy', 'Drama', 'Mystery', 'Horror']"
U04123,Singapore,13-17,2024-10-14 19:34:47,20,False,"['Fantasy', 'Horror', 'Action', 'Comedy']"
U04124,United States,25-34,2024-08-18 16:15:55,25,False,['Action']
U04125,Germany,13-17,2024-05-07 01:25:14,34,False,"['Drama', 'Mystery', 'Romance', 'Action']"
U04126,Canada,45+,2024-12-14 00:07:35,20,False,"['Mystery', 'Horror']"
U04127,India,25-34,2025-02-23 03:58:29,21,False,"['Romance', 'Animation', 'Documentary']"
U04128,India,25-34,2024-06-14 22:38:35,16,False,"['Action', 'Mystery', 'Fantasy', 'Animation']"
U04129,Canada,18-24,2024-02-09 03:06:43,27,False,"['Documentary', 'Romance', 'Animation', 'Sci-Fi']"
U04130,United Kingdom,25-34,2024-01-06 10:02:45,23,False,['Documentary']
U04131,India,25-34,2024-11-22 21:43:28,18,False,"['Sci-Fi', 'Fantasy', 'Horror']"
U04132,Singapore,18-24,2024-12-08 18:55:50,13,False,"['Comedy', 'Documentary', 'Action']"
U04133,Germany,35-44,2024-03-03 06:03:58,29,False,"['Horror', 'Romance', 'Mystery', 'Comedy']"
U04134,Canada,25-34,2024-01-12 16:27:40,27,False,"['Drama', 'Fantasy', 'Romance', 'Sci-Fi']"
U04135,Singapore,35-44,2024-12-04 08:23:14,28,False,['Documentary']
U04136,Singapore,18-24,2024-07-24 15:18:40,20,True,['Romance']
U04137,Singapore,18-24,2024-08-03 23:08:29,16,False,"['Animation', 'Horror']"
U04138,United States,35-44,2024-05-15 16:46:29,22,False,"['Animation', 'Action']"
U04139,Singapore,35-44,2025-01-06 06:13:21,25,False,"['Horror', 'Comedy']"
U04140,Canada,18-24,2025-01-19 23:33:03,26,False,"['Comedy', 'Horror']"
U04141,Germany,13-17,2024-01-27 23:36:03,26,False,"['Romance', 'Documentary']"
U04142,Singapore,35-44,2024-02-16 01:52:02,20,False,"['Sci-Fi', 'Documentary', 'Animation']"
U04143,United States,18-24,2024-10-13 23:28:10,24,False,"['Romance', 'Animation']"
U04144,Canada,18-24,2024-11-07 19:43:31,24,False,"['Sci-Fi', 'Comedy']"
U04145,India,25-34,2024-03-15 21:38:41,21,False,['Horror']
U04146,United States,18-24,2024-03-22 17:45:54,19,False,['Horror']
U04147,United Kingdom,18-24,2024-12-18 18:59:28,16,False,"['Drama', 'Action', 'Comedy', 'Romance']"
U04148,Germany,13-17,2024-08-23 02:02:22,18,False,"['Action', 'Comedy']"
U04149,Singapore,45+,2024-03-03 00:24:34,20,False,['Drama']
U04150,United Kingdom,18-24,2024-11-11 03:01:14,18,False,"['Horror', 'Documentary']"
U04151,United Kingdom,25-34,2024-02-08 01:01:18,21,False,['Sci-Fi']
U04152,Canada,45+,2024-04-29 05:35:22,19,False,['Drama']
U04153,Singapore,25-34,2025-01-03 16:25:39,23,True,['Animation']
U04154,Singapore,25-34,2024-04-24 23:20:57,33,False,"['Romance', 'Comedy']"
U04155,United States,25-34,2024-02-02 20:18:15,27,False,"['Action', 'Horror', 'Documentary']"
U04156,United States,18-24,2025-05-11 07:34:58,22,False,['Action']
U04157,Australia,25-34,2024-04-26 01:58:42,22,True,['Drama']
U04158,United Kingdom,45+,2024-09-23 04:34:23,18,False,['Drama']
U04159,United States,35-44,2025-03-02 09:18:51,18,False,"['Animation', 'Mystery', 'Fantasy', 'Documentary']"
U04160,India,25-34,2025-05-26 18:50:50,16,False,"['Comedy', 'Mystery', 'Drama', 'Fantasy']"
U04161,United Kingdom,18-24,2025-02-22 14:36:45,21,False,"['Romance', 'Documentary', 'Fantasy', 'Animation']"
U04162,United Kingdom,35-44,2024-06-24 14:23:18,21,False,"['Sci-Fi', 'Documentary', 'Mystery']"
U04163,Canada,18-24,2025-03-17 13:59:32,29,False,"['Horror', 'Romance']"
U04164,United States,35-44,2024-01-07 14:01:56,23,False,['Comedy']
U04165,Germany,18-24,2024-06-17 14:14:50,12,False,['Drama']
U04166,Australia,35-44,2024-04-13 02:21:44,23,False,"['Horror', 'Mystery', 'Drama']"
U04167,Canada,35-44,2024-09-30 00:01:11,20,False,['Fantasy']
U04168,United States,25-34,2025-04-05 23:00:50,18,False,"['Fantasy', 'Romance', 'Drama', 'Action']"
U04169,Canada,18-24,2025-02-03 19:41:38,17,False,"['Drama', 'Animation', 'Comedy', 'Sci-Fi']"
U04170,Australia,35-44,2025-05-31 03:00:14,17,False,"['Action', 'Sci-Fi', 'Mystery', 'Drama']"
U04171,United Kingdom,18-24,2024-03-11 19:42:58,15,False,"['Comedy', 'Romance', 'Sci-Fi']"
U04172,United States,18-24,2025-01-23 21:14:45,16,False,"['Action', 'Drama', 'Comedy']"
U04173,Canada,25-34,2025-01-09 12:14:31,17,False,['Sci-Fi']
U04174,United Kingdom,25-34,2024-08-23 23:53:41,17,False,"['Documentary', 'Comedy']"
U04175,United Kingdom,25-34,2024-02-20 09:36:38,19,True,"['Sci-Fi', 'Animation', 'Horror']"
U04176,United Kingdom,18-24,2024-02-24 00:32:41,19,False,['Romance']
U04177,United Kingdom,25-34,2025-04-17 03:36:48,18,False,"['Mystery', 'Comedy', 'Romance', 'Horror']"
U04178,Germany,35-44,2024-06-01 15:08:39,24,True,"['Drama', 'Horror', 'Mystery']"
U04179,Canada,13-17,2024-11-25 11:44:41,20,False,"['Sci-Fi', 'Comedy', 'Fantasy', 'Mystery']"
U04180,Canada,25-34,2025-05-03 20:26:58,20,False,['Fantasy']
U04181,Australia,25-34,2024-09-12 00:55:56,20,False,"['Comedy', 'Sci-Fi', 'Animation', 'Action']"
U04182,United Kingdom,35-44,2024-04-18 12:45:42,21,False,"['Horror', 'Documentary']"
U04183,India,25-34,2024-09-07 14:31:14,22,False,"['Documentary', 'Comedy', 'Horror']"
U04184,Germany,35-44,2024-04-28 15:21:36,23,True,"['Mystery', 'Documentary', 'Romance', 'Drama']"
U04185,India,18-24,2024-04-03 18:20:25,25,False,['Sci-Fi']
U04186,Australia,18-24,2025-02-23 06:45:01,14,False,['Comedy']
U04187,United States,45+,2024-06-27 20:08:33,21,False,"['Romance', 'Sci-Fi', 'Drama', 'Documentary']"
U04188,United States,35-44,2024-12-20 01:03:50,29,False,"['Mystery', 'Documentary']"
U04189,India,25-34,2025-01-10 22:09:01,12,False,"['Sci-Fi', 'Horror', 'Fantasy']"
U04190,Singapore,25-34,2024-10-11 01:14:09,24,False,['Horror']
U04191,Canada,25-34,2024-10-06 16:01:42,22,False,['Sci-Fi']
U04192,United Kingdom,18-24,2024-04-03 08:01:17,18,False,"['Fantasy', 'Drama', 'Animation', 'Mystery']"
U04193,Germany,35-44,2024-09-30 15:37:52,20,False,['Drama']
U04194,India,35-44,2025-01-23 12:57:52,13,False,['Drama']
U04195,Canada,25-34,2024-04-10 22:36:39,15,False,"['Sci-Fi', 'Romance']"
U04196,Canada,18-24,2024-04-29 22:56:30,21,False,"['Horror', 'Animation', 'Drama']"
U04197,Canada,18-24,2024-12-22 22:00:56,18,False,"['Sci-Fi', 'Romance', 'Drama']"
U04198,India,18-24,2025-05-22 14:09:56,21,False,"['Horror', 'Fantasy']"
U04199,Singapore,35-44,2024-07-21 16:21:23,20,False,['Documentary']
U04200,United States,25-34,2025-03-04 05:50:51,21,False,"['Animation', 'Drama', 'Documentary']"
U04201,Australia,18-24,2024-04-04 11:36:12,28,False,"['Fantasy', 'Horror', 'Animation', 'Romance']"
U04202,Germany,25-34,2024-10-21 13:03:50,27,False,"['Animation', 'Action', 'Horror']"
U04203,United Kingdom,45+,2025-05-02 22:28:52,21,False,"['Drama', 'Sci-Fi']"
U04204,India,18-24,2024-08-16 06:50:16,17,False,"['Sci-Fi', 'Documentary']"
U04205,United Kingdom,25-34,2024-09-19 00:21:31,29,False,['Romance']
U04206,Germany,25-34,2024-03-21 04:21:05,26,False,"['Romance', 'Horror', 'Drama', 'Sci-Fi']"
U04207,Singapore,18-24,2024-09-29 23:52:43,17,False,"['Drama', 'Mystery']"
U04208,Singapore,25-34,2024-10-29 18:37:37,16,False,"['Sci-Fi', 'Fantasy']"
U04209,United States,25-34,2025-05-22 08:51:45,20,False,"['Horror', 'Comedy']"
U04210,Australia,18-24,2024-04-13 21:30:21,21,False,"['Animation', 'Mystery', 'Comedy']"
U04211,United States,18-24,2024-07-08 10:22:02,22,False,"['Horror', 'Romance']"
U04212,Australia,35-44,2024-11-30 15:07:03,30,False,"['Comedy', 'Documentary', 'Sci-Fi']"
U04213,United Kingdom,18-24,2025-05-02 13:00:02,20,False,"['Mystery', 'Fantasy', 'Animation']"
U04214,Australia,25-34,2024-05-02 23:34:07,27,False,['Mystery']
U04215,Australia,25-34,2024-12-25 06:38:01,23,False,['Documentary']
U04216,Singapore,35-44,2025-03-30 14:52:48,13,False,"['Documentary', 'Animation', 'Horror']"
U04217,Canada,35-44,2024-11-23 07:27:02,20,False,['Animation']
U04218,United Kingdom,35-44,2024-08-08 15:49:47,20,False,"['Documentary', 'Romance']"
U04219,Canada,25-34,2024-05-01 04:39:44,24,False,['Documentary']
U04220,United States,25-34,2024-05-28 22:06:42,18,False,['Animation']
U04221,India,18-24,2024-01-27 18:11:03,22,False,"['Horror', 'Comedy']"
U04222,Canada,18-24,2024-03-19 14:18:49,20,True,['Comedy']
U04223,Germany,25-34,2024-08-14 08:01:18,18,False,"['Animation', 'Romance']"
U04224,Canada,18-24,2024-03-13 15:18:17,22,False,"['Drama', 'Fantasy']"
U04225,Germany,25-34,2024-01-06 06:12:04,18,False,"['Animation', 'Sci-Fi', 'Horror']"
U04226,United States,18-24,2024-12-24 02:50:05,32,False,"['Animation', 'Comedy', 'Horror', 'Drama']"
U04227,Canada,13-17,2024-02-06 16:59:56,18,False,"['Horror', 'Documentary', 'Drama']"
U04228,Australia,18-24,2024-03-13 22:56:36,22,False,['Mystery']
U04229,United Kingdom,35-44,2024-11-03 18:48:51,17,False,['Documentary']
U04230,India,25-34,2025-04-21 13:59:36,23,False,"['Romance', 'Drama']"
U04231,India,35-44,2025-01-09 13:14:47,24,False,['Sci-Fi']
U04232,Singapore,25-34,2024-01-17 19:32:27,18,False,"['Romance', 'Horror', 'Drama']"
U04233,Australia,35-44,2024-03-27 19:54:10,18,True,['Action']
U04234,United States,35-44,2025-01-17 18:25:16,20,False,"['Mystery', 'Sci-Fi']"
U04235,United States,18-24,2025-01-13 16:51:54,15,False,['Action']
U04236,India,45+,2024-07-21 03:51:07,26,False,"['Sci-Fi', 'Animation']"
U04237,Singapore,13-17,2025-05-06 00:11:52,21,False,"['Comedy', 'Action']"
U04238,India,25-34,2025-04-04 08:08:47,19,True,"['Documentary', 'Mystery']"
U04239,Germany,35-44,2025-01-19 05:19:43,21,False,"['Romance', 'Action', 'Drama', 'Horror']"
U04240,United States,18-24,2025-01-21 19:58:55,25,False,['Sci-Fi']
U04241,United Kingdom,25-34,2025-02-09 16:44:47,14,True,"['Action', 'Horror']"
U04242,United States,18-24,2024-03-17 17:44:45,22,False,"['Mystery', 'Romance', 'Animation', 'Sci-Fi']"
U04243,Germany,18-24,2024-12-28 06:26:30,19,False,"['Action', 'Documentary', 'Horror']"
U04244,India,13-17,2025-04-30 22:19:44,23,False,['Animation']
U04245,United Kingdom,18-24,2024-04-26 04:32:31,12,False,"['Mystery', 'Comedy']"
U04246,United States,18-24,2024-01-08 13:44:49,19,False,"['Documentary', 'Comedy']"
U04247,United States,25-34,2024-07-05 13:55:20,22,False,"['Romance', 'Fantasy', 'Horror']"
U04248,United States,25-34,2024-05-19 09:22:59,20,True,['Comedy']
U04249,Singapore,25-34,2025-05-05 18:30:16,17,True,"['Horror', 'Animation', 'Sci-Fi']"
U04250,United Kingdom,25-34,2024-08-18 12:32:37,25,False,"['Sci-Fi', 'Animation']"
U04251,United Kingdom,13-17,2024-12-07 20:18:03,22,False,['Drama']
U04252,United Kingdom,18-24,2025-05-22 15:56:17,19,False,"['Drama', 'Mystery', 'Horror', 'Action']"
U04253,Singapore,35-44,2025-02-11 22:13:08,17,False,"['Documentary', 'Action']"
U04254,United Kingdom,45+,2025-01-22 06:31:12,14,False,['Sci-Fi']
U04255,United Kingdom,25-34,2025-05-15 19:33:46,15,False,"['Romance', 'Mystery']"
U04256,United Kingdom,18-24,2024-12-22 03:15:55,24,False,"['Animation', 'Comedy', 'Drama', 'Documentary']"
U04257,United Kingdom,35-44,2024-04-29 15:40:09,22,False,"['Drama', 'Documentary']"
U04258,India,35-44,2025-01-10 17:52:45,21,False,"['Fantasy', 'Drama']"
U04259,Australia,25-34,2024-06-15 07:29:17,13,False,"['Drama', 'Comedy', 'Action', 'Documentary']"
U04260,India,18-24,2024-06-20 02:04:52,27,False,['Comedy']
U04261,United States,13-17,2024-11-29 08:41:56,27,False,"['Animation', 'Mystery', 'Romance']"
U04262,United States,25-34,2024-06-12 02:35:20,14,False,"['Documentary', 'Animation', 'Mystery']"
U04263,United Kingdom,45+,2024-01-13 14:13:39,24,False,"['Romance', 'Fantasy', 'Animation', 'Documentary']"
U04264,Germany,25-34,2025-05-31 18:33:13,17,False,['Animation']
U04265,Australia,18-24,2024-10-22 07:41:10,27,False,['Action']
U04266,Singapore,25-34,2024-12-12 09:28:15,26,False,"['Romance', 'Sci-Fi']"
U04267,United Kingdom,35-44,2025-02-22 02:12:19,24,False,"['Animation', 'Action']"
U04268,Singapore,25-34,2024-11-24 01:07:45,24,True,"['Action', 'Drama']"
U04269,India,35-44,2024-11-11 14:22:52,20,True,"['Horror', 'Fantasy', 'Comedy', 'Drama']"
U04270,Canada,18-24,2025-02-13 09:08:45,20,False,"['Fantasy', 'Mystery', 'Documentary']"
U04271,Germany,18-24,2024-06-01 17:14:23,18,False,"['Action', 'Drama', 'Mystery']"
U04272,Canada,25-34,2025-03-04 07:19:46,21,False,"['Comedy', 'Romance', 'Drama']"
U04273,Singapore,25-34,2025-01-09 08:41:00,24,False,"['Animation', 'Fantasy']"
U04274,United Kingdom,45+,2024-04-04 03:39:20,18,False,"['Comedy', 'Documentary']"
U04275,India,25-34,2024-03-16 11:57:37,15,False,['Comedy']
U04276,Germany,18-24,2025-03-30 19:11:53,17,False,"['Documentary', 'Romance']"
U04277,India,18-24,2025-04-07 14:20:57,23,False,"['Romance', 'Documentary', 'Mystery', 'Drama']"
U04278,Germany,25-34,2025-05-28 16:21:08,32,False,"['Romance', 'Mystery', 'Animation']"
U04279,Germany,18-24,2024-02-22 04:09:13,15,False,"['Horror', 'Action', 'Sci-Fi', 'Comedy']"
U04280,Germany,35-44,2025-04-08 00:50:25,27,False,['Comedy']
U04281,Canada,18-24,2025-03-22 10:11:52,17,False,"['Drama', 'Documentary', 'Sci-Fi']"
U04282,Singapore,18-24,2025-01-31 20:18:23,28,False,"['Action', 'Comedy', 'Animation', 'Sci-Fi']"
U04283,United States,25-34,2024-09-14 08:49:09,26,False,"['Horror', 'Fantasy']"
U04284,Canada,18-24,2024-09-19 21:33:11,14,False,"['Comedy', 'Animation', 'Fantasy']"
U04285,India,25-34,2024-08-09 14:39:07,21,False,"['Sci-Fi', 'Romance', 'Drama']"
U04286,Germany,25-34,2024-01-16 03:03:19,17,False,"['Animation', 'Sci-Fi', 'Fantasy', 'Comedy']"
U04287,Australia,25-34,2024-09-15 20:12:40,25,False,"['Fantasy', 'Documentary', 'Comedy', 'Romance']"
U04288,Germany,35-44,2024-05-02 14:41:06,28,False,['Action']
U04289,Germany,35-44,2024-04-13 12:09:35,13,False,"['Romance', 'Sci-Fi']"
U04290,United Kingdom,35-44,2024-01-29 21:44:23,20,True,"['Action', 'Mystery']"
U04291,India,18-24,2024-08-24 14:57:45,23,False,"['Romance', 'Action']"
U04292,Singapore,18-24,2024-01-25 18:05:21,21,False,"['Mystery', 'Fantasy', 'Action', 'Horror']"
U04293,Canada,35-44,2025-03-15 07:19:24,30,False,"['Sci-Fi', 'Documentary', 'Romance', 'Fantasy']"
U04294,India,25-34,2025-04-04 20:55:24,13,False,"['Fantasy', 'Drama']"
U04295,Singapore,25-34,2025-02-18 02:15:09,22,False,"['Romance', 'Fantasy', 'Animation']"
U04296,Singapore,25-34,2024-06-04 14:39:08,22,False,"['Drama', 'Romance', 'Horror', 'Sci-Fi']"
U04297,Canada,35-44,2024-03-25 07:06:22,21,False,"['Romance', 'Mystery', 'Sci-Fi']"
U04298,Germany,18-24,2024-09-17 21:42:59,17,False,"['Romance', 'Horror', 'Mystery']"
U04299,India,25-34,2024-12-14 03:48:26,25,False,"['Drama', 'Romance', 'Mystery', 'Animation']"
U04300,India,18-24,2024-01-11 15:27:58,22,False,"['Sci-Fi', 'Animation', 'Drama']"
U04301,United States,25-34,2025-03-18 23:38:12,20,False,"['Animation', 'Action']"
U04302,Australia,25-34,2024-08-14 17:44:59,16,False,"['Comedy', 'Mystery']"
U04303,India,25-34,2025-02-27 19:40:34,11,False,"['Animation', 'Sci-Fi', 'Mystery']"
U04304,India,18-24,2024-02-10 07:26:21,24,False,"['Comedy', 'Documentary']"
U04305,Australia,35-44,2024-08-08 01:14:50,13,False,['Drama']
U04306,Germany,35-44,2024-08-24 22:47:46,17,False,"['Sci-Fi', 'Mystery', 'Action', 'Romance']"
U04307,Germany,25-34,2024-01-25 20:44:09,16,False,"['Comedy', 'Sci-Fi']"
U04308,Germany,45+,2024-12-31 17:57:46,16,False,"['Mystery', 'Sci-Fi']"
U04309,Germany,25-34,2025-04-26 09:57:00,19,False,['Documentary']
U04310,Australia,35-44,2024-10-06 11:44:09,28,False,"['Drama', 'Mystery']"
U04311,Canada,18-24,2024-07-23 16:08:33,16,False,"['Fantasy', 'Mystery']"
U04312,Germany,18-24,2024-11-24 20:07:50,17,False,['Romance']
U04313,United Kingdom,18-24,2024-07-05 14:59:53,17,False,"['Fantasy', 'Drama']"
U04314,India,18-24,2024-07-04 23:52:30,17,False,['Drama']
U04315,Germany,25-34,2025-01-27 16:03:41,22,True,"['Action', 'Drama']"
U04316,United States,18-24,2024-11-01 11:54:34,16,False,"['Mystery', 'Romance', 'Documentary', 'Drama']"
U04317,Singapore,25-34,2024-05-16 11:22:02,26,False,['Fantasy']
U04318,United Kingdom,18-24,2024-07-29 15:31:03,22,False,['Action']
U04319,Germany,18-24,2025-03-07 13:33:08,22,False,"['Drama', 'Sci-Fi']"
U04320,India,45+,2024-09-30 08:18:21,20,False,['Romance']
U04321,Australia,25-34,2024-02-09 07:38:51,23,False,['Action']
U04322,Canada,45+,2025-03-19 01:52:33,26,False,['Animation']
U04323,Canada,25-34,2025-01-17 22:44:40,23,False,"['Horror', 'Drama']"
U04324,United States,13-17,2024-05-17 23:29:00,23,False,"['Comedy', 'Action', 'Documentary', 'Romance']"
U04325,Singapore,25-34,2025-05-14 07:30:57,24,False,['Animation']
U04326,United Kingdom,25-34,2025-05-07 02:27:39,18,False,"['Comedy', 'Drama']"
U04327,Germany,13-17,2025-05-29 19:29:57,19,True,"['Fantasy', 'Romance']"
U04328,United Kingdom,35-44,2024-07-14 07:46:56,18,False,['Fantasy']
U04329,India,25-34,2025-04-22 14:33:52,27,False,"['Fantasy', 'Animation', 'Action']"
U04330,Singapore,35-44,2025-02-20 21:43:26,21,False,"['Horror', 'Action']"
U04331,United States,25-34,2025-03-26 04:25:11,14,False,['Documentary']
U04332,United States,25-34,2024-10-09 20:18:02,26,False,"['Horror', 'Romance']"
U04333,Singapore,18-24,2024-05-24 04:20:44,30,True,"['Comedy', 'Sci-Fi']"
U04334,Singapore,45+,2024-04-27 05:57:15,22,False,"['Fantasy', 'Mystery']"
U04335,Singapore,25-34,2025-05-14 18:10:22,17,False,"['Romance', 'Mystery']"
U04336,United Kingdom,18-24,2024-09-16 18:17:50,21,False,"['Horror', 'Romance', 'Sci-Fi', 'Animation']"
U04337,Germany,18-24,2025-04-24 17:20:27,24,False,"['Sci-Fi', 'Fantasy', 'Romance', 'Animation']"
U04338,United Kingdom,25-34,2024-10-13 18:48:14,27,True,"['Mystery', 'Romance']"
U04339,Germany,45+,2024-10-03 06:29:38,11,False,"['Horror', 'Fantasy', 'Mystery']"
U04340,Canada,35-44,2024-02-07 20:49:26,27,True,"['Drama', 'Animation', 'Documentary', 'Action']"
U04341,India,35-44,2024-07-26 20:58:46,19,False,"['Animation', 'Fantasy', 'Sci-Fi', 'Drama']"
U04342,United Kingdom,45+,2024-10-14 12:48:51,26,False,['Documentary']
U04343,Canada,35-44,2024-02-26 11:47:17,17,False,['Documentary']
U04344,United States,18-24,2024-03-24 18:28:01,22,False,"['Sci-Fi', 'Fantasy', 'Horror']"
U04345,United Kingdom,25-34,2024-11-01 08:35:15,19,False,"['Sci-Fi', 'Comedy', 'Drama', 'Documentary']"
U04346,Canada,18-24,2024-05-08 06:54:07,19,False,"['Fantasy', 'Romance', 'Sci-Fi', 'Comedy']"
U04347,India,18-24,2024-12-28 04:22:26,24,False,['Animation']
U04348,United States,25-34,2024-08-26 00:46:41,21,False,"['Romance', 'Comedy']"
U04349,Germany,18-24,2024-07-27 20:47:22,20,False,"['Horror', 'Drama', 'Sci-Fi', 'Action']"
U04350,United Kingdom,45+,2024-03-01 16:29:48,22,False,"['Comedy', 'Drama', 'Horror', 'Fantasy']"
U04351,Australia,45+,2024-07-28 22:00:53,16,False,"['Comedy', 'Mystery', 'Romance']"
U04352,Canada,18-24,2024-10-07 07:46:48,14,False,"['Drama', 'Fantasy']"
U04353,Canada,35-44,2024-10-23 09:38:51,26,False,['Animation']
U04354,United Kingdom,25-34,2024-05-19 16:29:25,25,False,"['Horror', 'Sci-Fi', 'Documentary', 'Romance']"
U04355,Canada,18-24,2024-01-15 08:44:42,17,False,"['Documentary', 'Fantasy']"
U04356,Germany,18-24,2025-04-28 07:08:50,23,False,"['Romance', 'Fantasy', 'Horror']"
U04357,Singapore,18-24,2025-05-10 05:12:00,24,False,"['Horror', 'Fantasy']"
U04358,United States,18-24,2025-04-12 10:20:40,16,False,"['Fantasy', 'Romance']"
U04359,Australia,18-24,2024-05-29 21:09:00,29,False,"['Mystery', 'Action', 'Fantasy']"
U04360,Singapore,18-24,2024-11-07 13:01:16,24,False,['Action']
U04361,India,18-24,2024-03-13 20:10:25,17,False,"['Documentary', 'Mystery', 'Animation', 'Action']"
U04362,Germany,45+,2025-04-13 04:10:23,17,False,"['Sci-Fi', 'Fantasy']"
U04363,Canada,18-24,2024-01-03 20:06:00,25,True,['Action']
U04364,Singapore,18-24,2024-08-31 08:03:58,17,False,"['Drama', 'Horror']"
U04365,Australia,25-34,2025-03-19 00:18:36,23,False,"['Animation', 'Romance']"
U04366,Germany,18-24,2025-01-10 02:45:44,19,False,"['Sci-Fi', 'Romance', 'Drama', 'Action']"
U04367,United States,25-34,2025-03-22 06:40:37,21,False,"['Action', 'Horror', 'Animation']"
U04368,India,13-17,2024-09-13 14:58:15,25,False,"['Mystery', 'Drama']"
U04369,Singapore,25-34,2024-02-19 06:33:51,24,False,"['Action', 'Comedy', 'Documentary', 'Sci-Fi']"
U04370,Canada,25-34,2024-01-05 01:09:47,13,False,"['Fantasy', 'Horror', 'Drama', 'Romance']"
U04371,Canada,25-34,2024-03-19 17:00:36,23,False,"['Comedy', 'Horror']"
U04372,United States,25-34,2024-01-30 17:59:16,19,False,['Action']
U04373,United States,25-34,2024-08-19 13:34:15,19,False,"['Romance', 'Fantasy']"
U04374,Germany,18-24,2024-01-27 03:13:25,15,False,"['Horror', 'Comedy', 'Animation']"
U04375,United Kingdom,18-24,2024-04-06 00:13:02,24,False,"['Animation', 'Sci-Fi']"
U04376,Australia,25-34,2024-08-04 20:03:55,20,False,['Animation']
U04377,United Kingdom,13-17,2025-01-15 10:04:07,15,False,"['Comedy', 'Mystery', 'Romance', 'Drama']"
U04378,United States,18-24,2024-12-14 13:53:46,16,False,['Animation']
U04379,United States,25-34,2024-01-31 00:09:25,22,False,"['Mystery', 'Action']"
U04380,Singapore,18-24,2025-04-12 00:00:23,18,False,"['Sci-Fi', 'Action', 'Animation', 'Comedy']"
U04381,Singapore,18-24,2024-10-11 04:47:36,17,False,"['Fantasy', 'Romance']"
U04382,India,25-34,2024-06-29 08:48:50,19,False,"['Drama', 'Romance']"
U04383,United Kingdom,18-24,2024-07-16 21:40:39,21,False,"['Sci-Fi', 'Documentary', 'Drama']"
U04384,Canada,35-44,2025-03-14 15:10:09,23,False,"['Mystery', 'Comedy', 'Animation', 'Action']"
U04385,United Kingdom,45+,2024-08-28 09:03:21,15,False,"['Documentary', 'Action', 'Animation']"
U04386,Germany,45+,2024-05-07 02:17:40,25,False,"['Romance', 'Mystery', 'Fantasy']"
U04387,United States,25-34,2024-08-07 14:23:10,14,False,"['Horror', 'Animation', 'Comedy', 'Action']"
U04388,India,18-24,2024-02-05 09:06:22,14,False,"['Romance', 'Fantasy', 'Comedy', 'Action']"
U04389,United Kingdom,25-34,2024-03-20 04:23:56,20,True,"['Romance', 'Horror', 'Fantasy']"
U04390,Australia,25-34,2024-06-11 15:18:28,23,False,['Romance']
U04391,United States,25-34,2024-04-23 21:15:09,26,False,"['Documentary', 'Drama', 'Romance', 'Mystery']"
U04392,Germany,18-24,2024-06-29 14:04:42,18,False,"['Romance', 'Animation', 'Drama']"
U04393,India,18-24,2024-02-03 12:08:02,19,False,"['Sci-Fi', 'Mystery']"
U04394,India,18-24,2024-11-11 09:34:49,23,False,"['Sci-Fi', 'Mystery', 'Fantasy', 'Animation']"
U04395,Canada,18-24,2024-02-29 14:27:48,19,False,"['Comedy', 'Documentary', 'Action', 'Fantasy']"
U04396,Canada,18-24,2024-04-22 04:07:51,22,False,['Documentary']
U04397,United Kingdom,45+,2025-05-20 13:43:08,19,False,['Mystery']
U04398,United States,13-17,2024-01-04 01:18:27,15,False,"['Fantasy', 'Sci-Fi', 'Comedy']"
U04399,India,25-34,2024-05-24 15:35:41,19,False,"['Action', 'Animation', 'Mystery']"
U04400,Australia,45+,2024-09-15 14:21:36,17,False,['Horror']
U04401,United Kingdom,18-24,2024-06-07 17:34:22,21,False,"['Horror', 'Drama', 'Animation', 'Comedy']"
U04402,India,25-34,2024-06-14 17:08:02,22,False,"['Comedy', 'Sci-Fi']"
U04403,United Kingdom,25-34,2024-03-06 17:08:07,16,False,"['Sci-Fi', 'Animation', 'Documentary', 'Action']"
U04404,Singapore,18-24,2024-08-06 21:35:55,17,True,"['Drama', 'Animation']"
U04405,United States,25-34,2025-01-25 10:04:38,24,False,"['Documentary', 'Fantasy', 'Mystery']"
U04406,Singapore,35-44,2024-10-30 22:48:34,17,False,"['Documentary', 'Action']"
U04407,United States,35-44,2025-04-22 18:45:50,20,False,"['Romance', 'Animation', 'Mystery', 'Action']"
U04408,United States,35-44,2024-12-27 17:54:05,25,False,"['Horror', 'Documentary', 'Sci-Fi', 'Romance']"
U04409,United States,45+,2025-02-12 07:13:28,20,False,"['Horror', 'Animation']"
U04410,United Kingdom,18-24,2024-08-11 04:18:55,19,False,"['Comedy', 'Drama', 'Documentary', 'Animation']"
U04411,India,35-44,2024-11-12 17:20:13,21,False,"['Sci-Fi', 'Action']"
U04412,Australia,25-34,2024-10-25 21:43:25,20,False,"['Sci-Fi', 'Animation']"
U04413,United Kingdom,25-34,2025-02-24 10:35:38,28,False,"['Sci-Fi', 'Drama', 'Comedy', 'Action']"
U04414,Germany,35-44,2024-09-16 01:30:55,33,False,"['Mystery', 'Animation', 'Comedy']"
U04415,Canada,35-44,2024-07-27 23:41:19,19,False,"['Sci-Fi', 'Horror', 'Drama']"
U04416,Canada,35-44,2024-02-06 05:12:39,13,True,"['Action', 'Sci-Fi']"
U04417,Canada,18-24,2025-03-20 08:38:35,18,False,"['Romance', 'Drama', 'Action', 'Documentary']"
U04418,United States,25-34,2024-08-13 04:05:45,16,False,"['Drama', 'Animation', 'Comedy', 'Mystery']"
U04419,Australia,18-24,2025-02-16 20:01:18,15,False,['Fantasy']
U04420,India,25-34,2024-12-16 14:10:13,16,False,"['Romance', 'Comedy', 'Drama']"
U04421,Germany,35-44,2024-01-01 21:23:57,18,False,"['Comedy', 'Sci-Fi', 'Action', 'Fantasy']"
U04422,Singapore,35-44,2024-12-02 17:55:11,13,True,"['Animation', 'Fantasy']"
U04423,Germany,25-34,2024-09-09 04:32:58,19,False,['Drama']
U04424,Canada,25-34,2024-05-03 23:05:52,25,False,"['Romance', 'Fantasy', 'Documentary', 'Drama']"
U04425,United Kingdom,18-24,2024-05-16 19:21:44,20,False,['Documentary']
U04426,Singapore,18-24,2024-11-25 19:44:57,25,False,"['Romance', 'Fantasy', 'Action', 'Drama']"
U04427,United States,18-24,2024-02-14 13:58:40,26,False,"['Romance', 'Fantasy']"
U04428,Canada,45+,2024-11-09 11:06:18,28,False,"['Drama', 'Comedy', 'Horror']"
U04429,Germany,18-24,2025-03-13 11:36:01,25,False,"['Romance', 'Drama']"
U04430,Singapore,45+,2024-02-14 21:34:31,25,False,"['Romance', 'Comedy']"
U04431,Singapore,18-24,2024-01-05 02:38:22,13,False,"['Comedy', 'Action', 'Mystery']"
U04432,India,35-44,2024-02-01 07:56:42,18,False,['Sci-Fi']
U04433,Singapore,25-34,2025-01-12 11:52:07,25,False,"['Comedy', 'Mystery', 'Sci-Fi']"
U04434,India,25-34,2025-03-14 07:22:10,23,False,"['Romance', 'Sci-Fi', 'Documentary']"
U04435,Australia,25-34,2025-05-25 21:29:16,19,False,['Action']
U04436,Singapore,35-44,2024-01-15 21:45:08,19,False,['Sci-Fi']
U04437,Australia,45+,2024-09-06 04:54:04,24,False,"['Horror', 'Drama']"
U04438,Singapore,25-34,2024-01-25 21:42:06,22,False,"['Horror', 'Comedy', 'Fantasy']"
U04439,United Kingdom,18-24,2024-07-10 22:21:08,20,False,['Documentary']
U04440,United Kingdom,18-24,2024-06-08 05:03:39,20,False,['Action']
U04441,United Kingdom,35-44,2024-11-09 05:10:31,23,True,['Mystery']
U04442,United Kingdom,25-34,2025-04-14 22:49:57,16,False,"['Animation', 'Action', 'Fantasy']"
U04443,Australia,25-34,2025-02-20 00:41:26,23,False,"['Romance', 'Documentary', 'Animation']"
U04444,Canada,25-34,2024-02-02 21:22:29,24,False,['Fantasy']
U04445,Germany,18-24,2024-05-04 05:02:48,19,False,['Comedy']
U04446,United Kingdom,35-44,2024-05-22 02:56:58,17,False,"['Animation', 'Drama']"
U04447,United Kingdom,35-44,2024-05-09 14:42:11,12,False,"['Horror', 'Animation', 'Drama']"
U04448,United States,35-44,2024-07-01 14:55:57,17,False,['Horror']
U04449,Canada,35-44,2024-11-09 21:51:53,17,False,['Animation']
U04450,Singapore,35-44,2025-01-17 08:42:40,16,False,"['Documentary', 'Comedy', 'Animation']"
U04451,Singapore,25-34,2025-04-30 22:01:43,19,False,['Mystery']
U04452,United States,45+,2024-12-29 09:51:29,20,False,['Horror']
U04453,Canada,18-24,2024-06-03 07:02:35,20,False,"['Fantasy', 'Documentary']"
U04454,Australia,25-34,2024-04-05 04:22:41,32,False,"['Drama', 'Romance', 'Horror', 'Comedy']"
U04455,Australia,35-44,2024-07-13 18:46:18,21,False,"['Fantasy', 'Sci-Fi']"
U04456,India,25-34,2025-02-17 10:05:37,18,False,"['Horror', 'Documentary']"
U04457,Australia,18-24,2025-05-28 13:16:46,20,False,"['Horror', 'Fantasy']"
U04458,India,25-34,2024-07-21 19:35:31,24,False,['Fantasy']
U04459,India,18-24,2024-04-01 02:33:52,20,False,"['Comedy', 'Horror', 'Drama']"
U04460,Australia,45+,2024-01-03 13:27:19,19,False,"['Animation', 'Mystery', 'Horror']"
U04461,India,18-24,2024-02-09 19:01:15,14,False,"['Documentary', 'Action']"
U04462,United Kingdom,18-24,2024-11-25 06:17:39,18,False,"['Mystery', 'Horror', 'Comedy', 'Action']"
U04463,Australia,25-34,2024-10-31 21:40:58,18,False,['Horror']
U04464,Australia,18-24,2024-11-28 14:22:11,15,False,"['Action', 'Fantasy', 'Documentary']"
U04465,Canada,18-24,2024-01-13 13:06:17,19,False,['Sci-Fi']
U04466,India,25-34,2024-08-13 21:54:08,17,False,"['Horror', 'Drama', 'Sci-Fi', 'Action']"
U04467,Germany,25-34,2024-04-03 06:48:55,17,False,['Romance']
U04468,Singapore,18-24,2024-06-22 23:28:49,25,False,"['Animation', 'Fantasy', 'Documentary', 'Sci-Fi']"
U04469,Singapore,25-34,2024-11-17 16:22:17,17,False,['Romance']
U04470,Germany,25-34,2024-05-22 13:10:16,25,False,"['Sci-Fi', 'Comedy']"
U04471,United Kingdom,35-44,2024-12-06 23:13:47,14,False,['Documentary']
U04472,Singapore,18-24,2024-05-29 11:55:27,14,False,['Animation']
U04473,Canada,18-24,2024-09-20 21:21:23,21,False,"['Action', 'Horror', 'Fantasy']"
U04474,India,45+,2024-08-25 08:29:01,21,False,['Horror']
U04475,Germany,25-34,2024-07-17 09:32:44,20,False,"['Romance', 'Animation']"
U04476,United Kingdom,13-17,2024-03-06 03:52:31,11,False,"['Action', 'Animation', 'Sci-Fi', 'Horror']"
U04477,Singapore,35-44,2024-10-24 21:27:34,22,False,"['Animation', 'Sci-Fi', 'Fantasy']"
U04478,United Kingdom,18-24,2025-05-26 21:04:44,16,False,"['Horror', 'Sci-Fi', 'Documentary', 'Mystery']"
U04479,Singapore,35-44,2024-11-28 15:07:49,17,False,"['Action', 'Documentary']"
U04480,Canada,35-44,2025-01-20 13:51:44,19,False,['Documentary']
U04481,Canada,45+,2025-02-19 09:36:18,16,False,['Action']
U04482,United Kingdom,45+,2024-01-20 18:06:05,18,False,"['Sci-Fi', 'Mystery']"
U04483,Germany,18-24,2025-02-13 20:27:08,23,False,"['Romance', 'Animation', 'Fantasy', 'Documentary']"
U04484,India,35-44,2024-05-05 08:30:55,20,False,"['Romance', 'Comedy', 'Fantasy', 'Documentary']"
U04485,Canada,18-24,2024-12-09 16:50:52,29,False,['Sci-Fi']
U04486,United Kingdom,25-34,2025-05-23 15:42:50,19,False,"['Animation', 'Action', 'Documentary']"
U04487,Canada,25-34,2025-04-07 07:38:16,15,False,"['Mystery', 'Comedy', 'Action', 'Romance']"
U04488,United States,18-24,2024-08-02 06:15:14,24,False,['Fantasy']
U04489,Australia,13-17,2025-03-09 06:13:02,24,False,"['Drama', 'Fantasy', 'Mystery', 'Documentary']"
U04490,United Kingdom,18-24,2024-11-15 19:35:50,18,False,"['Animation', 'Mystery', 'Sci-Fi']"
U04491,United States,18-24,2024-03-09 21:18:59,26,False,"['Romance', 'Comedy', 'Drama', 'Sci-Fi']"
U04492,United States,18-24,2024-05-04 00:49:50,20,True,"['Sci-Fi', 'Comedy', 'Fantasy']"
U04493,Australia,45+,2025-05-09 14:28:42,17,True,"['Documentary', 'Drama', 'Mystery']"
U04494,United States,25-34,2025-04-18 03:58:03,16,False,['Drama']
U04495,United Kingdom,35-44,2025-04-06 00:44:18,20,False,['Fantasy']
U04496,Australia,35-44,2024-07-17 15:15:56,20,False,"['Fantasy', 'Romance', 'Drama', 'Animation']"
U04497,United Kingdom,35-44,2024-06-14 22:03:51,28,False,['Animation']
U04498,United Kingdom,18-24,2025-02-20 16:57:11,16,False,['Mystery']
U04499,United States,35-44,2024-01-11 10:26:53,21,False,"['Mystery', 'Documentary']"
U04500,United Kingdom,35-44,2025-04-08 23:57:24,22,False,"['Mystery', 'Sci-Fi']"
U04501,Australia,35-44,2024-11-08 06:08:00,23,False,"['Horror', 'Romance', 'Fantasy', 'Action']"
U04502,Canada,45+,2024-11-23 02:34:56,12,False,"['Documentary', 'Drama', 'Action', 'Mystery']"
U04503,Singapore,25-34,2024-08-14 15:53:07,24,False,['Sci-Fi']
U04504,Germany,25-34,2025-05-21 07:12:01,22,False,"['Comedy', 'Drama', 'Documentary', 'Mystery']"
U04505,India,35-44,2025-01-22 12:37:23,26,False,"['Sci-Fi', 'Fantasy', 'Romance']"
U04506,United Kingdom,25-34,2024-01-28 19:59:36,17,False,['Romance']
U04507,United Kingdom,35-44,2024-09-28 05:14:01,21,False,"['Horror', 'Mystery', 'Comedy', 'Romance']"
U04508,Australia,18-24,2025-03-20 10:11:31,15,False,"['Comedy', 'Fantasy', 'Drama']"
U04509,United States,13-17,2024-02-09 13:05:35,15,False,"['Horror', 'Drama']"
U04510,Singapore,25-34,2025-01-15 23:05:29,27,False,"['Mystery', 'Documentary', 'Animation', 'Fantasy']"
U04511,United Kingdom,18-24,2024-05-06 12:04:53,21,False,['Comedy']
U04512,Canada,45+,2024-09-18 20:57:07,15,False,"['Sci-Fi', 'Action', 'Fantasy']"
U04513,India,13-17,2025-04-01 06:21:17,16,False,['Mystery']
U04514,Singapore,35-44,2024-09-11 12:51:04,15,False,"['Sci-Fi', 'Action']"
U04515,Singapore,18-24,2024-01-20 11:39:13,24,False,['Animation']
U04516,Germany,45+,2024-01-11 17:46:29,14,False,"['Action', 'Comedy']"
U04517,United Kingdom,18-24,2025-01-15 20:35:50,15,False,['Documentary']
U04518,India,13-17,2025-04-26 06:49:55,17,False,"['Action', 'Animation', 'Sci-Fi', 'Drama']"
U04519,Australia,13-17,2024-05-30 22:26:06,11,True,"['Romance', 'Animation']"
U04520,Canada,25-34,2024-08-22 00:21:16,21,False,"['Fantasy', 'Sci-Fi', 'Horror']"
U04521,Singapore,45+,2024-01-31 08:31:14,20,False,"['Mystery', 'Action']"
U04522,Australia,45+,2024-10-01 12:42:55,10,False,['Action']
U04523,Canada,18-24,2025-05-18 09:54:30,33,True,"['Comedy', 'Sci-Fi']"
U04524,Singapore,25-34,2024-05-09 07:00:34,20,True,['Sci-Fi']
U04525,Germany,18-24,2025-05-11 15:32:47,21,False,"['Sci-Fi', 'Animation', 'Horror', 'Drama']"
U04526,Canada,25-34,2024-12-03 01:31:30,24,False,"['Horror', 'Animation', 'Drama']"
U04527,India,25-34,2024-07-23 18:31:55,21,False,['Mystery']
U04528,India,18-24,2024-12-24 12:13:51,24,False,['Fantasy']
U04529,Canada,25-34,2024-07-26 04:34:50,21,False,['Romance']
U04530,Canada,35-44,2024-02-13 23:25:04,13,False,"['Sci-Fi', 'Documentary']"
U04531,India,13-17,2025-03-26 04:25:41,26,False,"['Documentary', 'Fantasy', 'Comedy', 'Romance']"
U04532,India,18-24,2024-07-12 07:41:13,16,False,"['Animation', 'Sci-Fi']"
U04533,Australia,18-24,2024-10-19 11:59:45,25,False,"['Sci-Fi', 'Documentary']"
U04534,Germany,18-24,2025-01-19 20:14:00,14,False,"['Animation', 'Sci-Fi', 'Action']"
U04535,India,18-24,2024-02-12 20:40:40,19,False,['Horror']
U04536,Canada,25-34,2025-01-08 02:04:43,22,False,"['Fantasy', 'Documentary']"
U04537,India,18-24,2024-07-07 19:56:18,24,False,"['Horror', 'Drama']"
U04538,Germany,35-44,2024-10-08 13:26:17,26,False,"['Documentary', 'Romance', 'Horror', 'Sci-Fi']"
U04539,Germany,35-44,2024-08-24 07:56:47,21,False,"['Documentary', 'Action']"
U04540,Singapore,45+,2025-02-06 01:23:19,20,False,"['Comedy', 'Sci-Fi', 'Mystery', 'Documentary']"
U04541,Australia,25-34,2024-04-06 23:03:39,13,False,"['Horror', 'Comedy', 'Animation', 'Romance']"
U04542,Australia,18-24,2024-02-25 15:39:28,20,False,['Comedy']
U04543,Singapore,18-24,2024-07-31 11:06:21,25,False,"['Animation', 'Comedy', 'Horror']"
U04544,Australia,18-24,2024-03-02 02:45:55,13,False,['Sci-Fi']
U04545,Canada,45+,2024-05-05 11:43:16,25,False,"['Drama', 'Mystery', 'Action', 'Fantasy']"
U04546,Germany,45+,2024-12-05 22:07:38,28,False,"['Animation', 'Romance']"
U04547,Australia,18-24,2025-02-27 07:12:39,13,False,"['Mystery', 'Fantasy', 'Animation']"
U04548,Germany,18-24,2024-12-24 10:53:11,16,False,"['Romance', 'Drama', 'Comedy']"
U04549,Canada,25-34,2024-06-13 06:16:30,13,False,"['Mystery', 'Drama', 'Documentary']"
U04550,Singapore,18-24,2025-02-25 02:38:57,24,False,"['Comedy', 'Sci-Fi', 'Horror']"
U04551,India,45+,2024-07-28 22:44:43,16,False,"['Romance', 'Documentary', 'Mystery', 'Animation']"
U04552,India,18-24,2024-04-03 14:18:20,22,False,"['Horror', 'Mystery']"
U04553,India,18-24,2025-01-25 23:30:29,21,False,"['Mystery', 'Comedy', 'Drama']"
U04554,Canada,25-34,2024-09-24 04:06:09,28,False,"['Horror', 'Action']"
U04555,Australia,18-24,2024-07-10 14:13:14,27,False,"['Documentary', 'Sci-Fi', 'Action']"
U04556,United States,18-24,2024-12-07 15:35:41,16,False,['Fantasy']
U04557,United States,35-44,2025-01-09 16:47:19,18,False,"['Documentary', 'Animation']"
U04558,Singapore,18-24,2024-04-25 15:39:51,20,False,"['Horror', 'Documentary']"
U04559,Germany,25-34,2024-03-01 15:08:16,19,False,"['Comedy', 'Drama', 'Romance', 'Documentary']"
U04560,Australia,25-34,2024-09-24 06:02:27,24,False,"['Mystery', 'Drama', 'Fantasy', 'Sci-Fi']"
U04561,Canada,18-24,2024-01-27 15:24:59,13,False,"['Romance', 'Sci-Fi', 'Action']"
U04562,United Kingdom,13-17,2024-11-26 01:49:33,22,False,['Sci-Fi']
U04563,India,18-24,2024-08-15 09:12:33,20,False,"['Drama', 'Documentary']"
U04564,United States,18-24,2024-04-20 20:53:22,17,False,['Animation']
U04565,Singapore,18-24,2024-11-05 11:17:09,20,False,"['Mystery', 'Sci-Fi']"
U04566,United Kingdom,35-44,2024-07-13 03:59:26,24,False,['Horror']
U04567,Australia,35-44,2024-07-19 19:30:21,30,False,"['Drama', 'Horror']"
U04568,Australia,45+,2024-04-21 20:19:55,22,False,"['Sci-Fi', 'Fantasy', 'Drama', 'Mystery']"
U04569,United Kingdom,25-34,2024-12-15 12:52:04,25,False,"['Romance', 'Animation', 'Drama']"
U04570,United States,35-44,2025-04-11 19:42:56,16,False,"['Action', 'Documentary', 'Fantasy', 'Mystery']"
U04571,Australia,25-34,2024-11-15 20:34:58,17,False,['Fantasy']
U04572,India,18-24,2024-05-02 10:12:01,18,True,"['Fantasy', 'Documentary', 'Horror', 'Sci-Fi']"
U04573,Canada,18-24,2025-03-06 20:42:09,18,False,"['Documentary', 'Animation', 'Drama']"
U04574,Singapore,25-34,2024-03-03 11:18:57,17,True,['Fantasy']
U04575,Australia,35-44,2024-05-29 19:31:12,12,False,['Romance']
U04576,Germany,25-34,2024-01-19 04:12:25,21,False,['Documentary']
U04577,India,18-24,2025-03-14 14:47:28,20,True,"['Comedy', 'Sci-Fi', 'Animation', 'Horror']"
U04578,United States,45+,2024-01-24 05:46:57,14,False,"['Horror', 'Mystery']"
U04579,United States,18-24,2024-10-09 09:52:28,22,False,"['Romance', 'Documentary']"
U04580,United Kingdom,45+,2024-04-09 01:12:07,14,False,"['Mystery', 'Fantasy', 'Animation', 'Drama']"
U04581,United States,35-44,2024-04-19 17:03:44,22,False,['Drama']
U04582,Singapore,35-44,2024-11-10 10:39:04,25,False,"['Action', 'Romance', 'Sci-Fi']"
U04583,United States,35-44,2025-02-19 13:15:04,18,False,"['Comedy', 'Drama', 'Sci-Fi', 'Action']"
U04584,Australia,18-24,2024-01-10 02:59:58,21,False,['Comedy']
U04585,Australia,25-34,2024-03-23 00:18:26,23,False,['Sci-Fi']
U04586,Australia,35-44,2024-05-28 05:55:07,26,False,"['Romance', 'Horror', 'Action', 'Animation']"
U04587,United States,35-44,2025-05-02 19:39:22,19,False,"['Romance', 'Horror', 'Sci-Fi']"
U04588,United Kingdom,18-24,2024-01-31 01:44:05,17,False,"['Documentary', 'Animation', 'Comedy', 'Drama']"
U04589,Australia,18-24,2024-04-02 06:50:44,17,False,['Romance']
U04590,United Kingdom,18-24,2024-07-27 16:35:52,23,False,"['Mystery', 'Comedy', 'Action']"
U04591,Australia,25-34,2024-06-17 08:06:17,12,False,"['Sci-Fi', 'Documentary', 'Animation', 'Fantasy']"
U04592,India,25-34,2024-01-26 02:44:24,19,False,"['Action', 'Fantasy', 'Drama']"
U04593,India,35-44,2024-10-06 06:43:35,18,False,"['Action', 'Animation', 'Fantasy', 'Documentary']"
U04594,Germany,35-44,2024-11-10 02:22:42,20,False,"['Fantasy', 'Action', 'Mystery']"
U04595,Australia,25-34,2024-04-01 12:06:33,19,False,"['Fantasy', 'Comedy']"
U04596,India,18-24,2024-12-21 21:58:05,20,False,['Action']
U04597,Singapore,25-34,2024-01-30 08:02:33,18,False,"['Horror', 'Drama', 'Documentary', 'Fantasy']"
U04598,India,18-24,2025-01-13 02:26:10,19,True,['Action']
U04599,Singapore,18-24,2024-05-13 23:36:57,26,False,['Drama']
U04600,Germany,13-17,2024-04-25 23:39:10,19,False,['Romance']
U04601,Singapore,18-24,2024-04-11 12:49:02,18,False,['Comedy']
U04602,Singapore,18-24,2025-03-25 00:21:00,24,False,"['Horror', 'Animation']"
U04603,United Kingdom,25-34,2024-09-16 14:07:03,28,False,"['Romance', 'Mystery', 'Drama']"
U04604,Germany,18-24,2024-12-22 21:05:44,20,False,"['Fantasy', 'Mystery', 'Action']"
U04605,United States,18-24,2024-04-15 10:41:58,15,False,['Sci-Fi']
U04606,Canada,13-17,2024-01-30 06:54:57,15,False,['Romance']
U04607,United States,25-34,2024-01-20 17:50:11,17,True,"['Mystery', 'Animation', 'Romance', 'Sci-Fi']"
U04608,Canada,25-34,2024-08-15 21:01:59,20,False,"['Mystery', 'Drama', 'Action']"
U04609,Singapore,18-24,2024-06-17 18:33:48,18,False,"['Horror', 'Drama', 'Action', 'Comedy']"
U04610,Canada,18-24,2025-01-31 22:19:21,14,True,"['Drama', 'Mystery']"
U04611,India,45+,2025-02-11 14:33:47,19,False,['Documentary']
U04612,United Kingdom,25-34,2024-06-09 17:34:18,25,True,['Horror']
U04613,Germany,25-34,2024-08-12 03:37:04,14,False,"['Horror', 'Drama']"
U04614,Canada,25-34,2024-07-16 06:22:52,14,False,"['Horror', 'Romance', 'Animation']"
U04615,Canada,35-44,2024-12-15 00:26:22,21,False,"['Romance', 'Horror']"
U04616,Canada,35-44,2024-11-21 12:07:27,15,True,"['Fantasy', 'Documentary']"
U04617,United Kingdom,18-24,2024-12-02 14:34:22,20,False,['Mystery']
U04618,Australia,25-34,2024-01-29 16:24:24,17,False,['Mystery']
U04619,Australia,18-24,2024-06-23 17:09:47,19,False,"['Comedy', 'Drama']"
U04620,Singapore,25-34,2025-05-14 21:43:47,20,False,"['Documentary', 'Mystery', 'Comedy', 'Horror']"
U04621,Australia,18-24,2024-06-25 17:11:07,10,False,"['Action', 'Animation']"
U04622,Singapore,13-17,2024-03-31 04:57:37,20,False,['Documentary']
U04623,Germany,45+,2024-04-13 04:47:06,25,False,"['Mystery', 'Romance', 'Documentary']"
U04624,India,35-44,2024-01-14 18:56:46,17,False,"['Comedy', 'Romance', 'Action', 'Animation']"
U04625,United Kingdom,18-24,2025-02-07 16:10:22,19,False,"['Fantasy', 'Sci-Fi', 'Romance']"
U04626,United Kingdom,45+,2024-01-03 18:02:51,25,False,"['Comedy', 'Mystery']"
U04627,India,18-24,2024-11-04 04:42:57,21,False,['Drama']
U04628,United States,25-34,2024-07-25 13:40:14,15,False,"['Horror', 'Animation']"
U04629,Germany,35-44,2024-02-18 22:49:36,23,False,['Comedy']
U04630,United Kingdom,18-24,2025-04-02 03:48:56,20,False,"['Mystery', 'Fantasy', 'Romance']"
U04631,United States,25-34,2025-01-18 14:19:20,19,False,"['Documentary', 'Drama', 'Fantasy']"
U04632,United Kingdom,25-34,2025-02-27 19:36:28,14,False,"['Action', 'Mystery']"
U04633,United States,18-24,2025-04-29 06:00:34,13,False,"['Sci-Fi', 'Comedy', 'Animation', 'Documentary']"
U04634,United States,25-34,2025-04-16 12:39:51,20,False,"['Mystery', 'Animation', 'Horror', 'Romance']"
U04635,India,18-24,2024-12-28 05:39:57,25,False,"['Drama', 'Sci-Fi', 'Comedy', 'Action']"
U04636,Germany,25-34,2024-10-02 23:10:15,25,False,['Horror']
U04637,Germany,18-24,2024-12-26 08:21:25,20,False,"['Fantasy', 'Documentary']"
U04638,Canada,18-24,2024-08-20 00:02:35,20,False,"['Romance', 'Drama']"
U04639,Australia,35-44,2024-04-03 17:48:56,26,False,['Drama']
U04640,Singapore,18-24,2024-07-18 11:45:46,23,False,"['Documentary', 'Mystery', 'Horror']"
U04641,Germany,25-34,2024-08-29 09:23:46,16,False,['Romance']
U04642,India,35-44,2024-01-24 23:57:19,19,False,"['Action', 'Romance', 'Fantasy', 'Animation']"
U04643,Singapore,35-44,2025-03-14 03:23:28,24,False,"['Mystery', 'Comedy', 'Horror']"
U04644,India,18-24,2025-04-15 05:20:23,20,False,"['Drama', 'Romance', 'Documentary']"
U04645,India,35-44,2024-08-05 03:08:31,16,False,"['Mystery', 'Romance', 'Drama', 'Action']"
U04646,United Kingdom,35-44,2024-09-13 12:33:10,25,False,"['Mystery', 'Horror', 'Documentary', 'Fantasy']"
U04647,Germany,18-24,2025-03-10 18:46:12,25,False,"['Romance', 'Horror', 'Mystery']"
U04648,India,35-44,2024-08-23 06:28:36,18,False,"['Comedy', 'Fantasy', 'Animation', 'Romance']"
U04649,United Kingdom,35-44,2024-12-21 18:25:26,20,False,"['Drama', 'Fantasy', 'Action', 'Horror']"
U04650,United States,25-34,2024-09-23 08:11:53,19,False,"['Documentary', 'Horror', 'Fantasy', 'Comedy']"
U04651,United Kingdom,25-34,2024-05-20 04:11:19,20,False,"['Action', 'Horror', 'Fantasy', 'Comedy']"
U04652,Singapore,35-44,2025-02-14 13:52:09,19,False,['Fantasy']
U04653,United Kingdom,45+,2024-04-09 15:13:23,32,False,['Sci-Fi']
U04654,United States,25-34,2024-04-26 01:14:14,30,False,"['Drama', 'Sci-Fi', 'Horror']"
U04655,India,35-44,2024-12-23 10:45:48,19,False,"['Animation', 'Comedy']"
U04656,United States,35-44,2025-01-02 00:26:51,22,True,['Animation']
U04657,India,35-44,2025-05-08 11:01:23,13,False,"['Drama', 'Romance']"
U04658,Australia,45+,2025-01-02 11:13:51,30,False,"['Comedy', 'Action', 'Horror']"
U04659,United Kingdom,18-24,2024-01-13 18:32:00,23,False,['Documentary']
U04660,Canada,18-24,2025-03-15 05:15:03,24,False,"['Romance', 'Comedy', 'Mystery']"
U04661,Germany,25-34,2024-08-01 23:53:35,28,False,"['Sci-Fi', 'Mystery', 'Fantasy']"
U04662,Australia,25-34,2024-01-05 11:44:45,24,False,"['Animation', 'Mystery', 'Fantasy']"
U04663,United States,25-34,2024-10-26 08:48:42,20,False,"['Comedy', 'Documentary', 'Fantasy', 'Romance']"
U04664,United Kingdom,35-44,2024-03-29 02:16:04,20,False,"['Drama', 'Action', 'Animation']"
U04665,United Kingdom,45+,2024-08-03 01:25:45,25,False,"['Drama', 'Sci-Fi']"
U04666,Germany,25-34,2024-08-31 12:44:57,29,True,['Action']
U04667,United Kingdom,35-44,2024-02-08 08:54:17,12,False,"['Action', 'Comedy', 'Sci-Fi', 'Drama']"
U04668,India,18-24,2025-03-15 17:30:18,19,False,"['Animation', 'Drama', 'Action']"
U04669,Germany,25-34,2024-09-20 20:24:46,18,False,['Sci-Fi']
U04670,United Kingdom,13-17,2025-05-13 23:10:12,16,False,['Documentary']
U04671,India,25-34,2024-08-28 07:54:58,11,False,['Comedy']
U04672,Australia,25-34,2024-11-03 13:07:47,19,False,"['Sci-Fi', 'Mystery', 'Documentary']"
U04673,United States,35-44,2025-02-23 23:30:35,19,True,"['Horror', 'Drama']"
U04674,Singapore,25-34,2024-04-19 16:09:30,19,False,"['Action', 'Sci-Fi']"
U04675,Germany,18-24,2025-04-14 22:23:20,25,False,"['Horror', 'Fantasy', 'Sci-Fi', 'Action']"
U04676,United Kingdom,13-17,2024-04-05 10:19:36,19,False,"['Documentary', 'Fantasy']"
U04677,Canada,18-24,2025-05-29 21:42:55,29,False,"['Sci-Fi', 'Comedy', 'Drama']"
U04678,Canada,45+,2024-11-26 14:13:14,20,False,"['Mystery', 'Romance', 'Documentary']"
U04679,Australia,45+,2024-09-25 04:44:32,15,False,['Animation']
U04680,India,18-24,2024-04-18 14:32:16,23,False,"['Animation', 'Action', 'Drama', 'Romance']"
U04681,United Kingdom,18-24,2024-10-21 05:19:19,18,False,"['Romance', 'Mystery', 'Comedy', 'Animation']"
U04682,United States,25-34,2024-10-12 22:42:31,23,False,"['Horror', 'Fantasy', 'Romance']"
U04683,Australia,25-34,2025-05-23 14:06:42,15,False,"['Romance', 'Drama', 'Sci-Fi']"
U04684,India,18-24,2025-03-07 14:20:47,23,True,"['Comedy', 'Animation', 'Horror', 'Romance']"
U04685,Canada,18-24,2024-09-06 15:44:44,20,False,"['Animation', 'Comedy']"
U04686,Germany,25-34,2024-07-20 12:52:55,18,False,"['Animation', 'Comedy', 'Romance']"
U04687,Singapore,18-24,2024-07-19 03:02:43,11,False,"['Drama', 'Comedy']"
U04688,United Kingdom,18-24,2024-07-14 16:04:58,22,False,"['Comedy', 'Fantasy']"
U04689,India,18-24,2024-01-08 00:33:08,26,False,"['Documentary', 'Animation', 'Action']"
U04690,Germany,25-34,2024-01-19 16:25:45,24,False,"['Documentary', 'Drama', 'Comedy', 'Mystery']"
U04691,India,25-34,2025-01-23 11:30:09,21,False,"['Drama', 'Mystery', 'Horror', 'Action']"
U04692,India,18-24,2024-05-11 08:40:53,19,False,"['Animation', 'Mystery']"
U04693,Singapore,25-34,2024-07-31 15:16:05,15,False,"['Romance', 'Drama']"
U04694,Singapore,25-34,2024-12-26 23:09:34,19,False,"['Documentary', 'Drama', 'Romance']"
U04695,Australia,35-44,2024-11-10 01:53:57,29,False,"['Drama', 'Animation', 'Horror', 'Comedy']"
U04696,Germany,45+,2024-07-05 07:44:04,17,False,['Animation']
U04697,India,18-24,2025-01-24 00:04:37,20,False,['Fantasy']
U04698,India,35-44,2024-03-22 20:10:22,26,False,"['Comedy', 'Mystery', 'Animation', 'Sci-Fi']"
U04699,United Kingdom,35-44,2024-09-01 08:31:09,22,False,['Mystery']
U04700,India,25-34,2024-02-24 16:21:57,24,False,['Horror']
U04701,Singapore,18-24,2024-10-01 20:17:19,14,False,"['Mystery', 'Fantasy', 'Romance']"
U04702,India,18-24,2024-02-19 03:25:20,17,False,"['Romance', 'Mystery', 'Drama', 'Sci-Fi']"
U04703,Canada,13-17,2025-05-01 18:55:13,23,True,"['Horror', 'Fantasy']"
U04704,Germany,45+,2024-12-06 18:31:39,19,False,"['Action', 'Animation']"
U04705,Germany,25-34,2024-05-06 21:31:57,15,True,"['Drama', 'Documentary', 'Horror']"
U04706,United States,25-34,2024-11-12 17:24:26,30,False,"['Romance', 'Horror', 'Drama', 'Documentary']"
U04707,Canada,25-34,2024-06-29 22:38:42,26,False,"['Mystery', 'Sci-Fi', 'Fantasy']"
U04708,Canada,13-17,2024-09-25 01:48:31,16,False,"['Horror', 'Documentary']"
U04709,Germany,18-24,2024-03-27 12:23:53,24,False,"['Mystery', 'Romance']"
U04710,United Kingdom,25-34,2024-09-15 16:03:02,20,False,"['Action', 'Horror', 'Documentary', 'Romance']"
U04711,United States,25-34,2024-02-25 04:54:29,29,False,"['Horror', 'Mystery']"
U04712,Germany,35-44,2024-03-20 04:07:19,24,False,"['Drama', 'Animation']"
U04713,Singapore,25-34,2024-10-28 22:22:45,27,False,['Comedy']
U04714,Canada,25-34,2024-09-15 19:29:49,15,False,"['Drama', 'Comedy']"
U04715,India,35-44,2024-05-31 18:48:59,23,False,"['Mystery', 'Horror']"
U04716,Canada,18-24,2024-01-31 23:42:28,18,False,['Sci-Fi']
U04717,Singapore,25-34,2024-08-06 22:58:12,25,False,"['Sci-Fi', 'Documentary', 'Drama', 'Action']"
U04718,Singapore,35-44,2025-04-23 16:03:06,16,False,"['Animation', 'Action', 'Comedy']"
U04719,United Kingdom,18-24,2025-01-01 01:44:19,22,False,"['Fantasy', 'Sci-Fi']"
U04720,United States,18-24,2024-01-31 00:00:21,26,False,['Mystery']
U04721,Australia,18-24,2025-04-29 21:17:33,25,False,"['Romance', 'Documentary', 'Action', 'Animation']"
U04722,Germany,18-24,2024-08-06 23:09:45,24,False,['Documentary']
U04723,Singapore,25-34,2024-10-24 16:28:55,24,False,"['Mystery', 'Sci-Fi', 'Fantasy']"
U04724,India,18-24,2024-01-01 07:05:08,15,False,"['Romance', 'Sci-Fi', 'Action', 'Documentary']"
U04725,United Kingdom,25-34,2024-06-09 07:32:26,27,True,['Fantasy']
U04726,Canada,18-24,2025-02-10 10:33:16,19,False,"['Mystery', 'Sci-Fi', 'Action', 'Animation']"
U04727,India,13-17,2024-06-19 23:08:36,20,False,"['Animation', 'Action', 'Comedy']"
U04728,Singapore,18-24,2024-03-26 21:50:22,22,False,"['Horror', 'Comedy']"
U04729,India,18-24,2024-02-16 20:55:18,27,False,"['Mystery', 'Fantasy']"
U04730,Australia,45+,2025-04-23 04:21:28,20,False,['Fantasy']
U04731,Singapore,18-24,2025-02-24 05:57:12,31,False,"['Mystery', 'Fantasy', 'Horror']"
U04732,Australia,18-24,2024-01-23 17:40:33,17,False,"['Horror', 'Drama', 'Fantasy']"
U04733,Germany,18-24,2025-04-23 08:10:43,28,True,"['Mystery', 'Action', 'Comedy', 'Horror']"
U04734,United States,18-24,2025-02-28 08:19:45,16,False,"['Mystery', 'Action', 'Animation', 'Drama']"
U04735,Germany,25-34,2024-07-05 01:54:16,22,False,['Mystery']
U04736,United Kingdom,35-44,2024-12-05 11:33:43,20,False,"['Romance', 'Action', 'Documentary']"
U04737,India,18-24,2024-05-13 08:38:11,16,False,"['Drama', 'Horror', 'Animation', 'Comedy']"
U04738,United Kingdom,25-34,2024-05-09 02:43:14,24,False,"['Romance', 'Documentary', 'Mystery']"
U04739,United Kingdom,25-34,2025-01-04 09:34:38,15,False,"['Mystery', 'Documentary', 'Sci-Fi']"
U04740,Canada,35-44,2024-04-14 15:37:21,21,True,"['Comedy', 'Romance', 'Drama']"
U04741,United States,25-34,2024-07-02 15:03:09,20,False,['Horror']
U04742,Canada,18-24,2024-07-03 22:04:04,20,False,"['Documentary', 'Comedy', 'Mystery', 'Fantasy']"
U04743,United Kingdom,35-44,2024-03-18 16:24:24,20,True,"['Documentary', 'Romance']"
U04744,United Kingdom,35-44,2025-03-04 06:49:22,24,False,"['Comedy', 'Animation']"
U04745,Australia,25-34,2024-12-14 08:49:08,15,True,['Drama']
U04746,United Kingdom,45+,2025-03-21 15:09:24,21,False,"['Horror', 'Comedy']"
U04747,Germany,35-44,2024-09-27 20:53:36,21,True,"['Action', 'Comedy', 'Fantasy', 'Horror']"
U04748,United States,18-24,2024-03-31 14:56:27,23,False,"['Mystery', 'Horror']"
U04749,Singapore,35-44,2024-05-24 12:10:16,30,False,"['Romance', 'Animation', 'Documentary']"
U04750,United Kingdom,25-34,2024-07-01 17:34:59,16,False,"['Animation', 'Fantasy']"
U04751,India,25-34,2025-05-01 23:51:38,16,False,"['Animation', 'Drama', 'Action', 'Documentary']"
U04752,United States,25-34,2024-05-02 18:47:35,15,False,['Animation']
U04753,Germany,35-44,2024-12-24 07:46:06,14,False,"['Action', 'Animation', 'Comedy']"
U04754,Singapore,25-34,2024-03-04 09:45:08,16,False,['Action']
U04755,United States,25-34,2025-05-09 05:45:18,23,False,"['Comedy', 'Documentary', 'Romance']"
U04756,Australia,13-17,2024-11-30 05:08:38,12,False,"['Sci-Fi', 'Fantasy']"
U04757,Australia,25-34,2024-08-10 15:52:51,16,False,"['Fantasy', 'Action', 'Animation', 'Sci-Fi']"
U04758,India,45+,2024-06-27 19:34:03,19,False,"['Horror', 'Documentary', 'Romance', 'Mystery']"
U04759,Canada,35-44,2024-07-02 07:18:56,24,False,"['Fantasy', 'Sci-Fi', 'Action', 'Comedy']"
U04760,Australia,18-24,2024-04-26 12:33:54,15,False,"['Action', 'Comedy', 'Documentary', 'Fantasy']"
U04761,Singapore,35-44,2024-11-06 02:21:47,14,False,"['Documentary', 'Comedy', 'Fantasy', 'Sci-Fi']"
U04762,Germany,35-44,2025-03-23 17:18:01,12,False,"['Action', 'Drama', 'Horror']"
U04763,India,25-34,2024-05-04 16:52:53,14,False,['Animation']
U04764,United States,13-17,2025-01-21 21:07:43,18,False,['Sci-Fi']
U04765,Canada,25-34,2024-10-19 17:12:46,20,False,"['Fantasy', 'Horror', 'Sci-Fi']"
U04766,United States,18-24,2025-02-04 00:49:41,19,False,"['Sci-Fi', 'Animation', 'Documentary', 'Comedy']"
U04767,Canada,18-24,2025-02-01 23:13:27,18,False,"['Romance', 'Fantasy', 'Horror']"
U04768,India,25-34,2024-01-21 06:20:33,22,False,"['Animation', 'Romance', 'Documentary', 'Action']"
U04769,India,45+,2024-01-11 23:16:28,29,False,"['Romance', 'Drama', 'Horror', 'Sci-Fi']"
U04770,India,18-24,2025-04-18 02:56:19,26,False,"['Fantasy', 'Drama', 'Action', 'Sci-Fi']"
U04771,United Kingdom,35-44,2024-03-21 08:32:18,20,False,"['Documentary', 'Mystery', 'Horror', 'Drama']"
U04772,Germany,45+,2024-10-24 03:21:13,16,False,['Horror']
U04773,United States,13-17,2025-01-24 08:15:59,20,False,"['Comedy', 'Romance', 'Fantasy', 'Documentary']"
U04774,Singapore,18-24,2024-09-17 11:11:06,16,False,"['Animation', 'Romance', 'Fantasy']"
U04775,United States,35-44,2024-01-04 04:28:52,19,True,['Mystery']
U04776,India,35-44,2024-01-06 11:20:34,15,False,"['Animation', 'Drama', 'Action']"
U04777,United Kingdom,18-24,2024-12-12 03:46:15,17,False,"['Documentary', 'Fantasy']"
U04778,Germany,25-34,2025-04-09 02:11:33,20,False,['Fantasy']
U04779,India,25-34,2024-06-26 13:13:45,18,False,"['Horror', 'Documentary']"
U04780,India,35-44,2024-10-08 04:35:34,19,False,"['Drama', 'Animation', 'Comedy', 'Fantasy']"
U04781,Germany,35-44,2025-04-27 18:11:03,20,False,"['Sci-Fi', 'Animation']"
U04782,Australia,18-24,2025-03-02 14:30:14,27,False,"['Romance', 'Action', 'Animation', 'Mystery']"
U04783,United Kingdom,18-24,2024-10-06 10:40:21,28,False,"['Drama', 'Comedy', 'Action', 'Mystery']"
U04784,Germany,18-24,2024-12-04 21:34:47,18,False,"['Comedy', 'Horror']"
U04785,Germany,45+,2025-05-11 23:45:20,12,False,['Romance']
U04786,United Kingdom,45+,2025-02-15 21:22:27,16,False,['Horror']
U04787,Canada,35-44,2024-08-02 23:56:46,28,False,"['Documentary', 'Romance']"
U04788,India,18-24,2024-12-24 05:53:49,17,False,['Horror']
U04789,United Kingdom,25-34,2024-06-19 01:09:52,24,False,"['Comedy', 'Sci-Fi', 'Action', 'Fantasy']"
U04790,Australia,18-24,2025-04-21 03:19:12,17,False,"['Mystery', 'Drama', 'Romance', 'Sci-Fi']"
U04791,United States,18-24,2024-02-18 08:35:48,15,False,"['Fantasy', 'Horror', 'Animation']"
U04792,Singapore,18-24,2024-04-26 13:48:28,20,False,"['Horror', 'Sci-Fi']"
U04793,Singapore,35-44,2024-06-27 21:18:27,26,False,['Drama']
U04794,United States,18-24,2024-04-14 11:39:29,16,False,"['Fantasy', 'Comedy', 'Drama']"
U04795,United Kingdom,25-34,2024-11-03 15:28:18,14,False,"['Romance', 'Comedy']"
U04796,United States,45+,2025-01-03 09:12:56,23,False,"['Mystery', 'Documentary']"
U04797,Canada,25-34,2025-04-05 08:35:41,20,False,"['Documentary', 'Fantasy']"
U04798,India,18-24,2024-09-16 05:18:24,14,False,"['Mystery', 'Horror', 'Romance']"
U04799,United Kingdom,45+,2024-11-17 05:44:35,17,False,"['Action', 'Documentary', 'Fantasy', 'Sci-Fi']"
U04800,Canada,25-34,2024-11-05 18:23:30,19,False,"['Animation', 'Fantasy']"
U04801,Australia,25-34,2024-01-02 18:16:49,13,False,"['Action', 'Sci-Fi', 'Animation', 'Comedy']"
U04802,Australia,25-34,2025-01-01 07:35:41,24,False,"['Drama', 'Documentary', 'Animation', 'Sci-Fi']"
U04803,United States,35-44,2024-01-13 00:34:00,29,False,"['Documentary', 'Sci-Fi', 'Mystery']"
U04804,Germany,25-34,2024-10-10 00:29:20,19,False,"['Horror', 'Mystery']"
U04805,Australia,25-34,2025-05-31 21:31:21,21,False,"['Romance', 'Sci-Fi']"
U04806,Germany,25-34,2025-02-11 05:42:01,22,False,"['Drama', 'Mystery', 'Fantasy']"
U04807,Canada,18-24,2024-09-18 20:22:43,25,True,"['Documentary', 'Romance']"
U04808,Singapore,35-44,2024-06-13 20:30:22,24,False,['Animation']
U04809,United Kingdom,18-24,2025-03-08 20:06:28,23,False,['Horror']
U04810,Germany,18-24,2025-03-20 02:21:12,17,False,"['Action', 'Horror']"
U04811,United States,18-24,2024-07-09 06:15:36,16,False,['Action']
U04812,United States,18-24,2024-02-25 16:02:53,28,False,"['Action', 'Animation']"
U04813,Canada,25-34,2024-10-28 00:22:28,21,False,['Romance']
U04814,Canada,25-34,2024-11-23 18:43:16,13,False,"['Fantasy', 'Comedy', 'Romance', 'Sci-Fi']"
U04815,Germany,18-24,2025-04-27 21:56:28,15,False,"['Action', 'Fantasy', 'Comedy']"
U04816,United Kingdom,18-24,2025-04-05 04:45:50,17,False,"['Action', 'Fantasy']"
U04817,Singapore,35-44,2024-04-28 10:12:35,19,False,"['Romance', 'Drama', 'Documentary']"
U04818,United Kingdom,45+,2024-05-10 15:25:43,15,False,"['Sci-Fi', 'Animation', 'Comedy', 'Horror']"
U04819,Canada,25-34,2025-05-30 10:44:42,14,False,"['Sci-Fi', 'Documentary', 'Mystery']"
U04820,Singapore,18-24,2024-06-17 23:21:52,17,False,"['Mystery', 'Documentary']"
U04821,Canada,13-17,2024-08-24 23:42:15,16,False,"['Drama', 'Animation']"
U04822,Australia,13-17,2024-06-06 21:55:17,25,False,"['Drama', 'Romance', 'Action', 'Fantasy']"
U04823,Singapore,18-24,2024-07-22 08:34:12,25,False,"['Action', 'Mystery', 'Comedy', 'Animation']"
U04824,Singapore,45+,2024-10-18 17:23:02,16,False,['Animation']
U04825,Canada,35-44,2024-05-31 04:48:07,16,False,"['Romance', 'Action']"
U04826,United Kingdom,18-24,2024-08-01 10:54:48,22,False,"['Romance', 'Horror', 'Animation', 'Action']"
U04827,United States,45+,2024-07-01 07:40:32,21,False,"['Sci-Fi', 'Action']"
U04828,Canada,25-34,2024-02-25 19:33:31,23,True,"['Horror', 'Drama']"
U04829,Singapore,18-24,2025-02-10 17:19:08,17,False,"['Romance', 'Animation', 'Action', 'Documentary']"
U04830,Canada,25-34,2025-04-05 19:05:30,18,False,"['Mystery', 'Drama']"
U04831,United Kingdom,18-24,2024-09-11 09:03:04,21,False,['Animation']
U04832,India,35-44,2024-04-15 19:37:39,6,False,"['Fantasy', 'Horror', 'Action']"
U04833,United Kingdom,18-24,2024-11-28 11:02:12,14,False,"['Fantasy', 'Animation', 'Drama']"
U04834,United States,25-34,2024-10-03 02:51:53,21,False,"['Sci-Fi', 'Animation']"
U04835,Singapore,18-24,2024-10-11 23:33:18,11,False,"['Sci-Fi', 'Romance', 'Documentary']"
U04836,Canada,45+,2024-11-03 12:20:20,19,False,['Animation']
U04837,India,25-34,2025-01-06 03:40:01,22,True,"['Documentary', 'Comedy', 'Romance']"
U04838,India,25-34,2024-01-22 01:38:55,16,False,['Action']
U04839,Germany,18-24,2024-02-21 09:32:39,12,False,"['Mystery', 'Sci-Fi']"
U04840,Singapore,45+,2024-02-19 11:35:54,27,False,"['Mystery', 'Horror']"
U04841,Germany,25-34,2024-03-20 22:42:30,14,False,"['Mystery', 'Drama']"
U04842,India,18-24,2025-05-17 08:43:33,28,False,['Fantasy']
U04843,India,35-44,2025-01-12 10:09:14,20,True,"['Comedy', 'Horror', 'Animation']"
U04844,United States,18-24,2024-12-09 13:16:08,24,False,"['Sci-Fi', 'Romance', 'Mystery', 'Animation']"
U04845,Germany,18-24,2024-12-27 07:22:41,23,False,"['Romance', 'Mystery']"
U04846,Germany,25-34,2024-01-18 08:28:36,24,False,"['Horror', 'Sci-Fi', 'Documentary', 'Action']"
U04847,Germany,18-24,2024-04-20 06:50:34,25,False,"['Documentary', 'Romance', 'Sci-Fi', 'Animation']"
U04848,India,25-34,2025-02-14 14:25:26,24,False,"['Mystery', 'Romance', 'Documentary', 'Drama']"
U04849,United States,18-24,2024-08-27 06:00:07,22,False,['Drama']
U04850,Singapore,18-24,2024-09-19 21:59:57,18,False,"['Action', 'Documentary']"
U04851,Singapore,13-17,2025-01-22 21:04:33,18,False,"['Romance', 'Comedy']"
U04852,Germany,18-24,2024-02-08 21:04:34,22,False,"['Action', 'Mystery', 'Documentary', 'Horror']"
U04853,India,45+,2025-02-16 21:38:19,9,False,"['Comedy', 'Animation', 'Horror', 'Romance']"
U04854,India,25-34,2024-12-17 22:46:19,17,False,"['Romance', 'Sci-Fi', 'Animation']"
U04855,India,25-34,2024-07-27 16:02:09,23,False,"['Horror', 'Comedy', 'Drama', 'Mystery']"
U04856,Australia,18-24,2024-09-15 03:57:25,28,False,"['Comedy', 'Drama']"
U04857,Germany,35-44,2024-02-08 09:10:10,19,False,"['Sci-Fi', 'Mystery', 'Drama']"
U04858,Australia,18-24,2024-04-15 22:38:41,22,False,"['Comedy', 'Mystery', 'Fantasy']"
U04859,United States,18-24,2024-05-07 09:00:19,17,False,['Action']
U04860,Germany,25-34,2025-03-29 18:31:47,14,False,['Fantasy']
U04861,India,25-34,2024-02-28 06:27:15,14,False,"['Mystery', 'Action']"
U04862,Germany,35-44,2024-05-30 15:26:28,22,False,"['Documentary', 'Mystery', 'Action']"
U04863,Singapore,35-44,2024-03-09 02:46:07,16,False,"['Comedy', 'Animation', 'Action']"
U04864,Germany,35-44,2024-05-27 02:46:43,16,False,"['Documentary', 'Fantasy', 'Comedy', 'Mystery']"
U04865,Singapore,18-24,2024-01-06 11:45:20,18,False,"['Comedy', 'Mystery', 'Action', 'Horror']"
U04866,Australia,18-24,2024-05-21 00:34:28,23,False,['Comedy']
U04867,Canada,18-24,2025-01-09 04:11:04,25,False,"['Documentary', 'Horror', 'Drama']"
U04868,United Kingdom,35-44,2025-01-31 18:35:28,25,False,"['Mystery', 'Romance']"
U04869,Singapore,45+,2024-07-15 03:27:47,26,False,"['Sci-Fi', 'Fantasy', 'Comedy', 'Action']"
U04870,Australia,45+,2024-12-31 01:31:13,17,False,"['Romance', 'Fantasy', 'Mystery', 'Horror']"
U04871,United States,18-24,2024-11-15 20:40:53,13,False,"['Fantasy', 'Comedy', 'Mystery']"
U04872,Singapore,35-44,2025-04-11 22:13:53,24,False,"['Documentary', 'Animation']"
U04873,India,25-34,2025-02-20 00:01:42,27,False,"['Romance', 'Comedy', 'Action', 'Animation']"
U04874,Australia,35-44,2024-04-28 13:38:27,17,False,"['Comedy', 'Animation']"
U04875,United States,25-34,2024-10-31 07:42:49,19,False,['Drama']
U04876,Australia,18-24,2025-02-10 13:12:42,16,False,"['Animation', 'Fantasy']"
U04877,United Kingdom,18-24,2024-06-07 00:20:58,15,False,['Documentary']
U04878,Canada,45+,2024-10-23 06:20:58,27,False,['Comedy']
U04879,Australia,25-34,2024-07-25 22:21:19,25,False,"['Documentary', 'Drama']"
U04880,Germany,18-24,2024-06-08 14:05:47,27,False,"['Romance', 'Drama']"
U04881,United Kingdom,18-24,2024-04-13 01:26:48,22,False,['Drama']
U04882,Singapore,18-24,2024-01-19 07:54:53,19,False,"['Romance', 'Comedy', 'Action', 'Fantasy']"
U04883,Canada,45+,2025-01-22 16:06:41,10,False,['Action']
U04884,United States,18-24,2025-02-27 09:30:04,26,False,"['Mystery', 'Animation', 'Documentary', 'Drama']"
U04885,India,18-24,2024-12-02 22:41:13,23,False,"['Action', 'Mystery', 'Drama', 'Animation']"
U04886,United States,35-44,2024-05-04 15:12:48,18,False,"['Mystery', 'Documentary', 'Drama']"
U04887,Australia,25-34,2024-01-10 17:33:26,20,False,"['Comedy', 'Mystery']"
U04888,Canada,18-24,2024-11-22 14:40:03,26,False,"['Romance', 'Horror']"
U04889,United Kingdom,13-17,2024-04-13 08:32:03,18,False,['Romance']
U04890,Canada,18-24,2024-10-10 18:21:12,13,False,"['Mystery', 'Animation']"
U04891,Germany,18-24,2025-05-16 14:33:06,20,False,"['Animation', 'Horror', 'Fantasy', 'Romance']"
U04892,Australia,13-17,2024-01-03 07:12:35,18,False,['Fantasy']
U04893,India,18-24,2024-10-25 09:58:37,22,False,"['Romance', 'Action', 'Animation']"
U04894,India,35-44,2025-05-29 01:48:56,28,False,"['Horror', 'Mystery']"
U04895,Canada,35-44,2024-06-21 20:00:39,24,False,"['Comedy', 'Documentary']"
U04896,United Kingdom,35-44,2025-02-25 00:11:55,16,False,"['Drama', 'Animation']"
U04897,Germany,18-24,2025-03-04 03:14:51,22,False,['Drama']
U04898,Australia,18-24,2024-09-08 12:08:07,22,False,['Animation']
U04899,Germany,45+,2024-06-07 15:33:32,17,False,"['Animation', 'Documentary', 'Drama', 'Sci-Fi']"
U04900,Australia,35-44,2024-12-17 17:40:32,12,False,"['Drama', 'Sci-Fi']"
U04901,United Kingdom,25-34,2024-11-16 06:11:58,26,False,"['Drama', 'Fantasy']"
U04902,Australia,18-24,2024-09-03 09:34:52,19,True,['Comedy']
U04903,Australia,18-24,2024-04-09 15:25:58,17,True,"['Fantasy', 'Romance', 'Action', 'Animation']"
U04904,Germany,25-34,2025-01-19 22:49:35,20,False,['Romance']
U04905,United States,25-34,2024-04-19 06:54:12,19,False,"['Mystery', 'Fantasy', 'Sci-Fi']"
U04906,Australia,13-17,2024-03-10 10:44:54,18,False,['Documentary']
U04907,United States,45+,2024-02-04 17:58:06,19,True,"['Sci-Fi', 'Documentary', 'Animation']"
U04908,Germany,25-34,2024-08-18 18:19:23,27,False,"['Drama', 'Romance', 'Animation']"
U04909,Germany,25-34,2024-03-03 02:08:19,25,False,"['Horror', 'Action', 'Documentary', 'Sci-Fi']"
U04910,Australia,18-24,2024-06-22 11:20:43,25,False,"['Documentary', 'Sci-Fi', 'Mystery', 'Romance']"
U04911,Singapore,35-44,2024-05-05 00:12:52,23,False,"['Drama', 'Horror', 'Action']"
U04912,Canada,35-44,2024-08-25 15:24:08,21,False,"['Action', 'Sci-Fi']"
U04913,India,18-24,2025-02-06 00:46:39,17,False,['Sci-Fi']
U04914,Australia,25-34,2024-08-20 21:27:52,18,False,"['Drama', 'Mystery', 'Romance', 'Comedy']"
U04915,Germany,25-34,2024-10-15 00:34:22,21,False,"['Romance', 'Horror', 'Documentary']"
U04916,India,35-44,2024-03-14 23:30:35,26,False,"['Drama', 'Documentary', 'Mystery', 'Action']"
U04917,India,18-24,2024-02-28 10:53:38,24,False,"['Fantasy', 'Romance', 'Action']"
U04918,United States,35-44,2025-05-19 20:16:12,17,True,"['Fantasy', 'Mystery']"
U04919,Germany,25-34,2024-11-16 12:37:11,12,False,"['Horror', 'Sci-Fi', 'Documentary']"
U04920,Canada,18-24,2024-01-09 00:13:35,26,False,['Drama']
U04921,Singapore,18-24,2024-10-19 04:16:02,14,False,"['Documentary', 'Mystery', 'Sci-Fi', 'Comedy']"
U04922,Singapore,18-24,2024-01-06 04:59:06,17,False,"['Romance', 'Action']"
U04923,Canada,18-24,2024-02-09 21:38:15,22,False,"['Mystery', 'Horror', 'Romance']"
U04924,Australia,25-34,2024-07-12 01:39:35,25,False,"['Sci-Fi', 'Fantasy']"
U04925,United Kingdom,35-44,2024-12-05 09:15:44,21,False,"['Romance', 'Documentary', 'Drama', 'Sci-Fi']"
U04926,India,18-24,2024-11-16 17:37:47,16,False,['Mystery']
U04927,United Kingdom,45+,2025-02-12 22:34:04,22,False,"['Fantasy', 'Animation', 'Romance', 'Comedy']"
U04928,Australia,18-24,2024-04-02 21:08:14,25,False,"['Sci-Fi', 'Comedy', 'Action', 'Documentary']"
U04929,United States,25-34,2024-04-09 02:13:21,26,False,"['Horror', 'Comedy', 'Romance']"
U04930,United States,45+,2024-10-02 15:52:16,15,False,['Horror']
U04931,India,35-44,2025-03-25 02:51:03,15,False,['Sci-Fi']
U04932,Germany,25-34,2025-01-08 16:09:16,24,False,"['Sci-Fi', 'Drama', 'Action']"
U04933,Singapore,35-44,2024-12-12 00:33:59,17,False,"['Animation', 'Mystery', 'Documentary']"
U04934,Germany,18-24,2024-02-18 15:06:14,20,False,"['Fantasy', 'Mystery']"
U04935,United Kingdom,13-17,2025-03-29 22:15:04,22,False,['Sci-Fi']
U04936,Australia,25-34,2025-05-23 22:42:47,23,False,"['Documentary', 'Romance', 'Action', 'Drama']"
U04937,Singapore,18-24,2024-10-28 00:59:54,20,True,"['Drama', 'Horror', 'Mystery']"
U04938,Australia,18-24,2024-06-23 01:46:53,26,False,"['Animation', 'Romance', 'Documentary', 'Action']"
U04939,United Kingdom,18-24,2024-12-08 12:49:11,15,False,['Action']
U04940,United Kingdom,45+,2024-11-28 03:05:25,13,False,"['Horror', 'Action', 'Comedy']"
U04941,Germany,35-44,2025-04-25 08:16:55,19,False,"['Mystery', 'Animation', 'Sci-Fi', 'Fantasy']"
U04942,Canada,35-44,2024-02-27 05:48:43,20,False,"['Mystery', 'Horror', 'Fantasy', 'Documentary']"
U04943,Germany,35-44,2024-09-23 09:06:07,25,False,['Comedy']
U04944,Singapore,18-24,2025-01-01 19:18:25,26,False,"['Mystery', 'Documentary']"
U04945,India,13-17,2024-06-29 10:25:48,25,False,"['Mystery', 'Animation']"
U04946,Germany,25-34,2025-03-10 12:22:56,23,False,"['Fantasy', 'Sci-Fi']"
U04947,United Kingdom,25-34,2024-02-03 11:09:07,17,False,['Sci-Fi']
U04948,Canada,18-24,2024-02-24 10:22:40,14,False,"['Drama', 'Comedy']"
U04949,United States,25-34,2025-02-12 20:40:16,19,False,"['Mystery', 'Documentary', 'Horror']"
U04950,United Kingdom,25-34,2024-03-06 01:42:36,26,False,"['Sci-Fi', 'Comedy', 'Mystery']"
U04951,United Kingdom,18-24,2024-08-04 08:47:10,25,False,"['Documentary', 'Action', 'Sci-Fi', 'Horror']"
U04952,India,18-24,2024-05-25 07:14:10,16,False,"['Horror', 'Documentary']"
U04953,Germany,25-34,2024-12-21 18:21:41,25,False,"['Fantasy', 'Romance']"
U04954,United States,25-34,2024-01-07 04:05:58,23,False,"['Mystery', 'Sci-Fi']"
U04955,United Kingdom,45+,2024-07-03 12:04:25,18,False,"['Animation', 'Comedy']"
U04956,United States,25-34,2025-05-24 18:55:28,20,False,"['Romance', 'Sci-Fi']"
U04957,United States,35-44,2024-07-09 16:36:18,26,False,"['Romance', 'Fantasy', 'Documentary']"
U04958,United Kingdom,35-44,2024-11-05 08:44:58,16,True,"['Horror', 'Action', 'Mystery']"
U04959,Singapore,18-24,2025-05-25 19:48:09,22,False,['Mystery']
U04960,Singapore,25-34,2024-11-10 02:58:11,26,False,"['Action', 'Drama']"
U04961,United Kingdom,25-34,2025-01-25 07:48:00,8,False,"['Animation', 'Romance']"
U04962,Canada,25-34,2025-05-10 18:48:09,21,False,"['Animation', 'Documentary', 'Sci-Fi', 'Mystery']"
U04963,Singapore,13-17,2024-11-15 02:17:38,17,False,['Horror']
U04964,United States,45+,2025-03-06 03:49:08,15,True,"['Fantasy', 'Horror', 'Mystery']"
U04965,Singapore,45+,2024-09-19 18:19:32,20,False,"['Sci-Fi', 'Romance']"
U04966,India,13-17,2025-02-24 23:07:34,20,False,"['Sci-Fi', 'Animation', 'Action']"
U04967,United States,18-24,2024-11-27 21:39:02,20,True,"['Comedy', 'Documentary', 'Romance', 'Mystery']"
U04968,United Kingdom,18-24,2024-06-24 12:32:43,19,False,"['Sci-Fi', 'Action', 'Comedy']"
U04969,India,35-44,2024-10-15 14:32:55,25,False,"['Action', 'Horror', 'Documentary']"
U04970,Germany,25-34,2024-06-22 02:59:05,16,False,"['Documentary', 'Comedy', 'Action']"
U04971,Germany,18-24,2024-07-24 06:58:43,21,False,['Romance']
U04972,United Kingdom,35-44,2024-05-30 19:53:04,24,False,"['Action', 'Animation', 'Fantasy', 'Mystery']"
U04973,Germany,18-24,2024-09-10 21:34:54,24,False,"['Drama', 'Romance', 'Action', 'Mystery']"
U04974,Germany,25-34,2024-06-28 05:48:03,22,False,"['Drama', 'Romance', 'Horror', 'Mystery']"
U04975,Germany,18-24,2024-11-19 15:44:34,18,True,"['Mystery', 'Sci-Fi', 'Documentary', 'Romance']"
U04976,Germany,25-34,2024-07-10 00:51:52,16,False,"['Animation', 'Comedy', 'Sci-Fi', 'Horror']"
U04977,Australia,25-34,2024-09-10 20:22:48,23,False,['Drama']
U04978,India,18-24,2024-03-13 09:09:56,24,False,"['Romance', 'Horror', 'Documentary', 'Comedy']"
U04979,Singapore,25-34,2024-07-18 20:48:43,24,False,"['Animation', 'Mystery', 'Documentary']"
U04980,Australia,45+,2024-07-03 00:36:03,31,True,"['Horror', 'Drama']"
U04981,Singapore,25-34,2025-05-11 20:53:17,24,False,"['Mystery', 'Comedy', 'Action', 'Documentary']"
U04982,Singapore,45+,2024-08-18 23:14:13,16,False,"['Sci-Fi', 'Romance', 'Comedy', 'Animation']"
U04983,United States,25-34,2024-01-12 03:10:21,20,False,"['Drama', 'Animation', 'Sci-Fi', 'Romance']"
U04984,United Kingdom,35-44,2024-06-08 22:22:54,18,False,['Comedy']
U04985,United States,18-24,2025-01-12 02:39:40,15,False,"['Horror', 'Comedy', 'Mystery']"
U04986,India,35-44,2024-03-26 11:37:30,21,True,"['Romance', 'Mystery', 'Fantasy', 'Action']"
U04987,Singapore,18-24,2024-03-25 06:19:29,21,False,"['Action', 'Mystery', 'Comedy', 'Romance']"
U04988,Singapore,13-17,2024-07-12 01:16:34,16,False,"['Mystery', 'Sci-Fi', 'Comedy', 'Action']"
U04989,Singapore,18-24,2024-07-03 10:53:13,19,False,"['Drama', 'Action', 'Sci-Fi']"
U04990,Singapore,13-17,2024-09-05 15:06:13,17,False,['Animation']
U04991,Australia,45+,2024-01-18 15:50:49,24,False,"['Drama', 'Romance', 'Documentary', 'Animation']"
U04992,Canada,45+,2025-01-07 14:47:52,17,False,"['Sci-Fi', 'Action', 'Romance', 'Horror']"
U04993,Singapore,35-44,2024-04-20 14:47:35,23,False,"['Romance', 'Drama', 'Sci-Fi', 'Documentary']"
U04994,Canada,18-24,2025-01-02 17:02:17,21,False,"['Documentary', 'Animation', 'Drama', 'Fantasy']"
U04995,Australia,35-44,2024-10-18 21:19:19,21,False,"['Comedy', 'Animation', 'Drama', 'Action']"
U04996,United States,35-44,2024-04-14 19:02:23,24,False,"['Drama', 'Documentary']"
U04997,Germany,18-24,2024-08-30 17:59:28,17,False,"['Drama', 'Fantasy', 'Horror']"
U04998,Germany,25-34,2024-01-19 22:49:12,29,False,"['Documentary', 'Romance', 'Action']"
U04999,Australia,25-34,2024-12-28 19:57:02,20,False,"['Drama', 'Horror']"
U05000,Canada,13-17,2024-06-06 01:32:40,14,False,"['Horror', 'Action', 'Documentary']"
